date,close,open,high,low,volume
1983-03-31,29.27,29.4,29.6,29.25,520.0
1983-04-04,29.44,29.3,29.7,29.29,160.0
1983-04-05,29.71,29.5,29.8,29.5,180.0
1983-04-06,29.9,29.9,29.92,29.65,390.0
1983-04-07,30.17,29.92,30.2,29.86,820.0
1983-04-08,30.38,30.65,30.65,30.25,370.0
1983-04-11,30.25,30.4,30.41,30.0,270.0
1983-04-12,30.83,30.5,31.0,30.5,470.0
1983-04-13,30.82,30.6,30.95,30.6,660.0
1983-04-14,30.82,30.7,30.86,30.65,200.0
1983-04-15,30.48,30.57,30.6,30.35,300.0
1983-04-18,30.75,30.56,30.8,30.55,130.0
1983-04-19,30.75,30.7,30.85,30.7,320.0
1983-04-20,30.7,30.65,30.77,30.6,190.0
1983-04-21,30.68,30.75,30.75,30.58,110.0
1983-04-22,30.75,30.62,30.85,30.62,310.0
1983-04-25,30.84,30.78,30.89,30.78,110.0
1983-04-26,30.71,30.81,30.85,30.69,90.0
1983-04-27,30.78,30.8,30.82,30.78,20.0
1983-04-28,30.74,30.73,30.9,30.68,560.0
1983-04-29,30.63,30.7,30.74,30.63,320.0
1983-05-02,30.61,30.66,30.72,30.57,90.0
1983-05-03,30.5,30.7,30.7,30.45,330.0
1983-05-04,30.42,30.5,30.55,30.39,250.0
1983-05-05,30.2,30.47,30.47,30.2,120.0
1983-05-06,30.12,30.4,30.43,29.95,250.0
1983-05-09,30.1,30.43,30.43,29.95,210.0
1983-05-10,30.31,30.1,30.4,30.1,130.0
1983-05-11,29.97,30.15,30.15,29.95,230.0
1983-05-12,29.72,29.75,29.85,29.64,230.0
1983-05-13,29.8,29.65,29.8,29.53,90.0
1983-05-16,30.12,29.87,30.12,29.85,150.0
1983-05-17,29.91,30.0,30.2,29.9,120.0
1983-05-18,29.75,29.78,29.78,29.25,90.0
1983-05-19,29.95,29.91,30.0,29.91,90.0
1983-05-20,30.3,30.1,30.66,30.1,800.0
1983-05-23,30.27,30.25,30.5,30.25,210.0
1983-05-24,30.05,30.05,30.07,29.95,210.0
1983-05-25,30.25,29.95,30.25,29.95,30.0
1983-05-26,30.31,30.3,30.5,30.3,240.0
1983-05-27,30.19,30.25,30.48,30.15,160.0
1983-05-31,30.25,30.05,30.45,30.05,70.0
1983-06-01,30.33,30.35,30.35,30.2,40.0
1983-06-02,30.4,30.45,30.45,30.4,50.0
1983-06-03,30.36,30.35,30.45,30.3,160.0
1983-06-06,30.35,30.3,30.35,30.3,120.0
1983-06-07,30.58,30.1,30.6,30.1,290.0
1983-06-08,30.6,30.59,30.71,30.59,330.0
1983-06-09,30.49,30.6,30.65,30.45,240.0
1983-06-10,30.77,30.55,30.8,30.55,350.0
1983-06-13,31.0,30.86,31.05,30.85,180.0
1983-06-14,31.0,31.0,31.25,31.0,160.0
1983-06-15,31.3,31.1,31.3,31.1,160.0
1983-06-16,31.6,31.3,31.65,31.3,150.0
1983-06-17,31.4,31.47,31.6,31.4,130.0
1983-06-20,31.42,31.37,31.58,31.37,190.0
1983-06-21,31.18,31.33,31.35,31.15,160.0
1983-06-22,30.95,31.2,31.2,30.85,600.0
1983-06-23,31.1,31.17,31.3,31.1,200.0
1983-06-24,31.2,31.09,31.24,31.05,160.0
1983-06-27,31.2,31.2,31.3,31.15,60.0
1983-06-28,31.24,31.05,31.25,31.05,290.0
1983-06-29,31.2,31.2,31.2,31.15,240.0
1983-06-30,31.38,31.25,31.4,31.25,290.0
1983-07-01,31.35,31.42,31.45,31.3,40.0
1983-07-05,31.27,31.3,31.3,31.23,60.0
1983-07-06,31.2,31.12,31.2,31.0,710.0
1983-07-07,31.4,31.25,31.4,31.25,210.0
1983-07-08,31.4,31.4,31.45,31.38,260.0
1983-07-11,31.64,31.5,31.64,31.5,80.0
1983-07-12,31.72,31.71,31.9,31.71,580.0
1983-07-13,31.87,31.89,31.92,31.8,380.0
1983-07-14,31.85,31.8,31.85,31.77,180.0
1983-07-15,31.7,31.8,31.85,31.7,200.0
1983-07-18,31.7,31.8,31.8,31.7,150.0
1983-07-19,31.62,31.62,31.62,31.43,330.0
1983-07-20,31.65,31.65,31.7,31.65,90.0
1983-07-21,31.51,31.6,31.6,31.5,140.0
1983-07-22,31.46,31.55,31.55,31.43,130.0
1983-07-25,31.4,31.35,31.45,31.35,60.0
1983-07-26,31.53,31.42,31.55,31.42,100.0
1983-07-27,31.73,31.75,31.8,31.65,220.0
1983-07-28,31.82,31.73,31.88,31.73,510.0
1983-07-29,32.0,31.92,32.02,31.9,250.0
1983-08-01,32.12,32.05,32.12,31.91,260.0
1983-08-02,32.2,32.23,32.35,32.23,150.0
1983-08-03,32.2,32.16,32.2,32.06,130.0
1983-08-04,32.14,32.3,32.3,32.17,200.0
1983-08-05,32.15,32.1,32.15,32.04,130.0
1983-08-08,32.05,32.05,32.05,32.03,70.0
1983-08-09,31.94,31.97,32.04,31.91,180.0
1983-08-10,32.14,32.12,32.23,32.12,240.0
1983-08-11,31.95,32.16,32.18,31.95,290.0
1983-08-12,31.99,31.95,32.0,31.95,170.0
1983-08-15,32.0,31.99,32.04,31.99,240.0
1983-08-16,31.98,31.98,32.01,31.98,110.0
1983-08-17,31.87,31.92,31.92,31.82,250.0
1983-08-18,31.72,31.89,31.9,31.7,50.0
1983-08-19,31.65,31.63,31.75,31.58,130.0
1983-08-22,31.53,31.5,31.62,31.5,130.0
1983-08-23,31.65,31.5,31.65,31.5,140.0
1983-08-24,31.57,31.77,31.8,31.55,100.0
1983-08-25,31.73,31.6,31.75,31.6,330.0
1983-08-26,31.8,31.75,31.81,31.75,260.0
1983-08-29,31.66,31.75,31.75,31.65,130.0
1983-08-30,31.68,31.65,31.7,31.56,110.0
1983-08-31,31.59,31.62,31.62,31.58,130.0
1983-09-01,31.6,31.57,31.6,31.53,70.0
1983-09-02,31.57,31.62,31.62,31.53,210.0
1983-09-06,31.36,31.48,31.48,31.31,190.0
1983-09-07,31.38,31.4,31.47,31.36,180.0
1983-09-08,31.34,31.2,31.35,31.2,290.0
1983-09-09,31.21,31.34,31.4,31.21,310.0
1983-09-12,31.15,31.22,31.27,31.14,280.0
1983-09-13,31.23,31.15,31.4,31.15,570.0
1983-09-14,31.4,31.14,31.55,31.14,350.0
1983-09-15,31.48,31.45,31.65,31.45,350.0
1983-09-16,31.55,31.51,31.56,31.4,210.0
1983-09-19,31.48,31.5,31.56,31.4,
1983-09-20,31.33,31.47,31.5,31.3,260.0
1983-09-21,31.39,31.33,31.41,31.2,930.0
1983-09-22,31.3,31.3,31.42,31.3,160.0
1983-09-23,31.3,31.33,31.37,31.3,80.0
1983-09-26,31.22,31.26,31.3,31.2,200.0
1983-09-27,31.11,31.15,31.15,31.1,450.0
1983-09-28,30.76,30.72,31.06,30.72,510.0
1983-09-29,30.6,30.84,30.86,30.45,400.0
1983-09-30,30.36,30.55,30.55,30.2,1020.0
1983-10-03,29.92,30.32,30.32,29.88,870.0
1983-10-04,30.18,29.78,30.43,29.7,930.0
1983-10-05,30.2,30.1,30.8,30.1,680.0
1983-10-06,30.26,30.14,30.35,30.14,440.0
1983-10-07,30.47,30.37,30.65,30.37,360.0
1983-10-10,30.85,30.75,30.85,30.75,470.0
1983-10-11,30.57,30.76,30.78,30.55,820.0
1983-10-12,30.52,30.41,30.57,30.41,430.0
1983-10-13,30.66,30.51,30.75,30.5,240.0
1983-10-14,30.55,30.73,30.73,30.5,150.0
1983-10-17,30.61,30.45,30.65,30.45,810.0
1983-10-18,30.68,30.57,30.68,30.57,1210.0
1983-10-19,30.32,30.52,30.54,30.25,910.0
1983-10-20,30.3,30.21,30.3,30.15,1200.0
1983-10-21,30.33,30.3,30.4,30.25,610.0
1983-10-24,30.44,30.42,30.48,30.39,490.0
1983-10-25,30.43,30.38,30.47,30.38,430.0
1983-10-26,30.23,30.23,30.3,30.18,1260.0
1983-10-27,30.31,30.23,30.35,30.18,850.0
1983-10-28,30.26,30.23,30.43,30.23,1480.0
1983-10-31,30.37,30.16,30.39,30.16,560.0
1983-11-01,30.38,30.42,30.42,30.31,750.0
1983-11-02,30.35,30.35,30.46,30.35,870.0
1983-11-03,30.42,30.39,30.48,30.39,1130.0
1983-11-04,30.46,30.42,30.55,30.35,820.0
1983-11-07,30.39,30.41,30.46,30.36,450.0
1983-11-08,30.38,30.38,30.42,30.31,660.0
1983-11-09,30.38,30.35,30.48,30.35,650.0
1983-11-10,30.26,30.28,30.3,30.2,1470.0
1983-11-11,30.14,30.31,30.31,30.1,870.0
1983-11-14,30.15,30.07,30.22,30.07,670.0
1983-11-15,30.17,30.08,30.25,30.08,900.0
1983-11-16,29.95,29.92,30.27,29.92,1670.0
1983-11-17,28.98,28.98,28.98,28.98,2370.0
1983-11-18,29.19,28.84,29.23,28.84,2560.0
1983-11-21,29.14,29.07,29.26,29.05,700.0
1983-11-22,29.04,29.13,29.21,29.03,1220.0
1983-11-23,29.19,29.18,29.28,29.11,1190.0
1983-11-28,29.69,29.43,29.9,29.43,1100.0
1983-11-29,29.39,29.33,29.7,29.33,1050.0
1983-11-30,29.23,29.11,29.44,29.11,1440.0
1983-12-01,29.28,29.25,29.38,29.25,910.0
1983-12-02,29.38,29.26,29.42,29.26,930.0
1983-12-05,29.3,29.4,29.4,29.27,420.0
1983-12-06,29.29,29.32,29.32,29.13,760.0
1983-12-07,29.06,29.0,29.15,29.0,1200.0
1983-12-08,29.27,29.35,29.35,29.06,590.0
1983-12-09,29.31,29.23,29.35,29.23,200.0
1983-12-12,29.27,29.38,29.5,29.26,600.0
1983-12-13,29.21,29.2,29.3,29.2,670.0
1983-12-14,29.28,29.14,29.33,29.14,1490.0
1983-12-15,29.11,29.21,29.23,29.08,1320.0
1983-12-16,28.57,29.13,29.13,28.57,1180.0
1983-12-19,28.38,28.27,28.42,28.27,1410.0
1983-12-20,28.76,28.45,28.8,28.45,2320.0
1983-12-21,28.88,28.73,29.3,28.73,2540.0
1983-12-22,29.08,28.76,29.12,28.76,990.0
1983-12-23,29.44,29.15,29.5,29.15,1950.0
1983-12-27,29.85,29.59,30.17,29.59,2350.0
1983-12-28,29.98,29.62,30.07,29.62,1050.0
1983-12-29,29.66,29.54,29.83,29.54,1570.0
1983-12-30,29.6,29.36,29.8,29.36,1190.0
1984-01-03,29.4,29.25,29.57,29.25,730.0
1984-01-04,29.5,29.44,29.7,29.44,780.0
1984-01-05,29.3,30.0,30.1,29.05,2180.0
1984-01-06,29.18,28.95,29.44,28.95,1060.0
1984-01-09,29.47,29.47,29.47,29.08,650.0
1984-01-10,29.45,29.32,29.65,29.32,1270.0
1984-01-11,29.46,29.42,29.7,29.42,1260.0
1984-01-12,29.51,29.35,29.54,29.35,1350.0
1984-01-13,29.58,29.5,29.6,29.5,890.0
1984-01-16,29.72,29.71,29.84,29.7,2050.0
1984-01-17,29.57,29.77,29.81,29.56,890.0
1984-01-18,29.79,29.4,29.95,29.4,1240.0
1984-01-19,29.99,29.99,29.99,29.99,2840.0
1984-01-20,29.89,29.8,30.01,29.8,1420.0
1984-01-23,29.52,29.47,30.01,29.47,2270.0
1984-01-24,29.7,29.48,29.74,29.4,1820.0
1984-01-25,29.78,29.74,29.78,29.65,1240.0
1984-01-26,29.95,29.64,30.0,29.64,1860.0
1984-01-27,30.14,30.01,30.2,30.0,2910.0
1984-01-30,29.89,29.85,30.12,29.85,1300.0
1984-01-31,29.98,29.94,30.09,29.86,1940.0
1984-02-01,30.3,30.17,30.31,30.15,1580.0
1984-02-02,30.19,30.25,30.38,30.14,720.0
1984-02-03,30.11,30.25,30.29,30.09,790.0
1984-02-06,30.16,30.06,30.22,30.01,840.0
1984-02-07,30.04,30.15,30.16,30.0,1660.0
1984-02-08,30.04,29.99,30.1,29.99,790.0
1984-02-09,29.83,29.99,30.0,29.78,1890.0
1984-02-10,29.83,29.87,29.88,29.75,1430.0
1984-02-13,29.63,29.81,29.85,29.57,2500.0
1984-02-14,29.74,29.45,29.74,29.45,2350.0
1984-02-15,29.83,29.6,29.9,29.6,1440.0
1984-02-16,29.91,29.87,29.94,29.85,1400.0
1984-02-17,29.9,29.77,29.98,29.75,2740.0
1984-02-21,29.79,30.06,30.15,29.77,1860.0
1984-02-22,29.79,29.86,29.88,29.75,1830.0
1984-02-23,29.92,29.6,29.97,29.55,3880.0
1984-02-24,30.1,29.95,30.13,29.88,2060.0
1984-02-27,30.79,30.08,31.1,29.97,4040.0
1984-02-28,30.45,30.57,30.74,30.29,3820.0
1984-02-29,30.55,30.4,30.68,30.29,2009.0
1984-03-01,30.73,30.81,30.85,30.67,900.0
1984-03-02,30.7,30.74,30.9,30.64,2350.0
1984-03-05,30.78,30.68,30.8,30.66,1540.0
1984-03-06,30.73,30.68,30.83,30.68,1320.0
1984-03-07,30.75,30.76,30.79,30.6,1450.0
1984-03-08,30.8,30.69,30.82,30.68,2300.0
1984-03-09,30.99,30.85,30.99,30.85,2050.0
1984-03-12,30.91,30.94,30.95,30.85,1680.0
1984-03-13,30.86,30.83,30.93,30.83,1480.0
1984-03-14,30.91,30.83,31.0,30.72,1900.0
1984-03-15,30.87,30.91,31.05,30.83,2490.0
1984-03-16,30.64,30.9,30.9,30.9,1890.0
1984-03-19,30.49,30.24,30.5,30.13,2970.0
1984-03-20,30.52,30.44,30.64,30.42,2000.0
1984-03-21,30.42,30.58,30.64,30.4,1610.0
1984-03-22,30.55,30.45,30.58,30.38,1710.0
1984-03-23,30.61,30.56,30.67,30.55,1950.0
1984-03-26,30.59,30.66,30.76,30.58,980.0
1984-03-27,30.72,30.57,30.78,30.56,1860.0
1984-03-28,30.65,31.0,31.1,30.58,4059.0
1984-03-29,30.86,30.78,30.88,30.74,1260.0
1984-03-30,30.85,30.74,30.85,30.74,1830.0
1984-04-02,30.8,30.81,30.82,30.74,1330.0
1984-04-03,30.85,30.79,30.88,30.78,1540.0
1984-04-04,30.81,30.77,30.85,30.75,1370.0
1984-04-05,30.78,30.84,30.85,30.74,1370.0
1984-04-06,30.75,30.75,30.76,30.66,1850.0
1984-04-09,30.72,30.67,30.82,30.67,890.0
1984-04-10,30.78,30.65,30.82,30.65,1680.0
1984-04-11,30.8,30.7,30.82,30.7,2140.0
1984-04-12,30.7,30.79,30.81,30.7,1370.0
1984-04-13,30.68,30.68,30.7,30.61,1420.0
1984-04-16,30.69,30.63,30.76,30.63,2730.0
1984-04-17,30.66,30.64,30.71,30.61,2350.0
1984-04-18,30.5,30.51,30.55,30.42,3030.0
1984-04-19,30.52,30.48,30.55,30.48,880.0
1984-04-23,30.57,30.52,30.67,30.5,3040.0
1984-04-24,30.63,30.57,30.71,30.57,2029.0
1984-04-25,30.55,30.55,30.61,30.55,1580.0
1984-04-26,30.48,30.63,30.65,30.46,2910.0
1984-04-27,30.43,30.41,30.45,30.35,3200.0
1984-04-30,30.26,30.36,30.37,30.2,2720.0
1984-05-01,30.29,30.3,30.31,30.22,1730.0
1984-05-02,30.17,30.22,30.23,30.15,1990.0
1984-05-03,30.16,30.14,30.24,30.1,1860.0
1984-05-04,30.25,30.27,30.27,30.16,1480.0
1984-05-07,30.16,30.24,30.31,30.16,1640.0
1984-05-08,30.22,30.17,30.25,30.12,1530.0
1984-05-09,30.34,30.22,30.35,30.22,1350.0
1984-05-10,30.34,30.3,30.4,30.3,1210.0
1984-05-11,30.36,30.31,30.39,30.3,1150.0
1984-05-14,30.59,30.39,30.63,30.39,2500.0
1984-05-15,30.6,30.67,30.71,30.55,1640.0
1984-05-16,30.98,31.35,31.5,30.9,3530.0
1984-05-17,30.73,30.83,30.9,30.67,1200.0
1984-05-18,30.75,30.95,31.0,30.73,2100.0
1984-05-21,30.93,31.2,31.21,30.8,2420.0
1984-05-22,30.67,30.82,30.85,30.66,2050.0
1984-05-23,30.6,30.57,30.64,30.5,2750.0
1984-05-24,30.75,30.7,30.88,30.65,1990.0
1984-05-25,30.88,30.89,30.96,30.85,1640.0
1984-05-29,30.71,30.87,30.88,30.7,1290.0
1984-05-30,30.81,30.61,30.92,30.6,1890.0
1984-05-31,30.83,30.84,30.88,30.78,1330.0
1984-06-01,30.7,30.86,30.88,30.59,1860.0
1984-06-04,30.75,30.71,30.76,30.62,410.0
1984-06-05,30.73,30.74,30.78,30.68,830.0
1984-06-06,30.55,30.58,30.63,30.5,2080.0
1984-06-07,30.4,30.44,30.48,30.38,2350.0
1984-06-08,30.37,30.41,30.44,30.33,1640.0
1984-06-11,30.15,30.34,30.38,30.09,1750.0
1984-06-12,30.17,30.13,30.2,30.11,1080.0
1984-06-13,30.1,29.98,30.11,29.95,1770.0
1984-06-14,30.18,30.12,30.2,30.12,1540.0
1984-06-15,30.03,30.12,30.12,30.0,1810.0
1984-06-18,29.79,29.95,29.99,29.66,2000.0
1984-06-19,29.87,29.9,29.95,29.76,2190.0
1984-06-20,29.74,29.82,29.83,29.71,1900.0
1984-06-21,29.34,29.66,29.68,29.32,2980.0
1984-06-22,29.26,29.26,29.29,29.04,1940.0
1984-06-25,29.55,29.3,29.55,29.29,2450.0
1984-06-26,29.36,29.52,29.56,29.31,1180.0
1984-06-27,29.25,29.28,29.35,29.18,2720.0
1984-06-28,29.56,29.31,29.65,29.28,2680.0
1984-06-29,29.75,29.54,29.8,29.47,2240.0
1984-07-02,29.59,29.82,29.99,29.56,1650.0
1984-07-03,29.5,29.5,29.53,29.41,1540.0
1984-07-05,29.57,29.44,29.65,29.4,1400.0
1984-07-06,29.65,29.6,29.69,29.57,1140.0
1984-07-09,29.47,29.59,29.6,29.45,1340.0
1984-07-10,29.4,29.41,29.5,29.36,2110.0
1984-07-11,29.35,29.44,29.46,29.33,2750.0
1984-07-12,29.08,29.27,29.3,29.07,2510.0
1984-07-13,28.95,28.98,29.01,28.95,2570.0
1984-07-16,28.88,28.9,28.92,28.81,1610.0
1984-07-17,28.99,28.9,29.02,28.89,1790.0
1984-07-18,28.82,28.86,28.88,28.68,2390.0
1984-07-19,28.69,28.92,28.93,28.63,3170.0
1984-07-20,28.48,28.57,28.6,28.36,3240.0
1984-07-23,28.35,28.2,28.4,28.07,2800.0
1984-07-24,28.15,28.51,28.65,28.14,4400.0
1984-07-25,28.0,27.82,28.08,27.78,4780.0
1984-07-26,27.77,27.9,27.98,27.7,4130.0
1984-07-27,27.7,27.65,27.87,27.63,3150.0
1984-07-30,27.64,27.62,27.7,27.57,3000.0
1984-07-31,27.6,27.78,27.81,27.55,3460.0
1984-08-01,28.13,27.76,28.14,27.73,3350.0
1984-08-02,29.07,28.2,29.45,28.18,6420.0
1984-08-03,28.78,28.86,28.94,28.49,5160.0
1984-08-06,29.12,28.74,29.14,28.62,3490.0
1984-08-07,29.31,29.3,29.42,29.06,3850.0
1984-08-08,29.38,29.2,29.45,29.15,3610.0
1984-08-09,29.35,29.27,29.46,29.25,1500.0
1984-08-10,29.08,29.36,29.39,29.03,1430.0
1984-08-13,29.15,29.04,29.18,28.95,1800.0
1984-08-14,29.25,29.27,29.31,29.19,2570.0
1984-08-15,29.19,29.24,29.3,29.18,1650.0
1984-08-16,28.99,29.08,29.1,28.97,1880.0
1984-08-17,29.03,28.98,29.19,28.95,3630.0
1984-08-20,29.44,29.41,29.52,29.35,1240.0
1984-08-21,29.68,29.58,29.7,29.57,1980.0
1984-08-22,29.88,29.95,30.0,29.75,6170.0
1984-08-23,29.77,29.91,29.95,29.73,2890.0
1984-08-24,29.91,29.65,29.95,29.62,2730.0
1984-08-27,29.86,29.95,29.96,29.8,1280.0
1984-08-28,29.87,29.81,29.91,29.76,1040.0
1984-08-29,29.75,29.87,29.88,29.74,2270.0
1984-08-30,29.28,29.64,29.68,29.19,4620.0
1984-08-31,29.23,29.29,29.41,29.22,1290.0
1984-09-04,29.04,29.06,29.17,29.03,1950.0
1984-09-05,28.88,28.9,28.93,28.84,2700.0
1984-09-06,29.28,29.15,29.37,29.13,2780.0
1984-09-07,29.22,29.19,29.27,29.06,870.0
1984-09-10,29.36,29.23,29.36,29.1,1350.0
1984-09-11,29.53,29.55,29.57,29.41,1670.0
1984-09-12,29.33,29.41,29.52,29.25,1610.0
1984-09-13,29.35,29.34,29.46,29.31,1850.0
1984-09-14,29.28,29.3,29.41,29.26,2750.0
1984-09-17,29.2,29.23,29.37,29.16,1360.0
1984-09-18,29.24,29.24,29.25,29.17,2870.0
1984-09-19,29.62,29.82,29.85,29.6,2860.0
1984-09-20,29.58,29.64,29.65,29.55,1330.0
1984-09-21,29.47,29.51,29.57,29.43,1420.0
1984-09-24,29.48,29.53,29.57,29.48,1140.0
1984-09-25,29.55,29.48,29.62,29.47,1400.0
1984-09-26,29.54,29.72,29.75,29.53,2510.0
1984-09-27,29.58,29.56,29.65,29.48,1750.0
1984-09-28,29.66,29.6,29.68,29.57,1650.0
1984-10-01,29.69,29.64,29.7,29.59,2029.0
1984-10-02,29.62,29.71,29.72,29.58,1570.0
1984-10-03,29.54,29.58,29.6,29.49,2029.0
1984-10-04,29.47,29.43,29.52,29.38,1200.0
1984-10-05,29.4,29.51,29.53,29.39,1400.0
1984-10-08,29.37,29.37,29.43,29.25,2680.0
1984-10-09,29.45,29.27,29.53,29.26,1310.0
1984-10-10,29.33,29.45,29.48,29.29,1640.0
1984-10-11,29.28,29.32,29.37,29.26,2230.0
1984-10-12,29.06,29.19,29.21,29.02,3800.0
1984-10-15,28.79,29.11,29.12,28.75,2920.0
1984-10-16,28.67,28.57,28.71,28.3,2120.0
1984-10-17,27.85,28.55,28.66,27.6,2800.0
1984-10-18,27.54,26.6,27.6,26.3,3360.0
1984-10-19,27.7,27.37,27.8,27.3,4500.0
1984-10-22,28.45,28.07,28.67,28.01,7790.0
1984-10-23,28.36,28.5,28.75,28.2,7540.0
1984-10-24,28.51,28.32,28.62,28.29,5350.0
1984-10-25,28.65,28.65,28.89,28.55,5420.0
1984-10-26,28.58,28.59,28.61,28.51,2550.0
1984-10-29,28.41,28.49,28.51,28.3,3930.0
1984-10-30,28.22,28.1,28.24,28.04,4280.0
1984-10-31,28.46,28.36,28.6,28.35,7130.0
1984-11-01,28.74,28.39,28.75,28.31,5060.0
1984-11-02,28.65,28.67,28.72,28.54,3450.0
1984-11-05,28.55,28.61,28.65,28.48,2480.0
1984-11-06,28.7,28.54,28.72,28.51,2450.0
1984-11-07,28.73,28.82,28.87,28.58,4990.0
1984-11-08,28.68,28.67,28.7,28.53,3390.0
1984-11-09,28.53,28.58,28.62,28.5,3810.0
1984-11-12,28.42,28.42,28.5,28.39,2880.0
1984-11-13,28.46,28.4,28.48,28.3,3340.0
1984-11-14,28.44,28.44,28.56,28.37,6420.0
1984-11-15,28.23,28.19,28.25,28.12,2000.0
1984-11-16,28.08,28.24,28.26,28.01,3430.0
1984-11-19,27.83,28.02,28.08,27.8,2530.0
1984-11-20,27.85,27.83,27.96,27.78,3950.0
1984-11-21,27.74,27.79,27.8,27.7,4250.0
1984-11-26,27.16,27.4,27.45,27.03,5360.0
1984-11-27,27.31,27.05,27.63,27.0,7340.0
1984-11-28,27.32,27.29,27.5,27.25,4080.0
1984-11-29,27.48,27.23,27.49,27.22,3650.0
1984-11-30,27.31,27.54,27.62,27.28,4830.0
1984-12-03,27.3,27.21,27.4,27.18,2400.0
1984-12-04,27.52,27.38,27.55,27.38,3670.0
1984-12-05,27.7,27.46,27.72,27.45,5480.0
1984-12-06,27.68,27.74,27.87,27.65,3330.0
1984-12-07,27.46,27.6,27.62,27.44,2770.0
1984-12-10,27.45,27.34,27.5,27.3,4170.0
1984-12-11,27.25,27.39,27.41,27.12,4190.0
1984-12-12,26.72,27.33,27.35,26.68,5000.0
1984-12-13,26.57,26.67,26.86,26.45,3180.0
1984-12-14,26.45,26.56,26.65,26.28,
1984-12-17,26.8,26.7,26.84,26.47,5550.0
1984-12-18,26.79,26.86,26.96,26.76,4970.0
1984-12-19,26.38,26.67,26.7,26.33,8260.0
1984-12-20,26.33,26.35,26.47,26.04,7090.0
1984-12-21,26.5,26.5,26.58,26.35,4530.0
1984-12-26,26.79,26.57,26.86,26.55,3040.0
1984-12-27,26.34,26.73,26.74,26.32,3890.0
1984-12-28,26.41,26.31,26.62,26.29,6040.0
1985-01-02,25.92,26.15,26.2,25.86,6170.0
1985-01-03,25.84,26.08,26.13,25.75,6370.0
1985-01-04,25.18,25.69,25.74,25.15,10230.0
1985-01-07,25.56,25.73,25.8,25.38,6300.0
1985-01-08,25.48,25.76,25.96,25.41,5470.0
1985-01-09,25.43,25.45,25.63,25.31,5400.0
1985-01-10,25.76,25.93,26.0,25.65,4160.0
1985-01-11,25.77,25.79,25.86,25.7,1920.0
1985-01-14,26.12,26.03,26.14,25.95,5540.0
1985-01-15,25.91,26.15,26.27,25.9,4540.0
1985-01-16,25.62,25.83,25.87,25.56,4000.0
1985-01-17,25.69,25.79,25.8,25.59,3800.0
1985-01-18,25.68,25.7,25.86,25.39,2680.0
1985-01-21,25.97,25.93,26.04,25.8,7450.0
1985-01-22,25.55,25.86,25.88,25.42,9040.0
1985-01-23,25.38,25.33,25.4,25.02,9340.0
1985-01-24,25.28,25.39,25.42,25.13,6170.0
1985-01-25,25.25,25.37,25.4,25.21,3800.0
1985-01-28,25.23,24.84,25.27,24.66,9430.0
1985-01-29,25.38,25.33,25.5,25.21,8880.0
1985-01-30,25.67,25.69,25.73,25.35,10730.0
1985-01-31,26.41,26.02,26.52,25.98,18410.0
1985-02-01,26.74,26.37,26.75,26.27,12600.0
1985-02-04,26.52,26.75,27.1,26.43,10530.0
1985-02-05,26.78,26.42,26.8,26.38,4500.0
1985-02-06,27.07,26.85,27.12,26.67,6960.0
1985-02-07,27.21,27.23,27.4,27.2,7870.0
1985-02-08,27.59,27.45,27.6,27.3,6190.0
1985-02-11,28.06,27.91,28.06,27.74,6560.0
1985-02-12,27.36,27.82,27.85,27.22,6260.0
1985-02-13,27.85,27.36,27.85,27.21,5420.0
1985-02-14,27.8,27.97,27.98,27.67,4580.0
1985-02-15,27.8,27.85,28.01,27.55,4580.0
1985-02-19,27.29,27.38,27.4,27.08,7670.0
1985-02-20,27.18,27.13,27.33,27.09,6360.0
1985-02-21,27.14,27.19,27.36,27.06,6130.0
1985-02-22,26.76,26.8,26.9,26.73,8170.0
1985-02-25,26.44,26.45,26.56,26.38,6960.0
1985-02-26,26.79,26.43,26.89,26.32,10720.0
1985-02-27,26.69,26.9,26.94,26.62,6650.0
1985-02-28,26.73,26.64,26.76,26.55,6410.0
1985-03-01,27.2,26.87,27.22,26.83,6590.0
1985-03-04,27.74,27.24,27.77,27.22,8380.0
1985-03-05,27.55,27.57,27.72,27.45,7230.0
1985-03-06,27.77,27.46,27.8,27.45,4770.0
1985-03-07,28.08,27.98,28.1,27.83,6930.0
1985-03-08,27.74,27.93,27.97,27.73,2790.0
1985-03-11,27.57,27.77,27.89,27.56,2520.0
1985-03-12,27.92,27.73,28.03,27.66,4940.0
1985-03-13,28.06,28.09,28.22,27.75,4770.0
1985-03-14,28.19,27.95,28.23,27.92,4460.0
1985-03-15,28.32,28.32,28.38,28.19,6290.0
1985-03-18,28.85,28.5,28.87,28.5,5490.0
1985-03-19,28.8,28.62,28.86,28.58,4730.0
1985-03-20,28.98,29.02,29.07,28.88,4340.0
1985-03-21,28.34,28.14,28.43,27.83,9620.0
1985-03-22,28.24,28.37,28.4,28.2,3470.0
1985-03-25,28.09,28.06,28.17,27.94,3150.0
1985-03-26,28.45,28.12,28.53,28.03,6190.0
1985-03-27,28.16,28.53,28.61,28.12,8060.0
1985-03-28,28.25,28.2,28.35,27.97,5500.0
1985-03-29,28.29,28.15,28.33,28.08,3680.0
1985-04-01,28.72,28.36,28.74,28.34,5310.0
1985-04-02,28.85,28.78,28.9,28.64,6000.0
1985-04-03,28.82,28.74,28.92,28.7,4120.0
1985-04-04,28.9,28.67,28.96,28.6,5280.0
1985-04-08,29.09,28.94,29.2,28.9,3450.0
1985-04-09,29.05,29.1,29.14,28.97,2270.0
1985-04-10,29.24,29.14,29.25,29.1,4140.0
1985-04-11,28.94,29.13,29.22,28.74,5290.0
1985-04-12,28.68,28.87,29.0,28.55,4440.0
1985-04-15,29.14,28.85,29.16,28.66,3270.0
1985-04-16,29.04,29.08,29.12,28.97,3380.0
1985-04-17,28.95,29.02,29.12,28.9,3200.0
1985-04-18,29.02,29.02,29.03,28.9,2790.0
1985-04-19,29.31,29.1,29.33,29.05,3180.0
1985-04-22,29.8,29.38,30.0,29.37,3580.0
1985-04-23,28.32,28.41,28.43,28.15,4930.0
1985-04-24,27.93,28.22,28.26,27.91,5760.0
1985-04-25,27.87,27.74,27.9,27.48,9280.0
1985-04-26,27.94,27.9,27.97,27.7,3570.0
1985-04-29,27.66,27.82,27.9,27.64,5100.0
1985-04-30,27.63,27.62,27.67,27.51,4390.0
1985-05-01,27.33,27.38,27.52,27.31,6180.0
1985-05-02,27.36,27.27,27.44,27.1,5770.0
1985-05-03,27.29,27.45,27.6,27.15,4560.0
1985-05-06,27.19,27.3,27.38,27.17,3280.0
1985-05-07,27.31,27.22,27.38,27.18,2310.0
1985-05-08,27.17,27.08,27.17,27.04,4540.0
1985-05-09,27.58,27.41,27.62,27.37,4410.0
1985-05-10,27.38,27.7,27.76,27.37,3170.0
1985-05-13,27.59,27.32,27.6,27.32,2670.0
1985-05-14,27.66,27.67,27.73,27.59,3330.0
1985-05-15,27.79,27.57,27.8,27.55,2690.0
1985-05-16,27.93,27.83,28.01,27.82,4070.0
1985-05-17,27.8,27.89,27.95,27.79,3990.0
1985-05-20,27.9,27.8,27.96,27.75,4680.0
1985-05-21,28.0,28.02,28.14,27.95,4900.0
1985-05-22,27.1,27.16,27.23,27.09,3900.0
1985-05-23,27.6,27.03,27.62,26.98,12060.0
1985-05-24,27.7,27.55,27.71,27.48,6910.0
1985-05-28,27.57,27.54,27.76,27.51,4760.0
1985-05-29,27.64,27.57,27.74,27.54,4760.0
1985-05-30,27.92,27.76,27.95,27.55,9360.0
1985-05-31,27.84,27.84,27.99,27.77,5430.0
1985-06-03,27.48,27.64,27.64,27.35,6730.0
1985-06-04,27.47,27.5,27.5,27.3,3600.0
1985-06-05,27.02,27.38,27.44,26.92,9190.0
1985-06-06,27.08,27.09,27.18,26.85,5670.0
1985-06-07,26.92,26.97,27.15,26.85,4430.0
1985-06-10,26.81,26.82,26.9,26.7,3890.0
1985-06-11,26.95,26.99,27.1,26.87,3010.0
1985-06-12,27.01,26.85,27.04,26.83,2940.0
1985-06-13,27.41,27.2,27.42,27.15,5070.0
1985-06-14,27.29,27.47,27.48,27.2,5100.0
1985-06-17,27.23,27.1,27.25,27.04,3850.0
1985-06-18,27.22,27.35,27.4,27.2,3860.0
1985-06-19,27.3,27.35,27.4,27.15,4980.0
1985-06-20,27.2,27.34,27.4,27.1,5100.0
1985-06-21,26.92,26.67,26.97,26.63,8910.0
1985-06-24,26.89,26.8,27.03,26.77,5790.0
1985-06-25,26.75,26.89,26.97,26.74,4280.0
1985-06-26,26.94,26.82,26.98,26.77,4630.0
1985-06-27,27.09,27.02,27.14,26.93,6950.0
1985-06-28,26.87,27.11,27.14,26.85,3630.0
1985-07-01,26.68,26.8,26.82,26.65,4140.0
1985-07-02,26.94,26.69,26.95,26.58,3370.0
1985-07-03,26.91,26.99,27.04,26.87,3580.0
1985-07-08,26.99,26.79,27.04,26.69,4240.0
1985-07-09,27.45,27.18,27.46,27.13,7970.0
1985-07-10,27.55,27.3,27.58,27.28,4900.0
1985-07-11,27.37,27.36,27.7,27.26,4460.0
1985-07-12,27.11,27.31,27.35,27.1,3500.0
1985-07-15,27.31,27.11,27.37,27.05,4670.0
1985-07-16,27.37,27.35,27.43,27.25,3930.0
1985-07-17,27.48,27.52,27.56,27.41,4470.0
1985-07-18,27.49,27.54,27.64,27.46,4130.0
1985-07-19,27.4,27.48,27.49,27.36,5440.0
1985-07-22,27.7,27.39,27.7,27.3,5240.0
1985-07-23,27.16,27.03,27.2,26.96,7890.0
1985-07-24,27.34,27.09,27.45,27.09,10160.0
1985-07-25,27.31,27.31,27.45,27.15,6700.0
1985-07-26,27.3,27.22,27.42,27.15,5220.0
1985-07-29,27.36,27.36,27.52,27.25,4630.0
1985-07-30,27.34,27.3,27.38,27.22,2890.0
1985-07-31,27.12,27.27,27.36,27.1,5440.0
1985-08-01,27.19,27.11,27.21,27.01,3850.0
1985-08-02,27.31,27.23,27.38,27.16,3140.0
1985-08-05,27.33,27.43,27.46,27.29,2900.0
1985-08-06,27.26,27.29,27.35,27.2,3130.0
1985-08-07,27.27,27.32,27.39,27.2,2980.0
1985-08-08,27.31,27.19,27.32,27.16,2290.0
1985-08-09,27.37,27.34,27.4,27.27,2210.0
1985-08-12,27.58,27.49,27.6,27.46,4770.0
1985-08-13,27.61,27.53,27.64,27.46,2440.0
1985-08-14,27.73,27.7,27.81,27.67,3390.0
1985-08-15,28.06,27.85,28.1,27.82,4440.0
1985-08-16,28.03,28.09,28.13,27.87,5560.0
1985-08-19,27.99,27.99,28.08,27.94,4830.0
1985-08-20,28.09,27.94,28.24,27.9,5620.0
1985-08-21,27.88,27.73,27.92,27.71,4910.0
1985-08-22,27.97,28.0,28.06,27.93,5010.0
1985-08-23,27.95,27.94,28.03,27.86,3810.0
1985-08-26,28.1,27.96,28.12,27.9,3750.0
1985-08-27,28.08,28.28,28.32,28.07,4190.0
1985-08-28,28.1,28.14,28.21,27.86,4810.0
1985-08-29,27.94,27.94,27.99,27.82,2890.0
1985-08-30,28.08,27.88,28.08,27.87,2610.0
1985-09-03,28.28,28.23,28.33,28.16,3540.0
1985-09-04,28.27,28.23,28.37,28.2,4900.0
1985-09-05,27.97,28.19,28.22,27.96,7520.0
1985-09-06,27.75,27.93,27.97,27.7,6830.0
1985-09-09,27.64,27.64,27.66,27.37,8240.0
1985-09-10,27.89,27.76,27.96,27.75,4510.0
1985-09-11,27.88,27.72,28.0,27.68,5010.0
1985-09-12,28.04,27.94,28.05,27.83,5580.0
1985-09-13,28.01,28.17,28.19,27.89,3780.0
1985-09-16,27.92,27.93,28.01,27.85,3540.0
1985-09-17,28.08,27.92,28.08,27.88,3080.0
1985-09-18,28.1,28.07,28.15,27.95,2590.0
1985-09-19,28.2,28.03,28.21,28.02,3340.0
1985-09-20,28.72,28.36,28.8,28.32,6970.0
1985-09-23,28.05,28.13,28.39,28.03,5270.0
1985-09-24,28.23,27.96,28.32,27.95,5110.0
1985-09-25,28.42,28.42,28.52,28.39,4950.0
1985-09-26,28.9,28.62,29.0,28.58,6750.0
1985-09-27,28.93,29.04,29.19,28.9,1840.0
1985-09-30,29.08,28.83,29.1,28.8,5020.0
1985-10-01,29.03,29.1,29.12,28.89,4100.0
1985-10-02,29.26,29.15,29.29,29.07,3660.0
1985-10-03,29.31,29.43,29.52,29.3,5280.0
1985-10-04,29.0,28.92,29.11,28.88,4920.0
1985-10-07,29.16,28.87,29.2,28.76,3200.0
1985-10-08,29.27,29.26,29.32,29.1,2550.0
1985-10-09,28.98,29.19,29.27,28.95,3410.0
1985-10-10,28.66,28.71,28.81,28.57,4810.0
1985-10-11,28.73,28.76,28.77,28.69,1550.0
1985-10-14,29.06,28.79,29.11,28.75,2870.0
1985-10-15,29.35,29.18,29.36,29.14,4750.0
1985-10-16,29.36,29.45,29.52,29.23,4710.0
1985-10-17,29.55,29.36,29.56,29.34,3200.0
1985-10-18,29.52,29.44,29.55,29.41,4220.0
1985-10-21,29.97,29.51,30.0,29.47,3650.0
1985-10-22,30.28,30.14,30.6,29.91,6140.0
1985-10-23,29.33,28.93,29.36,28.85,9580.0
1985-10-24,29.59,29.43,29.67,29.33,8330.0
1985-10-25,29.65,29.53,29.7,29.49,4500.0
1985-10-28,30.17,29.77,30.19,29.75,9000.0
1985-10-29,30.22,30.09,30.25,29.98,9190.0
1985-10-30,30.12,29.99,30.16,29.88,5740.0
1985-10-31,30.38,30.28,30.4,30.16,5630.0
1985-11-01,30.39,30.37,30.49,30.31,4120.0
1985-11-04,30.19,30.25,30.3,30.05,5070.0
1985-11-05,29.96,30.0,30.09,29.93,6630.0
1985-11-06,30.34,30.06,30.35,29.96,7110.0
1985-11-07,30.39,30.42,30.54,30.34,6870.0
1985-11-08,30.45,30.34,30.47,30.32,3590.0
1985-11-11,30.69,30.64,30.71,30.61,3490.0
1985-11-12,30.82,30.67,30.9,30.63,5210.0
1985-11-13,31.04,30.98,31.08,30.93,6900.0
1985-11-14,31.35,31.38,31.5,31.35,7660.0
1985-11-15,30.97,31.18,31.2,30.95,4470.0
1985-11-18,30.93,30.87,31.02,30.75,4480.0
1985-11-19,31.31,31.13,31.32,31.0,7440.0
1985-11-20,31.72,31.37,31.82,31.3,5310.0
1985-11-21,30.82,30.73,30.95,30.53,10730.0
1985-11-22,30.91,30.91,30.94,30.68,4600.0
1985-11-25,31.01,31.0,31.17,30.98,6740.0
1985-11-26,30.74,30.86,30.95,30.71,5550.0
1985-11-27,29.75,30.4,30.57,29.74,11520.0
1985-12-02,29.75,29.3,29.8,28.74,10990.0
1985-12-03,29.06,29.76,29.85,29.0,6890.0
1985-12-04,28.64,28.7,29.08,28.55,7700.0
1985-12-05,28.88,28.96,29.02,28.62,5230.0
1985-12-06,28.74,28.98,29.12,28.68,5190.0
1985-12-09,27.51,27.78,27.95,27.45,8070.0
1985-12-10,25.23,27.06,27.12,25.05,17210.0
1985-12-11,26.78,25.15,27.2,24.8,10230.0
1985-12-12,27.25,27.25,27.6,27.1,8170.0
1985-12-13,27.37,27.4,27.53,27.17,7940.0
1985-12-16,27.27,27.71,27.8,27.25,6640.0
1985-12-17,26.42,26.75,26.85,26.2,7780.0
1985-12-18,26.53,26.73,26.9,26.18,7410.0
1985-12-19,26.07,26.1,26.32,25.92,9970.0
1985-12-20,25.77,26.22,26.25,25.65,5600.0
1985-12-23,25.57,25.69,25.86,25.53,2980.0
1985-12-26,26.22,25.84,26.24,25.75,3470.0
1985-12-27,26.89,26.52,26.9,26.41,7020.0
1985-12-30,26.66,26.98,27.01,26.38,5610.0
1985-12-31,26.3,26.46,26.6,26.25,3350.0
1986-01-02,25.56,25.85,25.96,25.2,7630.0
1986-01-03,25.97,25.94,26.09,25.51,6530.0
1986-01-06,26.57,26.23,26.6,26.2,6670.0
1986-01-07,26.2,26.42,26.44,26.06,4350.0
1986-01-08,25.93,25.6,26.05,25.5,7130.0
1986-01-09,25.9,25.65,25.9,25.3,9880.0
1986-01-10,25.79,25.73,25.97,25.49,4850.0
1986-01-13,25.08,25.38,25.58,25.02,6630.0
1986-01-14,24.96,25.12,25.3,24.9,6580.0
1986-01-15,25.15,25.19,25.3,25.09,4870.0
1986-01-16,24.11,24.55,24.65,23.96,6690.0
1986-01-17,23.53,24.13,24.25,23.4,6040.0
1986-01-20,21.27,21.19,22.8,21.19,8500.0
1986-01-21,20.59,22.0,22.22,19.85,7620.0
1986-01-22,20.59,20.59,20.59,20.59,10060.0
1986-01-23,19.82,19.0,20.5,18.6,20610.0
1986-01-24,19.5,19.75,20.26,19.4,8200.0
1986-01-27,20.83,19.83,20.92,19.7,11900.0
1986-01-28,20.17,21.15,21.37,20.14,11460.0
1986-01-29,19.66,19.5,20.0,19.4,8930.0
1986-01-30,19.66,20.05,20.1,19.5,7180.0
1986-01-31,18.83,19.18,19.3,18.75,8360.0
1986-02-03,17.36,17.93,18.0,17.05,10330.0
1986-02-04,15.44,16.23,16.8,15.35,15330.0
1986-02-05,16.16,16.65,16.65,15.7,14240.0
1986-02-06,16.45,16.4,16.8,15.95,7300.0
1986-02-07,17.68,17.1,17.85,17.0,12840.0
1986-02-10,16.78,18.3,18.68,16.4,13740.0
1986-02-11,16.55,16.55,17.05,16.1,5990.0
1986-02-12,15.73,16.16,16.6,15.7,8050.0
1986-02-13,16.47,15.5,16.5,15.45,7640.0
1986-02-14,16.01,16.68,16.8,15.95,3750.0
1986-02-18,14.77,15.8,15.95,14.65,9010.0
1986-02-19,15.12,14.48,15.35,14.3,8370.0
1986-02-20,14.17,15.42,15.55,13.85,5180.0
1986-02-21,13.53,14.63,14.8,13.4,15850.0
1986-02-24,15.11,14.53,15.2,13.95,14710.0
1986-02-25,14.55,15.42,15.7,14.0,14340.0
1986-02-26,14.6,14.69,14.72,14.15,7420.0
1986-02-27,13.95,14.33,14.4,13.7,9220.0
1986-02-28,13.26,12.8,13.5,12.7,8480.0
1986-03-03,12.27,12.85,13.0,12.15,9440.0
1986-03-04,11.98,12.24,12.6,11.9,7690.0
1986-03-05,12.09,13.0,13.0,11.49,12590.0
1986-03-06,13.16,12.53,13.2,12.25,8800.0
1986-03-07,12.28,13.53,13.6,12.1,8290.0
1986-03-10,12.85,12.0,13.1,11.9,7800.0
1986-03-11,13.1,13.03,13.49,12.78,6940.0
1986-03-12,14.01,13.7,14.05,13.35,7890.0
1986-03-13,12.65,14.1,14.15,12.56,8840.0
1986-03-14,12.72,12.78,13.12,12.35,6710.0
1986-03-17,13.2,13.38,13.38,12.3,6500.0
1986-03-18,13.73,14.18,14.18,13.2,10190.0
1986-03-19,13.28,14.07,14.14,13.15,9500.0
1986-03-20,12.78,13.07,13.4,12.6,7780.0
1986-03-21,13.94,12.7,14.05,12.6,15360.0
1986-03-24,12.13,11.63,12.47,11.0,18350.0
1986-03-25,12.25,12.05,12.47,11.95,8270.0
1986-03-26,12.02,12.35,12.35,12.0,9770.0
1986-03-27,11.44,11.8,11.9,11.35,10300.0
1986-03-31,10.42,11.14,11.2,10.3,8340.0
1986-04-01,11.27,9.95,11.4,9.75,13370.0
1986-04-02,11.52,11.66,12.45,11.35,14100.0
1986-04-03,11.75,11.11,11.88,10.9,11440.0
1986-04-04,12.74,12.27,12.8,12.05,11990.0
1986-04-07,14.33,13.55,14.4,13.2,16309.0
1986-04-08,12.47,13.78,13.85,12.4,15070.0
1986-04-09,13.0,12.28,13.4,12.2,10930.0
1986-04-10,13.48,13.4,13.7,13.35,7770.0
1986-04-11,13.61,13.55,14.15,13.4,11730.0
1986-04-14,12.97,13.33,13.8,12.95,5770.0
1986-04-15,12.7,13.13,13.25,12.65,6060.0
1986-04-16,11.43,11.9,12.25,11.4,10610.0
1986-04-17,11.83,11.3,11.9,11.25,8770.0
1986-04-18,11.92,12.25,12.25,11.75,7300.0
1986-04-21,12.57,11.7,12.62,11.7,9420.0
1986-04-22,13.2,12.75,13.5,12.75,9350.0
1986-04-23,13.21,12.8,13.48,12.7,18330.0
1986-04-24,12.98,13.45,13.92,12.8,19150.0
1986-04-25,13.39,12.54,13.55,12.5,11930.0
1986-04-28,13.36,13.8,13.95,13.25,13650.0
1986-04-29,13.51,13.65,13.65,13.08,10370.0
1986-04-30,13.34,13.45,13.8,13.3,11340.0
1986-05-01,13.81,13.5,13.9,13.5,13120.0
1986-05-02,14.73,14.29,14.95,14.1,20010.0
1986-05-05,14.33,14.75,14.85,14.12,14010.0
1986-05-06,14.32,14.4,14.52,14.11,11010.0
1986-05-07,15.21,14.85,15.34,14.8,15000.0
1986-05-08,15.74,15.1,15.78,14.96,13400.0
1986-05-09,15.86,15.55,15.9,15.45,9730.0
1986-05-12,15.77,15.8,16.13,15.6,10960.0
1986-05-13,15.89,15.3,15.95,15.18,11200.0
1986-05-14,15.51,15.8,16.0,15.4,13040.0
1986-05-15,15.68,15.5,15.72,15.38,7840.0
1986-05-16,16.16,15.66,16.2,15.62,7220.0
1986-05-19,17.16,16.45,17.2,16.4,14440.0
1986-05-20,16.04,16.9,17.1,16.0,13540.0
1986-05-21,14.82,15.8,15.9,14.75,22010.0
1986-05-22,15.16,14.57,15.2,14.5,15480.0
1986-05-23,15.59,15.23,15.7,14.93,8940.0
1986-05-27,15.1,15.4,15.47,15.05,10680.0
1986-05-28,14.83,14.8,15.1,14.6,14790.0
1986-05-29,14.54,14.43,14.68,14.15,16780.0
1986-05-30,14.3,14.64,14.8,14.21,10190.0
1986-06-02,13.81,13.98,14.05,13.73,15420.0
1986-06-03,13.87,13.88,14.1,13.75,9270.0
1986-06-04,13.1,12.96,13.25,12.75,16480.0
1986-06-05,13.23,13.18,13.53,12.85,13650.0
1986-06-06,12.76,13.14,13.18,12.73,11100.0
1986-06-09,12.63,12.6,12.85,12.5,7560.0
1986-06-10,12.56,12.76,12.9,12.5,9930.0
1986-06-11,13.49,12.7,13.59,12.65,10480.0
1986-06-12,13.66,13.5,13.8,13.29,11070.0
1986-06-13,13.81,13.42,13.97,13.35,9350.0
1986-06-16,13.66,13.85,14.02,13.6,9140.0
1986-06-17,13.74,13.69,13.78,13.53,7680.0
1986-06-18,13.65,13.72,13.78,13.5,8720.0
1986-06-19,13.76,13.62,13.82,13.51,8790.0
1986-06-20,14.69,13.7,14.9,13.38,10700.0
1986-06-23,13.0,12.9,13.2,12.85,12350.0
1986-06-24,12.88,12.93,12.95,12.82,6380.0
1986-06-25,13.26,12.84,13.52,12.82,17960.0
1986-06-26,13.14,13.51,13.63,13.05,9990.0
1986-06-27,13.4,13.16,13.55,13.14,8780.0
1986-06-30,12.78,12.8,13.0,12.7,12570.0
1986-07-01,12.38,12.53,12.6,12.31,14350.0
1986-07-02,11.99,12.44,12.47,11.96,12170.0
1986-07-07,11.19,11.38,11.5,11.1,10050.0
1986-07-08,11.22,11.2,11.35,10.97,13010.0
1986-07-09,10.77,11.12,11.25,10.75,12070.0
1986-07-10,11.25,11.0,11.39,10.95,10650.0
1986-07-11,11.13,11.28,11.3,10.93,9780.0
1986-07-14,11.04,10.75,11.09,10.7,8930.0
1986-07-15,12.11,11.14,12.45,11.1,12010.0
1986-07-16,12.61,12.02,12.7,11.85,8930.0
1986-07-17,12.4,12.98,13.05,12.2,11370.0
1986-07-18,12.86,12.38,13.31,12.3,12030.0
1986-07-21,13.09,13.25,13.5,13.05,11700.0
1986-07-22,11.07,12.63,12.7,10.95,10120.0
1986-07-23,10.85,10.9,11.12,10.7,18680.0
1986-07-24,11.05,11.0,11.27,10.95,13590.0
1986-07-25,10.9,11.09,11.18,10.86,7250.0
1986-07-28,11.07,10.68,11.1,10.65,8560.0
1986-07-29,11.41,11.17,11.83,11.1,20040.0
1986-07-30,11.73,11.75,11.8,11.5,17140.0
1986-07-31,11.15,11.85,11.9,11.03,16480.0
1986-08-01,11.55,11.28,11.59,11.22,9050.0
1986-08-04,13.29,11.8,13.37,11.75,27720.0
1986-08-05,15.02,15.7,16.5,14.63,45870.0
1986-08-06,14.97,14.58,15.1,14.45,17990.0
1986-08-07,15.32,15.18,15.45,14.8,11930.0
1986-08-08,14.83,14.96,15.05,14.75,9300.0
1986-08-11,14.91,14.94,15.18,14.82,7050.0
1986-08-12,15.35,15.1,15.8,15.06,12260.0
1986-08-13,15.28,15.45,15.65,15.05,13790.0
1986-08-14,15.42,15.2,15.45,15.1,6790.0
1986-08-15,15.82,15.58,15.85,15.5,6870.0
1986-08-18,15.61,16.0,16.05,15.58,5310.0
1986-08-19,14.87,15.3,15.37,14.8,11690.0
1986-08-20,15.26,14.68,15.3,14.6,12370.0
1986-08-21,15.46,15.78,15.89,15.35,14160.0
1986-08-22,15.49,15.43,15.57,15.38,4960.0
1986-08-25,15.51,15.44,15.65,15.41,4040.0
1986-08-26,15.83,15.7,15.9,15.65,8730.0
1986-08-27,15.79,16.0,16.07,15.53,11440.0
1986-08-28,15.81,15.79,15.84,15.58,8750.0
1986-08-29,15.9,15.85,15.92,15.75,5430.0
1986-09-02,16.46,16.2,16.49,16.12,11530.0
1986-09-03,16.13,16.53,16.56,16.1,13500.0
1986-09-04,16.21,16.09,16.32,16.05,11000.0
1986-09-05,16.37,16.45,16.52,16.33,6350.0
1986-09-08,15.62,16.1,16.2,15.3,15770.0
1986-09-09,15.27,15.32,15.53,15.17,9280.0
1986-09-10,14.88,15.17,15.26,14.8,9350.0
1986-09-11,14.99,15.1,15.16,14.46,10050.0
1986-09-12,15.06,15.07,15.14,14.88,5390.0
1986-09-15,14.34,14.85,14.9,14.25,8570.0
1986-09-16,13.97,13.95,14.1,13.8,6940.0
1986-09-17,14.0,13.87,14.2,13.8,5230.0
1986-09-18,14.56,14.26,14.58,14.23,4760.0
1986-09-19,14.48,14.74,14.79,14.45,7630.0
1986-09-22,13.97,14.4,14.4,13.9,11740.0
1986-09-23,14.45,13.97,14.5,13.95,12330.0
1986-09-24,14.57,14.55,14.78,14.48,10450.0
1986-09-25,14.27,14.33,14.53,14.25,8400.0
1986-09-26,14.43,14.37,14.65,14.35,6840.0
1986-09-29,14.89,14.63,14.9,14.6,6360.0
1986-09-30,14.77,15.11,15.15,14.7,7300.0
1986-10-01,15.16,14.81,15.2,14.77,7730.0
1986-10-02,15.36,15.23,15.4,15.18,10090.0
1986-10-03,14.87,15.03,15.22,14.76,8340.0
1986-10-06,14.82,14.67,15.09,14.6,6790.0
1986-10-07,15.4,15.05,15.45,15.02,7350.0
1986-10-08,15.41,15.47,15.53,15.28,6040.0
1986-10-09,15.1,15.26,15.34,14.9,7290.0
1986-10-10,14.93,15.01,15.14,14.9,5310.0
1986-10-13,14.37,15.0,15.05,14.23,6900.0
1986-10-14,14.6,14.36,14.62,14.15,7180.0
1986-10-15,14.85,14.7,14.95,14.66,7640.0
1986-10-16,14.53,14.62,14.75,14.35,7250.0
1986-10-17,14.8,14.32,14.87,14.29,12470.0
1986-10-20,15.13,15.01,15.16,14.99,12530.0
1986-10-21,15.19,15.02,15.35,14.99,13670.0
1986-10-22,15.19,15.57,15.6,15.15,23100.0
1986-10-23,15.08,15.1,15.2,14.93,15320.0
1986-10-24,15.02,15.11,15.2,14.95,11000.0
1986-10-27,14.41,14.85,14.85,14.4,18430.0
1986-10-28,14.13,14.19,14.48,14.1,17190.0
1986-10-29,13.73,14.22,14.25,13.52,27430.0
1986-10-30,15.04,13.95,15.12,13.9,33510.0
1986-10-31,15.27,15.49,15.65,15.21,19050.0
1986-11-03,14.71,15.17,15.23,14.68,14310.0
1986-11-04,14.96,14.74,15.1,14.71,17220.0
1986-11-05,14.96,14.97,15.15,14.95,7370.0
1986-11-06,15.08,15.09,15.2,15.05,7750.0
1986-11-07,15.15,15.24,15.44,15.08,11260.0
1986-11-10,15.34,15.32,15.46,15.21,7340.0
1986-11-11,15.41,15.37,15.45,15.29,5370.0
1986-11-12,15.35,15.32,15.42,15.25,7830.0
1986-11-13,15.51,15.22,15.62,15.18,11840.0
1986-11-14,15.64,15.64,15.77,15.51,9700.0
1986-11-17,15.62,15.79,15.83,15.56,9100.0
1986-11-18,15.59,15.45,15.6,15.4,13960.0
1986-11-19,15.48,15.57,15.67,15.47,11620.0
1986-11-20,15.08,15.4,15.43,14.98,13030.0
1986-11-21,15.38,15.22,15.4,15.2,10320.0
1986-11-24,14.99,15.41,15.44,14.88,17640.0
1986-11-25,14.95,14.75,15.05,14.72,18810.0
1986-11-26,15.0,15.17,15.24,14.95,11520.0
1986-12-01,15.31,15.13,15.33,15.11,8690.0
1986-12-02,15.19,15.33,15.38,15.17,9030.0
1986-12-03,15.12,15.25,15.28,15.08,10220.0
1986-12-04,15.2,15.06,15.22,14.96,9780.0
1986-12-05,15.13,15.18,15.24,15.1,7540.0
1986-12-08,15.03,15.08,15.15,15.0,5160.0
1986-12-09,15.0,14.9,15.03,14.88,7850.0
1986-12-10,15.13,14.95,15.18,14.92,10310.0
1986-12-11,15.5,15.27,15.61,15.25,12400.0
1986-12-12,16.1,16.04,16.25,15.5,15780.0
1986-12-15,16.36,16.25,16.6,16.2,13690.0
1986-12-16,16.1,16.12,16.35,16.0,10420.0
1986-12-17,15.86,15.92,16.0,15.8,10360.0
1986-12-18,16.06,15.45,16.5,15.35,11900.0
1986-12-19,16.21,16.59,16.69,16.0,11730.0
1986-12-22,16.21,16.21,16.21,16.21,6300.0
1986-12-23,16.91,17.12,17.19,16.89,21470.0
1986-12-24,17.27,16.97,17.3,16.88,9190.0
1986-12-29,17.65,17.42,17.72,17.4,14010.0
1986-12-30,17.65,17.52,17.67,17.45,11100.0
1986-12-31,17.94,17.87,18.0,17.8,10590.0
1987-01-02,18.13,17.92,18.19,17.9,11920.0
1987-01-05,17.95,18.17,18.29,17.93,15050.0
1987-01-06,18.22,17.94,18.23,17.88,12790.0
1987-01-07,18.25,18.25,18.28,18.1,8580.0
1987-01-08,18.57,18.41,18.6,18.36,14600.0
1987-01-09,18.77,18.47,18.78,18.42,14080.0
1987-01-12,19.01,19.04,19.2,18.9,11490.0
1987-01-13,18.89,18.83,18.95,18.71,8740.0
1987-01-14,19.13,18.97,19.15,18.82,12180.0
1987-01-15,19.14,19.22,19.43,19.12,13920.0
1987-01-16,19.1,19.13,19.2,18.95,10870.0
1987-01-19,18.7,19.09,19.1,18.68,15700.0
1987-01-20,18.72,18.48,18.74,18.45,16250.0
1987-01-21,18.69,18.85,18.92,18.58,20200.0
1987-01-22,18.87,18.82,18.89,18.76,9820.0
1987-01-23,18.76,18.92,18.94,18.71,8119.0
1987-01-26,18.64,18.78,18.83,18.5,11940.0
1987-01-27,18.47,18.59,18.64,18.43,14960.0
1987-01-28,18.58,18.55,18.69,18.42,13300.0
1987-01-29,18.66,18.56,18.72,18.55,11620.0
1987-01-30,18.75,18.74,18.81,18.71,8750.0
1987-02-02,18.54,18.69,18.71,18.46,12380.0
1987-02-03,18.36,18.45,18.48,18.33,14450.0
1987-02-04,18.26,18.25,18.29,18.04,18120.0
1987-02-05,18.58,18.4,18.62,18.38,15780.0
1987-02-06,18.44,18.56,18.6,18.43,12110.0
1987-02-09,18.34,18.28,18.4,18.26,10460.0
1987-02-10,18.45,18.39,18.47,18.3,11730.0
1987-02-11,18.06,18.31,18.36,18.04,16090.0
1987-02-12,17.98,17.99,18.15,17.75,19710.0
1987-02-13,17.85,18.18,18.18,17.83,11880.0
1987-02-17,17.79,17.89,17.92,17.75,11940.0
1987-02-18,17.4,17.69,17.71,17.26,18580.0
1987-02-19,17.44,17.4,17.5,17.25,12590.0
1987-02-20,17.77,17.61,17.83,17.55,15150.0
1987-02-23,17.77,17.77,17.77,17.77,3470.0
1987-02-24,17.77,17.77,17.77,17.77,
1987-02-25,16.4,16.42,16.45,16.05,36530.0
1987-02-26,16.78,16.6,16.8,16.5,19090.0
1987-02-27,16.6,16.7,16.84,16.4,30700.0
1987-03-02,16.39,16.27,16.42,16.17,20150.0
1987-03-03,17.35,16.85,17.43,16.7,33860.0
1987-03-04,17.51,17.55,17.75,17.47,31280.0
1987-03-05,17.75,17.53,17.8,17.48,21600.0
1987-03-06,18.13,17.87,18.18,17.84,30510.0
1987-03-09,18.04,18.34,18.35,17.91,22120.0
1987-03-10,18.12,18.14,18.2,18.02,14290.0
1987-03-11,18.35,18.41,18.51,18.33,20310.0
1987-03-12,18.39,18.2,18.43,18.14,12800.0
1987-03-13,18.36,18.38,18.47,18.32,12240.0
1987-03-16,18.64,18.41,18.65,18.4,16210.0
1987-03-17,18.87,18.76,18.92,18.75,15600.0
1987-03-18,18.69,18.8,19.08,18.65,16670.0
1987-03-19,18.6,18.72,18.8,18.31,20450.0
1987-03-20,18.67,18.46,18.75,18.43,17220.0
1987-03-23,18.67,18.67,18.67,18.67,4880.0
1987-03-24,18.67,18.67,18.67,18.67,
1987-03-25,18.67,18.67,18.67,18.67,
1987-03-26,18.63,18.59,18.7,18.52,19330.0
1987-03-27,18.62,18.57,18.66,18.5,13340.0
1987-03-30,18.69,18.54,18.7,18.46,16940.0
1987-03-31,18.83,18.73,18.85,18.7,15840.0
1987-04-01,18.78,18.76,18.81,18.63,17580.0
1987-04-02,18.91,18.83,18.92,18.82,14510.0
1987-04-03,18.7,18.92,18.96,18.68,16040.0
1987-04-06,18.67,18.62,18.71,18.58,12420.0
1987-04-07,18.84,18.75,18.92,18.73,15450.0
1987-04-08,18.65,18.67,18.71,18.48,24340.0
1987-04-09,18.59,18.57,18.61,18.44,15440.0
1987-04-10,18.11,18.63,18.65,18.05,24520.0
1987-04-13,18.01,18.06,18.2,17.73,25530.0
1987-04-14,17.98,17.87,18.06,17.77,18180.0
1987-04-15,18.47,18.01,18.49,18.0,19890.0
1987-04-16,18.64,18.5,18.71,18.42,23460.0
1987-04-20,18.65,18.64,18.95,18.6,21310.0
1987-04-21,19.03,18.77,19.1,18.72,25140.0
1987-04-22,19.03,19.03,19.03,19.03,4700.0
1987-04-23,19.03,19.03,19.03,19.03,
1987-04-24,18.68,18.6,18.74,18.54,23960.0
1987-04-27,18.83,18.69,18.88,18.66,21320.0
1987-04-28,18.84,18.7,18.86,18.68,13340.0
1987-04-29,18.6,18.75,18.76,18.55,24790.0
1987-04-30,18.73,18.64,18.77,18.54,14320.0
1987-05-01,18.83,18.83,18.9,18.73,13510.0
1987-05-04,18.92,18.83,18.95,18.81,10690.0
1987-05-05,19.05,19.07,19.2,19.0,20350.0
1987-05-06,19.23,19.12,19.24,19.03,19350.0
1987-05-07,19.13,19.16,19.25,19.05,17590.0
1987-05-08,19.26,19.09,19.28,19.02,16560.0
1987-05-11,19.41,19.39,19.48,19.33,15680.0
1987-05-12,19.27,19.31,19.35,19.18,14270.0
1987-05-13,19.41,19.47,19.5,19.39,16470.0
1987-05-14,19.56,19.37,19.59,19.3,16510.0
1987-05-15,19.8,19.56,19.83,19.54,18780.0
1987-05-18,19.89,19.92,19.95,19.8,21560.0
1987-05-19,19.87,19.87,20.01,19.63,20970.0
1987-05-20,19.87,19.87,19.87,19.87,6100.0
1987-05-21,19.24,18.95,19.27,18.9,27820.0
1987-05-22,19.35,19.23,19.39,19.19,16540.0
1987-05-26,19.42,19.25,19.43,19.2,11290.0
1987-05-27,19.37,19.31,19.45,19.26,13960.0
1987-05-28,19.26,19.32,19.4,19.25,14160.0
1987-05-29,19.38,19.21,19.42,19.16,16190.0
1987-06-01,19.56,19.36,19.6,19.33,20360.0
1987-06-02,19.69,19.63,19.71,19.61,17200.0
1987-06-03,19.86,19.67,19.9,19.64,20180.0
1987-06-04,19.81,19.92,20.0,19.78,17910.0
1987-06-05,19.79,19.85,19.87,19.65,18080.0
1987-06-08,19.9,19.81,19.96,19.8,13140.0
1987-06-09,19.82,19.88,19.9,19.75,11760.0
1987-06-10,19.82,19.78,19.85,19.77,9270.0
1987-06-11,19.85,19.71,19.88,19.7,11080.0
1987-06-12,19.91,19.87,19.92,19.81,6790.0
1987-06-15,20.06,19.87,20.11,19.86,12620.0
1987-06-16,20.27,20.07,20.28,20.06,15770.0
1987-06-17,20.39,20.3,20.45,20.25,13490.0
1987-06-18,20.52,20.4,20.57,20.3,15420.0
1987-06-19,20.66,20.52,20.66,20.44,14810.0
1987-06-22,20.48,20.72,20.95,20.2,18330.0
1987-06-23,19.57,19.6,19.69,19.4,38500.0
1987-06-24,19.4,19.55,19.59,19.35,28270.0
1987-06-25,19.64,19.36,19.66,19.31,21040.0
1987-06-26,20.24,19.85,20.7,19.83,43720.0
1987-06-29,20.35,20.65,20.7,20.3,32530.0
1987-06-30,20.29,20.27,20.53,20.21,21710.0
1987-07-01,20.48,20.24,20.49,20.21,19130.0
1987-07-02,20.61,20.62,20.68,20.57,13640.0
1987-07-06,20.93,20.79,20.94,20.76,17690.0
1987-07-07,20.74,21.03,21.05,20.74,19310.0
1987-07-08,20.88,20.76,20.9,20.73,17560.0
1987-07-09,21.23,21.05,21.25,20.99,21830.0
1987-07-10,21.33,21.23,21.37,21.16,17460.0
1987-07-13,21.4,21.41,21.54,21.36,16070.0
1987-07-14,21.58,21.31,21.6,21.27,19070.0
1987-07-15,22.15,21.83,22.44,21.8,22650.0
1987-07-16,22.34,22.6,22.76,22.0,18850.0
1987-07-17,22.39,22.47,22.49,22.3,13800.0
1987-07-20,22.2,22.25,22.34,22.0,19160.0
1987-07-21,21.7,22.05,22.1,21.55,18410.0
1987-07-22,21.55,21.27,21.57,21.08,31950.0
1987-07-23,21.23,21.5,21.53,21.15,25420.0
1987-07-24,20.57,20.95,20.98,20.54,30260.0
1987-07-27,20.49,20.5,20.65,20.45,24010.0
1987-07-28,21.32,20.72,21.65,20.7,33920.0
1987-07-29,21.44,21.27,21.54,21.25,18980.0
1987-07-30,21.36,21.71,21.75,21.25,25380.0
1987-07-31,21.37,21.43,21.45,21.17,15530.0
1987-08-03,22.16,22.58,22.67,22.02,27830.0
1987-08-04,21.97,21.96,22.16,21.81,25840.0
1987-08-05,21.29,21.46,21.7,21.26,27490.0
1987-08-06,21.14,21.07,21.38,21.05,21070.0
1987-08-07,20.99,21.07,21.18,20.94,16020.0
1987-08-10,20.73,21.01,21.05,20.68,16030.0
1987-08-11,20.99,20.68,21.01,20.53,20730.0
1987-08-12,20.99,21.0,21.17,20.85,19810.0
1987-08-13,20.77,20.92,20.98,20.75,13250.0
1987-08-14,20.57,20.67,20.7,20.54,15630.0
1987-08-17,19.83,20.27,20.3,19.6,23120.0
1987-08-18,19.9,19.96,20.05,19.79,18630.0
1987-08-19,19.63,19.82,19.9,19.56,20070.0
1987-08-20,19.42,19.45,19.6,19.34,13370.0
1987-08-21,18.9,19.35,19.43,18.85,39430.0
1987-08-24,18.6,18.38,18.72,18.15,54620.0
1987-08-25,18.64,18.76,18.88,18.58,33480.0
1987-08-26,19.46,18.92,19.5,18.83,50170.0
1987-08-27,19.64,19.61,19.67,19.2,36910.0
1987-08-28,19.39,19.67,19.93,19.37,45110.0
1987-08-31,19.73,19.8,19.95,19.66,28770.0
1987-09-01,19.63,19.6,19.72,19.49,18900.0
1987-09-02,19.64,19.71,19.78,19.56,17290.0
1987-09-03,19.5,19.41,19.59,19.3,21700.0
1987-09-04,19.32,19.37,19.52,19.2,18460.0
1987-09-08,18.94,18.87,18.98,18.72,27130.0
1987-09-09,19.38,19.04,19.4,19.01,20590.0
1987-09-10,19.67,19.41,19.75,19.36,29330.0
1987-09-11,19.4,19.55,19.57,19.26,16950.0
1987-09-14,19.61,19.27,19.65,19.15,19320.0
1987-09-15,19.7,19.73,19.93,19.66,21170.0
1987-09-16,19.73,19.77,19.91,19.66,18630.0
1987-09-17,19.56,19.59,19.72,19.55,14370.0
1987-09-18,19.55,19.52,19.6,19.45,16790.0
1987-09-21,19.73,19.47,19.76,19.43,22000.0
1987-09-22,19.25,19.85,19.87,19.15,19890.0
1987-09-23,19.68,19.32,19.7,19.28,34730.0
1987-09-24,19.65,19.66,19.72,19.61,16070.0
1987-09-25,19.46,19.56,19.6,19.42,11890.0
1987-09-28,19.45,19.51,19.65,19.44,15310.0
1987-09-29,19.54,19.39,19.56,19.33,18510.0
1987-09-30,19.59,19.65,19.7,19.51,19830.0
1987-10-01,19.62,19.59,19.66,19.55,10770.0
1987-10-02,19.86,19.66,19.89,19.62,27480.0
1987-10-05,19.82,19.98,20.08,19.8,18900.0
1987-10-06,19.44,19.8,19.87,19.4,26660.0
1987-10-07,19.66,19.37,19.68,19.35,21350.0
1987-10-08,19.59,19.73,19.76,19.56,19700.0
1987-10-09,19.7,19.64,19.72,19.57,10020.0
1987-10-12,19.65,19.56,19.7,19.51,8400.0
1987-10-13,19.7,19.61,19.7,19.58,11400.0
1987-10-14,19.77,19.83,19.84,19.74,12380.0
1987-10-15,19.75,19.79,19.81,19.72,13350.0
1987-10-16,20.22,19.9,20.3,19.85,26400.0
1987-10-19,19.8,20.52,20.55,19.65,21950.0
1987-10-20,19.87,19.61,20.02,19.58,22040.0
1987-10-21,20.05,19.96,20.08,19.9,24170.0
1987-10-22,20.2,20.07,20.25,20.02,27660.0
1987-10-23,20.16,20.08,20.19,20.0,24810.0
1987-10-26,19.99,20.0,20.02,19.86,21610.0
1987-10-27,20.12,19.96,20.14,19.95,17670.0
1987-10-28,20.08,20.17,20.2,20.04,17930.0
1987-10-29,19.97,20.02,20.05,19.86,18630.0
1987-10-30,19.96,19.93,19.98,19.91,8920.0
1987-11-02,19.62,19.8,19.83,19.57,26540.0
1987-11-03,19.49,19.46,19.52,19.38,22320.0
1987-11-04,19.07,19.29,19.32,18.85,40130.0
1987-11-05,18.98,18.89,19.0,18.75,30990.0
1987-11-06,18.8,19.08,19.1,18.76,20680.0
1987-11-09,18.63,18.61,18.7,18.53,14430.0
1987-11-10,18.94,18.8,18.97,18.77,16800.0
1987-11-11,18.9,18.9,19.01,18.78,17100.0
1987-11-12,18.91,19.04,19.09,18.88,14690.0
1987-11-13,18.93,18.83,19.0,18.76,12080.0
1987-11-16,18.65,18.82,18.85,18.63,13240.0
1987-11-17,18.4,18.47,18.5,18.28,20300.0
1987-11-18,18.64,18.14,18.65,18.05,17880.0
1987-11-19,18.57,18.71,18.75,18.43,17660.0
1987-11-20,18.93,18.53,19.18,18.51,14320.0
1987-11-23,18.78,18.73,19.0,18.7,42640.0
1987-11-24,18.71,18.89,18.98,18.68,28180.0
1987-11-25,18.62,18.65,18.75,18.58,19500.0
1987-11-30,18.51,18.68,18.74,18.47,25880.0
1987-12-01,18.46,18.47,18.54,18.34,22920.0
1987-12-02,18.56,18.48,18.65,18.43,21900.0
1987-12-03,18.87,18.7,18.9,18.68,36490.0
1987-12-04,18.74,19.01,19.05,18.71,24310.0
1987-12-07,18.25,18.62,18.64,18.23,27840.0
1987-12-08,18.08,18.31,18.36,18.06,23250.0
1987-12-09,18.55,17.83,18.6,17.78,34240.0
1987-12-10,18.51,18.65,18.68,18.16,20260.0
1987-12-11,18.31,18.4,18.54,18.27,11000.0
1987-12-14,17.44,17.4,17.79,17.35,17750.0
1987-12-15,16.63,17.3,17.36,16.55,27250.0
1987-12-16,15.96,16.82,16.95,15.8,20880.0
1987-12-17,15.84,15.35,15.95,14.9,17140.0
1987-12-18,15.58,16.0,16.15,15.4,13060.0
1987-12-21,15.16,15.57,15.9,15.0,16420.0
1987-12-22,16.61,16.0,16.86,15.92,52610.0
1987-12-23,16.64,16.9,17.1,16.46,44330.0
1987-12-24,16.52,16.63,16.64,16.45,8390.0
1987-12-28,16.42,16.42,16.5,16.32,11600.0
1987-12-29,16.93,16.57,17.01,16.55,23590.0
1987-12-30,16.89,17.25,17.34,16.83,26880.0
1987-12-31,16.7,16.87,16.9,16.68,8630.0
1988-01-04,17.69,16.91,17.72,16.89,36850.0
1988-01-05,17.85,17.82,17.95,17.48,42340.0
1988-01-06,17.82,17.69,17.86,17.63,22780.0
1988-01-07,17.39,17.62,17.79,17.36,27020.0
1988-01-08,17.31,17.41,17.5,17.23,17540.0
1988-01-11,16.75,17.27,17.3,16.73,18770.0
1988-01-12,16.63,16.11,16.7,15.95,28850.0
1988-01-13,16.59,16.82,16.93,16.48,17600.0
1988-01-14,17.21,16.59,17.24,16.51,15630.0
1988-01-15,16.95,17.21,17.25,16.76,17450.0
1988-01-18,17.33,17.06,17.4,16.87,17120.0
1988-01-19,17.35,17.26,17.54,17.24,22900.0
1988-01-20,17.25,17.23,17.33,17.1,15390.0
1988-01-21,17.18,17.39,17.65,17.13,50280.0
1988-01-22,17.01,17.08,17.26,16.87,37300.0
1988-01-25,17.09,16.87,17.12,16.78,31200.0
1988-01-26,17.04,16.98,17.18,16.89,29830.0
1988-01-27,16.71,16.87,16.93,16.67,32070.0
1988-01-28,16.96,16.76,17.03,16.68,27010.0
1988-01-29,16.94,16.99,17.04,16.82,18790.0
1988-02-01,16.82,16.84,16.92,16.77,14630.0
1988-02-02,16.94,16.91,17.02,16.9,15070.0
1988-02-03,17.14,17.03,17.24,17.0,24230.0
1988-02-04,17.14,17.37,17.39,17.1,19030.0
1988-02-05,17.28,17.17,17.31,17.09,20930.0
1988-02-08,17.66,17.49,17.68,17.41,20620.0
1988-02-09,17.42,17.58,17.6,17.37,21580.0
1988-02-10,17.13,17.17,17.29,17.11,24390.0
1988-02-11,17.11,17.2,17.22,17.04,18910.0
1988-02-12,16.75,17.01,17.04,16.66,21430.0
1988-02-16,16.67,16.71,16.77,16.64,11560.0
1988-02-17,16.61,16.84,16.92,16.58,20630.0
1988-02-18,16.45,16.54,16.57,16.37,22960.0
1988-02-19,16.7,16.53,16.72,16.4,20990.0
1988-02-22,16.62,16.56,16.76,16.48,14030.0
1988-02-23,16.62,16.62,16.62,16.62,3950.0
1988-02-24,16.46,16.69,16.71,16.38,31390.0
1988-02-25,15.92,16.17,16.2,15.9,48160.0
1988-02-26,15.78,15.72,16.01,15.7,39170.0
1988-02-29,16.01,15.94,16.2,15.89,29440.0
1988-03-01,15.72,15.78,15.85,15.55,35770.0
1988-03-02,15.67,15.45,15.72,15.42,36220.0
1988-03-03,15.5,15.83,15.86,15.48,25890.0
1988-03-04,15.59,15.51,15.74,15.39,33380.0
1988-03-07,15.37,15.37,15.52,15.27,24800.0
1988-03-08,15.45,15.36,15.51,15.28,18690.0
1988-03-09,15.49,15.56,15.65,15.44,16670.0
1988-03-10,16.0,15.79,16.12,15.73,27170.0
1988-03-11,16.29,16.22,16.33,16.15,17540.0
1988-03-14,15.59,15.92,15.95,15.53,17480.0
1988-03-15,15.68,15.58,15.71,15.47,15010.0
1988-03-16,16.0,15.77,16.17,15.75,15690.0
1988-03-17,16.28,16.03,16.35,15.89,17830.0
1988-03-18,16.58,16.42,16.61,16.22,19610.0
1988-03-21,16.49,16.85,17.03,16.4,16300.0
1988-03-22,16.09,16.2,16.25,15.99,16690.0
1988-03-23,16.09,16.09,16.09,16.09,4750.0
1988-03-24,16.96,17.05,17.1,16.74,43030.0
1988-03-25,17.03,16.85,17.06,16.73,29870.0
1988-03-28,17.1,16.98,17.21,16.95,26330.0
1988-03-29,16.98,16.97,17.04,16.9,21430.0
1988-03-30,17.08,17.08,17.18,17.06,17340.0
1988-03-31,17.08,17.02,17.1,16.96,10600.0
1988-04-04,17.01,17.05,17.09,16.99,8890.0
1988-04-05,16.79,16.96,16.98,16.77,18210.0
1988-04-06,16.81,16.73,16.83,16.64,21730.0
1988-04-07,17.06,16.85,17.08,16.77,25760.0
1988-04-08,16.88,17.07,17.09,16.86,26800.0
1988-04-11,17.89,17.66,17.92,17.57,29710.0
1988-04-12,18.09,17.92,18.12,17.83,22090.0
1988-04-13,18.12,17.96,18.18,17.92,19590.0
1988-04-14,18.3,18.28,18.34,18.12,23150.0
1988-04-15,18.37,18.35,18.43,18.25,14200.0
1988-04-18,18.52,18.82,18.92,18.5,24310.0
1988-04-19,18.03,18.35,18.4,18.0,23970.0
1988-04-20,17.74,17.9,17.95,17.57,19990.0
1988-04-21,17.74,17.74,17.74,17.74,8070.0
1988-04-22,18.3,18.43,18.48,18.22,32590.0
1988-04-25,18.4,18.37,18.44,18.27,22850.0
1988-04-26,18.6,18.46,18.65,18.35,26910.0
1988-04-27,18.27,18.67,18.77,18.2,37560.0
1988-04-28,17.98,18.32,18.38,17.95,33200.0
1988-04-29,17.99,17.74,18.04,17.55,37280.0
1988-05-02,17.14,17.26,17.35,17.11,36380.0
1988-05-03,17.37,17.22,17.4,17.2,28770.0
1988-05-04,17.2,17.21,17.31,17.15,21860.0
1988-05-05,17.39,17.25,17.44,17.23,17860.0
1988-05-06,17.74,17.51,17.75,17.5,17490.0
1988-05-09,17.54,17.74,17.77,17.52,12750.0
1988-05-10,17.46,17.44,17.51,17.38,12300.0
1988-05-11,17.49,17.5,17.6,17.47,13670.0
1988-05-12,17.48,17.41,17.52,17.36,13520.0
1988-05-13,17.49,17.52,17.56,17.43,13470.0
1988-05-16,17.66,17.59,17.71,17.56,14350.0
1988-05-17,17.76,17.7,17.8,17.6,14260.0
1988-05-18,17.43,17.58,17.59,17.36,20100.0
1988-05-19,17.45,17.34,17.5,17.25,17890.0
1988-05-20,17.17,17.47,17.5,17.08,14140.0
1988-05-23,17.17,17.17,17.17,17.17,5950.0
1988-05-24,17.4,17.33,17.47,17.3,22000.0
1988-05-25,17.37,17.32,17.4,17.27,20100.0
1988-05-26,17.54,17.3,17.55,17.29,20140.0
1988-05-27,17.43,17.49,17.59,17.41,17510.0
1988-05-31,17.51,17.41,17.59,17.38,15270.0
1988-06-01,17.58,17.63,17.7,17.56,16490.0
1988-06-02,17.65,17.66,17.72,17.6,14220.0
1988-06-03,17.5,17.66,17.68,17.47,14620.0
1988-06-06,17.26,17.45,17.48,17.23,19010.0
1988-06-07,17.37,17.32,17.47,17.29,15980.0
1988-06-08,17.33,17.31,17.36,17.24,13250.0
1988-06-09,17.07,17.36,17.4,17.05,14890.0
1988-06-10,16.73,17.08,17.1,16.7,18580.0
1988-06-13,16.43,16.54,16.58,16.41,14190.0
1988-06-14,16.83,16.6,16.87,16.58,12330.0
1988-06-15,16.53,16.73,16.77,16.5,10930.0
1988-06-16,16.66,16.32,16.68,16.3,17120.0
1988-06-17,16.45,16.59,16.66,16.42,17610.0
1988-06-20,16.0,16.32,16.35,15.96,22410.0
1988-06-21,15.89,16.0,16.1,15.73,21470.0
1988-06-22,15.89,15.89,15.89,15.89,4990.0
1988-06-23,16.37,16.51,16.52,16.31,23310.0
1988-06-24,16.01,16.26,16.32,16.0,41370.0
1988-06-27,15.86,15.89,15.97,15.78,31770.0
1988-06-28,15.78,15.83,16.03,15.76,20750.0
1988-06-29,15.43,16.02,16.05,15.39,40910.0
1988-06-30,15.16,15.35,15.49,15.08,33580.0
1988-07-01,14.94,15.35,15.44,14.8,33940.0
1988-07-05,15.09,15.14,15.17,14.8,21010.0
1988-07-06,15.36,15.21,15.44,15.18,20330.0
1988-07-07,15.83,15.8,16.35,15.6,35420.0
1988-07-08,15.46,15.57,15.72,15.44,19790.0
1988-07-11,14.78,15.09,15.2,14.7,23220.0
1988-07-12,14.72,14.45,14.98,14.42,19850.0
1988-07-13,14.44,14.51,14.79,14.43,16850.0
1988-07-14,14.76,14.63,14.8,14.44,13980.0
1988-07-15,14.86,14.94,14.99,14.61,17770.0
1988-07-18,15.7,15.46,15.9,15.24,24120.0
1988-07-19,15.23,15.54,15.58,15.2,25270.0
1988-07-20,15.66,15.05,15.82,15.0,16370.0
1988-07-21,15.66,15.66,15.66,15.66,4430.0
1988-07-22,16.38,16.21,16.42,16.12,35520.0
1988-07-25,16.05,16.34,16.38,16.02,25620.0
1988-07-26,15.96,15.92,16.01,15.85,28640.0
1988-07-27,16.16,15.83,16.17,15.82,31160.0
1988-07-28,16.15,16.36,16.43,16.09,32330.0
1988-07-29,16.31,16.3,16.4,16.13,23710.0
1988-08-01,16.08,16.23,16.25,16.06,15250.0
1988-08-02,15.61,15.98,16.05,15.55,30620.0
1988-08-03,15.26,15.54,15.7,15.22,36810.0
1988-08-04,15.03,14.98,15.15,14.95,24840.0
1988-08-05,15.26,15.22,15.35,15.16,14010.0
1988-08-08,15.87,15.52,15.9,15.5,19440.0
1988-08-09,15.68,15.72,15.76,15.65,9920.0
1988-08-10,15.71,15.43,15.75,15.42,12970.0
1988-08-11,15.76,15.68,15.89,15.55,11780.0
1988-08-12,15.52,15.68,15.76,15.45,14840.0
1988-08-15,15.61,15.43,15.66,15.37,13600.0
1988-08-16,15.49,15.63,15.65,15.45,11410.0
1988-08-17,15.47,15.47,15.51,15.4,11950.0
1988-08-18,15.57,15.54,15.63,15.53,18410.0
1988-08-19,15.73,15.69,15.75,15.63,16660.0
1988-08-22,15.76,15.81,15.85,15.66,18790.0
1988-08-23,15.76,15.76,15.76,15.76,4910.0
1988-08-24,15.68,15.73,15.78,15.64,20760.0
1988-08-25,15.31,15.58,15.6,15.29,34290.0
1988-08-26,15.34,15.31,15.35,15.2,21920.0
1988-08-29,15.22,15.31,15.33,15.14,22320.0
1988-08-30,15.27,15.13,15.32,15.1,20870.0
1988-08-31,15.18,15.37,15.43,15.16,26570.0
1988-09-01,15.08,15.12,15.22,15.05,25000.0
1988-09-02,14.79,15.01,15.05,14.76,23060.0
1988-09-06,14.24,14.59,14.62,14.21,29660.0
1988-09-07,14.16,14.17,14.33,14.1,26640.0
1988-09-08,14.48,14.32,14.5,14.18,22940.0
1988-09-09,14.18,14.57,14.67,14.05,29820.0
1988-09-12,14.49,13.95,14.55,13.75,27560.0
1988-09-13,14.56,14.54,14.7,14.33,25550.0
1988-09-14,15.4,15.15,15.46,15.05,27200.0
1988-09-15,14.9,15.15,15.18,14.87,20230.0
1988-09-16,14.57,14.79,14.8,14.55,12700.0
1988-09-19,14.73,14.31,14.83,14.3,22900.0
1988-09-20,15.04,14.87,15.12,14.85,22990.0
1988-09-21,15.02,15.02,15.02,15.02,4570.0
1988-09-22,14.65,14.58,14.67,14.45,34630.0
1988-09-23,14.18,14.68,14.72,14.08,44760.0
1988-09-26,14.2,14.35,14.64,14.05,38460.0
1988-09-27,14.14,13.95,14.2,13.85,44230.0
1988-09-28,14.11,14.17,14.27,14.06,29900.0
1988-09-29,13.92,13.93,13.99,13.88,23360.0
1988-09-30,13.37,13.77,13.82,13.25,37310.0
1988-10-03,13.06,13.09,13.34,13.03,29610.0
1988-10-04,13.07,13.25,13.3,13.05,19820.0
1988-10-05,12.6,12.75,12.8,12.28,28660.0
1988-10-06,12.66,12.7,12.9,12.56,19450.0
1988-10-07,12.94,12.81,12.96,12.69,14730.0
1988-10-10,13.6,13.2,13.8,13.11,21980.0
1988-10-11,13.55,13.63,13.74,13.3,16010.0
1988-10-12,14.11,13.46,14.2,13.42,18630.0
1988-10-13,14.21,14.01,14.24,13.85,12440.0
1988-10-14,14.92,14.21,14.95,14.1,13510.0
1988-10-17,15.21,15.21,15.25,14.99,11930.0
1988-10-18,14.61,14.9,14.96,14.53,19010.0
1988-10-19,15.4,14.92,15.5,14.9,17550.0
1988-10-20,14.6,15.27,15.3,14.25,18460.0
1988-10-21,14.6,14.6,14.6,14.6,5800.0
1988-10-24,13.17,13.51,13.65,13.16,52930.0
1988-10-25,13.26,13.16,13.39,13.1,43180.0
1988-10-26,13.41,13.5,13.64,13.16,42790.0
1988-10-27,13.68,13.42,13.72,13.29,28050.0
1988-10-28,13.85,13.85,13.99,13.76,31660.0
1988-10-31,13.58,13.81,13.92,13.55,20650.0
1988-11-01,13.44,13.39,13.53,13.36,23170.0
1988-11-02,13.75,13.54,13.78,13.47,27530.0
1988-11-03,13.9,13.75,13.97,13.68,22630.0
1988-11-04,14.04,14.09,14.21,14.01,24240.0
1988-11-07,14.06,14.14,14.2,13.92,17130.0
1988-11-08,13.8,13.85,13.9,13.73,19450.0
1988-11-09,13.86,13.68,13.94,13.52,24150.0
1988-11-10,13.98,13.91,14.23,13.9,26490.0
1988-11-11,13.95,13.95,14.15,13.91,16079.0
1988-11-14,14.27,14.01,14.3,14.0,21470.0
1988-11-15,13.9,14.32,14.38,13.88,19570.0
1988-11-16,13.67,13.95,14.01,13.66,21370.0
1988-11-17,13.29,13.49,13.6,13.23,29550.0
1988-11-18,13.6,13.42,14.0,13.25,15740.0
1988-11-21,12.98,13.06,13.13,12.94,29020.0
1988-11-22,13.86,13.6,14.4,13.25,85600.0
1988-11-23,13.97,14.25,14.6,13.9,32820.0
1988-11-28,15.03,15.5,15.8,14.92,78550.0
1988-11-29,14.92,14.92,15.25,14.73,48340.0
1988-11-30,15.32,15.07,15.35,14.98,37310.0
1988-12-01,15.61,15.53,15.76,15.48,48630.0
1988-12-02,15.64,15.44,15.74,15.4,25620.0
1988-12-05,15.34,15.55,15.68,15.3,23780.0
1988-12-06,15.46,15.3,15.49,15.26,26510.0
1988-12-07,15.74,15.56,15.75,15.51,24550.0
1988-12-08,15.44,15.92,15.97,15.35,28670.0
1988-12-09,15.84,15.56,15.87,15.43,22850.0
1988-12-12,16.06,15.89,16.09,15.83,17980.0
1988-12-13,16.0,16.02,16.17,15.89,22080.0
1988-12-14,16.37,15.95,16.4,15.93,21130.0
1988-12-15,16.35,16.38,16.47,16.19,20820.0
1988-12-16,16.72,16.4,16.85,16.37,21910.0
1988-12-19,16.31,16.73,16.82,16.25,20730.0
1988-12-20,17.73,16.2,18.2,16.05,20820.0
1988-12-21,16.3,16.38,16.46,16.22,40720.0
1988-12-22,16.49,16.35,16.52,16.28,18590.0
1988-12-23,16.61,16.51,16.7,16.45,12260.0
1988-12-27,16.95,16.83,17.02,16.81,22220.0
1988-12-28,16.97,16.83,17.06,16.75,21610.0
1988-12-29,16.77,16.83,17.04,16.73,22760.0
1988-12-30,17.24,16.86,17.28,16.85,17860.0
1989-01-03,17.36,17.17,17.38,17.1,24060.0
1989-01-04,17.08,17.32,17.42,17.01,35880.0
1989-01-05,17.42,17.16,17.47,17.13,25730.0
1989-01-06,17.55,17.52,17.67,17.46,26330.0
1989-01-09,17.72,17.59,17.82,17.57,22330.0
1989-01-10,17.69,17.61,17.71,17.47,23690.0
1989-01-11,18.14,17.87,18.15,17.82,24770.0
1989-01-12,18.17,18.03,18.2,17.87,27160.0
1989-01-13,18.48,18.21,18.64,18.17,25780.0
1989-01-16,18.88,18.39,18.93,18.32,25750.0
1989-01-17,18.95,18.88,19.21,18.8,21720.0
1989-01-18,19.26,19.1,19.3,18.82,20250.0
1989-01-19,19.28,19.42,19.45,19.1,15380.0
1989-01-20,18.86,19.14,19.75,18.7,18980.0
1989-01-23,18.86,18.86,18.86,18.86,5200.0
1989-01-24,17.54,17.24,17.75,17.22,49830.0
1989-01-25,18.12,17.79,18.26,17.76,51570.0
1989-01-26,17.72,18.42,18.48,17.68,51060.0
1989-01-27,17.74,17.75,17.89,17.59,34940.0
1989-01-30,17.29,17.61,17.64,17.25,45900.0
1989-01-31,17.03,17.47,17.5,16.95,41840.0
1989-02-01,17.51,16.96,17.55,16.91,42780.0
1989-02-02,17.73,17.54,17.85,17.38,32009.0
1989-02-03,17.53,17.66,17.9,17.44,27530.0
1989-02-06,17.38,17.61,17.64,17.29,22630.0
1989-02-07,17.7,17.36,17.75,17.22,27210.0
1989-02-08,17.49,17.66,17.7,17.45,22000.0
1989-02-09,17.39,17.45,17.48,17.26,24700.0
1989-02-10,17.11,17.41,17.44,17.05,29460.0
1989-02-13,17.59,17.18,17.65,17.08,21860.0
1989-02-14,17.42,17.63,17.73,17.33,19790.0
1989-02-15,18.25,17.67,18.27,17.56,28030.0
1989-02-16,18.33,18.32,18.48,18.15,21620.0
1989-02-17,18.56,18.27,18.59,18.21,17920.0
1989-02-21,18.59,18.74,18.93,18.3,24130.0
1989-02-22,18.59,18.59,18.59,18.59,6600.0
1989-02-23,17.83,17.83,17.96,17.77,29850.0
1989-02-24,18.07,17.73,18.1,17.68,33240.0
1989-02-27,18.14,18.15,18.32,18.12,33550.0
1989-02-28,18.15,18.12,18.24,18.03,32970.0
1989-03-01,18.28,18.28,18.38,18.12,34480.0
1989-03-02,18.72,18.38,18.75,18.33,43730.0
1989-03-03,18.56,18.72,18.88,18.52,41050.0
1989-03-06,18.67,18.75,18.86,18.62,24170.0
1989-03-07,18.3,18.67,18.75,18.28,35050.0
1989-03-08,18.54,18.2,18.6,18.16,33240.0
1989-03-09,18.52,18.62,18.73,18.4,27740.0
1989-03-10,18.5,18.52,18.59,18.25,26950.0
1989-03-13,19.03,18.62,19.05,18.59,28170.0
1989-03-14,19.29,19.15,19.33,19.09,23350.0
1989-03-15,19.77,19.51,19.95,19.47,34910.0
1989-03-16,19.84,19.73,19.88,19.52,25660.0
1989-03-17,20.33,19.95,20.35,19.9,28000.0
1989-03-20,19.51,20.33,20.35,19.35,26530.0
1989-03-21,19.51,19.51,19.51,19.51,5390.0
1989-03-22,20.04,19.89,20.1,19.72,42260.0
1989-03-23,20.15,20.07,20.24,19.83,33450.0
1989-03-27,20.53,20.51,20.95,20.42,45880.0
1989-03-28,19.91,20.2,20.25,19.7,43010.0
1989-03-29,20.2,19.92,20.21,19.8,35900.0
1989-03-30,20.81,20.57,20.92,20.42,54530.0
1989-03-31,20.19,21.17,21.48,20.1,65379.0
1989-04-03,19.95,20.47,20.67,19.9,55060.0
1989-04-04,20.42,20.2,20.51,20.1,40850.0
1989-04-05,19.99,20.54,20.57,19.83,42240.0
1989-04-06,19.8,19.9,20.02,19.58,41010.0
1989-04-07,20.02,19.93,20.11,19.9,25970.0
1989-04-10,20.59,19.99,20.62,19.91,39790.0
1989-04-11,20.63,20.72,20.89,20.56,23330.0
1989-04-12,20.64,20.51,20.65,20.38,16720.0
1989-04-13,20.29,20.85,20.87,20.25,27310.0
1989-04-14,20.69,20.32,20.72,20.13,18090.0
1989-04-17,21.22,20.58,21.25,20.55,21710.0
1989-04-18,21.51,21.1,21.59,21.07,30490.0
1989-04-19,22.61,22.5,22.9,22.3,30440.0
1989-04-20,24.65,22.94,25.3,22.8,31060.0
1989-04-21,24.65,24.65,24.65,24.65,9680.0
1989-04-24,20.61,21.11,21.34,20.58,43640.0
1989-04-25,21.41,20.67,21.5,20.65,55180.0
1989-04-26,21.19,21.45,21.6,20.93,53260.0
1989-04-27,20.92,21.16,21.2,20.72,37360.0
1989-04-28,20.42,20.61,20.7,20.31,47890.0
1989-05-01,20.66,20.4,20.78,20.32,27480.0
1989-05-02,19.8,20.45,20.48,19.78,50690.0
1989-05-03,20.1,19.86,20.15,19.53,44640.0
1989-05-04,20.58,20.35,20.6,20.2,39550.0
1989-05-05,20.02,20.39,20.42,19.99,26880.0
1989-05-08,19.44,19.85,19.88,19.36,39740.0
1989-05-09,19.76,19.62,19.94,19.6,32549.0
1989-05-10,19.52,19.55,19.61,19.34,32810.0
1989-05-11,20.06,19.72,20.25,19.7,37550.0
1989-05-12,20.09,19.98,20.15,19.89,28640.0
1989-05-15,20.51,20.06,20.55,20.05,23230.0
1989-05-16,20.7,20.7,21.31,20.65,43810.0
1989-05-17,20.13,20.43,20.5,19.95,33940.0
1989-05-18,20.2,20.31,20.45,20.03,21690.0
1989-05-19,20.6,20.39,20.84,20.32,21810.0
1989-05-22,20.93,20.25,21.05,20.1,22690.0
1989-05-23,20.93,20.93,20.93,20.93,10090.0
1989-05-24,19.66,19.26,19.79,19.22,72450.0
1989-05-25,19.48,19.48,19.74,19.4,38270.0
1989-05-26,19.52,19.36,19.6,19.24,31700.0
1989-05-30,19.95,19.54,19.97,19.48,34600.0
1989-05-31,19.9,19.96,20.02,19.71,33130.0
1989-06-01,19.81,19.88,20.0,19.72,25240.0
1989-06-02,20.14,19.64,20.2,19.55,35510.0
1989-06-05,20.52,20.44,20.58,20.25,31040.0
1989-06-06,20.46,20.44,20.55,20.3,34410.0
1989-06-07,19.67,20.17,20.39,19.58,54520.0
1989-06-08,20.0,19.62,20.04,19.47,34570.0
1989-06-09,19.88,20.02,20.12,19.85,28120.0
1989-06-12,19.26,19.65,19.68,19.23,30140.0
1989-06-13,19.34,19.35,19.55,19.17,32100.0
1989-06-14,20.23,19.68,20.3,19.62,38480.0
1989-06-15,20.57,20.2,21.0,20.07,30040.0
1989-06-16,19.95,20.32,20.4,19.7,23210.0
1989-06-19,20.86,19.93,20.9,19.67,21620.0
1989-06-20,19.53,21.17,21.3,19.02,18160.0
1989-06-21,19.53,19.53,19.53,19.53,6340.0
1989-06-22,19.3,19.45,19.55,19.08,45170.0
1989-06-23,19.71,19.51,19.74,19.42,31990.0
1989-06-26,20.25,19.88,20.32,19.78,46170.0
1989-06-27,20.48,20.17,20.64,20.09,39840.0
1989-06-28,20.03,20.22,20.3,20.0,40120.0
1989-06-29,20.26,19.99,20.54,19.9,36630.0
1989-06-30,20.27,20.32,20.38,20.18,17150.0
1989-07-05,20.79,20.57,21.07,20.55,37050.0
1989-07-06,20.3,21.02,21.05,20.24,46500.0
1989-07-07,20.75,20.38,20.8,20.26,25970.0
1989-07-10,20.36,20.68,20.78,20.34,29680.0
1989-07-11,20.53,20.39,20.64,20.26,25120.0
1989-07-12,20.15,20.76,20.84,20.12,38440.0
1989-07-13,20.35,20.29,20.48,20.16,30090.0
1989-07-14,20.32,20.47,20.5,20.11,23070.0
1989-07-17,20.45,20.3,20.5,20.09,21620.0
1989-07-18,20.34,20.42,20.62,20.3,20330.0
1989-07-19,19.85,20.06,20.25,19.81,23170.0
1989-07-20,19.9,19.75,20.0,19.55,22140.0
1989-07-21,19.51,19.65,19.75,19.49,21890.0
1989-07-24,18.74,19.25,19.29,18.72,50930.0
1989-07-25,18.54,18.72,18.88,18.52,47420.0
1989-07-26,18.3,18.39,18.53,18.27,40320.0
1989-07-27,18.12,18.54,18.64,18.1,33560.0
1989-07-28,17.93,18.18,18.28,17.87,32390.0
1989-07-31,18.31,18.06,18.52,17.96,41110.0
1989-08-01,18.03,18.44,18.45,17.85,38210.0
1989-08-02,18.28,17.81,18.3,17.78,39520.0
1989-08-03,18.21,18.32,18.5,18.18,34240.0
1989-08-04,18.03,18.25,18.27,18.0,19440.0
1989-08-07,17.91,18.05,18.08,17.81,21990.0
1989-08-08,18.12,18.06,18.19,18.01,16810.0
1989-08-09,18.21,18.09,18.26,18.03,21010.0
1989-08-10,18.59,18.4,18.7,18.38,33400.0
1989-08-11,18.48,18.78,18.82,18.43,24030.0
1989-08-14,18.58,18.3,18.6,18.28,18460.0
1989-08-15,18.68,18.66,18.77,18.59,17330.0
1989-08-16,18.97,18.81,18.99,18.79,18710.0
1989-08-17,18.68,19.05,19.15,18.62,21790.0
1989-08-18,18.8,18.58,18.8,18.57,12440.0
1989-08-21,19.08,18.92,19.1,18.83,19420.0
1989-08-22,19.08,19.15,19.17,18.88,19950.0
1989-08-23,18.8,18.61,18.87,18.58,27010.0
1989-08-24,18.61,18.7,18.77,18.58,28100.0
1989-08-25,18.51,18.49,18.54,18.45,19290.0
1989-08-28,18.64,18.51,18.65,18.5,10700.0
1989-08-29,18.64,18.68,18.76,18.62,18220.0
1989-08-30,18.83,18.63,18.87,18.58,21180.0
1989-08-31,18.83,18.89,19.0,18.74,27650.0
1989-09-01,18.85,18.78,18.92,18.75,13990.0
1989-09-05,19.05,18.96,19.1,18.94,21880.0
1989-09-06,19.28,19.23,19.42,19.21,33130.0
1989-09-07,19.41,19.39,19.49,19.32,28550.0
1989-09-08,19.75,19.34,19.77,19.29,32030.0
1989-09-11,19.76,19.63,19.92,19.62,31490.0
1989-09-12,19.7,19.65,19.78,19.58,19730.0
1989-09-13,19.86,19.74,20.03,19.73,30430.0
1989-09-14,19.72,19.96,20.09,19.7,33710.0
1989-09-15,19.96,19.68,19.99,19.65,18230.0
1989-09-18,19.88,20.02,20.07,19.85,25520.0
1989-09-19,19.56,19.71,19.8,19.55,22590.0
1989-09-20,19.64,19.58,19.82,19.46,25450.0
1989-09-21,19.64,19.64,19.64,19.64,
1989-09-22,19.28,19.62,19.66,19.21,45130.0
1989-09-25,19.46,19.02,19.52,19.0,45540.0
1989-09-26,19.53,19.31,19.6,19.2,38080.0
1989-09-27,19.59,19.64,19.73,19.23,43720.0
1989-09-28,19.86,19.67,19.9,19.65,28020.0
1989-09-29,20.13,19.96,20.14,19.92,28350.0
1989-10-02,20.01,20.19,20.27,19.97,25170.0
1989-10-03,20.13,19.96,20.25,19.92,28740.0
1989-10-04,20.15,20.06,20.28,19.96,28710.0
1989-10-05,19.96,19.92,19.98,19.79,27000.0
1989-10-06,19.87,19.97,20.04,19.82,14580.0
1989-10-09,20.02,19.81,20.08,19.8,5770.0
1989-10-10,20.17,20.1,20.2,20.04,23070.0
1989-10-11,20.25,20.32,20.4,20.22,21740.0
1989-10-12,20.47,20.33,20.54,20.32,18700.0
1989-10-13,20.89,20.61,20.98,20.59,36340.0
1989-10-16,20.59,20.63,20.78,20.35,21130.0
1989-10-17,20.75,20.82,20.87,20.62,18750.0
1989-10-18,20.56,20.88,20.91,20.49,27650.0
1989-10-19,20.42,20.46,20.6,20.36,23260.0
1989-10-20,19.98,20.36,20.4,19.92,22830.0
1989-10-23,19.98,19.98,19.98,19.98,5710.0
1989-10-24,19.72,19.8,19.83,19.65,35290.0
1989-10-25,19.62,19.79,19.89,19.59,31810.0
1989-10-26,19.38,19.4,19.55,19.32,42680.0
1989-10-27,19.77,19.51,19.8,19.45,32530.0
1989-10-30,19.72,19.81,19.87,19.61,26010.0
1989-10-31,19.94,19.7,19.97,19.61,27150.0
1989-11-01,20.07,19.92,20.14,19.9,34590.0
1989-11-02,20.01,20.12,20.38,19.92,40330.0
1989-11-03,20.21,20.01,20.25,19.91,26970.0
1989-11-06,20.1,20.32,20.33,19.99,27280.0
1989-11-07,20.02,20.0,20.19,19.98,27040.0
1989-11-08,19.87,19.9,19.94,19.73,34640.0
1989-11-09,19.92,19.95,20.0,19.78,28700.0
1989-11-10,19.84,19.91,19.96,19.79,23450.0
1989-11-13,19.59,19.72,19.74,19.57,21210.0
1989-11-14,19.5,19.51,19.63,19.47,17010.0
1989-11-15,19.67,19.51,19.7,19.48,20190.0
1989-11-16,19.86,19.77,19.88,19.72,22190.0
1989-11-17,19.91,19.92,19.93,19.77,15250.0
1989-11-20,20.07,19.85,20.25,19.75,21480.0
1989-11-21,19.96,19.95,20.09,19.93,28000.0
1989-11-22,19.82,19.94,20.01,19.78,24910.0
1989-11-24,19.82,19.81,19.95,19.76,12810.0
1989-11-27,19.63,19.82,19.92,19.6,24210.0
1989-11-28,19.25,19.77,19.79,19.16,51540.0
1989-11-29,19.4,19.39,19.43,19.21,30390.0
1989-11-30,19.89,19.52,19.92,19.48,36040.0
1989-12-01,20.3,19.88,20.32,19.82,46560.0
1989-12-04,20.25,20.42,20.62,20.22,38300.0
1989-12-05,20.34,20.33,20.39,20.13,24520.0
1989-12-06,20.47,20.26,20.5,20.25,23500.0
1989-12-07,20.51,20.63,20.65,20.48,22210.0
1989-12-08,20.48,20.39,20.5,20.25,19540.0
1989-12-11,20.7,20.63,20.82,20.53,27090.0
1989-12-12,20.65,20.57,20.83,20.56,24310.0
1989-12-13,20.77,20.87,20.96,20.67,28980.0
1989-12-14,20.65,20.8,20.9,20.58,24600.0
1989-12-15,21.1,20.75,21.2,20.67,26330.0
1989-12-18,22.22,21.27,22.35,21.25,31800.0
1989-12-19,22.33,22.5,22.95,21.7,28770.0
1989-12-20,21.21,21.52,21.61,21.13,41630.0
1989-12-21,21.52,21.13,21.56,21.04,39380.0
1989-12-22,21.29,21.55,21.68,21.0,27530.0
1989-12-26,21.91,21.35,22.15,21.3,33690.0
1989-12-27,21.78,21.96,22.05,21.62,40290.0
1989-12-28,21.5,21.82,21.91,21.38,30000.0
1989-12-29,21.82,21.67,21.91,21.59,22870.0
1990-01-02,22.89,21.81,22.92,21.79,45180.0
1990-01-03,23.68,23.19,23.8,23.0,50060.0
1990-01-04,23.41,23.9,23.92,22.83,53070.0
1990-01-05,23.08,23.41,23.7,23.03,39720.0
1990-01-08,21.62,22.54,22.6,21.55,50050.0
1990-01-09,22.07,21.5,22.12,21.48,35340.0
1990-01-10,22.9,22.47,22.92,22.28,37020.0
1990-01-11,23.14,22.74,23.18,22.52,23220.0
1990-01-12,23.13,23.23,23.44,23.04,29500.0
1990-01-15,22.36,22.96,23.0,22.3,25590.0
1990-01-16,22.78,22.15,22.94,21.94,30620.0
1990-01-17,22.1,22.34,22.52,21.87,34280.0
1990-01-18,22.76,22.39,22.8,22.3,21500.0
1990-01-19,23.67,23.05,23.8,22.9,26530.0
1990-01-22,22.55,23.85,24.2,22.25,27980.0
1990-01-23,21.6,21.46,21.68,21.3,35870.0
1990-01-24,21.59,21.32,21.9,21.25,42540.0
1990-01-25,22.24,21.9,22.3,21.66,48350.0
1990-01-26,22.56,22.08,22.6,21.92,43020.0
1990-01-29,22.8,22.5,22.85,22.38,28300.0
1990-01-30,22.46,22.68,22.76,22.36,35600.0
1990-01-31,22.68,22.17,22.7,22.11,39880.0
1990-02-01,22.7,22.61,22.84,22.46,30500.0
1990-02-02,23.02,22.75,23.05,22.66,30530.0
1990-02-05,22.39,23.0,23.06,22.37,35860.0
1990-02-06,22.51,22.43,22.72,22.3,29520.0
1990-02-07,22.32,22.32,22.43,22.12,37490.0
1990-02-08,22.09,22.31,22.46,22.03,32380.0
1990-02-09,21.74,22.03,22.07,21.7,40460.0
1990-02-12,22.03,21.76,22.06,21.65,28390.0
1990-02-13,21.9,22.09,22.44,21.8,33480.0
1990-02-14,22.07,21.83,22.1,21.72,23230.0
1990-02-15,22.84,22.16,22.9,22.12,29580.0
1990-02-16,22.42,22.76,22.95,22.21,25470.0
1990-02-20,22.19,22.18,22.32,22.05,31350.0
1990-02-21,21.74,22.07,22.17,21.7,41070.0
1990-02-22,21.75,21.8,21.97,21.63,39500.0
1990-02-23,21.42,21.6,21.66,21.4,38850.0
1990-02-26,21.79,21.6,21.93,21.48,31420.0
1990-02-27,21.58,21.91,21.95,21.56,23490.0
1990-02-28,21.54,21.59,21.71,21.46,26590.0
1990-03-01,21.17,21.73,21.77,21.15,43320.0
1990-03-02,21.35,21.25,21.37,21.07,29350.0
1990-03-05,21.58,21.29,21.65,21.2,22040.0
1990-03-06,21.3,21.6,21.62,21.27,23690.0
1990-03-07,20.93,21.19,21.22,20.9,33260.0
1990-03-08,20.78,20.76,20.84,20.65,24870.0
1990-03-09,20.43,20.95,21.0,20.4,27400.0
1990-03-12,20.24,20.33,20.4,20.08,23570.0
1990-03-13,20.22,20.4,20.55,20.15,16580.0
1990-03-14,20.05,20.13,20.37,20.01,17100.0
1990-03-15,20.38,20.15,20.48,20.1,16730.0
1990-03-16,20.07,20.34,20.35,20.05,13800.0
1990-03-19,19.6,19.71,19.77,19.44,22620.0
1990-03-20,19.28,19.68,19.75,19.07,20770.0
1990-03-21,19.96,19.9,20.08,19.8,34600.0
1990-03-22,20.0,20.02,20.18,19.94,31470.0
1990-03-23,20.39,20.05,20.41,20.04,35660.0
1990-03-26,20.46,20.55,20.64,20.32,29670.0
1990-03-27,20.48,20.38,20.58,20.26,22370.0
1990-03-28,20.08,20.4,20.48,20.06,28070.0
1990-03-29,20.03,20.01,20.34,19.97,30900.0
1990-03-30,20.28,20.15,20.3,20.11,20490.0
1990-04-02,20.48,20.2,20.53,20.18,24930.0
1990-04-03,20.3,20.51,20.55,20.29,18630.0
1990-04-04,19.78,20.18,20.22,19.75,34470.0
1990-04-05,19.43,19.77,19.84,19.3,43200.0
1990-04-06,19.15,19.52,19.61,19.1,33430.0
1990-04-09,18.44,18.98,19.07,18.4,30630.0
1990-04-10,17.68,18.41,18.55,17.58,27980.0
1990-04-11,18.06,17.3,18.49,16.25,38090.0
1990-04-12,17.78,18.49,18.53,17.6,22700.0
1990-04-16,17.85,17.91,18.02,17.65,17210.0
1990-04-17,17.44,18.02,18.14,17.35,20460.0
1990-04-18,16.96,17.15,17.2,16.6,24510.0
1990-04-19,18.06,17.49,18.16,17.28,30110.0
1990-04-20,17.95,18.37,18.45,17.52,22000.0
1990-04-23,19.07,19.03,19.49,18.98,48470.0
1990-04-24,19.0,19.35,19.47,18.92,53480.0
1990-04-25,18.66,18.79,18.85,18.54,44000.0
1990-04-26,18.47,18.72,18.88,18.45,29400.0
1990-04-27,18.54,18.45,18.57,18.35,13190.0
1990-04-30,18.54,18.64,18.81,18.41,34220.0
1990-05-01,18.81,18.46,18.92,18.39,38680.0
1990-05-02,18.68,18.94,19.1,18.61,42230.0
1990-05-03,17.99,18.79,18.83,17.95,54600.0
1990-05-04,17.98,17.95,18.2,17.82,39160.0
1990-05-07,18.27,18.06,18.3,17.93,23810.0
1990-05-08,18.28,18.42,18.58,18.25,32560.0
1990-05-09,18.99,18.37,19.03,18.35,42660.0
1990-05-10,19.02,18.92,19.31,18.74,45780.0
1990-05-11,18.95,18.98,19.01,18.83,27960.0
1990-05-14,19.71,19.1,19.75,19.06,42490.0
1990-05-15,19.59,19.6,19.74,19.4,33610.0
1990-05-16,19.03,19.56,19.63,18.99,27940.0
1990-05-17,18.87,18.99,19.03,18.72,27640.0
1990-05-18,18.76,18.74,19.05,18.65,22090.0
1990-05-21,18.26,18.63,18.65,18.25,24520.0
1990-05-22,17.68,18.07,18.32,17.6,27960.0
1990-05-23,17.68,17.68,17.68,17.68,8590.0
1990-05-24,17.83,18.23,18.27,17.7,47160.0
1990-05-25,17.8,18.02,18.17,17.65,40660.0
1990-05-29,17.98,17.65,18.05,17.45,45220.0
1990-05-30,18.08,18.24,18.45,18.06,37160.0
1990-05-31,17.4,17.59,17.68,17.32,47190.0
1990-06-01,17.5,17.52,17.62,17.26,34300.0
1990-06-04,17.14,17.55,17.75,17.12,38970.0
1990-06-05,16.68,16.72,16.87,16.42,54600.0
1990-06-06,16.92,16.9,17.02,16.63,47190.0
1990-06-07,16.67,17.08,17.32,16.6,51820.0
1990-06-08,16.78,16.69,16.82,16.52,26340.0
1990-06-11,16.82,16.76,16.86,16.66,25360.0
1990-06-12,17.51,17.04,17.54,17.02,38120.0
1990-06-13,17.58,17.25,17.74,17.17,31690.0
1990-06-14,17.13,17.85,17.94,17.05,39390.0
1990-06-15,16.62,17.12,17.22,16.59,33450.0
1990-06-18,15.94,16.58,16.64,15.9,37550.0
1990-06-19,15.65,16.15,16.2,15.5,34280.0
1990-06-20,15.3,15.4,15.48,15.06,30160.0
1990-06-21,16.94,17.0,17.15,16.57,18400.0
1990-06-22,17.46,17.08,17.5,17.01,46420.0
1990-06-25,17.38,17.53,17.62,17.21,46230.0
1990-06-26,17.14,17.25,17.37,17.12,36770.0
1990-06-27,16.68,17.03,17.07,16.65,49820.0
1990-06-28,17.15,16.78,17.35,16.75,44410.0
1990-06-29,17.07,17.22,17.31,16.96,34830.0
1990-07-02,16.72,17.0,17.3,16.63,44960.0
1990-07-03,16.8,16.86,16.95,16.72,25940.0
1990-07-05,16.5,16.62,16.65,16.29,34820.0
1990-07-06,16.47,16.57,16.71,16.43,24890.0
1990-07-09,16.58,16.21,16.65,16.05,41430.0
1990-07-10,16.94,16.74,17.09,16.7,55550.0
1990-07-11,17.47,17.25,17.55,17.15,49340.0
1990-07-12,18.46,17.53,18.56,17.28,72140.0
1990-07-13,18.36,18.57,19.05,18.09,53820.0
1990-07-16,18.67,18.79,18.83,18.42,33270.0
1990-07-17,18.65,18.3,18.67,18.11,27570.0
1990-07-18,18.55,18.54,18.85,18.36,22920.0
1990-07-19,18.99,18.55,19.51,18.47,34940.0
1990-07-20,19.61,18.87,19.7,18.85,23010.0
1990-07-23,20.5,20.43,20.6,20.15,44350.0
1990-07-24,20.56,20.82,20.92,20.4,49870.0
1990-07-25,20.38,20.48,20.69,20.25,43790.0
1990-07-26,20.3,20.06,20.57,19.95,46580.0
1990-07-27,20.04,20.46,20.5,20.0,43460.0
1990-07-30,20.21,20.11,20.35,19.91,31880.0
1990-07-31,20.69,20.35,20.77,20.32,40060.0
1990-08-01,21.54,20.87,21.6,20.78,49920.0
1990-08-02,23.11,23.52,23.8,22.35,81960.0
1990-08-03,24.49,24.3,26.25,23.75,92720.0
1990-08-06,28.05,27.15,28.2,26.75,94200.0
1990-08-07,28.31,28.0,29.05,26.5,101480.0
1990-08-08,25.96,27.52,27.75,25.3,60650.0
1990-08-09,25.67,25.62,26.6,25.35,37580.0
1990-08-10,26.23,25.9,26.6,25.65,33080.0
1990-08-13,26.77,26.57,26.9,26.5,33080.0
1990-08-14,26.42,26.57,27.45,26.07,52070.0
1990-08-15,26.46,26.05,26.75,25.6,33700.0
1990-08-16,27.36,26.84,27.5,26.7,31770.0
1990-08-17,28.63,27.85,28.7,27.8,32750.0
1990-08-20,28.56,28.8,29.25,28.4,27540.0
1990-08-21,28.41,28.87,29.09,27.6,28260.0
1990-08-22,31.22,29.15,31.3,29.05,69380.0
1990-08-23,31.93,30.9,32.35,30.6,72990.0
1990-08-24,30.91,31.3,31.6,30.75,47900.0
1990-08-27,26.91,28.9,29.3,26.05,79130.0
1990-08-28,27.88,27.32,27.95,26.7,51260.0
1990-08-29,25.92,26.72,26.85,25.32,65680.0
1990-08-30,26.77,26.6,27.5,26.5,48840.0
1990-08-31,27.32,27.35,27.75,27.15,35110.0
1990-09-04,29.12,28.27,29.31,28.2,51140.0
1990-09-05,29.77,29.38,29.89,28.9,47060.0
1990-09-06,31.43,30.5,31.58,30.4,49760.0
1990-09-07,30.04,30.45,30.85,29.9,45030.0
1990-09-10,31.3,28.62,31.6,28.35,44770.0
1990-09-11,30.76,30.95,31.75,30.4,43650.0
1990-09-12,30.97,30.86,31.1,30.05,30920.0
1990-09-13,31.07,31.35,31.45,30.85,31480.0
1990-09-14,31.76,31.82,32.2,31.3,36350.0
1990-09-17,33.63,32.95,33.75,32.55,36540.0
1990-09-18,33.41,33.12,33.7,32.6,29800.0
1990-09-19,33.18,32.35,33.3,32.25,35060.0
1990-09-20,34.71,33.03,35.0,32.75,32430.0
1990-09-21,35.43,34.17,35.6,34.05,51740.0
1990-09-24,38.25,37.3,39.2,36.91,72850.0
1990-09-25,37.53,37.4,38.9,37.1,54120.0
1990-09-26,38.67,36.85,39.05,36.48,62000.0
1990-09-27,39.54,37.76,40.1,37.67,50090.0
1990-09-28,39.51,39.82,39.95,38.65,33780.0
1990-10-01,37.09,38.45,38.6,35.85,64400.0
1990-10-02,33.95,35.75,36.45,33.85,70480.0
1990-10-03,37.32,34.85,37.45,34.3,66940.0
1990-10-04,36.93,37.42,38.25,36.3,56610.0
1990-10-05,37.99,37.85,38.3,37.25,43120.0
1990-10-08,38.95,37.77,39.4,37.7,38240.0
1990-10-09,40.4,40.27,40.95,40.1,56800.0
1990-10-10,38.69,40.9,41.15,38.0,54820.0
1990-10-11,40.42,39.7,40.7,39.25,55930.0
1990-10-12,39.69,40.07,40.6,38.5,59610.0
1990-10-15,37.95,38.85,39.0,37.25,50310.0
1990-10-16,38.89,37.95,39.0,37.15,44820.0
1990-10-17,36.72,38.8,38.9,36.25,42640.0
1990-10-18,36.8,35.17,37.2,34.4,64459.0
1990-10-19,33.79,34.57,35.5,33.5,75080.0
1990-10-22,28.38,30.62,31.0,27.9,87430.0
1990-10-23,29.37,30.02,30.25,28.3,57470.0
1990-10-24,31.08,30.4,31.6,30.1,69800.0
1990-10-25,34.25,32.4,34.4,32.2,75020.0
1990-10-26,33.01,35.27,35.4,32.95,61090.0
1990-10-29,34.68,34.52,34.85,33.9,45830.0
1990-10-30,34.54,35.65,35.75,34.2,43390.0
1990-10-31,35.23,34.05,35.45,33.4,52560.0
1990-11-01,35.17,35.3,35.85,34.4,51040.0
1990-11-02,34.0,34.65,34.8,33.9,30840.0
1990-11-05,31.96,32.87,33.5,31.8,57990.0
1990-11-06,32.63,32.08,32.95,31.75,50290.0
1990-11-07,35.31,32.42,35.45,32.35,55120.0
1990-11-08,35.53,34.85,35.85,34.0,58060.0
1990-11-09,33.89,35.0,35.4,33.8,35670.0
1990-11-12,31.87,32.72,32.8,31.65,47890.0
1990-11-13,33.12,32.22,33.7,32.05,42530.0
1990-11-14,31.16,33.2,33.4,30.9,47780.0
1990-11-15,31.12,31.55,31.85,30.15,47630.0
1990-11-16,29.78,29.85,30.3,29.25,37770.0
1990-11-19,31.5,28.75,31.8,28.5,37030.0
1990-11-20,31.5,31.5,31.5,31.5,8700.0
1990-11-21,29.63,29.65,30.2,29.5,33630.0
1990-11-23,31.9,31.05,31.98,30.9,19610.0
1990-11-26,32.95,33.85,34.25,32.9,43910.0
1990-11-27,32.86,32.75,33.4,32.35,35880.0
1990-11-28,33.28,32.7,33.4,32.15,30660.0
1990-11-29,32.91,33.27,33.75,32.7,35770.0
1990-11-30,28.85,32.72,32.8,28.7,77540.0
1990-12-03,29.15,29.27,30.48,29.05,50900.0
1990-12-04,30.66,29.85,30.9,29.1,42130.0
1990-12-05,27.29,29.8,30.45,27.15,57680.0
1990-12-06,26.4,25.9,26.74,25.25,47150.0
1990-12-07,26.58,26.92,27.0,26.3,31580.0
1990-12-10,26.9,27.52,27.65,26.8,20940.0
1990-12-11,26.41,26.57,26.75,25.62,31840.0
1990-12-12,25.35,26.1,26.7,25.23,37310.0
1990-12-13,26.42,25.72,27.0,25.35,39200.0
1990-12-14,26.55,27.0,28.1,26.4,41770.0
1990-12-17,27.05,27.75,27.85,26.85,33450.0
1990-12-18,27.86,27.07,28.8,26.75,30250.0
1990-12-19,26.93,26.88,27.45,26.8,30510.0
1990-12-20,26.39,26.8,27.15,26.25,20650.0
1990-12-21,25.92,26.37,26.75,25.8,19860.0
1990-12-26,27.22,27.07,27.35,26.8,14640.0
1990-12-27,27.01,27.02,27.18,26.77,14300.0
1990-12-28,27.57,27.12,27.8,27.1,17790.0
1990-12-31,28.44,28.18,28.7,28.0,15900.0
1991-01-02,26.49,28.07,28.45,26.35,38740.0
1991-01-03,25.48,25.7,26.2,24.9,47310.0
1991-01-04,24.9,25.9,26.15,24.15,16200.0
1991-01-07,27.65,25.75,28.0,25.7,42740.0
1991-01-08,27.17,27.4,27.7,26.45,43990.0
1991-01-09,27.26,25.52,31.0,23.35,63940.0
1991-01-10,27.71,28.05,28.9,27.55,39100.0
1991-01-11,27.29,27.7,28.28,27.2,29810.0
1991-01-14,30.78,31.5,32.0,30.3,35990.0
1991-01-15,30.07,31.3,31.4,29.9,29080.0
1991-01-16,32.0,31.17,32.75,31.0,27370.0
1991-01-17,21.44,24.5,24.5,21.1,22610.0
1991-01-18,19.25,22.35,22.5,18.0,20840.0
1991-01-21,21.3,20.7,21.7,20.6,18300.0
1991-01-22,24.18,22.9,24.95,22.75,20360.0
1991-01-23,22.04,22.75,23.5,21.85,46460.0
1991-01-24,21.71,21.62,22.2,21.05,32000.0
1991-01-25,21.35,21.82,22.05,21.2,22360.0
1991-01-28,20.96,21.07,21.3,20.85,19660.0
1991-01-29,21.85,20.85,21.95,20.8,28890.0
1991-01-30,20.97,22.15,22.35,20.9,36530.0
1991-01-31,21.54,21.35,21.77,21.2,29910.0
1991-02-01,21.34,21.87,21.95,21.25,21020.0
1991-02-04,21.14,21.34,21.43,20.8,23420.0
1991-02-05,20.66,21.18,21.25,20.6,31350.0
1991-02-06,21.49,20.9,21.6,20.85,39050.0
1991-02-07,21.22,21.79,21.84,21.05,35780.0
1991-02-08,21.92,21.3,22.0,21.25,34410.0
1991-02-11,22.47,21.82,22.65,21.75,35840.0
1991-02-12,22.93,22.74,23.05,22.08,35730.0
1991-02-13,22.56,22.46,22.95,22.22,28940.0
1991-02-14,22.32,22.35,22.48,22.16,26030.0
1991-02-15,20.88,21.35,21.85,20.75,41120.0
1991-02-19,20.07,20.51,21.15,19.85,42950.0
1991-02-20,20.48,20.24,20.95,20.2,30970.0
1991-02-21,18.5,18.9,19.7,18.4,36760.0
1991-02-22,17.91,18.6,18.7,17.61,48590.0
1991-02-25,17.94,17.55,18.37,17.45,34770.0
1991-02-26,18.37,18.27,18.5,18.12,26590.0
1991-02-27,18.86,18.73,18.98,18.63,29830.0
1991-02-28,19.16,19.3,19.5,19.07,32220.0
1991-03-01,19.38,19.05,19.45,18.85,23270.0
1991-03-04,20.25,19.72,20.38,19.65,43400.0
1991-03-05,20.43,19.99,20.67,19.95,38790.0
1991-03-06,19.73,20.67,20.75,19.67,44960.0
1991-03-07,19.42,19.59,20.03,19.35,35790.0
1991-03-08,19.31,19.32,19.6,19.25,29240.0
1991-03-11,18.99,18.88,19.23,18.75,28440.0
1991-03-12,19.68,19.06,19.7,18.55,38840.0
1991-03-13,20.45,20.14,20.53,20.06,33550.0
1991-03-14,20.27,20.18,20.53,19.91,29610.0
1991-03-15,20.01,20.01,20.25,19.88,20550.0
1991-03-18,19.76,19.84,19.94,19.63,28380.0
1991-03-19,20.61,20.15,20.87,20.05,36130.0
1991-03-20,20.38,20.64,20.8,20.25,28880.0
1991-03-21,20.49,20.04,20.6,19.8,42080.0
1991-03-22,20.1,20.45,20.49,20.06,29870.0
1991-03-25,19.62,19.85,19.97,19.6,25840.0
1991-03-26,19.76,19.42,19.98,19.38,41240.0
1991-03-27,19.41,19.76,19.83,19.27,44740.0
1991-03-28,19.63,19.26,19.72,19.22,33970.0
1991-04-01,19.29,19.55,19.74,19.25,25810.0
1991-04-02,19.7,19.2,19.73,19.18,36110.0
1991-04-03,19.47,19.67,19.8,19.37,41220.0
1991-04-04,19.98,19.66,20.04,19.56,37940.0
1991-04-05,19.96,19.93,20.09,19.82,26050.0
1991-04-08,20.31,20.19,20.47,20.13,32700.0
1991-04-09,20.26,20.34,20.44,20.16,29810.0
1991-04-10,21.05,20.75,21.12,20.7,48400.0
1991-04-11,20.89,21.46,21.5,20.85,46070.0
1991-04-12,21.48,21.18,21.5,21.03,37540.0
1991-04-15,21.91,21.27,21.95,21.25,36110.0
1991-04-16,21.64,21.73,21.86,21.55,35550.0
1991-04-17,21.71,21.69,21.89,21.56,26170.0
1991-04-18,21.08,21.42,21.45,20.95,30540.0
1991-04-19,21.13,21.16,21.23,20.88,26500.0
1991-04-22,21.62,21.25,21.87,21.2,33680.0
1991-04-23,20.88,21.68,21.7,20.86,67100.0
1991-04-24,20.94,20.77,21.2,20.63,60840.0
1991-04-25,21.15,21.09,21.25,20.83,42520.0
1991-04-26,21.28,21.04,21.32,20.9,33260.0
1991-04-29,21.26,21.42,21.51,21.14,33850.0
1991-04-30,20.96,21.22,21.24,20.93,32570.0
1991-05-01,21.25,20.86,21.44,20.84,48750.0
1991-05-02,21.17,21.23,21.37,21.1,36930.0
1991-05-03,21.37,21.13,21.39,21.11,26940.0
1991-05-06,21.68,21.41,21.7,21.27,36400.0
1991-05-07,21.63,21.67,21.74,21.5,37090.0
1991-05-08,21.78,21.59,21.8,21.53,36850.0
1991-05-09,21.93,21.92,22.11,21.82,52320.0
1991-05-10,21.27,21.62,21.65,21.19,53130.0
1991-05-13,20.91,21.18,21.36,20.88,42410.0
1991-05-14,20.74,21.02,21.05,20.63,49620.0
1991-05-15,20.92,20.76,20.98,20.61,38590.0
1991-05-16,20.89,20.98,21.02,20.75,28220.0
1991-05-17,21.18,20.84,21.25,20.8,28270.0
1991-05-20,21.37,21.29,21.4,21.21,22100.0
1991-05-21,21.4,21.43,21.74,21.1,40050.0
1991-05-22,20.83,20.91,20.95,20.71,43530.0
1991-05-23,21.02,20.97,21.08,20.9,29200.0
1991-05-24,21.19,21.09,21.22,21.03,23290.0
1991-05-28,21.33,21.25,21.4,21.22,22280.0
1991-05-29,21.11,21.29,21.31,21.1,28730.0
1991-05-30,21.32,21.1,21.34,20.98,33940.0
1991-05-31,21.13,21.33,21.4,21.11,30080.0
1991-06-03,21.13,21.18,21.27,21.1,22310.0
1991-06-04,21.02,21.14,21.16,20.86,28670.0
1991-06-05,20.47,20.82,20.85,20.45,43550.0
1991-06-06,20.33,20.32,20.39,20.05,47700.0
1991-06-07,20.28,20.46,20.49,20.26,27660.0
1991-06-10,19.84,20.25,20.3,19.82,27160.0
1991-06-11,19.96,19.86,19.97,19.72,27200.0
1991-06-12,20.05,19.71,20.08,19.6,35630.0
1991-06-13,19.71,20.08,20.18,19.68,26460.0
1991-06-14,19.67,19.77,19.81,19.64,21130.0
1991-06-17,19.94,19.73,20.1,19.7,27030.0
1991-06-18,20.13,20.17,20.27,20.03,27900.0
1991-06-19,19.99,20.12,20.25,19.83,32159.0
1991-06-20,20.15,20.06,20.22,19.87,21970.0
1991-06-21,20.23,20.18,20.31,20.08,25160.0
1991-06-24,19.98,20.09,20.12,19.92,19630.0
1991-06-25,20.05,19.93,20.18,19.9,31820.0
1991-06-26,20.08,20.09,20.19,20.03,22590.0
1991-06-27,20.48,20.18,20.5,20.16,37560.0
1991-06-28,20.56,20.41,20.71,20.35,37340.0
1991-07-01,20.76,20.47,20.78,20.45,32250.0
1991-07-02,20.82,20.78,20.84,20.67,26350.0
1991-07-03,20.67,20.77,20.8,20.62,27720.0
1991-07-05,20.89,20.71,20.92,20.67,17750.0
1991-07-08,21.24,21.07,21.28,21.02,33740.0
1991-07-09,21.29,21.16,21.32,21.0,42320.0
1991-07-10,21.43,21.37,21.49,21.29,34770.0
1991-07-11,21.29,21.31,21.39,21.2,25410.0
1991-07-12,21.72,21.55,21.94,21.52,46960.0
1991-07-15,21.47,21.66,21.82,21.4,37270.0
1991-07-16,21.65,21.77,21.92,21.62,32619.0
1991-07-17,22.14,21.78,22.2,21.68,32080.0
1991-07-18,21.94,22.03,22.25,21.85,29370.0
1991-07-19,22.16,21.98,22.25,21.85,29290.0
1991-07-22,21.72,21.96,22.0,21.5,29840.0
1991-07-23,21.32,21.51,21.59,21.26,64819.0
1991-07-24,21.52,21.28,21.55,21.1,54810.0
1991-07-25,21.46,21.45,21.58,21.32,37990.0
1991-07-26,21.48,21.56,21.64,21.47,26930.0
1991-07-29,21.35,21.55,21.57,21.28,25470.0
1991-07-30,21.42,21.2,21.5,21.18,37870.0
1991-07-31,21.68,21.62,21.74,21.57,38090.0
1991-08-01,21.27,21.62,21.84,21.25,47190.0
1991-08-02,21.32,21.35,21.46,21.22,30940.0
1991-08-05,21.47,21.36,21.59,21.33,26660.0
1991-08-06,21.37,21.52,21.55,21.27,35920.0
1991-08-07,21.36,21.41,21.58,21.06,61140.0
1991-08-08,21.58,21.5,21.72,21.46,44650.0
1991-08-09,21.62,21.46,21.8,21.43,30710.0
1991-08-12,21.69,21.7,21.82,21.6,26770.0
1991-08-13,21.58,21.62,21.64,21.51,22750.0
1991-08-14,21.27,21.5,21.52,21.16,36120.0
1991-08-15,21.44,21.3,21.48,21.17,28270.0
1991-08-16,21.3,21.41,21.53,21.27,19970.0
1991-08-19,22.47,23.05,23.1,22.15,36590.0
1991-08-20,22.27,22.42,22.85,22.2,31800.0
1991-08-21,21.55,21.67,21.83,21.48,51150.0
1991-08-22,21.72,21.53,21.74,21.5,28710.0
1991-08-23,21.81,21.79,21.85,21.71,25030.0
1991-08-26,21.97,21.88,22.0,21.85,20360.0
1991-08-27,21.98,21.95,22.03,21.87,21850.0
1991-08-28,21.74,21.92,21.94,21.7,27960.0
1991-08-29,21.97,21.81,22.03,21.78,23490.0
1991-08-30,22.26,22.12,22.28,22.06,29260.0
1991-09-03,22.24,22.13,22.25,22.06,17900.0
1991-09-04,21.81,22.08,22.11,21.78,55240.0
1991-09-05,21.69,21.74,21.78,21.66,39830.0
1991-09-06,21.57,21.73,21.82,21.48,32920.0
1991-09-09,21.33,21.38,21.44,21.25,44720.0
1991-09-10,21.41,21.47,21.54,21.37,29440.0
1991-09-11,21.64,21.46,21.65,21.27,41110.0
1991-09-12,21.53,21.64,21.75,21.52,29310.0
1991-09-13,21.68,21.64,21.77,21.55,25960.0
1991-09-16,21.82,21.73,21.84,21.66,28210.0
1991-09-17,21.62,21.77,21.8,21.51,31200.0
1991-09-18,21.84,21.87,21.97,21.81,23140.0
1991-09-19,21.76,21.78,21.81,21.7,27870.0
1991-09-20,21.97,21.77,22.08,21.72,28850.0
1991-09-23,22.07,21.91,22.18,21.91,41280.0
1991-09-24,22.19,21.97,22.36,21.91,68250.0
1991-09-25,22.21,22.1,22.27,21.9,45950.0
1991-09-26,22.21,22.22,22.25,22.02,36400.0
1991-09-27,22.32,22.21,22.45,22.21,38290.0
1991-09-30,22.23,22.23,22.32,22.19,24970.0
1991-10-01,22.22,22.13,22.25,22.06,25810.0
1991-10-02,22.33,22.07,22.4,22.05,34410.0
1991-10-03,22.67,22.52,22.7,22.52,35960.0
1991-10-04,22.61,22.53,22.73,22.53,28970.0
1991-10-07,22.98,22.53,23.0,22.53,41840.0
1991-10-08,22.99,22.95,23.0,22.75,51270.0
1991-10-09,23.16,23.13,23.33,23.05,55260.0
1991-10-10,22.98,22.98,23.08,22.86,37390.0
1991-10-11,23.09,22.9,23.12,22.9,26950.0
1991-10-14,23.46,23.22,23.48,23.22,22830.0
1991-10-15,23.86,23.56,23.89,23.38,52520.0
1991-10-16,23.67,23.8,24.0,23.42,46110.0
1991-10-17,23.93,23.78,23.96,23.72,25230.0
1991-10-18,24.14,24.06,24.18,24.02,27470.0
1991-10-21,24.04,24.05,24.11,23.81,38470.0
1991-10-22,23.48,23.7,23.75,23.33,52180.0
1991-10-23,23.26,23.51,23.54,23.23,50810.0
1991-10-24,23.49,23.02,23.53,22.99,57530.0
1991-10-25,23.12,23.58,23.69,23.09,56740.0
1991-10-28,23.21,22.98,23.3,22.89,47770.0
1991-10-29,23.11,23.13,23.29,23.06,39650.0
1991-10-30,23.11,23.25,23.38,23.08,46410.0
1991-10-31,23.37,23.21,23.38,23.11,31400.0
1991-11-01,23.82,23.52,23.85,23.49,50250.0
1991-11-04,23.8,23.86,24.03,23.66,49600.0
1991-11-05,23.78,23.67,23.95,23.62,43780.0
1991-11-06,23.4,23.6,23.71,23.38,48610.0
1991-11-07,23.2,23.49,23.59,23.11,49930.0
1991-11-08,23.01,23.2,23.32,22.99,51700.0
1991-11-11,22.58,23.0,23.02,22.52,56530.0
1991-11-12,22.5,22.65,22.69,22.33,47000.0
1991-11-13,22.35,22.7,22.82,22.32,44020.0
1991-11-14,22.52,22.15,22.55,22.02,43740.0
1991-11-15,22.79,22.45,22.97,22.38,37980.0
1991-11-18,22.4,22.84,22.87,22.25,26600.0
1991-11-19,22.0,22.2,22.43,21.98,34110.0
1991-11-20,22.22,21.7,22.34,21.64,61190.0
1991-11-21,21.78,22.1,22.2,21.77,41940.0
1991-11-22,21.21,21.66,21.82,21.17,75750.0
1991-11-25,21.42,21.38,21.43,21.12,40080.0
1991-11-26,21.02,21.2,21.58,20.99,68680.0
1991-11-27,21.35,21.2,21.39,21.05,68680.0
1991-11-29,21.48,21.55,21.72,21.45,23690.0
1991-12-02,21.08,21.35,21.44,21.06,35470.0
1991-12-03,20.51,21.11,21.28,20.48,79170.0
1991-12-04,20.76,20.65,20.82,20.38,56510.0
1991-12-05,20.39,20.86,20.93,20.33,51770.0
1991-12-06,20.04,20.45,20.53,20.02,50150.0
1991-12-09,19.42,19.85,19.92,19.3,53180.0
1991-12-10,19.41,19.58,19.7,19.15,55560.0
1991-12-11,19.51,19.0,19.92,18.9,66470.0
1991-12-12,19.96,19.79,19.99,19.55,38280.0
1991-12-13,20.05,20.15,20.45,20.03,41300.0
1991-12-16,19.76,19.9,19.98,19.65,25060.0
1991-12-17,19.45,19.56,19.7,19.37,35690.0
1991-12-18,19.39,19.43,19.67,19.38,24750.0
1991-12-19,19.13,19.57,19.68,18.9,46280.0
1991-12-20,18.52,19.1,19.15,18.5,57210.0
1991-12-23,18.78,18.57,18.85,18.3,30640.0
1991-12-24,18.97,18.95,19.14,18.88,30640.0
1991-12-26,18.5,18.98,19.02,18.31,10520.0
1991-12-27,18.76,18.65,18.79,18.39,30950.0
1991-12-30,18.65,18.89,19.02,18.56,20420.0
1991-12-31,19.12,18.45,19.15,18.45,20420.0
1992-01-02,19.49,19.1,19.52,19.1,36880.0
1992-01-03,19.23,19.59,19.78,19.16,52950.0
1992-01-06,19.21,18.95,19.45,18.95,40600.0
1992-01-07,18.69,19.31,19.42,18.67,49910.0
1992-01-08,17.87,18.53,18.65,17.83,59570.0
1992-01-09,17.86,17.85,18.23,17.72,42530.0
1992-01-10,18.23,17.9,18.29,17.9,42300.0
1992-01-13,18.79,18.5,18.9,18.5,39240.0
1992-01-14,18.47,18.62,18.9,18.45,31330.0
1992-01-15,18.85,18.37,19.0,18.37,31950.0
1992-01-16,18.91,19.01,19.3,18.77,30960.0
1992-01-17,19.16,19.14,19.21,18.84,23850.0
1992-01-20,18.89,19.1,19.22,18.87,25830.0
1992-01-21,18.47,18.83,18.87,18.4,57810.0
1992-01-22,18.94,18.62,18.95,18.49,52610.0
1992-01-23,18.72,18.97,19.15,18.7,46970.0
1992-01-24,19.0,18.86,19.05,18.81,29140.0
1992-01-27,19.36,19.1,19.37,19.07,41470.0
1992-01-28,19.17,19.23,19.32,19.11,30660.0
1992-01-29,18.89,19.15,19.23,18.76,48250.0
1992-01-30,18.94,18.85,19.0,18.61,35450.0
1992-01-31,18.9,18.96,19.07,18.77,27180.0
1992-02-03,18.96,18.95,19.02,18.87,17070.0
1992-02-04,19.27,18.94,19.35,18.88,42510.0
1992-02-05,19.5,19.25,19.58,19.2,42810.0
1992-02-06,19.5,19.54,19.69,19.46,33650.0
1992-02-07,19.87,19.53,19.9,19.5,29750.0
1992-02-10,19.78,19.98,20.08,19.76,33000.0
1992-02-11,19.28,19.68,19.7,19.2,35160.0
1992-02-12,19.27,19.36,19.5,19.05,29780.0
1992-02-13,19.68,19.55,19.69,19.35,30900.0
1992-02-14,19.46,19.78,19.83,19.26,28090.0
1992-02-18,18.12,18.45,18.53,18.05,29840.0
1992-02-19,18.41,18.3,18.43,18.05,31120.0
1992-02-20,18.54,18.45,18.62,18.3,46570.0
1992-02-21,18.66,18.65,18.84,18.6,27400.0
1992-02-24,18.43,18.49,18.55,18.29,35070.0
1992-02-25,18.48,18.27,18.52,18.13,49440.0
1992-02-26,18.46,18.26,18.5,18.26,32159.0
1992-02-27,18.75,18.58,18.76,18.55,34050.0
1992-02-28,18.68,18.65,18.71,18.6,10550.0
1992-03-02,18.34,18.56,18.61,18.32,24760.0
1992-03-03,18.64,18.35,18.7,18.27,44360.0
1992-03-04,18.63,18.6,18.67,18.52,29780.0
1992-03-05,18.55,18.58,18.85,18.51,45120.0
1992-03-06,18.51,18.65,18.67,18.4,35960.0
1992-03-09,18.67,18.53,18.7,18.47,32970.0
1992-03-10,18.69,18.61,18.78,18.6,31210.0
1992-03-11,18.5,18.66,18.68,18.43,36530.0
1992-03-12,18.83,18.56,18.86,18.44,33570.0
1992-03-13,19.18,18.93,19.19,18.9,40030.0
1992-03-16,19.15,19.12,19.24,19.02,29630.0
1992-03-17,19.24,19.08,19.35,19.06,28180.0
1992-03-18,19.07,19.2,19.23,19.05,20790.0
1992-03-19,19.29,19.01,19.32,18.96,29080.0
1992-03-20,18.9,19.31,19.36,18.76,62740.0
1992-03-23,19.13,19.13,19.19,19.03,20370.0
1992-03-24,19.22,19.16,19.24,19.1,24870.0
1992-03-25,19.19,19.2,19.32,19.13,26800.0
1992-03-26,19.28,19.28,19.35,19.25,21780.0
1992-03-27,19.16,19.32,19.34,19.05,37060.0
1992-03-30,19.25,19.21,19.27,19.14,22110.0
1992-03-31,19.44,19.22,19.49,19.22,34280.0
1992-04-01,19.84,19.67,19.85,19.58,43100.0
1992-04-02,19.8,19.75,19.92,19.7,46660.0
1992-04-03,20.29,19.98,20.32,19.93,54190.0
1992-04-06,20.45,20.28,20.5,20.26,41670.0
1992-04-07,20.23,20.33,20.4,20.21,27740.0
1992-04-08,20.62,20.4,20.67,20.4,47510.0
1992-04-09,20.31,20.52,20.6,20.15,52350.0
1992-04-10,20.44,20.36,20.46,20.19,25820.0
1992-04-13,20.22,20.58,20.62,20.16,37320.0
1992-04-14,19.86,20.23,20.37,19.82,41630.0
1992-04-15,19.87,19.88,19.95,19.66,27650.0
1992-04-16,20.21,19.97,20.28,19.94,33400.0
1992-04-20,20.24,20.23,20.26,20.05,32740.0
1992-04-21,20.25,20.15,20.29,20.15,42050.0
1992-04-22,20.11,20.24,20.3,19.97,52330.0
1992-04-23,20.11,20.18,20.23,19.85,57330.0
1992-04-24,20.22,20.08,20.3,20.02,36540.0
1992-04-27,20.29,20.27,20.33,20.18,22770.0
1992-04-28,20.41,20.32,20.45,20.32,30290.0
1992-04-29,20.77,20.21,20.79,20.15,60890.0
1992-04-30,20.85,20.67,20.92,20.65,37790.0
1992-05-01,20.85,20.9,20.94,20.72,35250.0
1992-05-04,21.12,20.75,21.15,20.75,41270.0
1992-05-05,20.8,21.03,21.2,20.77,44300.0
1992-05-06,20.77,20.84,21.02,20.66,42900.0
1992-05-07,20.71,20.64,20.83,20.6,31790.0
1992-05-08,20.86,20.74,20.91,20.72,27780.0
1992-05-11,21.0,20.91,21.01,20.8,25610.0
1992-05-12,20.96,21.01,21.07,20.82,30800.0
1992-05-13,20.76,20.97,21.0,20.74,33510.0
1992-05-14,20.55,20.66,20.73,20.53,27710.0
1992-05-15,20.69,20.48,20.74,20.48,26460.0
1992-05-18,20.52,20.64,20.68,20.5,39580.0
1992-05-19,20.12,20.31,20.35,20.05,62250.0
1992-05-20,20.4,20.4,20.47,20.27,43550.0
1992-05-21,20.9,20.57,20.92,20.48,57390.0
1992-05-22,20.94,20.84,20.97,20.69,44450.0
1992-05-26,22.0,21.5,22.02,21.5,78690.0
1992-05-27,21.92,21.88,22.21,21.8,62410.0
1992-05-28,21.95,21.83,21.96,21.75,31110.0
1992-05-29,22.11,21.76,22.14,21.76,36530.0
1992-06-01,22.03,22.14,22.31,21.98,46190.0
1992-06-02,22.11,21.89,22.17,21.86,37820.0
1992-06-03,22.43,22.35,22.57,22.35,59620.0
1992-06-04,22.48,22.38,22.5,22.28,35120.0
1992-06-05,22.62,22.65,22.7,22.45,43530.0
1992-06-08,22.44,22.42,22.46,22.3,31730.0
1992-06-09,22.32,22.36,22.38,22.27,26220.0
1992-06-10,22.51,22.08,22.58,22.03,41550.0
1992-06-11,22.35,22.58,22.63,22.33,34610.0
1992-06-12,22.3,22.21,22.39,22.18,35610.0
1992-06-15,22.36,22.25,22.41,22.25,23720.0
1992-06-16,22.3,22.3,22.37,22.17,24030.0
1992-06-17,22.29,22.12,22.31,22.05,25770.0
1992-06-18,22.26,22.29,22.33,22.18,24250.0
1992-06-19,22.26,22.18,22.31,22.12,37270.0
1992-06-22,22.48,21.92,22.54,21.82,82890.0
1992-06-23,22.59,22.55,22.62,22.48,32270.0
1992-06-24,22.89,22.83,22.95,22.75,46390.0
1992-06-25,22.58,22.73,22.92,22.55,36720.0
1992-06-26,22.44,22.65,22.75,22.4,40560.0
1992-06-29,22.24,22.55,22.61,22.22,
1992-06-30,21.6,22.07,22.15,21.56,78310.0
1992-07-01,21.86,21.77,21.87,21.62,38920.0
1992-07-02,22.1,21.9,22.12,21.82,36820.0
1992-07-06,21.89,21.98,22.05,21.85,28480.0
1992-07-07,21.4,21.48,21.55,21.25,61880.0
1992-07-08,21.41,21.38,21.5,21.15,46420.0
1992-07-09,21.4,21.29,21.45,21.26,37670.0
1992-07-10,21.28,21.56,21.61,21.2,30740.0
1992-07-13,21.36,21.37,21.45,21.12,33330.0
1992-07-14,21.46,21.46,21.51,21.36,26900.0
1992-07-15,21.71,21.38,21.73,21.38,29590.0
1992-07-16,21.79,21.75,21.81,21.65,17990.0
1992-07-17,21.58,21.85,21.88,21.52,27410.0
1992-07-20,21.79,21.45,21.81,21.42,28860.0
1992-07-21,21.78,21.8,21.9,21.59,65880.0
1992-07-22,21.84,21.66,21.87,21.66,49850.0
1992-07-23,21.96,21.89,22.0,21.84,36020.0
1992-07-24,21.98,22.08,22.17,21.85,51060.0
1992-07-27,22.04,21.76,22.06,21.74,34510.0
1992-07-28,22.05,22.08,22.12,21.95,26130.0
1992-07-29,22.0,21.96,22.12,21.93,30640.0
1992-07-30,21.83,21.89,21.92,21.8,24900.0
1992-07-31,21.87,21.69,21.91,21.66,32060.0
1992-08-03,21.58,21.78,21.83,21.56,26480.0
1992-08-04,21.35,21.45,21.48,21.26,48300.0
1992-08-05,21.18,21.26,21.39,21.13,36770.0
1992-08-06,21.42,21.2,21.49,21.19,40510.0
1992-08-07,21.22,21.45,21.5,21.12,41920.0
1992-08-10,21.03,21.06,21.17,20.95,31690.0
1992-08-11,20.91,20.9,21.02,20.85,27330.0
1992-08-12,21.08,21.03,21.13,20.97,21370.0
1992-08-13,21.34,21.25,21.35,21.18,19400.0
1992-08-14,21.28,21.35,21.4,21.26,18310.0
1992-08-17,21.45,21.27,21.48,21.22,23530.0
1992-08-18,21.47,21.45,21.51,21.39,28500.0
1992-08-19,21.37,21.43,21.48,21.34,30520.0
1992-08-20,21.44,21.25,21.48,21.18,44960.0
1992-08-21,21.08,21.28,21.34,21.0,32720.0
1992-08-24,21.54,21.2,21.55,21.2,58350.0
1992-08-25,21.15,21.54,21.61,21.13,65720.0
1992-08-26,21.21,21.08,21.38,21.02,44340.0
1992-08-27,21.13,21.28,21.34,21.06,35640.0
1992-08-28,21.31,21.16,21.34,21.14,29900.0
1992-08-31,21.48,21.34,21.58,21.34,36430.0
1992-09-01,21.64,21.4,21.68,21.39,38090.0
1992-09-02,21.69,21.64,21.77,21.58,38310.0
1992-09-03,21.67,21.62,21.72,21.59,23020.0
1992-09-04,21.77,21.63,21.8,21.63,20640.0
1992-09-08,21.96,21.88,21.98,21.84,29810.0
1992-09-09,21.99,21.91,22.0,21.85,26350.0
1992-09-10,21.93,22.04,22.08,21.81,40090.0
1992-09-11,22.01,21.94,22.02,21.87,30380.0
1992-09-14,22.31,22.09,22.34,22.08,34170.0
1992-09-15,22.18,22.24,22.27,22.15,24830.0
1992-09-16,22.39,22.05,22.4,22.01,34040.0
1992-09-17,22.3,22.34,22.38,22.05,49400.0
1992-09-18,21.98,22.17,22.2,21.95,34390.0
1992-09-21,21.92,21.9,21.97,21.85,24980.0
1992-09-22,21.88,22.0,22.02,21.7,42020.0
1992-09-23,22.0,21.73,22.05,21.72,38190.0
1992-09-24,21.79,21.92,21.97,21.76,33890.0
1992-09-25,21.68,21.72,21.84,21.65,31340.0
1992-09-28,21.76,21.71,21.79,21.67,21380.0
1992-09-29,21.67,21.73,21.81,21.62,27640.0
1992-09-30,21.71,21.63,21.76,21.54,32040.0
1992-10-01,21.83,21.76,21.88,21.76,29660.0
1992-10-02,21.92,21.83,21.98,21.78,29400.0
1992-10-05,21.77,21.86,21.9,21.68,33300.0
1992-10-06,21.81,21.76,21.85,21.72,18530.0
1992-10-07,21.89,21.88,21.94,21.88,15670.0
1992-10-08,21.99,21.96,22.04,21.96,23090.0
1992-10-09,22.37,22.09,22.42,22.09,45150.0
1992-10-12,22.3,22.25,22.33,22.22,17170.0
1992-10-13,22.09,22.21,22.35,22.06,27200.0
1992-10-14,22.08,22.06,22.16,22.03,20590.0
1992-10-15,22.33,22.2,22.38,22.2,23690.0
1992-10-16,22.28,22.35,22.46,22.25,29140.0
1992-10-19,22.14,22.35,22.4,22.12,35490.0
1992-10-20,21.86,22.06,22.13,21.78,45920.0
1992-10-21,21.61,21.96,21.98,21.51,77460.0
1992-10-22,21.35,21.56,21.68,21.29,63250.0
1992-10-23,21.19,21.43,21.45,21.15,45430.0
1992-10-26,21.27,21.08,21.28,21.06,36990.0
1992-10-27,21.02,21.35,21.38,20.98,50060.0
1992-10-28,21.12,20.85,21.14,20.74,55290.0
1992-10-29,20.71,21.05,21.11,20.62,61970.0
1992-10-30,20.62,20.54,20.68,20.43,51660.0
1992-11-02,20.77,20.72,20.82,20.54,31920.0
1992-11-03,20.7,20.85,20.87,20.64,52600.0
1992-11-04,20.33,20.36,20.41,20.17,52480.0
1992-11-05,20.64,20.13,20.67,20.09,36980.0
1992-11-06,20.3,20.58,20.62,20.27,27350.0
1992-11-09,20.62,20.35,20.72,20.21,28010.0
1992-11-10,20.47,20.66,20.75,20.45,31470.0
1992-11-11,20.47,20.45,20.59,20.43,27350.0
1992-11-12,20.21,20.38,20.42,20.15,31560.0
1992-11-13,20.08,20.05,20.23,20.0,35380.0
1992-11-16,20.37,20.03,20.41,20.02,35280.0
1992-11-17,20.26,20.43,20.45,20.19,26500.0
1992-11-18,20.19,20.31,20.36,20.13,27830.0
1992-11-19,20.54,20.26,20.7,20.23,27050.0
1992-11-20,20.4,20.55,20.57,20.3,45530.0
1992-11-23,20.2,20.27,20.36,20.17,
1992-11-24,20.22,20.21,20.33,20.12,30050.0
1992-11-25,20.27,20.22,20.32,20.18,24990.0
1992-11-30,19.89,20.28,20.41,19.85,40680.0
1992-12-01,19.51,19.8,19.87,19.48,49450.0
1992-12-02,19.45,19.44,19.54,19.36,37640.0
1992-12-03,19.08,19.32,19.4,19.02,54890.0
1992-12-04,18.94,19.25,19.36,18.93,41870.0
1992-12-07,19.18,18.8,19.25,18.77,47830.0
1992-12-08,18.84,19.14,19.31,18.8,51810.0
1992-12-09,18.84,18.65,18.96,18.65,46010.0
1992-12-10,19.28,18.97,19.31,18.97,42290.0
1992-12-11,19.09,19.38,19.47,19.02,32750.0
1992-12-14,19.09,18.97,19.19,18.88,32180.0
1992-12-15,18.95,18.99,19.11,18.94,26450.0
1992-12-16,19.41,19.04,19.43,19.04,37800.0
1992-12-17,19.7,19.41,19.73,19.23,31510.0
1992-12-18,19.83,19.57,19.92,19.56,31510.0
1992-12-21,19.83,19.57,19.92,19.56,29290.0
1992-12-22,19.84,19.83,19.94,19.8,29470.0
1992-12-23,19.95,19.9,19.99,19.84,26090.0
1992-12-28,19.82,20.0,20.08,19.77,20280.0
1992-12-29,19.64,19.75,19.8,19.59,20700.0
1992-12-30,19.59,19.55,19.62,19.53,18050.0
1992-12-31,19.5,19.59,19.65,19.48,10.0
1993-01-04,19.04,19.43,19.49,19.0,45230.0
1993-01-05,19.26,19.06,19.28,18.91,44200.0
1993-01-06,19.04,19.02,19.09,18.92,37560.0
1993-01-07,18.95,19.13,19.22,18.92,45840.0
1993-01-08,18.88,19.02,19.11,18.8,38430.0
1993-01-11,18.78,18.95,19.02,18.76,32220.0
1993-01-12,18.38,18.68,18.71,18.3,51390.0
1993-01-13,18.5,18.45,18.84,18.15,60770.0
1993-01-14,18.7,18.59,18.77,18.45,37540.0
1993-01-15,18.87,18.76,19.02,18.76,41190.0
1993-01-18,18.87,18.97,19.03,18.77,36120.0
1993-01-19,18.58,18.75,18.77,18.55,35090.0
1993-01-20,18.33,18.25,18.51,18.21,60460.0
1993-01-21,18.81,18.55,18.84,18.55,43040.0
1993-01-22,18.83,18.83,18.88,18.74,32670.0
1993-01-25,19.66,19.17,19.68,19.17,63600.0
1993-01-26,19.64,19.59,19.8,19.54,54820.0
1993-01-27,19.66,19.59,19.7,19.47,40980.0
1993-01-28,20.41,19.6,20.75,19.6,95210.0
1993-01-29,20.26,20.3,20.5,20.14,5130.0
1993-02-01,20.31,20.4,20.46,20.17,33820.0
1993-02-02,20.0,20.27,20.34,19.93,41500.0
1993-02-03,19.93,20.05,20.08,19.86,36920.0
1993-02-04,20.3,20.02,20.41,20.02,39150.0
1993-02-05,20.21,20.17,20.36,20.09,38130.0
1993-02-08,20.08,20.13,20.26,20.05,27840.0
1993-02-09,20.05,19.99,20.09,19.92,27030.0
1993-02-10,20.18,20.25,20.45,20.16,42630.0
1993-02-11,20.26,20.17,20.31,20.12,25800.0
1993-02-12,19.98,20.29,20.32,19.96,44210.0
1993-02-16,19.53,19.66,19.93,19.5,37000.0
1993-02-17,19.33,19.53,19.61,19.24,29290.0
1993-02-18,19.42,19.25,19.54,19.19,34880.0
1993-02-19,19.62,19.52,19.71,19.48,28060.0
1993-02-22,20.02,19.84,20.08,19.84,52940.0
1993-02-23,20.48,20.56,20.64,20.37,43710.0
1993-02-24,20.53,20.43,20.56,20.3,38600.0
1993-02-25,20.61,20.63,20.7,20.39,43200.0
1993-02-26,20.6,20.48,20.75,20.4,40590.0
1993-03-02,20.47,20.43,20.51,20.41,17300.0
1993-03-03,20.48,20.53,20.55,20.45,20790.0
1993-03-04,21.07,20.65,21.09,20.61,46500.0
1993-03-05,20.93,21.05,21.14,20.9,30930.0
1993-03-08,20.71,20.8,20.83,20.61,27980.0
1993-03-09,20.68,20.65,20.77,20.58,25580.0
1993-03-10,20.39,20.83,20.88,20.3,39150.0
1993-03-11,20.13,20.35,20.43,20.01,51180.0
1993-03-12,20.29,20.27,20.38,20.16,32450.0
1993-03-15,20.16,20.51,20.54,20.12,31250.0
1993-03-16,20.13,20.02,20.16,19.97,31760.0
1993-03-17,20.17,20.0,20.31,19.96,30190.0
1993-03-18,20.29,20.22,20.3,20.14,24780.0
1993-03-19,20.08,20.34,20.41,20.05,36290.0
1993-03-22,19.52,20.0,20.13,19.45,63520.0
1993-03-23,20.03,19.83,20.05,19.76,42850.0
1993-03-24,20.24,20.15,20.3,20.15,39400.0
1993-03-25,20.41,20.21,20.42,20.18,33890.0
1993-03-26,20.41,20.27,20.45,20.24,28170.0
1993-03-29,20.29,20.27,20.55,20.25,41410.0
1993-03-30,20.28,20.26,20.32,20.17,37340.0
1993-03-31,20.44,20.31,20.47,20.31,37080.0
1993-04-01,20.52,20.45,20.65,20.41,43930.0
1993-04-02,20.65,20.58,20.67,20.43,36290.0
1993-04-05,20.62,20.69,20.75,20.49,28040.0
1993-04-06,20.3,20.38,20.46,20.22,35340.0
1993-04-07,20.37,20.36,20.4,20.27,27860.0
1993-04-08,20.22,20.37,20.4,20.06,38480.0
1993-04-12,20.46,20.16,20.51,20.15,28610.0
1993-04-13,20.46,20.43,20.52,20.4,24390.0
1993-04-14,20.4,20.27,20.46,20.22,26260.0
1993-04-15,20.22,20.43,20.47,20.2,21700.0
1993-04-16,20.14,20.18,20.22,20.07,19580.0
1993-04-19,19.99,20.0,20.1,19.95,32020.0
1993-04-20,19.84,19.96,20.02,19.78,44650.0
1993-04-21,20.37,20.42,20.45,20.33,27980.0
1993-04-22,20.15,20.33,20.35,20.06,44200.0
1993-04-23,20.34,20.1,20.35,20.04,39290.0
1993-04-26,20.3,20.32,20.38,20.25,16590.0
1993-04-27,20.18,20.22,20.28,20.15,17460.0
1993-04-28,20.19,20.16,20.22,20.13,12310.0
1993-04-29,20.58,20.26,20.6,20.26,53560.0
1993-04-30,20.53,20.56,20.61,20.47,34810.0
1993-05-03,20.57,20.5,20.6,20.44,15010.0
1993-05-04,20.39,20.58,20.66,20.37,33150.0
1993-05-05,20.46,20.3,20.5,20.29,30560.0
1993-05-06,20.47,20.53,20.63,20.46,26740.0
1993-05-07,20.44,20.53,20.6,20.4,25720.0
1993-05-10,20.44,20.45,20.56,20.43,27470.0
1993-05-11,20.34,20.38,20.42,20.31,23350.0
1993-05-12,20.2,20.36,20.39,20.18,39550.0
1993-05-13,19.78,20.11,20.14,19.77,55210.0
1993-05-14,19.48,19.8,19.83,19.39,55390.0
1993-05-17,19.51,19.45,19.52,19.36,33690.0
1993-05-18,19.34,19.56,19.58,19.33,36170.0
1993-05-19,19.15,19.32,19.37,19.13,38480.0
1993-05-20,19.54,18.95,20.1,18.95,71790.0
1993-05-21,19.88,19.8,19.95,19.8,30570.0
1993-05-24,19.72,19.9,19.94,19.7,30100.0
1993-05-25,19.9,19.71,19.93,19.71,34590.0
1993-05-26,19.89,19.82,19.9,19.75,33370.0
1993-05-27,20.06,19.9,20.13,19.85,39910.0
1993-05-28,20.02,20.09,20.16,20.0,29220.0
1993-06-01,20.24,19.97,20.27,19.95,36520.0
1993-06-02,20.03,20.17,20.25,20.02,34660.0
1993-06-03,19.74,20.03,20.09,19.7,49360.0
1993-06-04,19.77,19.77,19.88,19.74,27620.0
1993-06-07,19.54,19.7,19.72,19.37,44280.0
1993-06-08,19.65,19.64,19.89,19.58,50270.0
1993-06-09,19.64,19.53,19.73,19.51,38010.0
1993-06-10,19.28,19.65,19.68,19.25,42830.0
1993-06-11,18.98,19.08,19.16,18.83,59380.0
1993-06-14,18.89,18.89,19.03,18.87,27340.0
1993-06-15,18.58,18.6,18.75,18.55,32250.0
1993-06-16,18.84,18.67,18.85,18.64,28460.0
1993-06-17,18.7,18.95,19.02,18.55,29990.0
1993-06-18,18.67,18.56,18.81,18.52,27080.0
1993-06-21,18.62,18.76,18.91,18.58,32549.0
1993-06-22,18.42,18.55,18.66,18.2,53740.0
1993-06-23,18.86,18.76,18.98,18.71,45630.0
1993-06-24,18.89,19.03,19.13,18.83,39730.0
1993-06-25,18.84,18.9,19.01,18.82,21020.0
1993-06-28,18.9,18.9,19.02,18.83,17980.0
1993-06-29,19.01,18.86,19.13,18.9,46570.0
1993-06-30,18.85,18.99,19.14,18.83,42530.0
1993-07-01,18.45,18.85,18.85,18.32,50260.0
1993-07-02,17.95,18.45,18.45,17.85,56320.0
1993-07-06,18.29,18.06,18.44,18.03,50210.0
1993-07-07,18.02,18.28,18.39,17.88,59420.0
1993-07-08,17.79,17.96,18.12,17.55,66270.0
1993-07-09,17.89,17.7,17.98,17.6,60030.0
1993-07-12,18.1,17.93,18.15,17.95,37960.0
1993-07-13,18.13,18.1,18.33,18.04,40410.0
1993-07-14,17.49,18.12,18.12,17.45,50290.0
1993-07-15,17.67,17.44,17.73,17.25,43140.0
1993-07-16,17.21,17.5,17.77,17.15,40360.0
1993-07-19,17.7,16.8,17.78,16.75,57170.0
1993-07-20,17.09,17.65,17.78,16.98,94060.0
1993-07-21,17.93,17.64,18.09,17.63,55610.0
1993-07-22,17.63,17.93,18.04,17.46,64650.0
1993-07-23,17.75,17.65,17.87,17.52,39550.0
1993-07-26,18.07,17.65,18.12,17.68,33910.0
1993-07-27,18.42,18.12,18.44,18.07,51660.0
1993-07-28,18.23,18.5,18.52,18.17,4760.0
1993-07-29,18.12,18.2,18.35,18.02,48330.0
1993-07-30,17.88,18.1,18.1,17.86,33020.0
1993-08-02,17.97,17.55,18.04,17.63,41650.0
1993-08-03,17.85,17.94,17.99,17.68,42740.0
1993-08-04,17.8,17.83,17.88,17.73,26670.0
1993-08-05,17.57,17.8,17.82,17.48,39860.0
1993-08-06,17.27,17.53,17.66,17.27,41190.0
1993-08-09,17.55,17.27,17.71,17.2,62180.0
1993-08-10,17.52,17.63,17.64,17.36,45540.0
1993-08-11,17.88,17.53,17.92,17.51,50380.0
1993-08-12,18.18,17.88,18.2,17.79,61600.0
1993-08-13,18.14,18.16,18.32,18.01,52140.0
1993-08-16,17.86,18.05,18.18,17.77,46240.0
1993-08-17,17.92,17.83,18.09,17.76,36560.0
1993-08-18,17.66,17.92,17.99,17.57,42340.0
1993-08-19,17.65,17.56,17.81,17.43,47300.0
1993-08-20,18.09,17.6,18.15,17.53,58890.0
1993-08-23,18.53,18.26,18.56,18.3,39430.0
1993-08-24,18.35,18.53,18.57,18.32,35580.0
1993-08-25,18.32,18.35,18.51,18.18,49630.0
1993-08-26,18.36,18.31,18.4,18.17,31650.0
1993-08-27,18.8,18.36,18.83,18.33,66830.0
1993-08-30,18.73,18.8,19.05,18.62,45500.0
1993-08-31,18.29,18.73,18.73,18.15,67800.0
1993-09-01,17.97,18.05,18.32,17.85,68620.0
1993-09-02,17.97,17.86,18.1,17.82,49620.0
1993-09-03,17.73,17.92,18.01,17.7,44460.0
1993-09-07,17.07,18.0,17.76,16.92,69710.0
1993-09-08,17.03,17.1,17.2,16.94,51990.0
1993-09-09,16.97,17.03,17.17,16.91,41070.0
1993-09-10,16.76,16.97,17.05,16.36,94050.0
1993-09-13,16.95,16.66,17.02,16.68,45060.0
1993-09-14,16.96,16.95,17.18,16.76,49700.0
1993-09-15,16.86,16.92,16.97,16.72,37190.0
1993-09-16,16.83,16.86,16.99,16.76,25890.0
1993-09-17,17.07,16.83,17.09,16.82,38680.0
1993-09-20,17.7,16.96,17.72,17.11,49110.0
1993-09-21,18.12,17.66,18.25,17.48,112170.0
1993-09-22,17.59,17.9,18.1,17.46,54060.0
1993-09-23,17.63,17.5,17.69,17.25,55100.0
1993-09-24,17.57,17.6,17.78,17.53,40830.0
1993-09-27,17.73,17.42,18.05,17.54,66340.0
1993-09-28,17.96,17.76,18.02,17.65,56440.0
1993-09-29,18.67,17.96,18.8,17.96,103870.0
1993-09-30,18.79,18.7,18.95,18.54,68700.0
1993-10-01,18.63,18.72,18.76,18.59,33600.0
1993-10-04,18.42,18.76,19.09,18.3,48470.0
1993-10-05,18.39,18.35,18.6,18.24,44100.0
1993-10-06,18.42,18.39,18.7,18.35,40520.0
1993-10-07,18.49,18.38,18.57,18.36,27380.0
1993-10-08,18.55,18.45,18.57,18.38,22370.0
1993-10-11,18.77,18.56,18.79,18.58,30550.0
1993-10-12,18.71,18.75,18.83,18.67,30740.0
1993-10-13,18.64,18.65,18.71,18.56,31090.0
1993-10-14,18.5,18.62,18.64,18.41,38440.0
1993-10-15,18.27,18.5,18.53,18.17,45410.0
1993-10-18,18.13,18.2,18.38,18.11,36530.0
1993-10-19,18.06,18.05,18.25,17.99,43080.0
1993-10-20,18.24,18.04,18.3,17.95,54030.0
1993-10-21,18.35,18.42,18.57,18.33,42130.0
1993-10-22,18.07,18.37,18.43,18.02,54530.0
1993-10-25,17.51,18.07,18.09,17.49,63640.0
1993-10-26,17.54,17.53,17.7,17.41,63670.0
1993-10-27,17.65,17.51,17.67,17.49,35360.0
1993-10-28,17.37,17.65,17.78,17.35,67910.0
1993-10-29,16.92,17.33,17.33,16.85,76620.0
1993-11-01,17.43,16.9,17.45,16.9,60820.0
1993-11-02,17.12,17.46,17.55,16.98,66730.0
1993-11-03,17.49,17.1,17.58,16.76,101020.0
1993-11-04,17.4,17.45,17.53,17.25,50630.0
1993-11-05,17.09,17.38,17.71,17.07,69140.0
1993-11-08,16.71,17.05,17.09,16.67,61560.0
1993-11-09,16.66,16.7,16.95,16.5,60950.0
1993-11-10,16.55,16.66,16.85,16.53,55090.0
1993-11-11,16.9,16.53,17.09,16.38,68850.0
1993-11-12,16.72,16.9,17.02,16.42,66890.0
1993-11-15,16.76,16.7,16.85,16.62,35410.0
1993-11-16,16.77,16.76,16.95,16.64,44210.0
1993-11-17,17.04,16.73,17.19,16.56,51260.0
1993-11-18,16.69,17.04,17.1,16.6,37380.0
1993-11-19,16.56,16.63,16.88,16.4,52680.0
1993-11-22,17.1,16.9,17.31,17.03,27170.0
1993-11-23,16.63,17.1,17.17,16.55,55490.0
1993-11-24,16.38,16.62,16.97,16.16,72480.0
1993-11-29,15.31,15.53,15.6,15.1,68220.0
1993-11-30,15.43,15.3,15.65,15.12,62520.0
1993-12-01,15.48,15.48,15.54,15.31,39080.0
1993-12-02,14.95,15.44,15.53,14.86,64530.0
1993-12-03,14.97,14.94,15.06,14.72,36590.0
1993-12-06,14.57,14.74,15.1,14.56,41800.0
1993-12-07,14.7,14.55,15.03,14.51,63610.0
1993-12-08,14.59,14.56,14.7,14.4,46480.0
1993-12-09,14.63,14.58,14.85,14.47,49560.0
1993-12-10,15.07,14.64,15.12,14.6,50750.0
1993-12-13,14.52,15.06,15.2,14.5,56370.0
1993-12-14,14.52,14.5,14.87,14.22,53370.0
1993-12-15,14.41,14.5,14.58,14.37,40050.0
1993-12-16,14.23,14.39,14.55,14.18,39940.0
1993-12-17,13.91,14.15,14.28,13.88,39840.0
1993-12-20,14.18,13.92,14.3,13.75,35230.0
1993-12-21,14.36,14.4,14.54,14.33,30640.0
1993-12-22,14.77,14.4,14.83,14.38,52840.0
1993-12-23,14.48,14.75,14.8,14.44,29630.0
1993-12-27,14.13,14.45,14.67,14.07,29790.0
1993-12-28,14.11,14.12,14.22,13.96,28830.0
1993-12-29,14.44,14.11,14.47,14.06,25710.0
1993-12-30,14.17,14.44,14.48,14.13,27990.0
1994-01-03,14.56,14.1,14.65,14.11,37380.0
1994-01-04,14.67,14.55,14.72,14.35,37750.0
1994-01-05,15.34,14.5,15.42,14.65,69690.0
1994-01-06,15.42,15.34,15.61,15.05,51950.0
1994-01-07,15.32,15.4,15.46,15.23,31710.0
1994-01-10,14.67,15.4,15.4,14.64,54970.0
1994-01-11,14.85,14.65,14.94,14.56,46720.0
1994-01-12,14.33,14.81,15.05,14.31,420.0
1994-01-13,14.51,14.33,14.56,14.28,42440.0
1994-01-14,14.78,14.53,15.16,14.53,61480.0
1994-01-17,15.1,14.78,15.29,14.78,47170.0
1994-01-18,14.87,15.14,15.16,14.67,34690.0
1994-01-19,15.22,14.77,15.4,14.87,46130.0
1994-01-20,15.1,15.2,15.35,14.96,56420.0
1994-01-21,14.94,14.89,15.06,14.81,28290.0
1994-01-24,15.17,14.93,15.25,14.76,46580.0
1994-01-25,15.17,15.15,15.3,15.06,43170.0
1994-01-26,15.47,15.12,15.59,15.24,43660.0
1994-01-27,15.42,15.4,15.7,15.37,45930.0
1994-01-28,15.34,15.42,15.5,15.13,50440.0
1994-01-31,15.19,15.36,15.58,15.1,37970.0
1994-02-01,15.92,15.2,15.95,15.2,60710.0
1994-02-02,16.04,15.88,16.1,15.77,55120.0
1994-02-03,15.89,15.95,16.34,15.85,53090.0
1994-02-04,15.63,15.92,16.0,15.61,38500.0
1994-02-07,15.25,15.58,15.63,15.15,42380.0
1994-02-08,15.21,15.3,15.4,15.17,37230.0
1994-02-09,14.6,15.2,15.25,14.5,65170.0
1994-02-10,14.56,14.6,14.73,14.3,41670.0
1994-02-11,14.72,14.56,14.79,14.55,24290.0
1994-02-14,14.13,14.78,14.9,14.1,45990.0
1994-02-15,14.06,14.11,14.3,13.97,39790.0
1994-02-16,13.93,14.0,14.32,13.9,36260.0
1994-02-17,14.23,13.9,14.55,13.88,48030.0
1994-02-18,14.21,14.2,14.42,14.16,26680.0
1994-02-22,14.24,14.3,14.44,14.12,50680.0
1994-02-23,14.41,14.39,14.58,14.38,31100.0
1994-02-24,14.77,14.36,14.89,14.26,61820.0
1994-02-25,14.57,14.78,14.86,14.43,47320.0
1994-02-28,14.48,14.5,14.81,14.46,36610.0
1994-03-01,14.67,14.48,14.76,14.41,42570.0
1994-03-02,14.76,14.74,14.83,14.63,29510.0
1994-03-03,14.75,14.76,14.8,14.54,27000.0
1994-03-04,14.57,14.76,14.77,14.51,27500.0
1994-03-07,14.1,14.52,14.57,14.08,43730.0
1994-03-08,14.1,14.1,14.24,13.96,43160.0
1994-03-09,14.18,14.05,14.26,14.05,32150.0
1994-03-10,14.14,14.12,14.25,14.01,34340.0
1994-03-11,14.44,14.18,14.46,14.16,44570.0
1994-03-14,14.49,14.44,14.6,14.27,36780.0
1994-03-15,14.83,14.45,14.89,14.43,47910.0
1994-03-16,15.06,14.81,15.1,14.68,33760.0
1994-03-17,14.82,15.01,15.14,14.8,27940.0
1994-03-18,14.88,14.81,14.95,14.63,26130.0
1994-03-21,15.37,14.85,15.4,14.84,38880.0
1994-03-22,15.2,15.29,15.5,15.05,59560.0
1994-03-23,14.9,15.16,15.17,14.88,39810.0
1994-03-24,15.08,14.88,15.1,14.82,28110.0
1994-03-25,15.13,15.1,15.25,14.97,32800.0
1994-03-28,14.08,14.8,14.46,13.9,100180.0
1994-03-29,14.32,14.06,14.34,14.05,42920.0
1994-03-30,14.38,14.4,14.44,14.08,48050.0
1994-03-31,14.79,14.38,14.9,14.23,43600.0
1994-04-04,15.79,14.75,15.85,14.65,87710.0
1994-04-05,15.74,15.7,15.8,15.33,55250.0
1994-04-06,15.77,15.69,15.8,15.46,38560.0
1994-04-07,15.58,15.74,15.92,15.48,44530.0
1994-04-08,15.57,15.53,15.63,15.42,30890.0
1994-04-11,15.87,15.57,15.96,15.5,45450.0
1994-04-12,15.75,15.87,15.99,15.64,44380.0
1994-04-13,15.97,15.65,16.02,15.67,53340.0
1994-04-14,16.23,15.94,16.26,15.83,44500.0
1994-04-15,16.58,16.22,16.6,15.98,61080.0
1994-04-18,16.65,16.55,16.77,16.43,39880.0
1994-04-19,16.49,16.65,16.69,16.4,48480.0
1994-04-20,16.82,16.46,16.91,16.34,76760.0
1994-04-21,16.63,16.3,16.65,16.16,67810.0
1994-04-22,17.14,16.61,17.17,16.58,82300.0
1994-04-25,17.24,17.01,17.27,16.85,53630.0
1994-04-26,16.91,17.22,17.28,16.79,63710.0
1994-04-28,16.57,16.72,16.9,16.55,53050.0
1994-04-29,16.9,16.53,16.95,16.36,61810.0
1994-05-02,17.16,16.81,17.32,16.88,56230.0
1994-05-03,16.89,17.18,17.19,16.75,55100.0
1994-05-04,16.86,16.88,17.26,16.77,65220.0
1994-05-05,17.29,16.84,17.3,16.78,72470.0
1994-05-06,17.7,17.29,17.82,17.25,64060.0
1994-05-09,17.73,17.71,17.85,17.45,39180.0
1994-05-10,17.61,17.71,17.9,17.52,57870.0
1994-05-11,17.85,17.59,17.9,17.51,62320.0
1994-05-12,18.28,17.85,18.3,17.81,64650.0
1994-05-13,18.21,18.28,18.54,18.13,61790.0
1994-05-16,18.06,18.05,18.21,17.94,35380.0
1994-05-17,17.59,17.93,18.07,17.46,46330.0
1994-05-18,17.99,17.59,18.02,17.46,42320.0
1994-05-19,18.45,18.0,18.48,18.0,30730.0
1994-05-20,18.92,18.5,19.0,18.45,77950.0
1994-05-23,18.06,18.1,18.57,18.0,60560.0
1994-05-24,17.92,18.01,18.13,17.82,44830.0
1994-05-25,17.7,17.89,18.07,17.68,60180.0
1994-05-26,17.74,17.65,17.77,17.49,51830.0
1994-05-27,18.03,17.73,18.05,17.74,34700.0
1994-05-31,18.31,18.05,18.37,17.9,42070.0
1994-06-01,18.21,18.32,18.34,18.19,34610.0
1994-06-02,18.23,18.21,18.5,18.08,55650.0
1994-06-03,18.12,18.21,18.3,17.91,49090.0
1994-06-06,18.11,18.01,18.2,17.91,38160.0
1994-06-07,17.75,18.15,18.16,17.63,62660.0
1994-06-08,18.34,17.72,18.4,17.58,61510.0
1994-06-09,18.67,18.3,18.71,18.2,66450.0
1994-06-10,18.48,18.65,18.89,18.46,47690.0
1994-06-13,18.79,18.48,18.9,18.29,39550.0
1994-06-14,18.95,18.76,19.06,18.76,41370.0
1994-06-15,19.86,18.96,19.95,18.88,44460.0
1994-06-16,19.91,19.75,19.95,19.57,31360.0
1994-06-17,20.71,19.9,20.8,19.61,3070.0
1994-06-20,20.75,20.89,20.89,20.35,23320.0
1994-06-21,20.04,20.65,20.95,19.4,67100.0
1994-06-22,19.37,19.4,19.74,19.3,51780.0
1994-06-23,19.42,19.31,19.45,19.04,58500.0
1994-06-24,19.32,19.38,19.46,19.15,30090.0
1994-06-27,19.01,19.31,19.54,18.9,40220.0
1994-06-28,19.27,18.98,19.3,18.67,57270.0
1994-06-29,18.83,19.1,19.33,18.78,45890.0
1994-06-30,19.37,18.76,19.5,18.74,52860.0
1994-07-01,19.53,19.33,19.68,19.33,32189.0
1994-07-05,19.62,19.48,19.69,19.31,30110.0
1994-07-06,19.24,19.58,19.72,19.23,57520.0
1994-07-07,19.12,19.25,19.48,19.08,56240.0
1994-07-08,19.48,19.12,19.66,19.11,50810.0
1994-07-11,20.18,19.26,20.2,19.55,54520.0
1994-07-12,20.43,20.15,20.74,20.15,64060.0
1994-07-13,20.15,20.42,20.6,19.9,55410.0
1994-07-14,20.18,19.76,20.42,19.97,43220.0
1994-07-15,19.89,20.2,20.4,19.76,45750.0
1994-07-18,19.51,19.76,19.84,19.29,35020.0
1994-07-19,19.46,19.33,19.52,19.16,37400.0
1994-07-20,19.2,19.16,19.54,19.1,62050.0
1994-07-21,19.39,19.15,19.45,19.05,49000.0
1994-07-22,19.61,19.4,19.67,19.3,41650.0
1994-07-25,19.41,19.45,19.75,19.27,36720.0
1994-07-26,19.21,19.38,19.46,19.06,49150.0
1994-07-27,19.46,19.15,19.65,19.19,51160.0
1994-07-28,19.77,19.43,19.84,19.4,46640.0
1994-07-29,20.3,19.78,20.44,19.81,52760.0
1994-08-01,20.55,20.25,20.98,20.25,46150.0
1994-08-02,20.14,20.47,20.64,20.05,43730.0
1994-08-03,20.1,20.1,20.39,20.07,45740.0
1994-08-04,20.14,20.06,20.32,19.7,53370.0
1994-08-05,19.31,20.14,20.38,19.05,78170.0
1994-08-08,19.42,19.35,19.7,19.35,39640.0
1994-08-09,19.3,19.39,19.52,19.18,45460.0
1994-08-10,18.96,19.28,19.35,18.74,66060.0
1994-08-11,18.66,18.95,19.1,18.6,29910.0
1994-08-12,18.05,18.22,18.7,17.95,58380.0
1994-08-15,18.2,17.99,18.36,17.96,42860.0
1994-08-16,17.73,18.23,18.38,17.69,47260.0
1994-08-17,18.11,17.72,18.15,17.48,35670.0
1994-08-18,17.72,18.15,18.2,17.65,17190.0
1994-08-19,17.58,17.7,17.95,17.52,24610.0
1994-08-22,16.87,17.5,17.75,16.75,87370.0
1994-08-23,17.09,17.0,17.25,16.93,50800.0
1994-08-24,17.49,17.14,17.65,17.05,56580.0
1994-08-25,17.52,17.49,17.67,17.26,37700.0
1994-08-26,17.14,17.53,17.6,17.1,35790.0
1994-08-29,17.63,17.15,17.87,16.98,63240.0
1994-08-30,17.45,17.61,17.64,17.32,40280.0
1994-08-31,17.56,17.36,17.85,17.32,56430.0
1994-09-01,17.47,17.53,18.0,17.35,38850.0
1994-09-02,17.52,17.44,17.55,17.3,26150.0
1994-09-06,17.62,17.32,17.68,17.11,36430.0
1994-09-07,17.81,17.59,17.83,17.61,32880.0
1994-09-08,17.67,17.79,17.95,17.56,41830.0
1994-09-09,17.53,17.63,17.89,17.51,49940.0
1994-09-12,17.39,17.44,17.6,17.35,33450.0
1994-09-13,17.12,17.4,17.46,16.97,42640.0
1994-09-14,16.71,17.0,17.14,16.58,40520.0
1994-09-15,16.7,16.7,16.85,16.53,20780.0
1994-09-16,16.83,16.72,16.9,16.7,24150.0
1994-09-19,17.21,16.83,17.25,16.68,28370.0
1994-09-20,17.24,17.2,17.33,17.0,52150.0
1994-09-21,17.22,17.31,17.44,17.12,33560.0
1994-09-22,17.67,17.2,17.75,17.1,45610.0
1994-09-23,17.83,17.67,17.88,17.54,36840.0
1994-09-26,17.67,17.75,17.99,17.53,41110.0
1994-09-27,17.55,17.66,17.79,17.45,36180.0
1994-09-28,17.68,17.5,17.7,17.37,35820.0
1994-09-29,17.98,17.65,18.03,17.65,45330.0
1994-09-30,18.39,17.95,18.42,17.93,54360.0
1994-10-03,18.19,18.39,18.43,18.16,39950.0
1994-10-04,18.08,18.17,18.34,18.06,40160.0
1994-10-05,18.01,18.07,18.13,17.85,37330.0
1994-10-06,18.25,18.01,18.3,18.0,30730.0
1994-10-07,18.26,18.26,18.7,18.21,58330.0
1994-10-10,17.99,18.26,18.63,17.97,42070.0
1994-10-11,17.7,17.9,18.09,17.61,49720.0
1994-10-12,17.19,17.7,17.85,17.13,50400.0
1994-10-13,17.13,17.16,17.34,16.8,44850.0
1994-10-14,16.97,17.13,17.19,16.91,39640.0
1994-10-17,17.06,16.91,17.19,16.83,32110.0
1994-10-18,17.22,17.06,17.39,17.06,25470.0
1994-10-19,17.42,17.23,17.5,17.24,32000.0
1994-10-20,17.54,17.39,17.67,17.35,72260.0
1994-10-21,17.38,17.6,17.76,17.32,48090.0
1994-10-24,17.45,17.3,17.58,17.3,28140.0
1994-10-25,17.58,17.47,17.6,17.35,29740.0
1994-10-26,17.95,17.6,17.97,17.6,54060.0
1994-10-27,18.15,17.99,18.25,17.97,45940.0
1994-10-28,18.23,18.16,18.34,18.05,42920.0
1994-10-31,18.19,18.23,18.33,17.98,36740.0
1994-11-01,18.68,18.18,18.69,18.12,56140.0
1994-11-02,18.93,18.66,18.95,18.49,58600.0
1994-11-03,18.9,18.9,19.01,18.69,52540.0
1994-11-04,18.76,18.93,19.19,18.72,47450.0
1994-11-07,18.39,18.79,18.84,18.26,45980.0
1994-11-08,18.58,18.37,18.6,18.12,48010.0
1994-11-09,18.16,18.56,18.57,18.14,42060.0
1994-11-10,18.19,18.16,18.34,17.83,57990.0
1994-11-11,18.04,18.16,18.3,17.95,50110.0
1994-11-14,17.47,18.01,18.08,17.41,47330.0
1994-11-15,17.58,17.44,17.66,17.35,30160.0
1994-11-16,17.37,17.58,17.69,17.24,31980.0
1994-11-17,17.65,17.36,17.76,17.33,31200.0
1994-11-18,17.47,17.55,17.75,17.4,51560.0
1994-11-21,17.56,17.75,17.95,17.46,48440.0
1994-11-22,17.82,17.56,17.84,17.51,38420.0
1994-11-23,18.15,17.82,18.19,17.7,47070.0
1994-11-28,18.12,18.08,18.19,17.98,26050.0
1994-11-29,18.05,18.1,18.15,17.91,38140.0
1994-11-30,18.05,18.01,18.14,17.85,34600.0
1994-12-01,17.82,18.07,18.12,17.81,34250.0
1994-12-02,16.99,17.78,17.82,16.83,76050.0
1994-12-05,16.85,17.0,17.07,16.58,47270.0
1994-12-06,16.94,16.85,17.02,16.72,33630.0
1994-12-07,16.87,16.94,17.0,16.42,52500.0
1994-12-08,17.12,16.86,17.18,16.84,37470.0
1994-12-09,17.13,17.12,17.36,16.99,47460.0
1994-12-12,16.91,17.11,17.27,16.82,39890.0
1994-12-13,16.91,16.9,17.0,16.78,27270.0
1994-12-14,16.99,16.85,17.15,16.79,33220.0
1994-12-15,16.73,16.93,16.99,16.63,29110.0
1994-12-16,16.76,16.7,16.87,16.48,33100.0
1994-12-19,16.91,16.8,16.95,16.72,27200.0
1994-12-20,16.98,16.93,17.14,16.88,42160.0
1994-12-21,17.02,16.95,17.2,16.95,22640.0
1994-12-22,17.09,16.97,17.14,16.98,17300.0
1994-12-23,17.35,17.1,17.4,17.0,15690.0
1994-12-27,17.64,17.24,17.68,17.25,26050.0
1994-12-28,17.79,17.61,17.92,17.54,38150.0
1994-12-29,17.72,17.6,17.96,17.65,32400.0
1994-12-30,17.76,17.72,17.84,17.65,22930.0
1995-01-03,17.44,17.65,17.82,17.41,29370.0
1995-01-04,17.48,17.42,17.65,17.35,39180.0
1995-01-05,17.72,17.48,17.77,17.45,42130.0
1995-01-06,17.67,17.72,18.02,17.62,47270.0
1995-01-09,17.4,17.67,17.68,17.39,25870.0
1995-01-10,17.37,17.39,17.5,17.27,32380.0
1995-01-11,17.72,17.38,17.75,17.33,41480.0
1995-01-12,17.72,17.7,17.83,17.58,29150.0
1995-01-13,17.52,17.73,17.73,17.46,33340.0
1995-01-16,17.88,17.51,17.9,17.41,32880.0
1995-01-17,18.32,17.84,18.34,17.87,34030.0
1995-01-18,18.73,18.32,18.75,18.3,31960.0
1995-01-19,18.69,18.59,18.85,18.55,27950.0
1995-01-20,18.65,18.7,18.84,18.5,67750.0
1995-01-23,18.1,18.38,18.51,18.09,51120.0
1995-01-24,18.39,18.1,18.55,18.06,59900.0
1995-01-25,18.39,18.4,18.67,18.15,73460.0
1995-01-26,18.24,18.39,18.47,18.2,32270.0
1995-01-27,17.95,18.23,18.24,17.83,65610.0
1995-01-30,18.09,17.95,18.13,17.89,29650.0
1995-01-31,18.39,18.12,18.4,18.07,32619.0
1995-02-01,18.52,18.38,18.54,18.34,38710.0
1995-02-02,18.54,18.48,18.7,18.13,53240.0
1995-02-03,18.78,18.51,18.83,18.46,44210.0
1995-02-06,18.59,18.85,18.93,18.35,59080.0
1995-02-07,18.46,18.56,18.61,18.42,31910.0
1995-02-08,18.3,18.42,18.51,18.25,40400.0
1995-02-09,18.24,18.3,18.42,18.21,33460.0
1995-02-10,18.46,18.25,18.52,18.23,38230.0
1995-02-13,18.27,18.55,18.55,18.13,45630.0
1995-02-14,18.32,18.25,18.45,18.21,36720.0
1995-02-15,18.42,18.28,18.6,18.28,37430.0
1995-02-16,18.59,18.42,18.62,18.29,24370.0
1995-02-17,18.91,18.59,18.93,18.56,29440.0
1995-02-21,18.86,18.78,18.98,18.72,40390.0
1995-02-22,18.63,18.65,18.73,18.54,27360.0
1995-02-23,18.43,18.63,18.65,18.41,37430.0
1995-02-24,18.69,18.43,18.7,18.39,29220.0
1995-02-27,18.66,18.67,18.78,18.65,22280.0
1995-02-28,18.49,18.65,18.65,18.47,24560.0
1995-03-01,18.32,18.52,18.6,18.3,38870.0
1995-03-02,18.35,18.32,18.39,18.22,40670.0
1995-03-03,18.63,18.32,18.65,18.32,31510.0
1995-03-06,18.59,18.6,18.69,18.53,27440.0
1995-03-07,18.63,18.57,18.68,18.43,28760.0
1995-03-08,18.33,18.63,18.68,18.24,64360.0
1995-03-09,18.02,18.35,18.37,17.95,72660.0
1995-03-10,17.91,18.02,18.04,17.83,46930.0
1995-03-13,18.19,17.91,18.21,17.84,38480.0
1995-03-14,17.94,18.18,18.2,17.84,45210.0
1995-03-15,18.11,17.91,18.18,17.82,31630.0
1995-03-16,18.16,18.11,18.34,18.05,27420.0
1995-03-17,18.26,18.14,18.28,18.1,29690.0
1995-03-20,18.56,18.34,18.65,18.29,31100.0
1995-03-21,18.43,18.6,18.62,18.36,40520.0
1995-03-22,18.96,18.45,18.97,18.39,79990.0
1995-03-23,18.92,18.95,19.0,18.8,43520.0
1995-03-24,18.78,18.9,18.98,18.67,48010.0
1995-03-27,19.07,18.75,19.14,18.71,47830.0
1995-03-28,19.05,19.08,19.16,18.9,32659.0
1995-03-29,19.22,19.06,19.31,18.85,62660.0
1995-03-30,19.15,19.22,19.27,19.06,38940.0
1995-03-31,19.17,19.15,19.35,19.03,42230.0
1995-04-03,19.03,19.12,19.16,18.9,33900.0
1995-04-04,19.18,19.07,19.23,19.01,33050.0
1995-04-05,19.56,19.21,19.58,19.05,57100.0
1995-04-06,19.77,19.45,19.79,19.41,42490.0
1995-04-07,19.67,19.75,19.82,19.5,37550.0
1995-04-10,19.59,19.65,19.65,19.4,32000.0
1995-04-11,19.88,19.6,19.93,19.57,40170.0
1995-04-12,19.55,19.88,20.1,19.48,58180.0
1995-04-13,19.15,19.48,19.55,19.03,61080.0
1995-04-17,19.73,19.43,20.0,19.43,36940.0
1995-04-18,20.05,19.73,20.07,19.7,31990.0
1995-04-19,20.41,20.0,20.5,19.89,33830.0
1995-04-20,20.52,20.4,20.82,20.3,68730.0
1995-04-21,20.41,20.16,20.45,19.83,51420.0
1995-04-24,20.12,20.41,20.47,20.0,46600.0
1995-04-25,20.29,20.13,20.38,19.97,46530.0
1995-04-26,20.15,20.3,20.32,20.08,29630.0
1995-04-27,20.43,20.15,20.45,20.15,37310.0
1995-04-28,20.38,20.45,20.53,20.14,50690.0
1995-05-01,20.5,20.49,20.8,20.41,47720.0
1995-05-02,20.09,20.5,20.55,20.05,53710.0
1995-05-03,19.89,20.05,20.25,19.82,63050.0
1995-05-04,20.29,19.88,20.33,19.83,63190.0
1995-05-05,20.33,20.3,20.42,20.21,34510.0
1995-05-08,20.29,20.28,20.5,20.25,19820.0
1995-05-09,19.61,20.27,20.33,19.55,65650.0
1995-05-10,19.75,19.64,19.78,19.52,47260.0
1995-05-11,19.41,19.78,19.88,19.25,62860.0
1995-05-12,19.52,19.38,19.53,19.18,43810.0
1995-05-15,19.9,19.54,19.92,19.41,33860.0
1995-05-16,20.08,19.9,20.17,19.88,39720.0
1995-05-17,19.96,20.07,20.11,19.7,36810.0
1995-05-18,20.0,19.95,20.1,19.77,24580.0
1995-05-19,20.06,20.0,20.1,19.8,28340.0
1995-05-22,19.81,20.06,20.15,19.69,38300.0
1995-05-23,19.77,19.86,19.89,19.65,40800.0
1995-05-24,19.41,19.78,19.88,19.38,52660.0
1995-05-25,19.26,19.41,19.52,19.13,51710.0
1995-05-26,18.69,19.24,19.36,18.45,76560.0
1995-05-30,18.78,18.8,18.88,18.64,35310.0
1995-05-31,18.89,18.78,18.91,18.53,43400.0
1995-06-01,18.9,18.87,18.97,18.51,38330.0
1995-06-02,19.14,18.9,19.15,18.83,40790.0
1995-06-05,19.25,19.1,19.28,19.07,7250.0
1995-06-06,19.06,19.25,19.32,18.94,41310.0
1995-06-07,19.13,19.06,19.22,19.05,35970.0
1995-06-08,18.91,19.11,19.11,18.87,36760.0
1995-06-09,18.8,18.91,19.0,18.55,44610.0
1995-06-12,18.86,18.8,18.87,18.64,28290.0
1995-06-13,18.91,18.87,18.96,18.82,2300.0
1995-06-14,19.05,18.92,19.13,18.68,49560.0
1995-06-15,18.94,19.05,19.19,18.88,43790.0
1995-06-16,18.84,18.93,18.98,18.77,24670.0
1995-06-19,18.22,18.74,18.67,18.11,44350.0
1995-06-20,18.01,18.24,18.35,17.9,46330.0
1995-06-21,17.46,17.98,18.0,17.35,80410.0
1995-06-22,17.5,17.49,17.66,17.44,34770.0
1995-06-23,17.49,17.53,17.69,17.2,54280.0
1995-06-26,17.64,17.59,17.68,17.33,32150.0
1995-06-27,17.77,17.64,17.87,17.33,30380.0
1995-06-28,17.97,17.64,18.16,17.69,46960.0
1995-06-29,17.56,17.97,18.01,17.53,34080.0
1995-06-30,17.4,17.52,17.59,17.37,31450.0
1995-07-05,17.18,17.11,17.22,17.02,38060.0
1995-07-06,17.37,17.2,17.43,17.15,34240.0
1995-07-07,17.14,17.37,17.52,17.06,42420.0
1995-07-10,17.34,17.15,17.37,16.87,38470.0
1995-07-11,17.32,17.33,17.44,17.23,30660.0
1995-07-12,17.49,17.28,17.65,17.22,54990.0
1995-07-13,17.25,17.51,17.6,17.24,36170.0
1995-07-14,17.32,17.22,17.39,17.08,36950.0
1995-07-17,17.2,17.32,17.38,17.13,28070.0
1995-07-18,17.35,17.23,17.37,17.15,27110.0
1995-07-19,17.33,17.36,17.48,17.16,43790.0
1995-07-20,17.01,17.31,17.34,16.93,44910.0
1995-07-21,16.79,16.79,16.95,16.6,41610.0
1995-07-24,16.88,16.72,16.92,16.63,28760.0
1995-07-25,16.93,16.88,17.03,16.76,40690.0
1995-07-26,17.5,16.93,17.6,16.9,97160.0
1995-07-27,17.49,17.48,17.72,17.39,51710.0
1995-07-28,17.43,17.48,17.59,17.42,32159.0
1995-07-31,17.56,17.42,17.64,17.34,38370.0
1995-08-01,17.7,17.56,17.84,17.56,44120.0
1995-08-02,17.78,17.68,17.88,17.5,47140.0
1995-08-03,17.72,17.77,18.02,17.65,44370.0
1995-08-04,17.71,17.74,17.75,17.56,31080.0
1995-08-07,17.65,17.71,17.78,17.55,23060.0
1995-08-08,17.79,17.66,17.83,17.59,29180.0
1995-08-09,17.78,17.78,17.95,17.7,36810.0
1995-08-10,17.89,17.79,17.91,17.68,33340.0
1995-08-11,17.86,17.89,18.0,17.82,27690.0
1995-08-14,17.48,17.81,17.81,17.46,33450.0
1995-08-15,17.47,17.45,17.58,17.37,25320.0
1995-08-16,17.55,17.45,17.57,17.31,32530.0
1995-08-17,17.66,17.55,17.68,17.54,25060.0
1995-08-18,17.87,17.68,17.89,17.55,30460.0
1995-08-21,18.25,17.9,18.28,17.85,41070.0
1995-08-22,18.54,18.24,18.66,18.1,59080.0
1995-08-23,18.0,17.88,18.21,17.87,57340.0
1995-08-24,17.86,17.93,18.01,17.85,31700.0
1995-08-25,17.86,17.89,18.05,17.75,34460.0
1995-08-28,17.82,17.86,18.09,17.8,33440.0
1995-08-29,17.82,17.86,17.92,17.76,32130.0
1995-08-30,17.79,17.84,17.98,17.72,38040.0
1995-08-31,17.84,17.77,17.93,17.67,35110.0
1995-09-01,18.04,17.9,18.06,17.83,28430.0
1995-09-05,18.58,18.13,18.63,18.12,63300.0
1995-09-06,18.36,18.58,18.6,18.33,42400.0
1995-09-07,18.27,18.38,18.4,18.17,40750.0
1995-09-08,18.44,18.28,18.59,18.25,38100.0
1995-09-11,18.47,18.49,18.49,18.33,26160.0
1995-09-12,18.64,18.47,18.66,18.45,40800.0
1995-09-13,18.54,18.63,18.83,18.45,52980.0
1995-09-14,18.85,18.5,18.87,18.47,50120.0
1995-09-15,18.92,18.84,18.98,18.73,43490.0
1995-09-18,18.93,18.89,19.08,18.81,42670.0
1995-09-19,18.95,18.92,18.96,18.8,34630.0
1995-09-20,18.69,18.9,19.07,18.5,71830.0
1995-09-21,17.56,18.05,18.12,17.55,82200.0
1995-09-22,17.25,17.57,17.73,17.11,66450.0
1995-09-25,17.47,17.25,17.51,17.24,30170.0
1995-09-26,17.33,17.48,17.61,17.32,30690.0
1995-09-27,17.57,17.32,17.6,17.29,37660.0
1995-09-28,17.76,17.57,17.81,17.57,40070.0
1995-09-29,17.54,17.76,17.78,17.32,50160.0
1995-10-02,17.64,17.53,17.72,17.44,42830.0
1995-10-03,17.56,17.65,17.75,17.5,32729.0
1995-10-04,17.3,17.58,17.69,17.23,43040.0
1995-10-05,16.87,17.32,17.34,16.85,60350.0
1995-10-06,17.03,16.87,17.05,16.81,31790.0
1995-10-09,17.31,17.04,17.34,17.04,26460.0
1995-10-10,17.42,17.32,17.43,17.15,32689.0
1995-10-11,17.29,17.43,17.48,17.22,29550.0
1995-10-12,17.12,17.27,17.37,17.1,34540.0
1995-10-13,17.41,17.13,17.44,17.05,36850.0
1995-10-16,17.59,17.41,17.6,17.35,28510.0
1995-10-17,17.68,17.58,17.73,17.56,30620.0
1995-10-18,17.61,17.66,17.68,17.53,23410.0
1995-10-19,17.32,17.61,17.61,17.22,30270.0
1995-10-20,17.37,17.3,17.45,17.14,43070.0
1995-10-23,17.21,17.16,17.23,16.86,43000.0
1995-10-24,17.32,17.21,17.42,17.16,42050.0
1995-10-25,17.32,17.32,17.45,17.24,43350.0
1995-10-26,17.58,17.32,17.68,17.28,66230.0
1995-10-27,17.54,17.64,17.67,17.52,36000.0
1995-10-30,17.62,17.51,17.66,17.5,24630.0
1995-10-31,17.64,17.62,17.74,17.58,35200.0
1995-11-01,17.74,17.65,17.78,17.48,48220.0
1995-11-02,17.98,17.74,18.02,17.74,57510.0
1995-11-03,17.94,17.96,18.01,17.87,29800.0
1995-11-06,17.71,17.99,18.05,17.69,41800.0
1995-11-07,17.65,17.71,17.8,17.63,33420.0
1995-11-08,17.82,17.66,17.88,17.56,47800.0
1995-11-09,17.84,17.81,17.9,17.77,37050.0
1995-11-10,17.83,17.83,17.91,17.66,37790.0
1995-11-13,17.8,17.82,18.05,17.71,40810.0
1995-11-14,17.82,17.78,17.87,17.68,25870.0
1995-11-15,17.93,17.82,17.97,17.82,23430.0
1995-11-16,18.19,17.92,18.2,17.9,40630.0
1995-11-17,18.57,18.2,18.85,18.18,82300.0
1995-11-20,18.06,18.1,18.15,17.99,28640.0
1995-11-21,17.97,18.03,18.09,17.87,28930.0
1995-11-22,17.96,17.94,18.09,17.8,36780.0
1995-11-27,18.38,17.98,18.39,17.98,41250.0
1995-11-28,18.33,18.38,18.38,18.25,32330.0
1995-11-29,18.26,18.33,18.39,18.2,28050.0
1995-11-30,18.18,18.25,18.34,18.07,42980.0
1995-12-01,18.43,18.18,18.48,18.18,41390.0
1995-12-04,18.63,18.44,18.64,18.43,34610.0
1995-12-05,18.67,18.61,18.74,18.56,35340.0
1995-12-06,18.77,18.67,18.81,18.57,38320.0
1995-12-07,18.73,18.77,18.88,18.63,36470.0
1995-12-08,18.97,18.7,18.99,18.63,50170.0
1995-12-11,18.66,18.99,19.14,18.55,50860.0
1995-12-12,18.73,18.61,18.79,18.48,38540.0
1995-12-13,19.0,18.72,19.01,18.72,33930.0
1995-12-14,19.11,19.01,19.15,18.68,36720.0
1995-12-15,19.51,19.1,19.52,19.04,42120.0
1995-12-18,19.67,19.51,19.82,19.4,38930.0
1995-12-19,19.12,19.7,19.74,19.0,49100.0
1995-12-20,18.97,18.97,19.11,18.85,29800.0
1995-12-21,18.96,18.93,19.05,18.85,20310.0
1995-12-22,19.14,18.94,19.19,18.86,19910.0
1995-12-26,19.27,19.14,19.29,19.02,11960.0
1995-12-27,19.5,19.27,19.52,19.24,25310.0
1995-12-28,19.36,19.48,19.6,19.31,25820.0
1995-12-29,19.55,19.36,19.57,19.27,23550.0
1996-01-02,19.81,19.52,19.83,19.41,28030.0
1996-01-03,19.89,19.8,19.95,19.68,36280.0
1996-01-04,19.91,19.88,20.08,19.69,35700.0
1996-01-05,20.26,19.97,20.28,19.91,39210.0
1996-01-08,20.26,20.26,20.26,20.26,
1996-01-09,19.95,20.45,20.52,19.92,34390.0
1996-01-10,19.67,19.94,19.94,19.49,38440.0
1996-01-11,18.79,19.67,19.78,18.55,67260.0
1996-01-12,18.25,18.87,18.92,18.08,60900.0
1996-01-15,18.38,18.28,18.52,18.13,30680.0
1996-01-16,18.05,18.37,18.78,17.75,46800.0
1996-01-17,18.52,18.2,18.57,17.9,29850.0
1996-01-18,19.18,18.52,19.2,18.48,36550.0
1996-01-19,18.94,19.17,19.22,18.4,31640.0
1996-01-22,18.62,18.66,18.74,18.25,36830.0
1996-01-23,18.06,18.12,18.15,17.88,30570.0
1996-01-24,18.28,18.06,18.32,17.85,40880.0
1996-01-25,17.67,18.27,18.28,17.47,69520.0
1996-01-26,17.73,17.65,17.75,17.19,52540.0
1996-01-29,17.45,17.72,17.88,17.08,50640.0
1996-01-30,17.56,17.38,17.7,17.28,34550.0
1996-01-31,17.74,17.56,17.78,17.35,38380.0
1996-02-01,17.71,17.72,18.08,17.65,53390.0
1996-02-02,17.8,17.65,18.0,17.58,34940.0
1996-02-05,17.54,17.8,17.93,17.46,35370.0
1996-02-06,17.69,17.53,17.72,17.43,34120.0
1996-02-07,17.74,17.67,17.8,17.62,25250.0
1996-02-08,17.76,17.75,17.82,17.65,24420.0
1996-02-09,17.78,17.75,17.98,17.74,32780.0
1996-02-12,17.97,17.82,18.02,17.71,28450.0
1996-02-13,18.91,17.98,18.95,17.9,49530.0
1996-02-14,18.96,18.91,19.13,18.56,35050.0
1996-02-15,19.04,18.91,19.09,18.67,30940.0
1996-02-16,19.16,19.0,19.28,18.93,38240.0
1996-02-20,21.05,19.2,23.0,18.98,70400.0
1996-02-21,19.71,19.28,20.0,19.03,52470.0
1996-02-22,19.85,19.7,19.95,19.5,49970.0
1996-02-23,19.06,19.85,19.94,19.02,56030.0
1996-02-26,19.39,19.03,19.55,19.03,39550.0
1996-02-27,19.7,19.42,19.82,19.2,41950.0
1996-02-28,19.29,19.7,19.81,19.1,47320.0
1996-02-29,19.54,19.29,19.62,19.21,35420.0
1996-03-01,19.44,19.55,19.7,19.01,50010.0
1996-03-04,19.2,19.55,19.55,18.78,42360.0
1996-03-05,19.54,19.17,19.57,19.13,29640.0
1996-03-06,20.19,19.55,20.2,19.38,56110.0
1996-03-07,19.81,20.17,20.29,19.65,52340.0
1996-03-08,19.61,19.87,19.96,19.41,34400.0
1996-03-11,19.91,19.45,19.99,19.21,9650.0
1996-03-12,20.46,19.92,20.55,19.75,48420.0
1996-03-13,20.58,20.5,20.86,20.35,65170.0
1996-03-14,21.16,20.58,21.2,20.3,40970.0
1996-03-15,21.99,21.15,22.1,20.95,47510.0
1996-03-18,23.27,21.94,23.39,21.77,35650.0
1996-03-19,24.34,23.25,24.64,23.15,40790.0
1996-03-20,23.06,24.32,25.6,22.2,61430.0
1996-03-21,21.05,20.9,21.1,20.68,33840.0
1996-03-22,21.95,21.07,22.15,21.07,53620.0
1996-03-25,22.4,21.89,22.45,21.46,44820.0
1996-03-26,22.19,22.2,22.59,21.83,46170.0
1996-03-27,21.79,22.2,22.48,21.7,52190.0
1996-03-28,21.41,21.75,21.83,21.11,48940.0
1996-03-29,21.47,21.42,21.65,21.15,31600.0
1996-04-01,22.26,21.38,22.3,21.38,43110.0
1996-04-02,22.7,22.35,22.78,22.2,48150.0
1996-04-03,22.27,22.7,22.75,21.98,49520.0
1996-04-04,22.75,22.2,22.8,22.12,38420.0
1996-04-08,23.03,22.8,23.52,22.57,41090.0
1996-04-09,23.06,23.05,23.37,22.75,39110.0
1996-04-10,24.21,23.13,24.25,23.08,49260.0
1996-04-11,25.34,24.2,25.45,24.02,47760.0
1996-04-12,24.29,25.25,25.25,23.4,52580.0
1996-04-15,25.06,23.99,25.1,23.65,36920.0
1996-04-16,24.47,25.0,25.7,23.7,43090.0
1996-04-17,24.67,24.4,24.75,23.2,28880.0
1996-04-18,23.82,24.65,24.75,22.83,35870.0
1996-04-19,23.95,23.6,24.05,23.3,25050.0
1996-04-22,24.07,23.74,24.4,23.02,56730.0
1996-04-23,22.7,22.45,22.75,21.51,53460.0
1996-04-24,22.4,22.9,23.3,22.17,60330.0
1996-04-25,22.2,22.1,22.58,21.8,57880.0
1996-04-26,22.32,22.33,22.4,21.81,39490.0
1996-04-29,22.43,22.15,22.55,22.07,34050.0
1996-04-30,21.2,21.75,22.38,21.16,60460.0
1996-05-01,20.81,20.9,21.2,20.47,51630.0
1996-05-02,20.86,21.13,21.45,20.6,43220.0
1996-05-03,21.18,21.08,21.24,20.7,33480.0
1996-05-06,21.04,21.38,21.62,20.81,41890.0
1996-05-07,21.11,21.18,21.32,20.7,48820.0
1996-05-08,21.0,21.05,21.23,20.9,34070.0
1996-05-09,20.68,20.7,21.23,20.48,55900.0
1996-05-10,21.01,20.83,21.04,20.63,37880.0
1996-05-13,21.36,21.12,21.43,20.97,29670.0
1996-05-14,21.42,21.46,21.55,21.08,41310.0
1996-05-15,21.48,21.3,21.53,21.17,34660.0
1996-05-16,20.78,21.0,21.51,20.3,54090.0
1996-05-17,20.64,20.75,20.93,20.5,40160.0
1996-05-20,22.48,19.95,22.6,19.85,39960.0
1996-05-21,22.65,22.5,22.9,21.83,38160.0
1996-05-22,21.4,20.59,21.67,20.37,73430.0
1996-05-23,21.23,21.43,21.56,21.15,37490.0
1996-05-24,21.32,21.23,21.38,21.16,19540.0
1996-05-28,21.11,21.44,21.6,21.06,29140.0
1996-05-29,20.76,21.1,21.14,20.65,42940.0
1996-05-30,19.94,20.74,20.74,19.83,63270.0
1996-05-31,19.76,19.95,20.1,19.62,37340.0
1996-06-03,19.85,19.76,19.98,19.67,27210.0
1996-06-04,20.44,19.86,20.49,19.8,34840.0
1996-06-05,19.72,20.47,20.52,19.52,53570.0
1996-06-06,20.05,19.72,20.07,19.46,34880.0
1996-06-07,20.28,20.05,20.3,19.82,32659.0
1996-06-10,20.25,20.34,20.48,20.1,30890.0
1996-06-11,20.1,20.22,20.28,19.85,41630.0
1996-06-12,20.09,20.04,20.3,20.01,28910.0
1996-06-13,20.01,20.09,20.2,19.87,36460.0
1996-06-14,20.34,20.02,20.4,19.96,32980.0
1996-06-17,22.14,20.34,22.2,20.34,54550.0
1996-06-18,21.46,22.0,22.05,21.25,46610.0
1996-06-19,20.76,21.37,21.67,20.6,37790.0
1996-06-20,20.65,20.74,20.95,20.45,45300.0
1996-06-21,19.92,20.05,20.3,19.81,29970.0
1996-06-24,19.98,19.92,20.13,19.75,26870.0
1996-06-25,19.96,19.98,20.08,19.8,25280.0
1996-06-26,20.65,19.95,20.7,19.85,42150.0
1996-06-27,21.02,20.64,21.3,20.39,59890.0
1996-06-28,20.92,20.99,21.25,20.71,34160.0
1996-07-01,21.53,20.95,21.65,20.86,34170.0
1996-07-02,21.13,21.49,21.51,21.06,28630.0
1996-07-03,21.21,21.13,21.43,20.96,24920.0
1996-07-08,21.27,21.75,21.85,21.06,55220.0
1996-07-09,21.41,21.3,21.45,21.1,35610.0
1996-07-10,21.55,21.45,21.74,21.38,32390.0
1996-07-11,21.95,21.55,21.98,21.53,36390.0
1996-07-12,21.9,21.97,22.0,21.58,33710.0
1996-07-15,22.48,21.9,22.5,21.55,47400.0
1996-07-16,22.38,22.45,22.55,22.06,38670.0
1996-07-17,21.8,22.38,22.42,21.3,55700.0
1996-07-18,21.68,21.72,21.95,21.41,34470.0
1996-07-19,21.0,21.68,21.83,20.85,38860.0
1996-07-22,21.4,21.0,21.7,20.5,44420.0
1996-07-23,21.01,20.79,21.1,20.66,34650.0
1996-07-24,20.68,21.02,21.23,20.54,3730.0
1996-07-25,20.74,20.63,20.93,20.6,25200.0
1996-07-26,20.11,20.72,20.76,20.08,51840.0
1996-07-29,20.28,20.1,20.44,19.98,35060.0
1996-07-30,20.33,20.28,20.4,20.12,20790.0
1996-07-31,20.42,20.3,20.57,20.18,26540.0
1996-08-01,21.04,20.4,21.15,20.25,32060.0
1996-08-02,21.34,20.94,21.45,20.75,42100.0
1996-08-05,21.23,21.37,21.75,21.02,38580.0
1996-08-06,21.13,21.24,21.28,20.84,36780.0
1996-08-07,21.42,21.12,21.5,20.7,47600.0
1996-08-08,21.55,21.45,21.71,21.25,35920.0
1996-08-09,21.57,21.55,21.62,21.31,23600.0
1996-08-12,22.22,21.6,22.25,21.57,39140.0
1996-08-13,22.37,22.23,22.43,21.87,42660.0
1996-08-14,22.12,22.35,22.43,21.95,30520.0
1996-08-15,21.9,22.08,22.08,21.79,28180.0
1996-08-16,22.66,21.9,22.7,21.83,31870.0
1996-08-19,23.26,22.59,23.35,22.53,42740.0
1996-08-20,22.86,23.19,23.2,22.6,40220.0
1996-08-21,21.72,22.08,22.09,21.6,34230.0
1996-08-22,22.3,21.8,22.35,21.75,40270.0
1996-08-23,21.96,22.28,22.37,21.85,26690.0
1996-08-26,21.62,21.95,22.05,21.4,34820.0
1996-08-27,21.56,21.58,21.87,21.45,25180.0
1996-08-28,21.71,21.53,22.1,21.35,42900.0
1996-08-29,22.15,21.74,22.41,21.67,40730.0
1996-08-30,22.25,22.25,22.38,22.02,23770.0
1996-09-03,23.4,23.4,24.25,22.85,52620.0
1996-09-04,23.24,23.35,23.65,23.03,43830.0
1996-09-05,23.44,23.29,23.52,22.99,38270.0
1996-09-06,23.85,23.42,23.89,23.4,37200.0
1996-09-09,23.73,23.88,24.0,23.47,32820.0
1996-09-10,24.12,23.72,24.23,23.52,45080.0
1996-09-11,24.75,24.12,24.98,24.08,44550.0
1996-09-12,25.0,24.82,25.3,24.26,53130.0
1996-09-13,24.51,25.1,25.35,24.2,42710.0
1996-09-16,23.19,24.2,24.5,23.1,41430.0
1996-09-17,23.31,23.09,23.73,22.97,42180.0
1996-09-18,23.89,23.31,23.9,23.28,27240.0
1996-09-19,23.54,23.85,23.88,23.19,32830.0
1996-09-20,23.63,23.48,23.8,23.26,39240.0
1996-09-23,23.37,23.2,23.4,22.85,29660.0
1996-09-24,24.07,23.39,24.1,23.34,38460.0
1996-09-25,24.46,24.06,24.54,23.74,49160.0
1996-09-26,24.16,24.4,24.62,24.12,32439.0
1996-09-27,24.6,24.12,24.66,23.82,27350.0
1996-09-30,24.38,24.57,24.8,24.2,27730.0
1996-10-01,24.14,24.1,24.48,23.83,40060.0
1996-10-02,24.05,24.17,24.65,24.02,45060.0
1996-10-03,24.81,24.09,24.87,24.05,41680.0
1996-10-04,24.73,24.75,25.08,24.46,33610.0
1996-10-07,25.24,24.72,25.28,24.72,32780.0
1996-10-08,25.54,25.29,25.6,24.98,38040.0
1996-10-09,25.07,25.42,25.53,24.93,35810.0
1996-10-10,24.26,25.04,25.05,24.22,51660.0
1996-10-11,24.66,24.26,24.7,24.24,31090.0
1996-10-14,25.62,24.75,25.68,24.75,32390.0
1996-10-15,25.42,25.57,25.72,25.22,26150.0
1996-10-16,25.17,25.37,25.7,24.71,32750.0
1996-10-17,25.42,25.21,25.54,24.9,27000.0
1996-10-18,25.79,25.41,25.85,25.41,21600.0
1996-10-21,25.92,25.79,26.05,25.55,28550.0
1996-10-22,25.75,25.9,26.1,25.38,34190.0
1996-10-23,24.86,25.5,25.55,24.83,44910.0
1996-10-24,24.51,24.81,24.9,24.37,52400.0
1996-10-25,24.86,24.52,24.9,24.4,30730.0
1996-10-28,24.85,24.91,25.35,24.64,50680.0
1996-10-29,24.34,24.78,24.78,24.11,45550.0
1996-10-30,24.28,24.32,24.35,24.0,43750.0
1996-10-31,23.35,24.27,24.6,23.1,69440.0
1996-11-01,23.03,23.2,23.47,23.0,39650.0
1996-11-04,22.79,23.07,23.34,22.75,34960.0
1996-11-05,22.64,22.75,23.09,22.6,40760.0
1996-11-06,22.69,22.66,23.15,22.47,55690.0
1996-11-07,22.74,22.65,23.04,22.58,40580.0
1996-11-08,23.59,22.79,23.7,22.76,50480.0
1996-11-11,23.37,23.59,23.84,23.22,37150.0
1996-11-12,23.35,23.37,23.48,23.15,33290.0
1996-11-13,24.12,23.38,24.15,23.37,47880.0
1996-11-14,24.41,24.11,24.45,23.88,47490.0
1996-11-15,24.17,24.4,24.43,24.0,32420.0
1996-11-18,23.88,24.11,24.22,23.81,30270.0
1996-11-19,24.49,23.84,24.55,23.72,43910.0
1996-11-20,23.76,24.44,24.95,23.25,39770.0
1996-11-21,23.84,23.4,23.95,23.35,74790.0
1996-11-22,23.75,23.87,24.31,23.55,39410.0
1996-11-25,23.49,23.65,23.95,23.25,35350.0
1996-11-26,23.62,23.48,23.83,23.28,34300.0
1996-11-27,23.75,23.67,23.92,23.52,
1996-12-02,24.8,23.9,24.85,23.52,40820.0
1996-12-03,24.93,24.76,25.0,24.41,41610.0
1996-12-04,24.8,24.94,25.18,24.57,45590.0
1996-12-05,25.58,24.92,25.63,24.9,44660.0
1996-12-06,25.62,25.58,25.7,24.92,40840.0
1996-12-09,25.3,25.51,25.59,24.98,32659.0
1996-12-10,24.42,25.24,25.27,24.28,50010.0
1996-12-11,23.38,24.43,24.47,23.15,57720.0
1996-12-12,23.72,23.36,23.82,23.33,32380.0
1996-12-13,24.47,23.72,24.5,23.72,38500.0
1996-12-16,25.74,24.45,25.95,24.45,45940.0
1996-12-17,25.71,25.62,25.8,25.31,34310.0
1996-12-18,26.16,25.77,26.2,25.03,36760.0
1996-12-19,26.57,26.15,26.8,25.9,34450.0
1996-12-20,25.08,25.35,25.5,25.05,28930.0
1996-12-23,24.79,25.1,25.17,24.68,20150.0
1996-12-24,25.1,24.7,25.15,24.64,9270.0
1996-12-26,24.92,24.94,25.2,24.81,10230.0
1996-12-27,25.22,24.97,25.38,24.94,15560.0
1996-12-30,25.37,25.17,25.55,25.12,22350.0
1996-12-31,25.92,25.29,25.97,25.22,21480.0
1997-01-02,25.69,25.88,26.05,25.6,29310.0
1997-01-03,25.59,25.72,25.78,25.35,25040.0
1997-01-06,26.37,25.7,26.47,25.63,43200.0
1997-01-07,26.23,26.27,26.45,26.07,36550.0
1997-01-08,26.62,26.2,26.65,25.85,50760.0
1997-01-09,26.37,26.6,26.74,26.25,43250.0
1997-01-10,26.09,26.32,26.41,26.0,41900.0
1997-01-13,25.19,26.2,26.5,25.16,57970.0
1997-01-14,25.11,25.22,25.35,24.9,34880.0
1997-01-15,25.95,25.12,26.12,24.65,64700.0
1997-01-16,25.52,25.85,26.0,25.45,36380.0
1997-01-17,25.41,25.43,25.85,24.95,42220.0
1997-01-20,25.23,25.35,25.63,25.02,31300.0
1997-01-21,24.8,25.15,25.25,24.5,29520.0
1997-01-22,24.24,24.22,24.58,23.8,58140.0
1997-01-23,24.18,24.21,24.75,24.15,45920.0
1997-01-24,24.05,24.1,24.4,24.03,28430.0
1997-01-27,23.94,24.15,24.26,23.63,44440.0
1997-01-28,23.9,23.92,24.17,23.84,23530.0
1997-01-29,24.47,23.89,24.55,23.82,39330.0
1997-01-30,24.87,24.5,25.0,24.43,41660.0
1997-01-31,24.15,24.87,24.87,24.1,51650.0
1997-02-03,24.15,24.09,24.35,23.98,33580.0
1997-02-04,24.02,24.15,24.43,23.82,41370.0
1997-02-05,23.91,24.04,24.23,23.8,37050.0
1997-02-06,23.1,23.92,23.92,23.05,56680.0
1997-02-07,22.23,23.06,23.23,22.15,68650.0
1997-02-10,22.46,22.34,22.5,21.65,55800.0
1997-02-11,22.42,22.43,22.62,22.25,34450.0
1997-02-12,21.86,22.42,22.75,21.8,62770.0
1997-02-13,22.02,21.9,22.1,21.5,44220.0
1997-02-14,22.41,22.12,22.48,22.09,32520.0
1997-02-18,22.52,22.3,22.67,21.89,35750.0
1997-02-19,22.79,21.9,22.82,21.9,32870.0
1997-02-20,21.98,22.74,22.78,21.9,43290.0
1997-02-21,21.39,21.69,21.75,21.33,36310.0
1997-02-24,20.71,21.36,21.45,20.65,52630.0
1997-02-25,21.0,20.68,21.31,20.68,50260.0
1997-02-26,21.11,21.01,21.4,20.74,60700.0
1997-02-27,20.89,21.11,21.29,20.84,30770.0
1997-02-28,20.3,20.84,20.86,20.25,41920.0
1997-03-03,20.25,20.29,20.5,19.96,46030.0
1997-03-04,20.66,20.27,20.89,20.08,55370.0
1997-03-05,20.49,20.64,20.96,20.33,50660.0
1997-03-06,20.94,20.55,21.15,20.25,60250.0
1997-03-07,21.28,20.95,21.37,20.8,49020.0
1997-03-10,20.49,21.24,21.27,20.45,46650.0
1997-03-11,20.11,20.64,20.64,20.05,42830.0
1997-03-12,20.62,20.16,20.85,19.86,55220.0
1997-03-13,20.7,20.65,21.11,20.62,37720.0
1997-03-14,21.29,20.65,21.45,20.6,54820.0
1997-03-17,20.92,21.28,21.4,20.85,26080.0
1997-03-18,22.06,20.95,22.25,20.84,38580.0
1997-03-19,22.04,21.9,22.65,21.8,31500.0
1997-03-20,22.32,22.04,22.5,21.65,33020.0
1997-03-21,21.51,21.74,22.22,21.43,40980.0
1997-03-24,21.06,21.51,21.59,21.02,35390.0
1997-03-25,20.99,21.03,21.28,20.95,39130.0
1997-03-26,20.64,21.01,21.42,20.6,61170.0
1997-03-27,20.7,20.6,20.85,20.53,44970.0
1997-03-31,20.41,20.84,20.88,20.35,32060.0
1997-04-01,20.28,20.41,20.65,20.21,42610.0
1997-04-02,19.47,20.32,20.42,19.35,73590.0
1997-04-03,19.47,19.55,19.79,19.38,53630.0
1997-04-04,19.12,19.47,19.71,18.96,51290.0
1997-04-07,19.23,19.25,19.62,19.15,49840.0
1997-04-08,19.35,19.25,19.5,19.2,32710.0
1997-04-09,19.27,19.38,19.77,19.12,54100.0
1997-04-10,19.57,19.2,19.9,18.96,64650.0
1997-04-11,19.53,19.55,19.74,19.45,31580.0
1997-04-14,19.9,19.62,20.03,19.61,37080.0
1997-04-15,19.83,19.88,20.09,19.59,45910.0
1997-04-16,19.35,19.82,19.85,19.33,33490.0
1997-04-17,19.42,19.38,19.58,19.1,31790.0
1997-04-18,19.91,19.44,19.97,19.43,33330.0
1997-04-21,20.38,19.8,20.49,19.72,34930.0
1997-04-22,19.6,20.4,20.55,19.35,30220.0
1997-04-23,19.73,19.7,19.78,19.4,38220.0
1997-04-24,20.03,19.8,20.05,19.67,34020.0
1997-04-25,19.99,19.95,20.22,19.82,38060.0
1997-04-28,19.91,19.9,20.03,19.82,20030.0
1997-04-29,20.44,19.88,20.49,19.83,55390.0
1997-04-30,20.21,20.4,20.53,20.15,45980.0
1997-05-01,19.91,20.08,20.29,19.86,38210.0
1997-05-02,19.6,19.88,20.0,19.44,60810.0
1997-05-05,19.63,19.65,19.88,19.55,31840.0
1997-05-06,19.66,19.58,19.84,19.48,40540.0
1997-05-07,19.62,19.77,19.9,19.57,35920.0
1997-05-08,20.34,19.7,20.38,19.6,67860.0
1997-05-09,20.43,20.35,20.55,20.18,48470.0
1997-05-12,21.38,20.73,21.55,20.48,58320.0
1997-05-13,21.37,21.31,21.47,21.12,40840.0
1997-05-14,21.39,20.93,21.45,20.85,45230.0
1997-05-15,21.3,21.28,21.48,21.18,34800.0
1997-05-16,22.12,21.25,22.4,21.16,42660.0
1997-05-19,21.59,21.9,22.07,21.36,39020.0
1997-05-20,21.19,21.3,21.8,21.05,26810.0
1997-05-21,21.86,21.63,21.95,21.46,50260.0
1997-05-22,21.86,21.8,22.08,21.76,35920.0
1997-05-23,21.63,21.85,21.97,21.53,38950.0
1997-05-27,20.79,21.57,21.57,20.65,63560.0
1997-05-28,20.79,20.85,20.98,20.65,39920.0
1997-05-29,20.97,20.8,21.28,20.57,54680.0
1997-05-30,20.88,21.03,21.05,20.76,31770.0
1997-06-02,20.98,20.64,21.17,20.64,26620.0
1997-06-03,20.33,21.0,21.02,20.28,72840.0
1997-06-04,20.12,20.28,20.38,20.0,42850.0
1997-06-05,19.66,20.12,20.2,19.63,44650.0
1997-06-06,18.79,19.72,19.85,18.75,74570.0
1997-06-09,18.68,18.86,18.96,18.6,46160.0
1997-06-10,18.67,18.65,18.98,18.55,32330.0
1997-06-11,18.53,18.69,19.2,18.41,57410.0
1997-06-12,18.69,18.56,18.81,18.53,39400.0
1997-06-13,18.83,18.81,19.17,18.71,54700.0
1997-06-16,19.01,18.87,19.18,18.77,32110.0
1997-06-17,19.23,19.01,19.47,19.01,32950.0
1997-06-18,18.79,19.17,19.17,18.66,33260.0
1997-06-19,18.67,18.82,19.05,18.55,30160.0
1997-06-20,18.55,18.68,18.74,18.35,25540.0
1997-06-23,19.14,19.04,19.22,18.86,30930.0
1997-06-24,19.03,19.17,19.45,18.92,37630.0
1997-06-25,19.52,19.0,19.75,18.85,60490.0
1997-06-26,19.09,19.55,19.6,19.03,42130.0
1997-06-27,19.46,19.16,19.55,19.12,41510.0
1997-06-30,19.8,19.4,19.9,19.4,37020.0
1997-07-01,20.12,19.82,20.27,19.79,50570.0
1997-07-02,20.34,20.15,20.39,19.91,56550.0
1997-07-03,19.56,20.33,20.38,19.46,46730.0
1997-07-07,19.52,19.53,20.4,19.28,33990.0
1997-07-08,19.73,19.57,19.78,19.45,34820.0
1997-07-09,19.46,19.71,19.76,19.3,49500.0
1997-07-10,19.22,19.42,19.52,19.07,47300.0
1997-07-11,19.33,19.01,19.44,19.01,30570.0
1997-07-14,18.99,19.42,19.68,18.93,39270.0
1997-07-15,19.67,18.97,19.8,18.88,61630.0
1997-07-16,19.65,19.65,19.8,19.47,48250.0
1997-07-17,19.99,19.61,20.24,19.53,57720.0
1997-07-18,19.27,18.97,20.03,19.15,45090.0
1997-07-21,19.18,19.27,19.32,18.98,37260.0
1997-07-22,19.08,19.2,19.39,18.99,35810.0
1997-07-23,19.63,19.48,19.71,19.4,36820.0
1997-07-24,19.77,19.7,19.82,19.58,27440.0
1997-07-25,19.89,19.67,20.2,19.6,72840.0
1997-07-28,19.81,19.93,20.07,19.63,44340.0
1997-07-29,19.85,19.77,20.01,19.77,27450.0
1997-07-30,20.3,19.86,20.33,19.85,52220.0
1997-07-31,20.14,20.36,20.5,19.65,77140.0
1997-08-01,20.28,20.15,20.32,19.88,36140.0
1997-08-04,20.75,20.3,20.92,19.95,68020.0
1997-08-05,20.81,20.85,20.94,20.55,47980.0
1997-08-06,20.46,20.78,20.92,20.4,42990.0
1997-08-07,20.09,20.46,20.63,20.07,49650.0
1997-08-08,19.54,20.1,20.15,19.49,66110.0
1997-08-11,19.69,19.6,19.75,19.55,29600.0
1997-08-12,19.99,19.7,20.02,19.68,34110.0
1997-08-13,20.19,19.99,20.3,19.75,46680.0
1997-08-14,20.08,20.15,20.45,20.06,49090.0
1997-08-15,20.07,20.03,20.17,19.86,42680.0
1997-08-18,19.91,20.05,20.05,19.67,38980.0
1997-08-19,20.12,19.93,20.35,19.91,34960.0
1997-08-20,20.06,20.13,20.25,19.88,34840.0
1997-08-21,19.66,20.19,20.22,19.59,66130.0
1997-08-22,19.7,19.66,19.88,19.63,40040.0
1997-08-25,19.26,19.75,19.77,19.14,71010.0
1997-08-26,19.28,19.28,19.42,19.16,44360.0
1997-08-27,19.73,19.35,19.85,19.17,67740.0
1997-08-28,19.58,19.8,19.95,19.46,41290.0
1997-08-29,19.61,19.61,19.76,19.53,25150.0
1997-09-02,19.65,19.6,19.88,19.38,39630.0
1997-09-03,19.61,19.65,19.79,19.54,34600.0
1997-09-04,19.4,19.57,19.69,19.36,49390.0
1997-09-05,19.63,19.42,19.99,19.32,67900.0
1997-09-08,19.45,19.65,19.75,19.41,41860.0
1997-09-09,19.42,19.45,19.61,19.37,32299.0
1997-09-10,19.42,19.45,19.63,19.35,41860.0
1997-09-11,19.37,19.39,19.72,19.3,52340.0
1997-09-12,19.32,19.39,19.47,19.27,28540.0
1997-09-15,19.27,19.45,19.45,19.23,31610.0
1997-09-16,19.61,19.26,19.85,19.24,59100.0
1997-09-17,19.42,19.62,19.67,19.4,41540.0
1997-09-18,19.38,19.4,19.6,19.32,45320.0
1997-09-19,19.35,19.34,19.44,19.3,28770.0
1997-09-22,19.6,19.37,19.66,19.37,36320.0
1997-09-23,19.79,19.82,19.98,19.75,40040.0
1997-09-24,19.94,19.82,20.04,19.64,40400.0
1997-09-25,20.39,19.95,20.47,19.95,66810.0
1997-09-26,20.87,20.35,20.92,20.3,70920.0
1997-09-29,21.26,20.87,21.3,20.71,71230.0
1997-09-30,21.18,21.16,21.48,21.15,59260.0
1997-10-01,21.05,21.16,21.33,21.01,46640.0
1997-10-02,21.77,21.03,21.85,20.87,56960.0
1997-10-03,22.76,21.83,23.15,21.77,86320.0
1997-10-06,21.93,22.85,23.03,21.65,63050.0
1997-10-07,21.96,21.83,22.27,21.8,43290.0
1997-10-08,22.18,21.96,22.34,21.77,53250.0
1997-10-09,22.12,22.17,22.3,21.81,54280.0
1997-10-10,22.1,22.03,22.2,21.88,34330.0
1997-10-13,21.32,22.0,22.0,21.2,51140.0
1997-10-14,20.7,21.3,21.54,20.51,76520.0
1997-10-15,20.57,20.72,20.88,20.5,44710.0
1997-10-16,20.97,20.59,21.02,20.47,39480.0
1997-10-17,20.59,21.0,21.55,20.5,39560.0
1997-10-20,20.7,20.59,20.75,20.45,31110.0
1997-10-21,20.67,20.64,20.77,20.55,30010.0
1997-10-22,21.42,20.83,21.57,20.83,66060.0
1997-10-23,21.09,21.42,21.55,21.05,39430.0
1997-10-24,20.97,21.12,21.46,20.91,50000.0
1997-10-27,21.07,20.97,21.44,20.97,27430.0
1997-10-28,20.46,21.06,21.08,20.15,95280.0
1997-10-29,20.71,20.41,20.95,20.36,48480.0
1997-10-30,21.22,20.72,21.25,20.72,49690.0
1997-10-31,21.08,21.2,21.42,21.06,36400.0
1997-11-03,20.96,21.3,21.55,20.85,37270.0
1997-11-04,20.7,20.94,21.03,20.65,27970.0
1997-11-05,20.31,20.68,20.75,20.28,41970.0
1997-11-06,20.39,20.55,20.6,20.33,36690.0
1997-11-07,20.77,20.45,21.06,20.4,56800.0
1997-11-10,20.4,20.87,21.1,20.35,43950.0
1997-11-11,20.51,20.45,20.63,20.36,30120.0
1997-11-12,20.49,20.54,20.6,20.4,27620.0
1997-11-13,20.7,20.48,20.79,20.41,37410.0
1997-11-14,21.0,20.73,21.15,20.7,51530.0
1997-11-17,20.26,20.9,20.92,20.1,46540.0
1997-11-18,20.04,20.35,20.41,19.9,28340.0
1997-11-19,19.8,20.03,20.09,19.7,29390.0
1997-11-20,19.16,19.84,20.39,19.05,32439.0
1997-11-21,19.76,19.67,19.82,19.35,41500.0
1997-11-24,19.83,19.79,19.85,19.63,20770.0
1997-11-25,19.73,19.89,19.93,19.7,25590.0
1997-11-26,19.15,19.71,19.72,18.96,61450.0
1997-12-01,18.66,19.07,19.07,18.56,54930.0
1997-12-02,18.76,18.75,18.88,18.66,35530.0
1997-12-03,18.8,18.78,18.91,18.47,46300.0
1997-12-04,18.6,18.79,18.93,18.55,40300.0
1997-12-05,18.71,18.55,19.0,18.44,44870.0
1997-12-08,18.84,18.76,19.07,18.75,24600.0
1997-12-09,18.67,18.85,18.89,18.62,30790.0
1997-12-10,18.14,18.65,18.8,18.05,54830.0
1997-12-11,18.15,18.24,18.33,17.95,45360.0
1997-12-12,18.21,18.17,18.43,18.15,32360.0
1997-12-15,18.17,18.16,18.33,18.12,32700.0
1997-12-16,18.17,18.17,18.25,17.97,37010.0
1997-12-17,18.19,18.15,18.4,17.96,38200.0
1997-12-18,18.52,18.25,18.65,18.19,36430.0
1997-12-19,18.39,18.5,18.7,18.18,38280.0
1997-12-22,18.32,18.51,18.59,18.3,21560.0
1997-12-23,18.33,18.28,18.45,18.2,23370.0
1997-12-24,18.35,18.34,18.42,18.21,9820.0
1997-12-26,18.2,18.35,18.35,18.16,11780.0
1997-12-29,17.62,18.17,18.2,17.58,39730.0
1997-12-30,17.6,17.61,17.77,17.5,840.0
1997-12-31,17.64,17.6,17.84,17.5,24610.0
1998-01-02,17.43,17.68,17.68,17.4,15870.0
1998-01-05,16.89,17.35,17.35,16.85,45390.0
1998-01-06,16.91,16.84,17.32,16.77,56220.0
1998-01-07,16.82,16.85,17.08,16.62,52470.0
1998-01-08,16.97,16.82,17.13,16.82,49350.0
1998-01-09,16.63,16.96,17.1,16.6,47140.0
1998-01-12,16.47,16.63,16.7,16.3,55840.0
1998-01-13,16.43,16.5,16.85,16.4,42770.0
1998-01-14,16.45,16.48,16.7,16.38,69010.0
1998-01-15,16.34,16.5,16.81,16.31,43460.0
1998-01-16,16.51,16.34,16.6,16.32,42200.0
1998-01-20,16.42,16.82,16.83,16.35,50720.0
1998-01-21,16.36,16.52,16.64,16.3,52180.0
1998-01-22,16.04,16.36,16.39,15.91,55620.0
1998-01-23,15.74,16.06,16.25,15.7,59770.0
1998-01-26,16.82,15.8,17.32,15.8,94550.0
1998-01-27,16.98,16.8,17.4,16.72,81050.0
1998-01-28,17.31,16.98,17.49,16.85,58160.0
1998-01-29,17.82,17.31,18.06,17.31,73110.0
1998-01-30,17.21,17.84,17.94,16.9,63740.0
1998-02-02,17.05,17.16,17.2,16.7,53420.0
1998-02-03,16.5,17.04,17.17,16.45,48090.0
1998-02-04,16.37,16.55,16.66,16.25,47620.0
1998-02-05,16.58,16.37,16.88,16.32,45500.0
1998-02-06,16.7,16.58,17.0,16.54,51790.0
1998-02-09,16.63,16.61,16.85,16.55,23650.0
1998-02-10,16.43,16.61,16.73,16.4,36280.0
1998-02-11,16.15,16.43,16.66,16.05,56060.0
1998-02-12,15.96,16.15,16.18,15.92,47570.0
1998-02-13,16.02,15.95,16.23,15.9,42630.0
1998-02-17,15.66,15.85,15.88,15.52,49370.0
1998-02-18,16.25,15.67,16.35,15.45,45190.0
1998-02-19,16.16,16.23,16.59,16.1,41860.0
1998-02-20,16.15,16.15,16.39,16.02,30400.0
1998-02-23,15.37,15.88,16.03,15.35,80130.0
1998-02-24,15.31,15.4,15.56,15.2,47620.0
1998-02-25,15.45,15.35,15.68,15.26,46550.0
1998-02-26,15.35,15.48,15.86,15.3,57790.0
1998-02-27,15.44,15.4,15.58,15.21,58530.0
1998-03-02,15.34,15.5,15.7,15.32,32540.0
1998-03-03,15.27,15.31,15.6,15.17,56590.0
1998-03-04,15.32,15.26,15.47,15.07,52970.0
1998-03-05,15.33,15.33,15.55,15.26,39910.0
1998-03-06,14.91,15.33,15.39,14.88,63460.0
1998-03-09,14.33,14.83,14.83,14.15,71040.0
1998-03-10,14.26,14.39,14.52,14.22,46090.0
1998-03-11,14.18,14.26,14.56,14.15,55600.0
1998-03-12,14.2,14.18,14.36,13.97,49380.0
1998-03-13,14.06,14.25,14.38,14.01,37070.0
1998-03-16,13.28,14.05,14.05,13.26,67460.0
1998-03-17,13.21,13.3,13.37,12.8,47960.0
1998-03-18,14.34,13.32,14.5,13.25,49760.0
1998-03-19,14.31,14.25,14.66,14.15,33110.0
1998-03-20,14.32,14.28,14.55,14.07,34550.0
1998-03-23,16.51,15.75,17.5,15.75,110910.0
1998-03-24,15.92,16.36,16.53,15.87,66220.0
1998-03-25,16.48,15.95,16.5,15.7,61620.0
1998-03-26,16.83,16.53,17.2,16.48,101640.0
1998-03-27,16.76,16.9,17.04,16.68,43640.0
1998-03-30,16.21,16.75,16.9,16.07,44040.0
1998-03-31,15.61,16.23,16.26,15.56,66520.0
1998-04-01,15.54,15.6,15.78,15.31,60870.0
1998-04-02,15.74,15.6,15.8,15.48,49260.0
1998-04-03,15.99,15.78,16.08,15.75,51820.0
1998-04-06,15.45,15.95,15.95,15.34,51770.0
1998-04-07,15.22,15.45,15.48,15.17,46310.0
1998-04-08,15.55,15.24,15.68,15.16,53950.0
1998-04-09,15.56,15.56,15.8,15.52,46890.0
1998-04-13,15.32,15.48,15.68,15.28,26860.0
1998-04-14,15.12,15.3,15.35,15.1,43840.0
1998-04-15,15.46,15.33,15.6,15.02,1010.0
1998-04-16,15.9,15.49,16.0,15.47,61770.0
1998-04-17,15.46,15.91,16.2,15.38,56000.0
1998-04-20,15.41,15.46,15.59,15.37,39370.0
1998-04-21,15.45,15.45,15.61,15.18,42690.0
1998-04-22,15.54,15.86,16.0,15.5,49920.0
1998-04-23,15.19,15.62,15.7,15.03,97350.0
1998-04-24,15.09,15.19,15.36,15.04,52870.0
1998-04-27,15.32,15.12,15.45,14.95,56210.0
1998-04-28,15.74,15.48,15.8,15.37,47790.0
1998-04-29,15.32,15.7,15.8,15.25,55700.0
1998-04-30,15.39,15.2,15.49,15.06,47110.0
1998-05-01,16.13,15.51,16.3,15.44,91540.0
1998-05-04,15.95,15.8,16.1,15.74,48750.0
1998-05-05,15.47,15.83,15.92,15.23,80350.0
1998-05-06,15.37,15.33,15.54,15.16,57720.0
1998-05-07,15.24,15.28,15.68,15.2,70230.0
1998-05-08,15.13,15.32,15.37,15.11,44380.0
1998-05-11,15.17,15.08,15.49,14.9,54130.0
1998-05-12,15.24,15.27,15.39,15.11,34520.0
1998-05-13,14.95,15.2,15.32,14.9,49520.0
1998-05-14,15.08,14.83,15.3,14.77,51760.0
1998-05-15,14.47,15.05,15.15,14.33,48100.0
1998-05-18,14.07,14.41,14.52,13.95,53780.0
1998-05-19,12.96,13.85,14.1,12.5,50720.0
1998-05-20,14.18,14.7,15.08,14.13,90840.0
1998-05-21,14.63,14.27,14.67,14.18,77390.0
1998-05-22,14.78,14.62,14.89,14.45,58640.0
1998-05-26,14.82,14.75,14.9,14.31,49870.0
1998-05-27,14.99,14.89,15.07,14.76,47790.0
1998-05-28,14.85,14.99,15.07,14.66,46770.0
1998-05-29,15.2,14.87,15.25,14.7,56750.0
1998-06-01,14.96,15.2,15.23,14.74,57990.0
1998-06-02,14.84,14.96,15.1,14.78,31180.0
1998-06-03,14.81,14.84,14.95,14.47,57300.0
1998-06-04,15.12,14.86,15.57,14.85,86750.0
1998-06-05,15.07,15.15,15.4,15.02,41940.0
1998-06-08,14.55,15.02,15.02,14.53,54590.0
1998-06-09,13.85,14.5,14.55,13.81,76420.0
1998-06-10,13.48,13.77,13.94,13.12,70520.0
1998-06-11,12.75,13.45,13.6,12.7,66640.0
1998-06-12,12.59,12.67,12.99,12.5,52230.0
1998-06-15,11.56,12.7,12.7,11.4,67280.0
1998-06-16,11.98,11.7,12.35,11.55,58570.0
1998-06-17,12.6,12.15,13.1,12.05,74200.0
1998-06-18,11.77,12.6,12.6,11.6,37520.0
1998-06-19,11.84,11.8,12.03,11.51,40720.0
1998-06-22,13.43,12.02,13.7,11.86,41830.0
1998-06-23,14.52,13.66,14.83,13.66,95800.0
1998-06-24,14.6,14.55,14.83,14.12,67030.0
1998-06-25,14.03,14.5,14.55,13.75,67500.0
1998-06-26,14.13,14.08,14.3,13.86,40900.0
1998-06-29,14.07,14.15,14.45,13.87,23680.0
1998-06-30,14.18,14.12,14.55,14.09,47910.0
1998-07-01,14.37,14.3,14.4,14.13,35220.0
1998-07-02,14.5,14.37,14.67,14.36,34150.0
1998-07-06,13.92,14.45,14.74,13.88,40130.0
1998-07-07,13.62,13.89,13.92,13.6,50330.0
1998-07-08,13.85,13.7,14.16,13.58,60220.0
1998-07-09,13.88,13.87,14.14,13.75,49990.0
1998-07-10,13.87,13.88,14.08,13.85,34610.0
1998-07-13,13.91,13.65,14.05,13.55,47440.0
1998-07-14,14.55,13.93,14.74,13.91,77010.0
1998-07-15,14.87,14.56,15.0,14.56,62900.0
1998-07-16,14.52,14.88,14.93,14.48,46470.0
1998-07-17,13.98,14.5,14.53,13.92,54170.0
1998-07-20,13.34,13.98,14.0,13.25,44060.0
1998-07-21,13.79,13.44,13.85,13.35,37050.0
1998-07-22,14.16,14.15,14.24,13.62,52670.0
1998-07-23,13.88,14.16,14.28,13.75,67040.0
1998-07-24,13.87,13.87,13.96,13.71,44910.0
1998-07-27,14.22,13.95,14.24,13.92,31280.0
1998-07-28,14.27,14.29,14.45,14.1,46810.0
1998-07-29,14.09,14.26,14.28,13.96,35420.0
1998-07-30,14.21,14.07,14.48,13.97,57540.0
1998-07-31,14.21,14.21,14.35,14.11,30550.0
1998-08-03,13.7,14.23,14.25,13.64,62060.0
1998-08-04,13.75,13.67,13.88,13.67,37560.0
1998-08-05,13.68,13.81,14.15,13.54,77150.0
1998-08-06,13.76,13.68,13.92,13.64,35580.0
1998-08-07,13.8,13.78,13.95,13.76,30470.0
1998-08-10,13.05,13.81,13.85,13.02,70220.0
1998-08-11,12.76,13.09,13.1,12.56,68740.0
1998-08-12,12.71,12.9,12.97,12.69,38640.0
1998-08-13,13.21,12.71,13.5,12.69,59480.0
1998-08-14,13.35,13.24,13.42,12.99,56970.0
1998-08-17,13.2,13.39,13.5,13.09,41640.0
1998-08-18,12.92,13.2,13.25,12.9,35450.0
1998-08-19,13.16,12.94,13.22,12.94,49540.0
1998-08-20,13.54,13.16,13.8,13.1,42100.0
1998-08-21,13.37,13.8,14.0,13.2,52100.0
1998-08-24,13.64,13.37,13.67,13.29,34030.0
1998-08-25,13.77,13.66,13.85,13.55,42260.0
1998-08-26,13.58,13.75,13.84,13.36,45190.0
1998-08-27,13.23,13.6,13.6,13.0,63600.0
1998-08-28,13.5,13.25,13.52,13.08,46520.0
1998-08-31,13.34,13.5,13.58,13.18,37530.0
1998-09-01,13.73,13.27,13.78,13.14,80040.0
1998-09-02,13.67,13.7,13.78,13.55,54590.0
1998-09-03,14.67,13.67,14.76,13.62,87590.0
1998-09-04,14.59,14.7,14.97,14.44,54900.0
1998-09-08,14.29,14.4,14.58,14.21,41820.0
1998-09-09,14.12,14.23,14.49,14.1,53260.0
1998-09-10,14.67,14.16,14.89,14.13,66320.0
1998-09-11,14.34,14.65,15.11,14.28,68980.0
1998-09-14,14.42,14.34,14.68,14.34,43000.0
1998-09-15,14.57,14.4,14.75,14.32,46930.0
1998-09-16,14.53,14.57,14.78,14.41,58440.0
1998-09-17,14.86,14.58,14.92,14.53,46370.0
1998-09-18,15.49,14.85,15.55,14.85,60070.0
1998-09-21,15.49,15.45,15.76,15.31,30200.0
1998-09-22,15.67,15.45,15.75,15.27,65110.0
1998-09-23,15.81,15.85,16.1,15.7,62770.0
1998-09-24,15.98,15.79,16.2,15.61,74840.0
1998-09-25,15.75,15.98,16.11,15.66,50040.0
1998-09-28,15.64,15.8,16.1,15.52,38480.0
1998-09-29,15.98,15.7,16.0,15.43,65950.0
1998-09-30,16.14,15.98,16.18,15.78,52810.0
1998-10-01,15.43,16.15,16.36,15.25,98520.0
1998-10-02,15.64,15.46,15.67,15.23,46690.0
1998-10-05,15.39,15.65,15.73,15.11,51380.0
1998-10-06,15.5,15.38,15.56,15.17,41250.0
1998-10-07,15.06,15.52,15.59,15.02,51610.0
1998-10-08,14.42,15.06,15.08,14.37,84070.0
1998-10-09,14.58,14.48,14.62,14.14,57910.0
1998-10-12,14.44,14.62,14.7,14.41,28750.0
1998-10-13,14.23,14.36,14.58,14.05,52090.0
1998-10-14,14.05,14.26,14.34,14.0,46840.0
1998-10-15,14.05,14.06,14.18,13.88,48270.0
1998-10-16,14.15,14.07,14.31,13.99,43440.0
1998-10-19,13.35,14.2,14.38,13.31,61350.0
1998-10-20,13.43,13.3,13.52,13.07,34040.0
1998-10-21,14.08,13.51,14.4,13.4,96400.0
1998-10-22,13.97,14.08,14.18,13.83,53960.0
1998-10-23,14.05,13.96,14.32,13.94,40740.0
1998-10-26,14.23,14.08,14.49,14.05,54870.0
1998-10-27,14.13,14.23,14.58,13.9,74470.0
1998-10-28,14.29,14.15,14.3,13.92,47230.0
1998-10-29,14.24,14.32,14.42,14.05,42860.0
1998-10-30,14.42,14.24,14.45,13.86,72250.0
1998-11-02,14.36,14.73,14.81,14.3,60910.0
1998-11-03,14.2,14.36,14.42,14.1,50300.0
1998-11-04,14.14,14.23,14.3,13.92,58100.0
1998-11-05,13.97,14.12,14.2,13.84,57660.0
1998-11-06,13.87,13.9,14.24,13.75,83140.0
1998-11-09,13.38,14.12,14.12,13.34,58100.0
1998-11-10,13.52,13.35,13.64,13.23,58320.0
1998-11-11,13.55,13.49,13.9,13.48,53830.0
1998-11-12,13.84,13.54,13.94,13.52,55000.0
1998-11-13,13.57,13.85,14.22,13.45,89260.0
1998-11-16,12.82,13.3,13.44,12.78,62130.0
1998-11-17,12.45,12.79,12.91,12.4,44020.0
1998-11-18,12.14,12.41,12.6,11.65,61290.0
1998-11-19,12.15,12.15,12.55,12.0,40450.0
1998-11-20,12.14,12.1,12.31,11.92,150.0
1998-11-23,12.45,13.0,13.1,12.4,53830.0
1998-11-24,12.12,12.44,12.53,12.11,47470.0
1998-11-25,11.86,12.13,12.36,11.63,69880.0
1998-11-30,11.22,11.85,11.98,10.82,76040.0
1998-12-01,11.13,11.28,11.43,10.85,63850.0
1998-12-02,11.24,11.13,11.32,10.95,46590.0
1998-12-03,11.19,11.28,11.65,11.15,75010.0
1998-12-04,11.17,11.18,11.36,11.11,37020.0
1998-12-07,11.47,11.22,11.55,10.83,72770.0
1998-12-08,11.3,11.54,11.83,11.26,72040.0
1998-12-09,11.16,11.31,11.46,11.12,54100.0
1998-12-10,10.72,11.15,11.25,10.68,93690.0
1998-12-11,10.79,10.74,11.02,10.65,51060.0
1998-12-14,11.29,11.0,11.34,10.84,64540.0
1998-12-15,11.55,11.29,11.69,11.18,58200.0
1998-12-16,12.38,11.52,12.6,11.5,88400.0
1998-12-17,11.03,12.32,12.62,11.0,70690.0
1998-12-18,10.95,11.02,11.21,10.75,45710.0
1998-12-21,10.81,10.9,11.25,10.35,44790.0
1998-12-22,11.12,11.0,11.25,10.98,32119.0
1998-12-23,11.33,11.12,11.47,11.12,31430.0
1998-12-24,11.23,11.33,11.4,11.15,17140.0
1998-12-28,11.46,11.25,11.56,11.24,27810.0
1998-12-29,11.72,11.54,11.74,11.45,35190.0
1998-12-30,11.75,11.75,11.81,11.43,34350.0
1998-12-31,12.05,11.7,12.14,11.6,30850.0
1999-01-04,12.34,12.15,12.42,12.06,59110.0
1999-01-05,11.99,12.37,12.42,11.93,19540.0
1999-01-06,12.8,12.02,12.85,12.02,81380.0
1999-01-07,13.09,12.82,13.25,12.55,99360.0
1999-01-08,13.07,13.01,13.25,12.78,59850.0
1999-01-11,13.44,13.03,13.75,12.92,72750.0
1999-01-12,12.89,13.5,13.5,12.85,59860.0
1999-01-13,12.31,12.81,12.95,12.17,74440.0
1999-01-14,12.15,12.32,12.54,12.1,60480.0
1999-01-15,12.11,12.21,12.35,12.06,28630.0
1999-01-19,12.08,12.14,12.5,12.06,57570.0
1999-01-20,11.81,12.06,12.08,11.72,420.0
1999-01-21,12.46,11.9,12.55,12.08,102880.0
1999-01-22,12.69,12.49,12.81,12.12,87320.0
1999-01-25,12.44,12.75,12.78,12.38,37240.0
1999-01-26,12.06,12.45,12.55,11.96,58900.0
1999-01-27,12.32,12.1,12.44,11.95,64090.0
1999-01-28,12.45,12.35,12.47,12.21,30630.0
1999-01-29,12.75,12.45,12.8,12.35,53290.0
1999-02-01,12.37,12.79,12.9,12.33,57120.0
1999-02-02,12.3,12.33,12.35,12.11,46200.0
1999-02-03,12.38,12.29,12.69,12.11,62880.0
1999-02-04,12.02,12.38,12.43,11.99,57070.0
1999-02-05,11.8,12.0,12.1,11.7,78860.0
1999-02-08,11.67,11.81,11.94,11.57,52210.0
1999-02-09,11.68,11.67,11.79,11.54,43120.0
1999-02-10,11.75,11.68,11.94,11.62,49080.0
1999-02-11,11.85,11.76,11.98,11.68,51440.0
1999-02-12,11.88,11.91,12.07,11.85,34700.0
1999-02-16,11.37,11.92,11.96,11.33,59580.0
1999-02-17,11.53,11.37,11.65,11.26,58610.0
1999-02-18,12.04,11.53,12.19,11.41,55270.0
1999-02-19,11.76,12.01,12.05,11.73,41230.0
1999-02-22,11.96,11.8,12.03,11.7,35580.0
1999-02-23,12.48,12.13,12.57,12.12,82880.0
1999-02-24,12.61,12.49,12.74,12.26,65510.0
1999-02-25,12.68,12.62,12.8,12.41,67580.0
1999-02-26,12.27,12.69,12.73,12.24,64879.0
1999-03-01,12.24,12.35,12.55,12.18,43550.0
1999-03-02,12.51,12.24,12.55,12.18,48380.0
1999-03-03,12.93,12.56,12.99,12.54,94240.0
1999-03-04,13.35,12.93,13.5,12.78,104800.0
1999-03-05,13.3,13.34,13.5,13.26,65400.0
1999-03-08,13.63,13.42,14.03,13.41,97320.0
1999-03-09,13.85,13.63,14.03,13.36,91430.0
1999-03-10,14.69,13.83,14.75,13.68,111560.0
1999-03-11,14.31,14.65,14.8,13.75,80370.0
1999-03-12,14.49,14.25,15.11,14.23,86490.0
1999-03-15,14.45,14.5,14.7,14.23,57410.0
1999-03-16,14.46,14.46,14.52,14.3,42770.0
1999-03-17,15.05,14.42,15.15,14.4,58430.0
1999-03-18,15.0,15.08,15.55,14.8,45280.0
1999-03-19,15.24,15.08,15.28,14.85,38700.0
1999-03-22,15.5,15.23,15.6,14.95,31330.0
1999-03-23,15.51,15.7,15.74,15.4,62450.0
1999-03-24,15.34,15.6,15.83,15.07,86790.0
1999-03-25,15.67,15.35,15.73,15.12,70120.0
1999-03-26,16.17,15.67,16.2,15.62,70870.0
1999-03-29,16.44,16.06,16.48,15.93,61730.0
1999-03-30,16.8,16.47,16.84,16.17,63900.0
1999-03-31,16.76,16.73,17.05,16.37,75020.0
1999-04-01,16.64,16.68,16.7,16.28,53750.0
1999-04-05,16.95,16.55,17.03,16.5,46800.0
1999-04-06,16.81,16.91,16.97,16.65,51370.0
1999-04-07,16.03,16.78,16.79,15.98,83080.0
1999-04-08,15.83,16.06,16.25,15.61,77180.0
1999-04-09,16.57,15.85,16.84,15.85,84870.0
1999-04-12,16.4,16.74,16.74,16.33,44030.0
1999-04-13,16.72,16.42,16.8,16.42,65340.0
1999-04-14,16.47,16.73,16.76,16.12,86640.0
1999-04-15,16.87,16.45,17.0,16.42,75110.0
1999-04-16,17.33,16.87,17.46,16.66,75450.0
1999-04-19,17.8,17.3,17.85,17.29,62510.0
1999-04-20,17.78,17.8,18.15,17.7,62480.0
1999-04-21,17.92,17.48,18.05,17.31,90510.0
1999-04-22,18.18,17.82,18.22,17.75,63030.0
1999-04-23,17.94,18.05,18.18,17.83,59720.0
1999-04-26,17.66,17.75,17.99,17.45,59360.0
1999-04-27,17.81,17.65,17.83,17.55,54960.0
1999-04-28,18.45,18.03,18.54,17.94,76100.0
1999-04-29,18.53,18.36,18.58,18.26,57590.0
1999-04-30,18.66,18.72,18.83,18.1,89800.0
1999-05-03,18.85,18.5,19.0,18.5,55410.0
1999-05-04,18.92,18.82,18.98,18.7,60530.0
1999-05-05,18.98,18.61,19.05,18.45,90240.0
1999-05-06,18.32,18.79,18.93,18.2,91980.0
1999-05-07,18.22,17.95,18.35,17.85,78170.0
1999-05-10,18.5,18.05,18.55,18.0,56080.0
1999-05-11,18.06,18.23,18.6,17.75,88300.0
1999-05-12,17.57,17.5,18.06,17.33,91580.0
1999-05-13,18.03,17.67,18.1,17.4,71520.0
1999-05-14,18.04,18.2,18.4,17.77,65170.0
1999-05-17,17.94,17.75,18.0,17.63,58070.0
1999-05-18,17.11,17.5,17.84,16.98,65830.0
1999-05-19,16.88,17.12,17.32,16.85,59560.0
1999-05-20,17.03,16.7,17.2,16.63,59550.0
1999-05-21,17.41,17.12,17.43,17.08,51900.0
1999-05-24,17.06,17.35,17.43,17.04,54530.0
1999-05-25,17.14,17.0,17.18,16.77,63920.0
1999-05-26,17.35,17.12,17.55,17.1,62490.0
1999-05-27,17.17,17.34,17.48,17.15,45740.0
1999-05-28,16.84,17.15,17.19,16.8,49750.0
1999-06-01,16.34,16.8,16.88,16.21,80760.0
1999-06-02,16.65,16.31,16.74,16.25,57800.0
1999-06-03,16.74,16.69,16.75,16.48,50060.0
1999-06-04,17.32,16.76,17.38,16.72,69480.0
1999-06-07,17.86,17.31,18.08,17.28,75780.0
1999-06-08,17.66,17.87,18.07,17.63,68600.0
1999-06-09,17.99,17.67,18.03,17.46,79190.0
1999-06-10,17.85,17.93,18.17,17.77,63870.0
1999-06-11,18.43,17.8,18.45,17.7,84410.0
1999-06-14,18.33,18.52,18.75,18.25,51460.0
1999-06-15,18.55,18.28,18.65,18.16,52480.0
1999-06-16,17.94,18.55,18.74,17.9,89600.0
1999-06-17,18.19,17.99,18.25,17.86,71280.0
1999-06-18,17.99,18.31,18.35,17.88,47610.0
1999-06-21,17.7,17.9,18.0,17.55,47820.0
1999-06-22,17.61,17.73,17.83,17.45,48540.0
1999-06-23,18.45,17.75,18.49,17.73,83400.0
1999-06-24,18.29,18.4,18.63,18.24,57530.0
1999-06-25,18.39,18.29,18.42,18.21,35130.0
1999-06-28,18.23,18.39,18.41,18.18,34050.0
1999-06-29,18.44,18.21,18.5,18.2,48290.0
1999-06-30,19.29,18.45,19.37,18.43,109530.0
1999-07-01,19.39,19.35,19.56,19.22,75630.0
1999-07-02,19.69,19.31,19.7,19.25,47370.0
1999-07-06,19.78,19.95,20.08,19.51,78570.0
1999-07-07,19.77,19.78,19.84,19.57,58940.0
1999-07-08,19.71,19.8,20.25,19.65,73010.0
1999-07-09,19.94,19.75,19.98,19.43,66750.0
1999-07-12,19.91,19.93,19.94,19.66,11690.0
1999-07-13,20.15,19.91,20.25,19.87,68910.0
1999-07-14,19.92,20.15,20.3,19.82,87820.0
1999-07-15,20.16,19.91,20.25,19.58,85780.0
1999-07-16,20.62,20.23,20.7,19.95,75410.0
1999-07-19,20.44,20.7,20.7,20.28,51830.0
1999-07-20,19.37,20.4,20.25,19.15,54080.0
1999-07-21,19.65,19.75,19.86,19.22,112780.0
1999-07-22,19.94,19.71,19.98,19.52,66980.0
1999-07-23,20.63,19.99,20.65,20.02,70480.0
1999-07-26,20.52,20.45,20.69,20.31,50890.0
1999-07-27,20.38,20.49,20.51,20.09,66180.0
1999-07-28,20.54,20.35,20.75,20.2,79130.0
1999-07-29,20.97,20.57,21.12,20.61,82040.0
1999-07-30,20.53,20.96,21.1,20.45,58140.0
1999-08-02,20.45,20.4,20.55,20.1,61880.0
1999-08-03,20.3,20.46,20.53,20.12,51940.0
1999-08-04,20.44,20.3,20.75,20.1,58940.0
1999-08-05,20.56,20.45,20.64,20.31,38900.0
1999-08-06,20.88,20.61,20.92,20.37,67220.0
1999-08-09,21.27,20.82,21.3,20.76,53950.0
1999-08-10,21.3,21.26,21.35,20.99,66280.0
1999-08-11,21.52,21.2,21.79,21.2,89140.0
1999-08-12,21.48,21.47,21.63,21.32,66640.0
1999-08-13,21.67,21.44,21.93,21.3,83710.0
1999-08-16,21.36,21.75,21.7,21.33,47480.0
1999-08-17,21.74,21.32,21.78,21.16,77470.0
1999-08-18,21.52,21.71,21.68,21.45,38770.0
1999-08-19,21.77,21.58,21.9,21.58,57840.0
1999-08-20,21.65,21.74,21.95,21.55,46220.0
1999-08-23,21.84,21.88,22.1,21.74,51590.0
1999-08-24,21.47,21.84,21.64,21.42,46620.0
1999-08-25,20.58,21.46,21.29,20.4,113080.0
1999-08-26,20.95,20.6,21.0,20.49,59820.0
1999-08-27,21.27,21.02,21.3,20.77,57070.0
1999-08-30,22.01,21.35,22.08,21.2,82650.0
1999-08-31,22.11,21.9,22.28,21.8,68140.0
1999-09-01,21.99,22.11,22.29,21.76,66410.0
1999-09-02,21.49,21.9,21.9,21.42,58640.0
1999-09-03,22.0,21.5,22.04,21.49,36880.0
1999-09-07,22.61,22.04,22.74,21.96,65480.0
1999-09-08,22.66,22.59,22.86,22.49,57590.0
1999-09-09,23.2,22.58,23.33,22.58,89500.0
1999-09-10,23.55,23.19,23.6,22.95,73980.0
1999-09-13,24.21,23.5,24.29,23.37,94490.0
1999-09-14,23.86,24.12,24.41,23.65,98670.0
1999-09-15,24.13,23.85,24.49,23.38,89200.0
1999-09-16,24.51,24.09,24.8,24.03,69560.0
1999-09-17,24.72,24.41,24.85,24.36,53920.0
1999-09-20,24.29,24.77,24.8,24.18,46270.0
1999-09-21,24.46,24.5,24.79,23.91,55820.0
1999-09-22,24.12,23.9,24.35,23.9,59550.0
1999-09-23,24.87,24.16,24.99,24.16,67490.0
1999-09-24,24.76,24.65,24.96,24.58,57600.0
1999-09-27,24.61,24.7,24.82,24.45,48430.0
1999-09-28,24.33,24.58,24.63,24.18,59290.0
1999-09-29,24.69,24.3,25.12,24.26,74860.0
1999-09-30,24.51,24.57,24.7,24.28,55040.0
1999-10-01,24.54,24.45,24.85,24.43,36150.0
1999-10-04,23.76,24.43,24.54,23.65,66410.0
1999-10-05,23.45,23.72,23.79,22.9,110320.0
1999-10-06,23.27,23.5,23.6,23.18,52110.0
1999-10-07,22.45,23.27,23.3,22.35,85060.0
1999-10-08,20.9,22.42,22.46,20.71,109650.0
1999-10-11,21.27,20.93,21.35,20.55,74040.0
1999-10-12,22.3,21.43,22.35,21.43,82910.0
1999-10-13,23.06,22.4,23.16,22.33,81820.0
1999-10-14,22.45,22.92,23.1,22.4,66760.0
1999-10-15,22.82,22.45,22.9,21.93,69870.0
1999-10-18,22.53,22.85,23.01,22.3,56070.0
1999-10-19,22.22,22.45,22.61,22.1,60880.0
1999-10-20,22.2,22.3,22.5,21.8,44100.0
1999-10-21,22.61,22.46,22.84,22.39,45010.0
1999-10-22,23.45,22.63,23.52,22.63,77410.0
1999-10-25,23.35,23.45,23.86,23.3,58630.0
1999-10-26,23.19,23.3,23.54,23.17,58360.0
1999-10-27,22.92,23.16,23.34,22.9,79080.0
1999-10-28,21.68,22.9,22.95,21.65,111740.0
1999-10-29,21.75,21.65,22.04,21.55,80550.0
1999-11-01,22.51,22.0,22.55,21.77,60500.0
1999-11-02,22.39,22.51,22.77,22.32,66510.0
1999-11-03,22.56,22.31,22.83,22.15,78910.0
1999-11-04,23.14,22.59,23.23,22.52,80430.0
1999-11-05,23.0,23.12,23.5,22.8,75320.0
1999-11-08,23.27,22.94,23.33,22.73,59530.0
1999-11-09,24.03,23.27,24.07,23.27,89520.0
1999-11-10,24.47,24.11,24.98,24.0,86250.0
1999-11-11,24.33,24.46,24.64,24.01,77320.0
1999-11-12,24.91,24.32,24.95,24.06,69650.0
1999-11-15,25.13,24.9,25.45,24.9,68780.0
1999-11-16,25.7,25.16,25.75,24.95,94710.0
1999-11-17,26.6,25.75,26.7,25.05,79380.0
1999-11-18,25.8,26.55,26.8,25.75,62100.0
1999-11-19,26.56,25.8,27.0,25.63,53710.0
1999-11-22,27.07,26.14,27.15,26.14,76250.0
1999-11-23,26.44,27.05,27.05,26.38,87500.0
1999-11-24,26.87,26.38,27.1,26.38,49610.0
1999-11-29,25.96,26.55,26.55,25.92,53670.0
1999-11-30,24.59,25.89,26.3,24.52,113360.0
1999-12-01,25.0,24.63,25.25,24.1,80900.0
1999-12-02,25.82,25.0,25.85,24.97,66110.0
1999-12-03,25.81,25.77,26.0,25.63,57530.0
1999-12-06,26.66,25.82,26.72,25.77,68660.0
1999-12-07,26.22,26.66,26.67,25.99,73430.0
1999-12-08,26.54,26.26,26.65,25.29,83080.0
1999-12-09,26.15,26.64,26.76,25.88,33560.0
1999-12-10,25.23,26.12,26.15,24.6,78740.0
1999-12-13,25.38,25.2,25.65,24.9,65459.0
1999-12-14,25.73,25.45,25.8,25.25,56940.0
1999-12-15,26.36,25.86,26.9,25.78,74360.0
1999-12-16,26.83,26.3,26.92,26.15,59710.0
1999-12-17,26.74,26.86,27.0,25.9,62200.0
1999-12-20,26.54,26.74,26.74,26.35,42920.0
1999-12-21,26.26,26.32,26.4,26.05,30870.0
1999-12-22,25.5,26.3,26.45,25.44,46070.0
1999-12-23,25.87,25.5,26.0,25.12,31680.0
1999-12-27,26.33,26.01,26.38,25.92,19210.0
1999-12-28,26.82,26.35,26.85,26.31,31810.0
1999-12-29,26.47,26.75,27.02,26.25,16570.0
1999-12-30,25.6,26.3,26.82,25.3,52930.0
2000-01-04,25.55,25.2,25.69,24.71,74790.0
2000-01-05,24.91,25.5,25.61,24.87,70940.0
2000-01-06,24.78,24.8,25.34,24.51,85250.0
2000-01-07,24.22,24.65,25.0,24.15,91830.0
2000-01-10,24.67,24.22,24.75,24.02,68900.0
2000-01-11,25.77,24.71,25.8,24.67,106490.0
2000-01-12,26.28,25.73,26.55,25.38,93760.0
2000-01-13,26.69,26.28,27.12,26.2,90220.0
2000-01-14,28.02,26.8,28.1,26.61,68810.0
2000-01-18,28.85,28.03,29.0,27.96,65200.0
2000-01-19,29.54,28.8,29.68,28.55,69990.0
2000-01-20,29.66,29.4,29.95,28.8,57720.0
2000-01-21,28.2,27.85,29.1,27.7,90970.0
2000-01-24,27.83,28.23,28.69,27.51,57640.0
2000-01-25,28.28,27.78,28.55,27.35,54490.0
2000-01-26,27.84,28.29,28.77,27.8,67170.0
2000-01-27,27.32,27.78,28.1,27.19,89120.0
2000-01-28,27.22,27.22,27.55,26.95,67370.0
2000-01-31,27.64,27.1,27.9,26.7,81840.0
2000-02-01,28.22,27.6,28.4,27.6,76410.0
2000-02-02,27.55,28.22,28.65,27.45,97350.0
2000-02-03,28.03,27.56,28.4,27.41,77940.0
2000-02-04,28.82,28.17,28.87,27.75,67030.0
2000-02-07,28.45,28.71,28.9,28.25,60110.0
2000-02-08,28.02,28.44,28.49,27.91,66130.0
2000-02-09,28.77,28.0,28.84,27.71,86910.0
2000-02-10,29.43,28.6,29.5,28.6,75870.0
2000-02-11,29.44,29.42,29.94,29.02,76430.0
2000-02-14,30.25,29.44,30.3,29.35,58300.0
2000-02-15,30.06,30.28,30.45,29.8,56970.0
2000-02-16,30.05,30.02,30.24,29.35,85800.0
2000-02-17,29.46,30.04,30.05,29.05,51550.0
2000-02-18,29.51,29.41,29.6,29.05,36480.0
2000-02-22,29.62,29.2,30.3,28.85,47200.0
2000-02-23,29.39,28.88,29.45,28.72,54120.0
2000-02-24,29.97,29.3,30.15,29.3,70510.0
2000-02-25,30.35,29.92,30.83,29.7,75780.0
2000-02-28,30.13,30.2,30.59,29.82,56870.0
2000-02-29,30.43,30.19,30.63,30.1,50370.0
2000-03-01,31.77,30.49,31.8,30.33,73330.0
2000-03-02,31.69,31.74,32.15,31.26,58870.0
2000-03-03,31.51,31.61,31.84,30.92,63190.0
2000-03-06,32.18,31.34,32.2,31.11,57810.0
2000-03-07,34.13,32.11,34.2,32.07,77860.0
2000-03-08,31.26,34.26,34.37,30.8,91230.0
2000-03-09,31.69,31.2,32.05,30.55,77090.0
2000-03-10,31.76,31.68,31.99,31.08,52390.0
2000-03-13,32.02,31.74,32.25,31.39,47680.0
2000-03-14,31.69,32.05,32.25,31.2,67270.0
2000-03-15,30.72,31.71,31.92,30.6,65990.0
2000-03-16,31.09,30.67,31.2,30.13,72180.0
2000-03-17,30.91,31.12,31.4,30.56,53850.0
2000-03-20,29.43,30.71,30.71,29.3,63580.0
2000-03-21,28.0,29.6,29.65,27.25,56350.0
2000-03-22,27.46,27.8,28.25,27.25,79370.0
2000-03-23,27.31,27.4,27.78,27.2,55690.0
2000-03-24,28.02,27.32,28.15,27.32,59200.0
2000-03-27,27.79,28.0,28.02,27.18,39490.0
2000-03-28,27.09,27.71,27.94,27.01,64090.0
2000-03-29,26.45,27.09,27.26,26.05,83960.0
2000-03-30,26.7,26.45,26.75,26.24,47790.0
2000-03-31,26.9,26.6,27.15,26.24,75230.0
2000-04-03,26.43,26.85,27.12,26.35,31460.0
2000-04-04,25.45,26.39,26.39,25.42,69050.0
2000-04-05,25.83,25.32,25.85,25.11,79630.0
2000-04-06,25.69,25.85,26.1,25.53,48990.0
2000-04-07,25.04,25.64,25.78,24.85,69400.0
2000-04-10,23.85,24.9,24.9,23.7,75600.0
2000-04-11,24.14,23.89,24.38,23.79,68690.0
2000-04-12,25.41,24.24,25.5,24.07,71020.0
2000-04-13,25.38,25.41,25.96,25.2,77400.0
2000-04-14,25.57,25.27,25.8,25.1,66750.0
2000-04-17,25.89,25.45,26.03,25.0,49170.0
2000-04-18,26.11,26.0,26.27,25.4,45650.0
2000-04-19,27.35,25.95,27.5,25.8,59950.0
2000-04-20,25.88,25.75,25.98,25.49,47700.0
2000-04-24,26.04,25.95,26.18,25.82,24250.0
2000-04-25,25.33,25.71,26.07,25.3,51320.0
2000-04-26,24.65,25.02,25.35,24.6,77430.0
2000-04-27,25.42,24.85,25.5,24.6,58660.0
2000-04-28,25.74,25.65,26.09,25.45,60470.0
2000-05-01,25.87,25.55,26.0,25.52,29440.0
2000-05-02,26.89,25.95,27.08,25.8,81430.0
2000-05-03,26.75,26.92,27.39,26.65,71080.0
2000-05-04,26.98,26.85,27.25,26.54,50930.0
2000-05-05,27.29,26.8,27.4,26.76,46030.0
2000-05-08,28.09,27.3,28.15,27.05,60200.0
2000-05-09,28.65,28.05,28.93,27.7,70410.0
2000-05-10,28.1,28.4,28.69,28.03,62980.0
2000-05-11,29.11,28.1,29.42,28.0,83210.0
2000-05-12,29.62,29.45,30.0,28.82,80400.0
2000-05-15,29.92,29.2,30.04,29.13,47410.0
2000-05-16,29.73,30.1,30.25,29.6,51960.0
2000-05-17,29.32,29.4,29.85,29.07,67350.0
2000-05-18,30.33,29.8,30.48,29.3,49340.0
2000-05-19,29.89,30.18,30.44,29.37,40410.0
2000-05-22,28.61,29.76,29.8,29.6,38670.0
2000-05-23,28.78,28.7,28.93,28.35,51690.0
2000-05-24,29.93,28.86,30.0,28.86,71060.0
2000-05-25,30.51,30.05,30.55,29.67,60370.0
2000-05-26,30.0,30.53,30.82,29.7,48230.0
2000-05-30,30.35,30.0,30.45,29.91,49360.0
2000-05-31,29.01,30.15,30.77,28.95,89820.0
2000-06-01,30.14,29.0,30.25,28.87,67230.0
2000-06-02,30.35,30.14,30.65,29.78,59860.0
2000-06-05,29.7,30.32,30.75,29.47,64810.0
2000-06-06,29.75,29.66,30.23,29.52,51280.0
2000-06-07,29.95,29.84,30.18,28.9,85180.0
2000-06-08,29.78,29.98,30.47,29.5,77280.0
2000-06-09,30.2,29.75,30.3,29.52,53420.0
2000-06-12,31.74,30.48,31.8,30.27,76200.0
2000-06-13,32.56,31.8,32.85,31.65,100470.0
2000-06-14,32.85,32.49,33.17,32.1,80180.0
2000-06-15,32.95,32.8,33.3,32.1,77560.0
2000-06-16,32.33,32.81,32.9,31.2,66300.0
2000-06-19,31.69,32.1,32.15,30.9,64110.0
2000-06-20,33.05,31.61,33.4,31.36,69780.0
2000-06-21,31.37,30.52,31.95,30.25,88910.0
2000-06-22,32.19,31.37,32.25,30.97,59230.0
2000-06-23,32.25,32.25,32.7,31.9,62020.0
2000-06-26,31.63,32.26,32.7,31.59,44550.0
2000-06-27,32.06,31.58,32.42,31.06,69100.0
2000-06-28,31.9,32.09,32.5,31.75,51320.0
2000-06-29,32.72,31.88,32.9,31.6,60460.0
2000-06-30,32.5,32.77,32.95,32.4,54560.0
2000-07-05,30.67,31.15,31.3,30.25,72080.0
2000-07-06,29.99,30.76,31.4,29.8,86320.0
2000-07-07,30.28,30.1,30.38,29.48,66050.0
2000-07-10,29.69,29.99,30.15,29.53,57690.0
2000-07-11,29.7,29.75,29.79,29.18,81310.0
2000-07-12,30.32,29.71,30.4,29.25,81090.0
2000-07-13,31.47,30.32,31.5,30.05,113770.0
2000-07-14,31.4,31.5,31.6,31.02,58630.0
2000-07-17,30.83,31.05,31.15,30.62,52380.0
2000-07-18,31.94,30.74,32.35,30.68,72240.0
2000-07-19,31.42,31.82,32.03,30.98,61530.0
2000-07-20,30.93,31.3,31.68,30.25,55010.0
2000-07-21,28.56,29.66,29.72,28.51,83570.0
2000-07-24,28.02,28.51,28.69,27.96,70040.0
2000-07-25,27.95,28.01,28.4,27.87,53040.0
2000-07-26,27.81,27.96,28.5,27.74,64069.0
2000-07-27,28.02,27.93,28.3,27.77,47980.0
2000-07-28,28.18,28.12,28.59,28.01,56880.0
2000-07-31,27.43,28.17,28.33,27.35,64980.0
2000-08-01,27.79,27.36,28.03,27.26,62860.0
2000-08-02,28.26,27.79,28.6,27.75,65180.0
2000-08-03,28.66,28.24,28.9,28.15,64129.0
2000-08-04,29.96,28.75,30.0,28.7,82550.0
2000-08-07,28.91,29.91,30.16,28.82,56350.0
2000-08-08,29.12,28.8,29.34,28.66,53680.0
2000-08-09,30.35,29.15,30.48,29.11,75510.0
2000-08-10,31.34,30.35,31.52,30.09,81740.0
2000-08-11,31.02,31.23,31.85,30.9,79680.0
2000-08-14,31.94,31.03,32.0,30.64,65450.0
2000-08-15,31.67,31.9,32.7,31.55,62650.0
2000-08-16,31.8,31.69,31.9,31.1,55780.0
2000-08-17,31.94,31.76,32.75,31.76,64300.0
2000-08-18,31.99,31.94,32.43,31.6,52650.0
2000-08-21,32.47,31.91,33.0,31.82,45770.0
2000-08-22,31.22,32.42,32.88,31.1,45850.0
2000-08-23,32.02,31.19,32.8,31.1,79390.0
2000-08-24,31.63,32.13,32.25,31.4,72980.0
2000-08-25,32.03,31.63,32.15,31.47,44600.0
2000-08-28,32.87,31.96,32.9,31.83,46770.0
2000-08-29,32.74,32.87,33.04,32.56,49130.0
2000-08-30,33.32,32.7,33.4,32.15,79210.0
2000-08-31,33.12,33.26,33.7,32.97,56900.0
2000-09-01,33.38,33.0,33.45,32.75,45870.0
2000-09-05,33.83,33.68,34.1,33.45,55720.0
2000-09-06,34.9,33.83,34.95,33.83,74690.0
2000-09-07,35.39,34.96,35.46,34.45,74110.0
2000-09-08,33.63,35.39,35.4,33.4,88420.0
2000-09-11,35.14,33.6,35.85,32.7,101520.0
2000-09-12,34.28,35.14,35.84,34.1,91910.0
2000-09-13,33.82,34.3,34.7,33.55,94630.0
2000-09-14,34.07,33.87,34.5,33.15,98070.0
2000-09-15,35.92,34.18,36.0,34.1,85840.0
2000-09-18,36.88,35.85,37.15,35.45,59660.0
2000-09-19,36.51,36.75,37.0,36.15,62730.0
2000-09-20,37.2,36.45,37.8,36.31,68720.0
2000-09-21,34.0,35.25,35.46,33.9,110850.0
2000-09-22,32.68,33.71,34.4,32.5,85080.0
2000-09-25,31.57,32.2,32.2,30.86,104680.0
2000-09-26,31.5,31.6,32.05,31.4,67730.0
2000-09-27,31.46,31.52,32.23,31.4,86160.0
2000-09-28,30.34,31.4,31.45,30.26,77510.0
2000-09-29,30.84,30.25,30.95,30.2,57630.0
2000-10-02,32.18,30.97,32.33,30.95,59620.0
2000-10-03,32.07,32.1,32.3,31.7,48240.0
2000-10-04,31.43,32.07,32.23,31.35,58090.0
2000-10-05,30.53,31.2,31.2,30.19,97910.0
2000-10-06,30.86,30.7,30.97,30.61,46280.0
2000-10-09,31.86,30.9,31.9,30.86,51650.0
2000-10-10,33.18,31.86,33.2,31.86,78800.0
2000-10-11,33.25,33.13,34.0,32.96,78570.0
2000-10-12,36.06,33.19,37.0,32.86,116370.0
2000-10-13,34.99,36.04,36.55,34.8,67080.0
2000-10-16,32.92,34.54,34.8,32.7,60400.0
2000-10-17,32.99,32.9,33.45,32.4,77370.0
2000-10-18,33.48,33.04,33.92,32.89,53360.0
2000-10-19,32.91,33.55,34.3,32.8,55420.0
2000-10-20,33.75,32.9,34.35,32.85,43280.0
2000-10-23,33.76,33.0,33.8,32.62,47950.0
2000-10-24,33.37,33.69,34.08,33.3,69790.0
2000-10-25,32.96,33.37,33.73,32.88,60420.0
2000-10-26,33.71,32.97,33.8,32.9,68130.0
2000-10-27,32.74,33.85,33.86,32.65,68530.0
2000-10-30,32.81,32.9,33.42,32.54,54390.0
2000-10-31,32.7,32.85,33.01,32.1,63010.0
2000-11-01,33.25,32.69,33.74,32.65,71540.0
2000-11-02,32.54,33.17,33.3,32.35,66820.0
2000-11-03,32.71,32.55,32.78,32.33,54510.0
2000-11-06,32.86,32.48,32.97,32.1,63790.0
2000-11-07,33.4,33.02,33.49,32.9,58380.0
2000-11-08,33.24,33.39,33.54,32.83,62040.0
2000-11-09,33.92,33.24,33.96,33.19,64160.0
2000-11-10,34.02,33.93,34.13,33.61,63520.0
2000-11-13,34.47,34.15,34.5,33.92,66340.0
2000-11-14,34.87,34.48,34.98,34.32,78810.0
2000-11-15,35.58,34.85,35.65,34.55,80890.0
2000-11-16,35.12,35.54,35.6,34.96,51770.0
2000-11-17,35.45,35.08,35.7,34.42,54800.0
2000-11-20,35.22,34.98,35.84,34.98,68250.0
2000-11-21,35.16,35.18,35.7,34.9,54870.0
2000-11-22,35.4,35.2,35.64,34.67,45770.0
2000-11-27,35.38,35.18,35.69,35.02,50390.0
2000-11-28,34.22,35.34,35.34,34.19,70030.0
2000-11-29,34.63,34.19,34.9,33.87,82490.0
2000-11-30,33.82,34.64,35.1,33.7,79900.0
2000-12-01,32.02,33.76,34.15,31.9,96060.0
2000-12-04,31.22,32.1,32.75,30.95,92270.0
2000-12-05,29.53,31.2,31.53,29.5,103340.0
2000-12-06,29.85,29.5,30.2,28.25,96060.0
2000-12-07,29.35,29.88,30.35,29.07,39650.0
2000-12-08,28.44,29.3,29.42,27.85,80720.0
2000-12-11,29.5,28.2,29.55,28.2,77300.0
2000-12-12,29.68,29.56,29.9,28.95,60270.0
2000-12-13,28.74,29.65,30.04,28.5,71410.0
2000-12-14,27.99,28.53,29.09,27.51,70750.0
2000-12-15,28.87,27.97,28.9,27.9,53220.0
2000-12-18,29.76,28.93,29.85,28.93,50760.0
2000-12-19,29.33,29.3,29.75,28.75,45500.0
2000-12-20,25.77,27.65,27.94,25.65,64489.0
2000-12-21,25.98,25.65,26.48,25.58,52290.0
2000-12-22,26.18,26.05,27.25,25.95,41150.0
2000-12-26,26.64,26.2,26.88,26.2,24450.0
2000-12-27,26.47,26.6,27.0,26.41,34000.0
2000-12-28,25.85,26.48,26.58,25.77,34440.0
2000-12-29,26.8,25.77,26.95,25.62,35530.0
2001-01-02,27.21,26.9,27.4,26.65,52320.0
2001-01-03,28.0,27.21,28.14,27.08,66630.0
2001-01-04,28.14,27.99,28.72,27.67,74380.0
2001-01-05,27.95,28.14,28.78,27.86,63850.0
2001-01-08,27.32,28.12,28.38,27.2,76060.0
2001-01-09,27.64,27.4,27.72,26.92,69920.0
2001-01-10,29.48,27.73,29.6,27.6,93000.0
2001-01-11,29.41,29.47,29.9,29.0,67370.0
2001-01-12,30.05,29.35,30.15,29.34,47020.0
2001-01-16,30.29,30.3,30.61,29.85,66390.0
2001-01-17,29.6,30.3,30.49,29.02,75570.0
2001-01-18,30.45,29.59,30.51,29.35,44840.0
2001-01-19,32.19,30.5,32.4,30.14,42820.0
2001-01-22,32.19,32.25,32.7,31.8,48660.0
2001-01-23,29.57,29.69,29.75,29.07,73110.0
2001-01-24,29.05,29.6,29.8,28.65,91770.0
2001-01-25,29.36,29.05,29.47,28.81,61550.0
2001-01-26,29.77,29.4,29.98,29.27,53750.0
2001-01-29,29.06,29.77,30.13,28.86,64709.0
2001-01-30,29.06,29.12,29.33,28.68,55220.0
2001-01-31,28.66,29.08,29.41,28.27,85660.0
2001-02-01,29.82,28.7,29.85,28.4,77050.0
2001-02-02,31.19,29.85,31.27,29.53,79000.0
2001-02-05,30.55,31.19,31.25,30.24,67620.0
2001-02-06,30.35,30.52,30.88,30.16,57980.0
2001-02-07,31.27,30.37,31.35,30.06,85690.0
2001-02-08,31.59,31.28,31.87,31.11,68130.0
2001-02-09,31.03,31.49,31.68,30.85,55240.0
2001-02-12,30.51,30.9,31.1,30.4,69230.0
2001-02-13,30.36,30.52,30.52,29.73,85070.0
2001-02-14,29.71,30.3,30.85,29.65,89480.0
2001-02-15,28.8,29.68,29.68,28.55,73630.0
2001-02-16,29.16,28.86,29.3,28.78,41380.0
2001-02-20,28.58,29.42,29.57,28.4,46300.0
2001-02-21,28.53,28.7,29.0,28.31,55060.0
2001-02-22,28.82,28.55,29.2,28.36,86690.0
2001-02-23,29.04,28.82,29.43,28.51,61450.0
2001-02-26,28.42,28.9,29.18,28.4,62140.0
2001-02-27,28.13,28.4,28.4,27.72,95830.0
2001-02-28,27.39,28.03,28.4,27.36,82360.0
2001-03-01,27.62,27.41,27.85,27.16,62800.0
2001-03-02,27.84,27.69,28.2,27.6,61550.0
2001-03-05,28.6,27.96,28.83,27.91,49220.0
2001-03-06,28.32,28.65,28.7,28.21,50980.0
2001-03-07,29.0,28.3,29.1,28.18,86390.0
2001-03-08,28.39,28.92,29.15,28.33,80770.0
2001-03-09,28.01,28.31,28.45,27.92,57960.0
2001-03-12,28.0,27.92,28.24,27.67,54250.0
2001-03-13,27.59,27.98,27.98,27.51,61710.0
2001-03-14,26.41,27.5,27.75,26.35,84090.0
2001-03-15,26.55,26.46,26.72,26.12,69460.0
2001-03-16,26.74,26.54,27.48,26.45,54830.0
2001-03-19,26.15,26.85,26.94,26.1,39590.0
2001-03-20,25.96,26.15,26.49,25.7,44900.0
2001-03-21,26.8,26.12,26.85,25.92,80280.0
2001-03-22,26.54,26.79,27.19,26.42,74310.0
2001-03-23,27.3,26.48,27.45,26.48,69880.0
2001-03-26,27.48,27.4,27.66,27.11,52640.0
2001-03-27,27.75,27.45,28.04,27.38,75770.0
2001-03-28,26.31,27.77,27.78,26.25,105170.0
2001-03-29,26.32,26.31,26.78,25.75,86980.0
2001-03-30,26.29,26.41,26.64,25.96,63950.0
2001-04-02,25.59,26.35,26.47,25.55,55180.0
2001-04-03,26.19,25.6,26.28,25.49,74090.0
2001-04-04,27.12,26.22,27.24,26.13,77940.0
2001-04-05,27.26,27.22,27.78,26.87,80090.0
2001-04-06,27.06,27.25,27.28,26.81,46550.0
2001-04-09,27.28,27.02,27.67,27.01,59980.0
2001-04-10,28.48,27.32,28.63,27.31,87330.0
2001-04-11,28.18,28.45,28.45,27.94,60600.0
2001-04-12,28.25,28.19,28.84,28.19,61080.0
2001-04-16,28.79,28.11,29.04,28.05,54350.0
2001-04-17,28.24,29.0,29.0,28.15,58990.0
2001-04-18,27.95,28.29,28.29,27.04,73590.0
2001-04-19,27.82,27.88,27.96,27.45,49920.0
2001-04-20,27.28,27.82,28.0,26.8,37990.0
2001-04-23,27.61,27.6,27.93,27.4,59960.0
2001-04-24,26.86,27.64,27.98,26.8,76350.0
2001-04-25,27.29,26.8,27.38,26.75,65940.0
2001-04-26,28.44,27.32,28.65,27.29,77570.0
2001-04-27,28.27,28.49,28.64,28.15,57330.0
2001-04-30,28.46,28.39,28.99,28.13,40220.0
2001-05-01,28.94,28.43,28.98,28.25,57560.0
2001-05-02,27.8,28.95,29.05,27.75,69860.0
2001-05-03,28.45,27.82,28.55,27.37,68100.0
2001-05-04,28.36,28.5,28.73,28.15,49650.0
2001-05-07,27.77,28.34,28.58,27.72,56160.0
2001-05-08,27.39,27.78,28.0,27.35,57550.0
2001-05-09,28.23,27.4,28.25,27.05,81010.0
2001-05-10,28.52,28.25,28.85,28.15,66190.0
2001-05-11,28.55,28.52,28.75,28.28,51640.0
2001-05-14,28.71,28.58,28.81,28.08,55540.0
2001-05-15,28.98,28.85,29.07,28.61,50910.0
2001-05-16,28.86,29.07,29.25,28.45,62820.0
2001-05-17,28.91,28.85,29.03,28.62,45150.0
2001-05-18,29.91,28.92,29.99,28.92,44890.0
2001-05-21,29.98,29.9,30.2,29.61,41590.0
2001-05-22,29.74,30.04,30.05,29.58,39290.0
2001-05-23,29.58,30.05,30.05,29.55,4180.0
2001-05-24,28.41,29.58,29.67,28.2,115750.0
2001-05-25,28.38,28.41,28.58,28.1,50980.0
2001-05-29,28.66,28.35,29.05,28.35,58860.0
2001-05-30,28.55,28.72,28.95,28.43,65019.0
2001-05-31,28.37,28.53,28.72,27.55,101690.0
2001-06-01,27.93,28.48,28.6,27.58,75150.0
2001-06-04,28.13,28.07,28.25,28.07,74230.0
2001-06-05,28.24,28.07,28.33,27.8,60550.0
2001-06-06,27.72,28.24,28.37,27.25,100550.0
2001-06-07,27.75,27.65,28.1,27.41,59700.0
2001-06-08,28.33,27.85,28.39,27.8,47760.0
2001-06-11,29.04,28.4,29.34,28.4,85620.0
2001-06-12,29.18,28.94,29.38,28.75,63000.0
2001-06-13,28.84,29.17,29.63,28.8,78200.0
2001-06-14,29.04,28.79,29.28,28.6,62960.0
2001-06-15,28.51,29.05,29.11,28.44,58360.0
2001-06-18,27.55,28.44,28.54,27.42,50060.0
2001-06-19,27.48,27.56,27.82,27.3,57940.0
2001-06-20,26.5,27.49,27.6,26.0,44470.0
2001-06-21,26.56,26.35,26.77,25.85,102250.0
2001-06-22,26.83,26.7,27.1,26.42,73340.0
2001-06-25,27.25,26.84,27.32,26.78,57680.0
2001-06-26,26.98,27.23,27.49,26.82,63050.0
2001-06-27,25.61,26.97,26.97,25.2,109860.0
2001-06-28,25.56,25.6,25.75,25.1,89640.0
2001-06-29,26.25,25.68,26.5,25.64,86300.0
2001-07-02,25.95,26.31,26.7,25.38,77420.0
2001-07-03,26.24,25.99,26.3,25.65,53670.0
2001-07-05,27.02,26.74,27.05,26.34,70240.0
2001-07-06,28.21,27.0,28.29,27.0,97110.0
2001-07-09,27.59,28.09,28.26,27.5,91890.0
2001-07-10,27.49,27.55,27.69,27.2,67950.0
2001-07-11,27.11,27.51,27.59,26.92,78820.0
2001-07-12,26.8,27.01,27.1,25.94,80400.0
2001-07-13,26.59,26.85,26.98,26.22,70340.0
2001-07-16,26.06,26.55,26.58,25.72,73130.0
2001-07-17,25.57,26.07,26.32,25.53,78900.0
2001-07-18,24.89,25.56,25.6,24.7,57540.0
2001-07-19,24.7,24.8,25.8,24.54,58290.0
2001-07-20,25.59,24.7,25.95,24.7,12680.0
2001-07-23,26.12,26.41,26.6,25.86,53980.0
2001-07-24,26.31,26.1,26.44,26.01,55610.0
2001-07-25,26.84,26.31,26.97,26.19,77270.0
2001-07-26,26.73,26.8,27.04,26.65,59380.0
2001-07-27,27.02,26.65,27.15,26.25,78320.0
2001-07-30,26.63,27.0,27.05,26.55,41540.0
2001-07-31,26.35,26.6,26.85,26.31,52460.0
2001-08-01,26.77,26.35,26.85,26.33,72770.0
2001-08-02,27.71,26.77,27.9,26.74,82560.0
2001-08-03,27.62,27.75,27.92,27.4,53010.0
2001-08-06,27.74,27.53,27.77,27.38,37370.0
2001-08-07,27.94,27.72,28.4,27.66,68660.0
2001-08-08,27.54,27.94,28.28,27.48,65170.0
2001-08-09,27.64,27.53,27.72,27.38,50370.0
2001-08-10,28.05,27.69,28.42,27.65,70360.0
2001-08-13,27.82,28.04,28.27,27.7,52470.0
2001-08-14,28.01,27.77,28.05,27.67,48980.0
2001-08-15,27.56,28.0,28.25,27.42,79700.0
2001-08-16,27.4,27.51,27.6,27.15,70920.0
2001-08-17,26.68,27.4,27.62,26.55,61940.0
2001-08-20,27.18,26.6,27.25,26.35,53560.0
2001-08-21,27.91,27.15,28.1,27.1,61780.0
2001-08-22,26.37,26.73,27.25,26.35,93780.0
2001-08-23,26.63,26.38,26.72,26.28,59590.0
2001-08-24,26.9,26.69,27.15,26.63,79960.0
2001-08-27,26.67,26.97,27.17,26.44,58960.0
2001-08-28,27.17,26.7,27.38,26.51,71890.0
2001-08-29,27.05,27.17,27.6,26.77,81960.0
2001-08-30,26.55,27.02,27.09,26.52,54160.0
2001-08-31,27.2,26.55,27.25,26.55,47550.0
2001-09-04,26.93,27.17,27.18,26.76,55640.0
2001-09-05,26.95,26.93,27.23,26.76,60600.0
2001-09-06,27.58,27.01,27.65,26.88,87940.0
2001-09-07,28.03,27.56,28.15,27.43,98290.0
2001-09-10,27.63,27.95,28.0,27.57,68190.0
2001-09-14,29.53,29.98,29.98,29.71,16149.0
2001-09-17,28.81,28.3,29.25,28.3,101800.0
2001-09-18,27.7,28.8,28.86,27.6,69950.0
2001-09-19,26.72,27.67,27.95,25.8,93870.0
2001-09-20,26.59,26.87,27.1,25.9,47310.0
2001-09-21,25.97,26.8,27.05,25.9,97580.0
2001-09-24,22.01,25.9,25.9,21.8,108960.0
2001-09-25,21.81,22.15,23.15,21.25,90610.0
2001-09-26,22.38,22.17,22.5,20.3,82370.0
2001-09-27,22.74,22.71,22.94,21.95,56830.0
2001-09-28,23.43,22.76,23.52,22.76,60080.0
2001-10-01,23.28,23.5,23.53,22.4,50970.0
2001-10-02,22.79,23.15,23.34,22.6,42330.0
2001-10-03,22.08,22.63,22.68,21.72,60410.0
2001-10-04,22.63,22.04,22.9,21.94,56130.0
2001-10-05,22.39,22.66,23.22,22.3,57970.0
2001-10-08,22.45,22.61,22.85,21.95,51270.0
2001-10-09,22.48,22.42,22.62,22.2,46250.0
2001-10-10,22.53,22.44,22.92,22.35,49160.0
2001-10-11,23.34,22.54,23.4,22.46,63490.0
2001-10-12,22.5,23.23,23.98,22.06,93050.0
2001-10-15,22.29,22.6,22.76,22.12,51160.0
2001-10-16,22.0,22.31,22.6,21.95,46490.0
2001-10-17,21.81,22.04,22.39,21.55,56740.0
2001-10-18,21.31,21.83,21.87,21.05,51310.0
2001-10-19,21.83,21.32,22.25,21.18,64819.0
2001-10-22,21.76,21.97,22.1,21.52,47340.0
2001-10-23,21.85,22.2,22.55,21.82,64160.0
2001-10-24,22.33,21.83,22.45,21.41,83790.0
2001-10-25,22.01,22.21,22.6,21.99,59010.0
2001-10-26,22.03,21.98,22.25,21.83,53170.0
2001-10-29,22.15,22.19,22.55,21.93,60310.0
2001-10-30,21.87,22.09,22.22,21.85,56500.0
2001-10-31,21.18,21.84,21.92,20.8,96590.0
2001-11-01,20.39,21.26,21.45,20.35,82000.0
2001-11-02,20.18,20.35,20.61,19.69,84100.0
2001-11-05,20.02,20.18,20.45,19.75,54900.0
2001-11-06,19.92,19.95,20.09,19.56,63120.0
2001-11-07,20.09,19.87,20.35,19.68,61740.0
2001-11-08,21.17,20.13,21.29,20.11,88970.0
2001-11-09,22.22,21.05,22.41,21.05,92710.0
2001-11-12,21.23,22.4,22.62,20.7,86550.0
2001-11-13,21.67,21.21,21.97,20.9,89420.0
2001-11-14,19.74,21.6,21.6,19.55,126800.0
2001-11-15,17.45,19.8,19.8,17.15,86460.0
2001-11-16,18.03,17.3,18.25,17.3,66720.0
2001-11-19,17.72,18.3,18.3,16.7,46300.0
2001-11-20,19.15,18.46,19.56,18.27,77040.0
2001-11-21,18.96,19.08,19.55,18.8,68380.0
2001-11-26,18.69,19.36,19.36,18.35,53660.0
2001-11-27,19.48,18.68,19.8,18.55,88160.0
2001-11-28,19.22,19.55,19.65,18.96,91760.0
2001-11-29,18.62,19.14,19.4,18.51,61750.0
2001-11-30,19.44,18.6,19.55,18.4,71680.0
2001-12-03,20.09,19.4,20.5,19.02,80890.0
2001-12-04,19.65,20.12,20.35,19.3,76990.0
2001-12-05,19.49,20.15,20.78,19.3,72550.0
2001-12-06,18.54,19.47,19.55,18.2,80180.0
2001-12-07,19.04,18.4,19.09,17.92,73260.0
2001-12-10,18.37,18.57,19.23,18.15,61040.0
2001-12-11,18.08,18.3,18.45,17.92,66890.0
2001-12-12,18.36,18.05,18.85,17.9,80620.0
2001-12-13,18.12,18.41,18.55,17.8,80710.0
2001-12-14,19.23,18.15,19.25,18.12,69870.0
2001-12-17,19.22,19.23,19.58,18.79,62710.0
2001-12-18,19.36,19.15,19.5,19.07,45590.0
2001-12-19,19.8,19.46,20.18,19.43,70960.0
2001-12-20,19.28,19.79,20.15,19.17,67600.0
2001-12-21,19.62,19.24,19.75,19.2,2930.0
2001-12-26,21.27,19.64,21.43,19.64,61260.0
2001-12-27,20.9,21.1,21.3,20.32,49650.0
2001-12-28,20.41,20.85,21.5,20.38,58330.0
2001-12-31,19.84,20.36,20.44,19.66,36400.0
2002-01-02,21.01,19.9,21.05,19.72,69560.0
2002-01-03,20.37,21.04,21.23,19.72,64010.0
2002-01-04,21.62,20.41,21.7,20.4,84830.0
2002-01-07,21.48,21.53,22.0,21.2,64080.0
2002-01-08,21.25,21.45,21.5,20.97,59540.0
2002-01-09,20.18,21.25,21.35,20.11,98410.0
2002-01-10,20.38,20.17,20.45,19.85,69790.0
2002-01-11,19.68,20.48,20.58,19.6,65810.0
2002-01-14,18.89,19.68,19.77,18.65,89430.0
2002-01-15,18.9,18.85,19.43,18.76,72230.0
2002-01-16,18.86,18.86,19.2,18.29,84390.0
2002-01-17,17.97,19.05,19.15,17.85,67450.0
2002-01-18,18.0,18.03,18.5,17.9,45380.0
2002-01-22,18.34,18.05,18.76,18.0,47440.0
2002-01-23,19.5,18.98,19.7,18.98,77790.0
2002-01-24,19.7,19.48,19.88,19.17,83910.0
2002-01-25,19.99,19.73,20.17,19.28,77990.0
2002-01-28,20.05,20.06,20.37,19.81,75270.0
2002-01-29,19.58,19.95,20.12,19.48,67140.0
2002-01-30,19.08,19.58,19.61,18.56,93920.0
2002-01-31,19.48,19.14,19.5,18.95,73520.0
2002-02-01,20.38,19.47,20.55,19.09,123000.0
2002-02-04,20.07,20.34,20.36,19.93,59640.0
2002-02-05,20.07,20.0,20.1,19.73,60420.0
2002-02-06,19.78,20.01,20.35,19.75,79320.0
2002-02-07,19.64,19.7,19.79,19.27,68280.0
2002-02-08,20.26,19.71,20.28,19.65,74750.0
2002-02-11,21.41,20.27,21.6,19.96,89210.0
2002-02-12,20.73,21.36,21.5,20.67,83740.0
2002-02-13,21.18,20.58,21.75,20.31,99170.0
2002-02-14,21.23,21.18,21.6,21.05,69430.0
2002-02-15,21.5,21.25,21.55,21.0,57210.0
2002-02-19,20.88,21.22,21.22,20.85,53800.0
2002-02-20,20.29,20.9,20.9,20.15,51720.0
2002-02-21,20.95,20.44,21.3,20.3,83270.0
2002-02-22,21.07,21.0,21.25,20.75,54620.0
2002-02-25,20.48,21.0,21.17,20.42,67270.0
2002-02-26,21.41,20.47,21.55,20.37,88210.0
2002-02-27,21.29,21.45,21.79,21.15,99210.0
2002-02-28,21.74,21.28,21.85,21.08,92960.0
2002-03-01,22.4,21.8,22.8,21.62,122520.0
2002-03-04,22.45,22.43,22.6,22.13,63680.0
2002-03-05,23.17,22.51,23.35,22.45,93350.0
2002-03-06,23.15,23.19,23.45,22.7,81720.0
2002-03-07,23.71,23.2,24.75,23.2,139180.0
2002-03-08,23.84,23.71,23.95,23.15,83040.0
2002-03-11,24.31,23.87,24.55,23.83,72020.0
2002-03-12,24.2,24.35,24.39,23.65,79370.0
2002-03-13,24.16,24.2,24.65,23.9,92390.0
2002-03-14,24.56,24.1,24.65,23.73,77020.0
2002-03-15,24.51,24.55,24.75,24.17,70850.0
2002-03-18,25.11,24.4,25.2,24.11,53760.0
2002-03-19,24.88,25.05,25.25,24.7,45520.0
2002-03-20,24.9,25.05,25.62,24.7,41030.0
2002-03-21,25.61,24.95,25.64,24.6,84390.0
2002-03-22,25.35,25.63,25.85,25.2,72810.0
2002-03-25,24.99,25.35,25.35,24.7,62980.0
2002-03-26,25.36,25.35,25.45,24.73,68560.0
2002-03-27,25.87,25.35,25.95,24.81,70570.0
2002-03-28,26.31,25.83,26.38,25.58,94040.0
2002-04-01,26.88,26.46,27.4,26.46,75570.0
2002-04-02,27.71,26.79,28.1,26.79,96820.0
2002-04-03,27.56,27.71,27.76,27.15,67830.0
2002-04-04,26.58,27.54,28.35,26.45,124690.0
2002-04-05,26.21,26.55,27.18,25.05,128120.0
2002-04-08,26.54,26.4,27.23,26.27,89700.0
2002-04-09,25.82,26.57,26.67,25.62,85390.0
2002-04-10,26.13,25.81,26.3,25.3,78860.0
2002-04-11,24.99,26.1,26.17,24.92,91630.0
2002-04-12,23.47,25.0,25.12,23.31,107580.0
2002-04-15,24.57,24.25,24.6,23.6,92000.0
2002-04-16,24.75,24.55,25.15,24.4,63750.0
2002-04-17,25.94,24.83,25.99,24.8,77860.0
2002-04-18,26.18,25.91,26.65,25.85,53060.0
2002-04-19,26.38,26.15,26.5,25.55,43790.0
2002-04-22,26.27,26.4,26.8,25.78,42020.0
2002-04-23,26.62,26.39,26.88,26.28,84740.0
2002-04-24,26.38,26.6,26.68,25.9,71280.0
2002-04-25,26.73,26.43,27.2,26.01,91410.0
2002-04-26,27.11,26.43,27.15,26.01,66180.0
2002-04-29,27.57,26.92,27.64,26.65,74730.0
2002-04-30,27.29,27.5,27.6,27.07,91600.0
2002-05-01,26.75,27.25,27.39,26.6,82540.0
2002-05-02,26.24,26.75,26.75,25.55,115260.0
2002-05-03,26.62,26.3,26.7,25.93,77340.0
2002-05-06,26.12,26.31,26.32,25.62,66350.0
2002-05-07,26.63,26.15,26.73,25.9,102460.0
2002-05-08,27.85,26.63,28.05,26.6,131470.0
2002-05-09,27.68,27.75,28.2,27.27,99310.0
2002-05-10,27.99,27.72,28.27,27.68,81060.0
2002-05-13,28.38,27.75,28.44,27.35,79150.0
2002-05-14,29.36,28.41,29.45,28.4,92830.0
2002-05-15,28.15,29.28,29.54,27.9,94530.0
2002-05-16,27.95,28.26,28.55,27.2,93920.0
2002-05-17,28.18,27.98,28.25,27.1,51140.0
2002-05-20,28.33,28.2,28.54,27.78,59720.0
2002-05-21,27.33,28.23,28.25,27.0,46570.0
2002-05-22,26.37,26.35,26.72,26.15,94510.0
2002-05-23,26.15,26.43,26.8,26.03,90710.0
2002-05-24,25.88,26.15,26.28,25.45,75880.0
2002-05-28,25.27,25.75,25.83,25.18,75320.0
2002-05-29,25.76,25.2,25.8,24.77,81990.0
2002-05-30,24.67,25.7,25.7,24.4,93620.0
2002-05-31,25.31,24.74,25.48,24.68,91770.0
2002-06-03,25.08,25.26,25.44,24.85,46560.0
2002-06-04,25.33,25.05,25.47,25.0,59610.0
2002-06-05,24.89,25.3,25.35,24.65,71890.0
2002-06-06,24.79,24.92,25.4,24.2,102810.0
2002-06-07,24.75,24.88,24.99,24.45,62470.0
2002-06-10,24.29,24.51,24.7,24.2,64610.0
2002-06-11,24.12,24.25,24.37,23.8,78480.0
2002-06-12,24.64,24.11,24.82,24.11,80440.0
2002-06-13,25.64,24.68,25.75,24.64,96300.0
2002-06-14,25.94,25.63,26.03,25.2,77900.0
2002-06-17,26.09,26.03,26.5,26.03,62020.0
2002-06-18,25.43,26.0,26.15,25.37,54330.0
2002-06-19,25.31,25.37,25.97,25.2,58780.0
2002-06-20,25.53,25.31,25.7,25.1,37250.0
2002-06-21,25.82,25.95,26.4,25.21,117300.0
2002-06-24,26.47,25.7,26.68,25.7,84380.0
2002-06-25,26.32,26.6,27.05,26.28,92020.0
2002-06-26,26.76,26.34,26.85,25.85,113250.0
2002-06-27,26.86,26.75,26.99,26.53,83720.0
2002-06-28,26.86,26.81,26.99,26.33,76100.0
2002-07-01,26.81,26.89,27.15,26.61,43850.0
2002-07-02,26.77,26.82,27.15,26.63,64640.0
2002-07-03,26.8,26.8,26.95,26.38,62870.0
2002-07-08,26.07,26.77,26.86,25.9,75610.0
2002-07-09,26.09,26.1,26.2,25.73,84850.0
2002-07-10,26.77,26.09,27.08,26.08,97910.0
2002-07-11,26.83,26.74,27.0,26.61,68630.0
2002-07-12,27.48,26.83,27.5,26.83,79860.0
2002-07-15,27.07,27.6,27.98,27.02,82130.0
2002-07-16,27.75,27.02,27.83,26.9,91320.0
2002-07-17,27.88,27.72,28.1,27.4,95720.0
2002-07-18,27.57,27.92,28.08,27.42,47750.0
2002-07-19,27.83,27.52,27.9,27.15,52890.0
2002-07-22,26.6,27.75,27.75,26.27,48480.0
2002-07-23,26.31,26.74,26.9,26.25,95990.0
2002-07-24,26.87,26.34,26.94,25.95,119300.0
2002-07-25,26.77,26.85,27.01,26.5,77080.0
2002-07-26,26.54,26.68,26.71,26.17,77210.0
2002-07-29,26.55,26.52,26.66,26.32,40500.0
2002-07-30,27.36,26.52,27.54,26.46,99520.0
2002-07-31,27.02,27.4,27.67,26.95,80320.0
2002-08-01,26.47,27.0,27.2,26.42,90200.0
2002-08-02,26.84,26.47,26.89,26.0,86750.0
2002-08-05,26.58,26.83,27.02,26.32,57860.0
2002-08-06,27.17,26.5,27.19,26.45,70000.0
2002-08-07,26.5,27.17,27.38,26.25,98450.0
2002-08-08,26.67,26.45,26.83,26.28,67360.0
2002-08-09,26.86,26.7,26.95,26.45,63830.0
2002-08-12,27.86,26.9,27.96,26.48,115670.0
2002-08-13,27.9,27.79,28.1,27.65,84880.0
2002-08-14,28.15,27.93,28.49,27.82,86360.0
2002-08-15,29.06,28.22,29.1,28.02,88690.0
2002-08-16,29.33,29.0,29.45,28.75,71320.0
2002-08-19,29.84,29.31,29.95,29.07,71750.0
2002-08-20,30.11,29.83,30.32,29.6,58760.0
2002-08-21,29.24,28.65,29.62,28.34,112190.0
2002-08-22,28.84,29.22,29.39,28.8,65780.0
2002-08-23,28.63,28.85,28.85,28.45,68060.0
2002-08-26,29.28,28.68,29.49,28.61,77470.0
2002-08-27,28.83,29.25,29.65,28.68,107530.0
2002-08-28,28.34,28.87,29.0,28.17,96650.0
2002-08-29,28.92,28.37,28.98,28.15,74520.0
2002-08-30,28.98,28.87,29.08,28.67,54320.0
2002-09-03,27.79,29.0,29.0,27.7,108090.0
2002-09-04,28.27,27.79,28.55,27.62,6760.0
2002-09-05,28.98,28.34,29.0,28.26,75150.0
2002-09-06,29.61,29.01,30.19,28.94,97860.0
2002-09-09,29.73,29.57,30.2,29.31,71400.0
2002-09-10,29.73,29.78,30.2,29.65,88230.0
2002-09-11,29.77,29.66,29.97,29.54,52310.0
2002-09-12,28.85,29.77,29.92,28.64,114010.0
2002-09-13,29.81,28.95,29.9,28.83,93350.0
2002-09-16,29.67,29.78,29.93,29.32,64200.0
2002-09-17,29.08,29.6,29.6,28.24,85890.0
2002-09-18,29.48,29.06,29.75,29.06,45420.0
2002-09-19,29.5,29.48,29.75,29.16,48810.0
2002-09-20,29.61,29.5,30.0,29.45,39640.0
2002-09-23,30.71,30.0,30.93,30.0,88670.0
2002-09-24,30.77,30.73,31.39,30.64,94150.0
2002-09-25,30.64,30.71,30.9,30.3,80280.0
2002-09-26,30.41,30.66,30.95,30.06,76280.0
2002-09-27,30.54,30.39,30.75,30.15,76300.0
2002-09-30,30.45,30.71,30.94,30.4,68290.0
2002-10-01,30.83,30.45,31.18,30.45,97930.0
2002-10-02,30.49,30.82,31.05,30.2,100870.0
2002-10-03,29.76,30.43,30.66,29.6,103430.0
2002-10-04,29.62,29.74,29.95,29.35,87630.0
2002-10-07,29.64,29.72,30.1,29.4,69620.0
2002-10-08,29.48,29.73,29.79,29.03,87760.0
2002-10-09,29.35,29.5,29.78,29.26,74570.0
2002-10-10,28.97,29.36,29.5,28.52,91010.0
2002-10-11,29.37,29.0,29.4,28.8,68090.0
2002-10-14,30.03,29.45,30.17,29.2,83160.0
2002-10-15,29.72,30.01,30.2,29.58,71540.0
2002-10-16,29.47,29.67,29.87,29.18,60920.0
2002-10-17,29.62,29.45,29.77,29.05,61630.0
2002-10-18,29.6,29.65,29.71,29.28,45140.0
2002-10-21,28.37,29.42,29.5,28.22,61970.0
2002-10-22,27.92,28.37,28.41,27.75,44470.0
2002-10-23,28.18,28.09,28.39,27.85,91970.0
2002-10-24,28.2,28.18,28.45,28.05,71180.0
2002-10-25,27.05,28.15,28.3,26.9,140630.0
2002-10-28,27.29,27.12,27.43,26.62,103270.0
2002-10-29,26.86,27.22,27.35,26.8,70210.0
2002-10-30,26.81,26.72,27.29,26.53,107850.0
2002-10-31,27.22,26.83,27.35,26.77,73560.0
2002-11-01,27.13,27.2,27.56,26.95,87320.0
2002-11-04,26.95,26.97,27.4,26.66,101820.0
2002-11-05,26.14,26.89,27.0,26.08,99400.0
2002-11-06,25.77,26.14,26.34,25.55,109430.0
2002-11-07,25.38,25.73,26.5,25.25,102200.0
2002-11-08,25.78,25.34,25.95,25.16,102520.0
2002-11-11,25.94,25.7,26.5,25.67,91120.0
2002-11-12,25.9,25.96,26.2,25.76,77590.0
2002-11-13,25.19,25.9,26.26,24.82,116920.0
2002-11-14,25.29,25.2,25.5,24.85,97830.0
2002-11-15,25.51,25.35,25.58,25.1,67560.0
2002-11-18,26.71,25.53,26.75,25.52,83910.0
2002-11-19,26.42,26.65,27.08,26.35,3540.0
2002-11-20,26.98,26.36,27.25,26.3,41930.0
2002-11-21,26.35,26.08,26.55,26.05,83340.0
2002-11-22,26.76,26.34,26.84,26.2,74620.0
2002-11-25,26.11,26.85,27.12,26.08,81340.0
2002-11-26,26.4,26.09,26.5,26.04,58890.0
2002-11-27,26.89,26.4,26.96,26.32,74070.0
2002-12-02,27.24,26.9,27.45,26.7,92480.0
2002-12-03,27.3,27.25,27.71,27.1,90640.0
2002-12-04,26.71,27.32,27.59,26.57,113980.0
2002-12-05,27.29,26.71,27.45,26.71,68100.0
2002-12-06,26.93,27.34,27.5,26.82,78570.0
2002-12-09,27.2,27.1,27.43,27.0,66650.0
2002-12-10,27.74,27.25,27.9,26.75,128669.0
2002-12-11,27.4,27.75,27.97,27.3,84580.0
2002-12-12,28.01,27.43,28.22,27.39,103960.0
2002-12-13,28.44,27.95,28.65,27.95,96770.0
2002-12-16,30.1,28.62,30.17,28.61,98130.0
2002-12-17,30.1,30.05,30.25,29.75,79690.0
2002-12-18,30.44,30.4,31.25,29.75,64160.0
2002-12-19,30.56,30.4,31.1,30.15,36630.0
2002-12-20,30.3,30.25,30.38,29.86,83450.0
2002-12-23,31.75,30.41,31.95,30.41,68870.0
2002-12-24,31.97,31.85,32.03,31.62,34810.0
2002-12-26,32.49,31.63,32.55,31.42,41150.0
2002-12-27,32.72,32.58,32.76,32.05,61580.0
2002-12-30,31.37,32.75,33.65,31.14,82020.0
2002-12-31,31.2,31.4,31.67,30.05,58720.0
2003-01-02,31.85,31.6,32.09,31.4,62480.0
2003-01-03,33.08,31.98,33.25,31.9,68420.0
2003-01-06,32.1,33.08,33.33,31.91,98250.0
2003-01-07,31.08,32.11,32.4,30.51,124280.0
2003-01-08,30.56,31.05,31.3,29.75,108040.0
2003-01-09,31.99,30.6,32.05,30.47,111720.0
2003-01-10,31.68,31.99,32.38,31.35,98560.0
2003-01-13,32.26,31.3,32.38,31.13,90730.0
2003-01-14,32.37,32.25,32.9,31.88,114000.0
2003-01-15,33.21,32.4,33.29,32.28,111650.0
2003-01-16,33.66,33.15,33.98,33.0,71770.0
2003-01-17,33.91,33.65,34.0,32.9,73640.0
2003-01-21,34.61,33.76,35.2,33.38,67090.0
2003-01-22,32.85,33.05,33.44,32.65,84590.0
2003-01-23,32.25,32.86,33.0,31.9,109020.0
2003-01-24,33.28,32.25,33.4,32.11,95520.0
2003-01-27,32.29,33.34,33.53,32.25,88860.0
2003-01-28,32.67,32.39,32.84,32.29,56610.0
2003-01-29,33.63,32.73,33.85,32.3,98100.0
2003-01-30,33.85,33.63,33.95,33.34,61890.0
2003-01-31,33.51,33.88,33.88,33.32,92520.0
2003-02-03,32.76,33.33,33.47,32.65,74750.0
2003-02-04,33.58,32.76,33.72,32.55,81570.0
2003-02-05,33.93,33.53,34.28,33.12,88320.0
2003-02-06,34.16,33.93,34.45,33.78,85550.0
2003-02-07,35.12,34.12,35.25,34.12,99480.0
2003-02-10,34.48,34.9,35.38,34.3,90530.0
2003-02-11,35.44,34.55,35.6,34.34,95200.0
2003-02-12,35.77,35.4,35.95,35.1,113200.0
2003-02-13,36.36,35.7,36.4,35.7,95540.0
2003-02-14,36.8,36.49,36.85,35.88,86110.0
2003-02-18,36.96,36.38,37.05,36.0,47150.0
2003-02-19,37.16,36.71,37.45,36.36,61380.0
2003-02-20,36.79,37.21,37.55,36.1,50520.0
2003-02-21,35.58,34.8,35.95,34.7,76700.0
2003-02-24,36.48,35.47,36.52,35.47,71130.0
2003-02-25,36.06,36.53,37.1,35.9,111120.0
2003-02-26,37.7,36.06,37.93,35.96,122300.0
2003-02-27,37.2,37.8,39.99,37.1,158960.0
2003-02-28,36.6,37.22,37.55,36.3,95700.0
2003-03-03,35.88,36.45,36.45,35.36,68660.0
2003-03-04,36.89,35.92,37.18,35.92,81810.0
2003-03-05,36.69,36.9,37.48,35.9,87730.0
2003-03-06,37.0,36.81,37.2,36.5,61130.0
2003-03-07,37.78,37.1,37.84,36.8,76890.0
2003-03-10,37.27,37.78,38.2,37.1,77500.0
2003-03-11,36.72,37.25,37.45,36.33,86100.0
2003-03-12,37.83,36.76,37.95,36.17,90440.0
2003-03-13,36.01,37.85,38.14,35.75,97040.0
2003-03-14,35.38,36.13,36.22,33.85,97940.0
2003-03-17,34.93,35.98,36.95,34.0,90020.0
2003-03-18,31.67,34.84,34.97,31.4,63350.0
2003-03-19,29.88,31.77,32.42,29.5,55440.0
2003-03-20,28.61,29.85,30.6,28.0,26350.0
2003-03-21,26.91,28.25,28.62,26.3,99960.0
2003-03-24,28.66,27.37,28.9,27.21,71670.0
2003-03-25,27.97,28.65,29.7,27.8,91290.0
2003-03-26,28.63,28.1,28.95,28.06,73970.0
2003-03-27,30.37,28.73,30.45,28.55,76330.0
2003-03-28,30.16,30.4,31.05,29.85,62050.0
2003-03-31,31.04,30.24,31.3,30.07,46660.0
2003-04-01,29.78,31.16,31.32,29.58,61230.0
2003-04-02,28.56,29.78,29.83,28.18,66960.0
2003-04-03,28.97,28.5,29.24,27.66,63350.0
2003-04-04,28.62,28.98,29.07,27.82,56570.0
2003-04-07,27.96,28.0,28.7,27.15,64670.0
2003-04-08,28.0,27.89,28.38,27.31,59960.0
2003-04-09,28.85,28.1,28.95,27.78,69050.0
2003-04-10,27.46,28.85,28.92,27.3,87440.0
2003-04-11,28.14,27.47,28.25,27.02,67670.0
2003-04-14,28.63,28.15,28.65,27.57,62490.0
2003-04-15,29.29,28.55,29.44,28.28,67840.0
2003-04-16,29.18,29.31,29.65,28.52,75180.0
2003-04-17,30.55,29.1,30.65,29.1,52780.0
2003-04-21,30.87,30.25,31.25,30.06,44300.0
2003-04-22,29.91,30.8,30.85,29.6,49330.0
2003-04-23,26.65,27.9,28.22,26.36,103200.0
2003-04-24,26.64,26.6,26.94,25.61,101500.0
2003-04-25,26.26,26.68,27.05,26.0,78210.0
2003-04-28,25.49,26.2,26.2,25.3,72990.0
2003-04-29,25.24,25.35,25.55,25.04,67750.0
2003-04-30,25.8,25.27,26.5,25.25,106190.0
2003-05-01,26.03,25.95,26.38,25.8,63780.0
2003-05-02,25.67,26.1,26.6,25.42,76390.0
2003-05-05,26.49,25.52,26.53,25.5,64680.0
2003-05-06,25.72,26.51,26.51,25.46,82880.0
2003-05-07,26.23,25.7,26.35,25.5,80450.0
2003-05-08,26.98,26.23,27.35,26.0,114420.0
2003-05-09,27.72,26.98,27.95,26.86,92480.0
2003-05-12,27.35,27.59,28.45,27.22,91930.0
2003-05-13,28.5,27.4,28.55,27.26,82520.0
2003-05-14,29.17,28.45,29.35,27.95,97030.0
2003-05-15,28.74,29.21,29.48,28.5,84180.0
2003-05-16,29.14,28.6,29.2,28.25,57530.0
2003-05-19,28.83,29.16,29.48,28.52,73840.0
2003-05-20,29.28,28.85,29.45,28.51,60670.0
2003-05-21,29.03,28.35,29.6,28.3,101800.0
2003-05-22,28.85,29.04,29.04,28.38,69160.0
2003-05-23,29.16,28.86,29.45,28.75,43790.0
2003-05-27,29.35,29.16,29.63,28.55,82030.0
2003-05-28,28.58,29.26,29.32,28.47,60400.0
2003-05-29,29.1,28.56,29.38,28.27,90660.0
2003-05-30,29.56,29.02,29.65,29.02,64260.0
2003-06-02,30.71,29.49,30.84,29.49,90950.0
2003-06-03,30.67,30.65,30.86,30.33,59000.0
2003-06-04,30.05,30.78,31.0,29.9,96890.0
2003-06-05,30.74,30.05,30.82,29.65,81560.0
2003-06-06,31.28,30.78,31.3,30.65,71450.0
2003-06-09,31.45,31.28,31.85,30.79,70200.0
2003-06-10,31.73,31.4,31.76,30.9,72430.0
2003-06-11,32.36,31.75,32.5,31.46,89790.0
2003-06-12,31.51,32.12,32.27,31.36,80840.0
2003-06-13,30.65,31.51,31.56,29.85,93750.0
2003-06-16,31.18,30.5,31.25,30.43,73460.0
2003-06-17,31.07,31.13,31.35,30.8,52180.0
2003-06-18,30.36,31.05,31.08,29.8,61960.0
2003-06-19,29.96,30.32,30.33,29.7,54080.0
2003-06-20,30.82,29.88,30.95,29.85,43780.0
2003-06-23,29.17,29.53,29.76,28.86,57350.0
2003-06-24,28.78,29.14,29.2,28.53,61200.0
2003-06-25,29.95,28.78,30.05,28.61,97940.0
2003-06-26,29.01,29.95,30.02,28.86,84870.0
2003-06-27,29.27,29.01,29.49,28.83,62790.0
2003-06-30,30.19,29.3,30.21,29.1,74540.0
2003-07-01,30.4,30.12,30.5,29.7,66780.0
2003-07-02,30.15,30.32,30.7,29.9,63600.0
2003-07-03,30.42,30.14,30.98,30.07,67500.0
2003-07-07,30.13,30.15,30.25,29.82,50770.0
2003-07-08,30.22,30.13,30.31,29.52,78100.0
2003-07-09,30.88,30.22,30.9,30.0,92230.0
2003-07-10,31.06,30.88,31.6,30.82,93480.0
2003-07-11,31.28,31.01,31.75,30.9,77340.0
2003-07-14,31.27,31.15,31.42,30.65,72330.0
2003-07-15,31.62,31.34,31.73,30.95,89780.0
2003-07-16,31.05,31.65,32.05,30.92,96850.0
2003-07-17,31.41,31.03,31.6,31.0,66720.0
2003-07-18,31.96,31.44,32.0,31.16,43670.0
2003-07-21,31.78,32.0,32.1,31.25,52740.0
2003-07-22,30.19,31.72,31.73,29.7,48390.0
2003-07-23,29.67,29.47,29.83,29.17,82770.0
2003-07-24,30.22,29.72,30.25,29.4,74870.0
2003-07-25,30.17,30.21,30.45,29.91,59910.0
2003-07-28,30.11,29.97,30.35,29.6,47000.0
2003-07-29,30.24,30.1,30.4,29.76,53710.0
2003-07-30,30.68,30.2,30.8,30.0,79810.0
2003-07-31,30.54,30.7,30.98,30.4,69190.0
2003-08-01,32.31,30.58,32.38,30.5,124910.0
2003-08-04,31.84,32.15,32.4,31.8,81260.0
2003-08-05,32.22,31.79,32.49,31.67,70120.0
2003-08-06,31.7,32.27,32.8,31.45,104570.0
2003-08-07,32.39,31.67,32.44,31.67,90530.0
2003-08-08,32.18,32.39,32.85,31.7,103580.0
2003-08-11,32.01,32.14,32.15,31.83,64459.0
2003-08-12,31.92,32.0,32.35,31.35,118300.0
2003-08-13,30.78,31.88,32.16,30.7,128090.0
2003-08-14,31.09,30.81,31.15,30.1,95120.0
2003-08-15,31.05,31.2,31.51,30.63,60480.0
2003-08-18,30.89,31.31,31.6,30.8,54160.0
2003-08-19,30.7,30.89,31.08,30.36,67650.0
2003-08-20,30.95,30.75,31.2,30.44,40390.0
2003-08-21,31.88,31.0,32.4,31.0,109830.0
2003-08-22,31.84,31.95,32.1,31.7,56110.0
2003-08-25,31.56,31.94,32.3,31.35,61370.0
2003-08-26,31.95,31.5,32.05,31.35,73740.0
2003-08-27,31.21,31.95,32.07,31.1,84060.0
2003-08-28,31.5,31.23,31.65,31.12,70880.0
2003-08-29,31.57,31.45,32.05,31.4,3810.0
2003-09-02,29.41,31.28,31.4,29.25,162820.0
2003-09-03,29.49,29.5,29.87,29.15,93340.0
2003-09-04,28.98,29.45,29.6,28.51,111970.0
2003-09-05,28.88,28.96,29.1,28.65,61630.0
2003-09-08,28.85,28.93,29.39,28.55,89490.0
2003-09-09,29.18,28.87,29.25,28.76,64560.0
2003-09-10,29.35,29.2,29.42,28.6,86410.0
2003-09-11,28.82,29.4,29.52,28.7,66850.0
2003-09-12,28.27,28.85,29.14,27.85,97630.0
2003-09-15,28.14,28.3,28.45,27.85,62900.0
2003-09-16,27.56,28.14,28.25,27.36,67040.0
2003-09-17,27.03,27.56,27.73,26.8,74600.0
2003-09-18,27.17,27.02,27.3,26.66,59320.0
2003-09-19,27.03,27.14,27.28,26.65,58550.0
2003-09-22,26.96,26.97,27.28,26.75,39450.0
2003-09-23,27.13,27.15,27.69,27.1,72920.0
2003-09-24,28.24,27.15,28.59,26.93,108960.0
2003-09-25,28.29,28.24,28.7,28.18,66070.0
2003-09-26,28.16,28.3,28.37,27.87,53660.0
2003-09-29,28.4,28.24,28.62,28.24,48530.0
2003-09-30,29.2,28.38,29.38,28.31,101280.0
2003-10-01,29.39,29.15,29.43,28.85,87290.0
2003-10-02,29.84,29.5,29.98,29.31,69890.0
2003-10-03,30.4,29.82,30.44,29.47,82090.0
2003-10-06,30.47,30.51,30.8,30.32,63040.0
2003-10-07,30.41,30.47,30.58,30.08,74840.0
2003-10-08,29.81,30.44,30.5,29.45,90270.0
2003-10-09,31.01,29.8,31.2,29.48,92470.0
2003-10-10,31.97,31.05,32.6,30.81,105370.0
2003-10-13,31.95,31.97,32.05,31.6,54870.0
2003-10-14,31.82,31.9,32.49,31.5,79140.0
2003-10-15,31.77,31.78,32.05,31.51,47670.0
2003-10-16,31.54,31.77,32.0,31.3,54040.0
2003-10-17,30.68,31.5,31.54,29.9,55590.0
2003-10-20,30.35,30.67,30.67,29.72,38280.0
2003-10-21,30.18,30.33,30.65,30.05,33460.0
2003-10-22,29.92,30.28,30.65,29.87,93900.0
2003-10-23,30.3,29.92,30.37,29.4,99010.0
2003-10-24,30.16,30.34,30.8,29.88,82750.0
2003-10-27,29.92,30.1,30.32,29.7,66220.0
2003-10-28,29.56,29.88,29.99,29.52,77440.0
2003-10-29,28.91,29.55,29.99,28.8,120120.0
2003-10-30,28.47,28.95,28.98,28.26,94680.0
2003-10-31,29.11,28.5,29.15,28.47,70840.0
2003-11-03,28.9,29.13,29.55,28.8,62830.0
2003-11-04,28.75,28.77,28.9,28.47,53560.0
2003-11-05,30.3,28.77,30.38,28.7,126760.0
2003-11-06,30.26,30.25,30.7,29.96,101790.0
2003-11-07,30.85,30.27,31.14,30.22,96470.0
2003-11-10,30.88,31.14,31.29,30.63,63430.0
2003-11-11,31.15,30.92,31.23,30.68,68440.0
2003-11-12,31.33,31.15,31.35,30.75,92220.0
2003-11-13,31.9,31.31,31.95,30.95,104200.0
2003-11-14,32.37,31.9,32.5,31.81,89470.0
2003-11-17,31.73,32.37,32.37,31.53,78250.0
2003-11-18,33.28,31.67,33.35,31.38,74240.0
2003-11-19,32.92,33.2,33.5,32.7,92330.0
2003-11-20,32.86,32.9,33.55,32.5,54500.0
2003-11-21,31.61,31.75,32.27,31.42,81960.0
2003-11-24,29.74,31.47,31.47,29.65,124080.0
2003-11-25,29.77,29.9,30.14,29.3,123180.0
2003-11-26,30.41,29.75,30.45,29.75,81120.0
2003-12-01,29.95,30.26,30.35,29.66,67100.0
2003-12-02,30.78,29.94,30.97,29.8,95510.0
2003-12-03,31.1,30.8,31.18,30.35,80920.0
2003-12-04,31.26,31.1,31.65,30.43,100180.0
2003-12-05,30.73,31.23,31.28,30.68,74630.0
2003-12-08,32.1,30.66,32.43,30.63,101290.0
2003-12-09,31.76,32.09,32.3,31.6,88910.0
2003-12-10,31.88,31.71,32.63,31.5,102940.0
2003-12-11,31.85,31.91,32.1,31.35,75900.0
2003-12-12,33.04,31.97,33.2,31.87,98950.0
2003-12-15,33.18,32.04,33.32,31.74,97770.0
2003-12-16,32.89,33.17,33.35,32.7,64230.0
2003-12-17,33.35,32.85,33.77,32.8,45390.0
2003-12-18,33.71,33.37,33.9,32.9,54040.0
2003-12-19,33.02,33.65,33.93,32.8,36840.0
2003-12-22,31.87,32.9,32.99,31.75,82030.0
2003-12-23,31.95,31.85,32.0,31.25,59360.0
2003-12-24,32.86,32.06,33.0,31.88,60080.0
2003-12-29,32.4,32.75,32.75,32.1,46730.0
2003-12-30,32.79,32.4,33.03,32.38,53720.0
2003-12-31,32.52,32.88,33.2,32.3,66690.0
2004-01-05,33.78,32.4,33.95,32.27,105700.0
2004-01-06,33.7,33.76,34.35,33.3,103410.0
2004-01-07,33.62,33.68,33.89,33.05,81680.0
2004-01-08,33.98,33.65,34.0,33.4,92710.0
2004-01-09,34.31,34.05,34.7,34.05,104690.0
2004-01-12,34.72,34.35,34.8,33.75,99680.0
2004-01-13,34.43,34.8,35.2,34.34,120130.0
2004-01-14,34.5,34.3,34.74,34.12,126270.0
2004-01-15,33.44,34.57,35.41,33.27,102440.0
2004-01-16,35.07,33.5,35.3,33.4,60350.0
2004-01-20,36.2,34.92,36.37,34.92,57700.0
2004-01-21,34.58,34.79,34.98,34.28,88520.0
2004-01-22,34.93,34.59,34.95,33.75,117570.0
2004-01-23,34.94,34.97,35.25,34.65,100560.0
2004-01-26,34.47,34.79,34.79,34.17,75620.0
2004-01-27,34.12,34.45,34.98,33.9,85980.0
2004-01-28,33.62,34.14,34.63,33.35,102310.0
2004-01-29,32.81,33.62,33.8,32.41,112230.0
2004-01-30,33.05,32.87,33.35,32.71,96100.0
2004-02-02,34.98,33.2,35.05,32.56,114740.0
2004-02-03,34.1,34.85,35.19,34.07,96810.0
2004-02-04,33.1,34.09,34.45,32.95,103750.0
2004-02-05,33.08,33.19,33.3,32.2,114240.0
2004-02-06,32.48,33.11,33.44,32.32,85110.0
2004-02-09,32.83,32.35,32.95,32.25,73770.0
2004-02-10,33.87,32.9,34.28,32.82,100000.0
2004-02-11,34.0,34.0,34.4,33.3,100720.0
2004-02-12,33.98,34.0,34.25,33.65,86630.0
2004-02-13,34.56,33.96,34.65,33.95,85620.0
2004-02-17,35.19,34.48,35.25,34.25,97170.0
2004-02-18,35.45,35.08,35.88,35.0,69710.0
2004-02-19,36.0,35.4,36.1,35.2,50130.0
2004-02-20,35.6,35.8,36.1,35.05,60940.0
2004-02-23,34.35,34.27,34.7,34.03,60430.0
2004-02-24,34.58,34.36,35.07,34.3,85170.0
2004-02-25,35.68,34.58,35.9,34.48,106150.0
2004-02-26,35.51,35.7,35.95,35.15,78750.0
2004-02-27,36.16,35.49,36.23,35.3,72950.0
2004-03-01,36.86,36.16,36.98,35.8,84600.0
2004-03-02,36.66,36.8,36.98,36.4,56550.0
2004-03-03,35.8,36.65,36.8,35.41,99750.0
2004-03-04,36.64,35.81,36.85,35.68,91990.0
2004-03-05,37.26,36.7,37.45,36.7,78190.0
2004-03-08,36.57,37.26,37.51,36.35,74930.0
2004-03-09,36.28,36.5,36.93,36.06,88590.0
2004-03-10,36.1,36.3,36.55,35.63,94280.0
2004-03-11,36.78,36.29,36.94,36.05,95430.0
2004-03-12,36.19,36.96,37.2,35.3,124250.0
2004-03-15,37.44,36.15,37.48,35.85,92390.0
2004-03-16,37.48,37.42,37.8,37.02,85240.0
2004-03-17,38.18,37.44,38.35,37.33,101250.0
2004-03-18,37.93,38.2,38.25,37.4,59790.0
2004-03-19,38.08,37.88,38.5,37.63,52590.0
2004-03-22,37.11,38.09,38.09,36.85,49620.0
2004-03-23,37.45,37.05,37.6,36.6,74190.0
2004-03-24,37.01,37.41,37.78,36.65,82230.0
2004-03-25,35.51,37.0,37.05,35.4,122170.0
2004-03-26,35.73,35.58,35.93,34.75,105340.0
2004-03-29,35.45,35.68,35.68,35.02,58470.0
2004-03-30,36.25,35.4,36.45,35.25,86100.0
2004-03-31,35.76,36.24,36.77,34.85,139020.0
2004-04-01,34.27,35.82,35.87,33.9,120030.0
2004-04-02,34.39,34.33,34.65,33.3,111670.0
2004-04-05,34.38,34.2,34.64,33.93,53690.0
2004-04-06,34.97,34.4,35.0,34.17,64430.0
2004-04-07,36.15,34.99,36.6,34.69,137270.0
2004-04-08,37.14,36.17,37.3,36.13,99140.0
2004-04-12,37.84,37.24,37.95,37.11,91680.0
2004-04-13,37.21,37.82,37.85,37.0,104640.0
2004-04-14,36.72,37.15,37.27,36.25,117600.0
2004-04-15,37.57,36.7,37.65,36.44,121770.0
2004-04-16,37.74,37.56,37.95,37.17,69260.0
2004-04-19,37.42,37.65,38.3,37.3,79570.0
2004-04-20,37.6,37.45,37.75,37.05,69010.0
2004-04-21,35.73,36.46,36.49,35.35,118360.0
2004-04-22,36.71,35.74,37.15,35.7,110470.0
2004-04-23,36.46,36.79,36.9,36.1,70290.0
2004-04-26,36.97,36.75,37.15,36.55,72080.0
2004-04-27,37.53,36.93,37.7,36.87,93210.0
2004-04-28,37.46,37.54,38.18,36.81,107960.0
2004-04-29,37.31,37.33,37.44,36.63,86620.0
2004-04-30,37.38,37.42,38.03,37.25,69880.0
2004-05-03,38.21,37.39,38.3,37.25,67880.0
2004-05-04,38.98,38.18,39.15,37.93,96800.0
2004-05-05,39.57,38.95,39.74,38.49,105650.0
2004-05-06,39.37,39.62,39.97,39.15,81130.0
2004-05-07,39.93,39.43,40.0,39.37,84270.0
2004-05-10,38.93,39.84,39.95,38.28,106500.0
2004-05-11,40.06,38.88,40.15,38.47,104490.0
2004-05-12,40.77,40.21,40.92,39.82,107910.0
2004-05-13,41.08,40.73,41.1,40.3,91880.0
2004-05-14,41.38,41.08,41.56,40.75,94620.0
2004-05-17,41.55,41.28,41.85,40.8,91400.0
2004-05-18,40.54,41.55,41.58,40.35,64120.0
2004-05-19,41.5,40.45,41.55,39.9,81710.0
2004-05-20,40.92,41.57,41.7,40.75,51500.0
2004-05-21,39.93,40.68,40.96,39.65,118040.0
2004-05-24,41.72,40.0,41.82,39.45,121470.0
2004-05-25,41.14,41.7,41.83,40.75,100010.0
2004-05-26,40.7,41.13,41.65,40.52,109890.0
2004-05-27,39.44,40.65,40.69,39.0,135400.0
2004-05-28,39.88,39.44,39.94,39.06,75150.0
2004-06-01,42.33,40.4,42.0,40.27,131220.0
2004-06-02,39.96,42.31,42.45,39.85,123540.0
2004-06-03,39.28,39.88,40.85,38.15,177600.0
2004-06-04,38.49,39.25,39.46,38.31,115920.0
2004-06-07,38.66,38.44,38.9,37.75,101250.0
2004-06-08,37.28,38.7,39.14,37.2,110340.0
2004-06-09,37.54,37.22,37.6,36.45,124260.0
2004-06-10,38.45,37.54,38.6,37.38,109720.0
2004-06-14,37.59,38.27,38.4,37.45,71780.0
2004-06-15,37.19,37.59,38.4,36.9,87400.0
2004-06-16,37.32,37.16,37.67,37.0,67700.0
2004-06-17,38.46,37.34,38.6,37.29,77070.0
2004-06-18,38.75,38.48,38.83,38.15,44600.0
2004-06-21,37.63,38.65,39.05,37.5,43700.0
2004-06-22,38.11,37.63,38.2,37.4,34350.0
2004-06-23,37.57,38.19,38.52,37.32,97290.0
2004-06-24,37.93,37.65,38.1,37.45,69810.0
2004-06-25,37.55,37.95,38.02,37.1,73630.0
2004-06-28,36.24,37.29,37.42,35.9,103490.0
2004-06-29,35.66,36.25,36.38,35.62,75610.0
2004-06-30,37.05,35.63,37.1,35.52,108610.0
2004-07-01,38.74,37.05,39.1,36.69,143290.0
2004-07-02,38.39,38.7,39.05,38.26,71640.0
2004-07-06,39.65,38.79,39.7,38.75,80280.0
2004-07-07,39.08,39.58,39.84,38.75,85520.0
2004-07-08,40.33,39.19,40.4,38.85,114500.0
2004-07-09,39.96,40.18,40.45,39.91,72660.0
2004-07-12,39.5,39.76,40.75,39.38,97980.0
2004-07-13,39.44,39.4,39.77,38.98,87630.0
2004-07-14,40.97,39.5,41.05,39.2,115280.0
2004-07-15,40.77,40.97,41.12,40.5,75870.0
2004-07-16,41.25,40.7,41.8,40.4,65129.0
2004-07-19,41.64,41.19,41.9,40.72,82230.0
2004-07-20,40.86,41.63,42.3,40.5,40700.0
2004-07-21,40.58,40.4,41.15,40.25,82120.0
2004-07-22,41.36,40.57,41.65,40.42,84350.0
2004-07-23,41.71,41.4,41.83,41.2,64920.0
2004-07-26,41.44,41.75,41.95,41.05,59190.0
2004-07-27,41.84,41.43,42.22,41.31,70720.0
2004-07-28,42.9,41.85,43.05,41.66,107260.0
2004-07-29,42.75,42.9,42.98,42.1,74550.0
2004-07-30,43.8,42.72,43.85,42.65,77430.0
2004-08-02,43.82,43.69,43.94,43.27,71100.0
2004-08-03,44.15,43.84,44.24,43.5,88810.0
2004-08-04,42.83,44.15,44.34,42.78,110780.0
2004-08-05,44.41,42.81,44.5,42.62,118580.0
2004-08-06,43.95,44.35,44.77,43.75,109420.0
2004-08-09,44.84,43.81,44.98,43.55,100850.0
2004-08-10,44.52,44.82,45.04,44.2,95870.0
2004-08-11,44.8,44.52,44.96,43.3,130500.0
2004-08-12,45.5,44.77,45.75,44.55,101450.0
2004-08-13,46.58,45.47,46.65,45.3,124030.0
2004-08-16,46.05,46.6,46.91,45.95,108910.0
2004-08-17,46.75,46.05,46.95,45.63,112110.0
2004-08-18,47.27,46.75,47.39,46.5,86310.0
2004-08-19,48.7,47.35,48.8,47.2,97470.0
2004-08-20,47.86,48.82,49.4,47.6,56070.0
2004-08-23,46.05,46.81,47.22,45.95,82480.0
2004-08-24,45.21,46.0,46.13,44.75,102520.0
2004-08-25,43.47,45.17,45.58,43.22,134620.0
2004-08-26,43.1,43.54,44.15,42.5,128060.0
2004-08-27,43.18,43.05,43.59,42.75,85350.0
2004-08-30,42.28,43.31,43.5,41.3,92280.0
2004-08-31,42.12,42.25,42.39,41.45,87970.0
2004-09-01,44.0,42.11,44.4,42.11,110640.0
2004-09-02,44.06,43.9,45.37,43.75,101450.0
2004-09-03,43.99,44.07,44.45,43.6,61440.0
2004-09-07,43.31,43.57,43.69,42.73,73480.0
2004-09-08,42.77,43.22,43.7,42.4,89750.0
2004-09-09,44.61,42.73,44.75,42.49,132540.0
2004-09-10,42.81,44.55,45.09,42.52,108490.0
2004-09-13,43.87,43.13,44.45,42.95,94670.0
2004-09-14,44.39,43.8,44.85,43.67,112720.0
2004-09-15,43.58,44.44,45.3,43.4,131690.0
2004-09-16,43.88,43.75,44.2,42.75,101900.0
2004-09-17,45.59,44.01,45.8,43.91,78910.0
2004-09-20,46.35,45.59,46.4,45.3,72380.0
2004-09-21,47.1,46.35,47.4,46.05,50740.0
2004-09-22,48.35,46.75,48.65,46.42,146000.0
2004-09-23,48.46,48.35,49.0,47.5,124910.0
2004-09-24,48.88,48.46,48.9,47.9,69260.0
2004-09-27,49.64,48.75,49.75,48.64,76420.0
2004-09-28,49.9,49.57,50.47,49.52,102590.0
2004-09-29,49.51,49.86,50.2,48.4,118800.0
2004-09-30,49.64,49.5,50.1,49.15,82580.0
2004-10-01,50.12,49.64,50.15,49.2,77710.0
2004-10-04,49.91,49.9,49.97,49.44,52020.0
2004-10-05,51.09,49.83,51.29,49.8,88110.0
2004-10-06,52.02,51.18,52.15,50.75,109990.0
2004-10-07,52.67,52.0,53.0,51.92,103190.0
2004-10-08,53.31,52.55,53.4,51.85,116860.0
2004-10-11,53.64,53.19,53.8,52.95,79550.0
2004-10-12,52.51,53.64,54.45,52.37,137490.0
2004-10-13,53.64,52.6,53.95,51.49,122260.0
2004-10-14,54.76,53.65,54.88,53.35,114720.0
2004-10-15,54.93,54.71,55.0,54.14,108850.0
2004-10-18,53.67,54.8,55.33,53.12,76100.0
2004-10-19,53.29,53.64,53.64,52.59,76470.0
2004-10-20,54.92,53.29,55.2,53.23,45910.0
2004-10-21,54.47,54.27,54.95,54.01,79230.0
2004-10-22,55.17,54.5,55.5,54.45,83300.0
2004-10-25,54.54,55.05,55.67,54.2,82510.0
2004-10-26,55.17,54.49,55.25,53.85,97020.0
2004-10-27,52.46,55.18,55.65,52.1,172520.0
2004-10-28,50.92,52.45,52.8,50.78,150850.0
2004-10-29,51.76,50.85,51.8,50.47,105370.0
2004-11-01,50.13,51.82,52.5,49.3,133140.0
2004-11-02,49.62,50.19,50.42,49.55,82750.0
2004-11-03,50.88,49.61,51.2,48.65,143700.0
2004-11-04,48.82,50.88,51.06,48.75,121090.0
2004-11-05,49.61,48.81,49.7,48.3,115770.0
2004-11-08,49.09,49.6,49.6,48.6,77260.0
2004-11-09,47.37,49.02,49.43,47.2,128889.0
2004-11-10,48.86,47.35,49.0,46.96,129900.0
2004-11-11,47.42,48.8,48.9,47.1,92980.0
2004-11-12,47.32,47.55,48.05,47.1,75000.0
2004-11-15,46.87,47.11,47.45,45.25,99070.0
2004-11-16,46.11,46.89,47.4,46.07,85980.0
2004-11-17,46.84,46.16,47.1,45.4,83140.0
2004-11-18,46.22,46.75,47.15,45.65,71120.0
2004-11-19,48.44,46.2,48.9,46.0,29940.0
2004-11-22,48.64,48.8,49.55,48.35,85970.0
2004-11-23,48.94,48.48,50.25,48.22,96050.0
2004-11-24,49.44,48.84,49.6,47.8,20.0
2004-11-29,49.76,49.4,49.95,49.12,57760.0
2004-11-30,49.13,49.65,50.4,48.68,100730.0
2004-12-01,45.49,49.07,49.12,45.35,146700.0
2004-12-02,43.25,45.49,45.9,42.5,158720.0
2004-12-03,42.54,43.33,43.75,42.05,109160.0
2004-12-06,42.98,42.5,43.6,42.26,82610.0
2004-12-07,41.46,43.1,43.19,41.38,109070.0
2004-12-08,41.94,41.41,42.5,40.45,127250.0
2004-12-09,42.53,42.05,43.2,41.95,99430.0
2004-12-10,40.71,42.5,43.29,40.25,118140.0
2004-12-13,41.01,40.9,41.65,40.25,95850.0
2004-12-14,41.82,41.12,41.89,40.85,88750.0
2004-12-15,44.19,41.8,44.45,41.8,119630.0
2004-12-16,44.18,44.3,44.55,43.0,64599.0
2004-12-17,46.28,44.1,46.35,43.97,65280.0
2004-12-20,45.64,46.2,46.2,44.9,34840.0
2004-12-21,45.76,45.65,46.15,45.31,56910.0
2004-12-22,44.24,45.75,45.95,43.65,77630.0
2004-12-23,44.18,44.18,44.4,43.75,43830.0
2004-12-27,41.32,43.87,43.87,41.2,56520.0
2004-12-28,41.77,41.25,42.32,41.0,48610.0
2004-12-29,43.64,41.81,43.7,41.4,84050.0
2004-12-30,43.45,43.61,43.8,42.52,67360.0
2005-01-03,42.12,43.1,43.1,41.25,69480.0
2005-01-04,43.91,42.18,44.13,41.85,100670.0
2005-01-05,43.39,43.9,44.0,42.6,91010.0
2005-01-06,45.56,43.39,45.75,42.8,122410.0
2005-01-07,45.43,45.5,46.1,44.75,99730.0
2005-01-10,45.33,45.6,47.3,45.2,103570.0
2005-01-11,45.68,45.23,46.15,44.95,90540.0
2005-01-12,46.37,45.73,46.6,45.0,117370.0
2005-01-13,48.04,46.5,48.4,46.3,108480.0
2005-01-14,48.38,47.87,48.65,47.6,73820.0
2005-01-18,48.38,48.6,49.5,47.7,76810.0
2005-01-19,47.55,48.36,48.41,47.5,66700.0
2005-01-20,46.91,47.6,47.6,46.4,34820.0
2005-01-21,48.53,47.3,48.95,47.27,109390.0
2005-01-24,48.81,48.88,49.24,47.8,82900.0
2005-01-25,49.64,48.82,49.75,48.35,77800.0
2005-01-26,48.78,49.51,49.74,47.9,115700.0
2005-01-27,48.84,49.03,49.65,48.6,85860.0
2005-01-28,47.18,48.84,48.85,46.8,106860.0
2005-01-31,48.2,46.68,48.25,46.01,107500.0
2005-02-01,47.12,48.21,48.24,47.05,83500.0
2005-02-02,46.69,47.19,47.55,46.45,85110.0
2005-02-03,46.45,46.57,46.73,45.75,70140.0
2005-02-04,46.48,46.5,47.25,46.25,75970.0
2005-02-07,45.28,46.32,46.47,45.1,103690.0
2005-02-08,45.4,45.4,45.7,44.78,99800.0
2005-02-09,45.46,45.45,46.4,44.6,139770.0
2005-02-10,47.1,45.54,47.3,45.42,107520.0
2005-02-11,47.16,46.97,47.48,46.75,83650.0
2005-02-14,47.44,47.05,47.75,46.6,76760.0
2005-02-15,47.26,47.34,47.8,47.1,68240.0
2005-02-16,48.33,47.28,48.65,46.95,94710.0
2005-02-17,47.54,48.32,48.65,47.4,66210.0
2005-02-18,48.35,47.6,48.5,47.52,42680.0
2005-02-22,51.15,48.37,51.4,48.37,37930.0
2005-02-23,51.17,51.2,51.6,50.86,88110.0
2005-02-24,51.39,51.21,52.05,50.46,114190.0
2005-02-25,51.49,51.45,51.9,50.95,74340.0
2005-02-28,51.75,51.8,52.28,51.1,77730.0
2005-03-01,51.68,51.77,51.85,50.65,91600.0
2005-03-02,53.05,51.7,53.09,51.45,107980.0
2005-03-03,53.57,53.04,55.2,52.85,147320.0
2005-03-04,53.78,53.6,54.0,52.9,82920.0
2005-03-07,53.89,53.56,53.95,52.91,90230.0
2005-03-08,54.59,53.87,55.15,53.26,101550.0
2005-03-09,54.77,54.54,55.65,54.16,121570.0
2005-03-10,53.54,54.54,54.62,52.9,114000.0
2005-03-11,54.43,53.6,54.6,52.5,112320.0
2005-03-14,54.95,54.45,55.05,53.52,88000.0
2005-03-15,55.05,54.9,55.45,54.25,89780.0
2005-03-16,56.46,55.0,56.6,54.4,93530.0
2005-03-17,56.4,56.45,57.6,56.15,68560.0
2005-03-18,56.72,56.29,57.0,55.95,59750.0
2005-03-21,56.62,56.68,57.12,56.2,39560.0
2005-03-22,56.03,57.36,57.58,55.69,93380.0
2005-03-23,53.81,55.93,55.93,53.4,158700.0
2005-03-24,54.84,54.12,54.9,53.48,90490.0
2005-03-28,54.05,54.44,54.65,53.6,59670.0
2005-03-29,54.23,53.9,54.5,53.45,72900.0
2005-03-30,53.99,54.28,54.46,52.5,122510.0
2005-03-31,55.4,54.03,56.1,53.93,114760.0
2005-04-01,57.27,55.25,57.7,54.96,113000.0
2005-04-04,57.01,57.15,58.28,56.6,88350.0
2005-04-05,56.04,56.96,57.2,56.0,84120.0
2005-04-06,55.85,55.99,56.9,55.3,94460.0
2005-04-07,54.11,55.78,56.84,53.77,132880.0
2005-04-08,53.32,54.12,54.2,52.7,122490.0
2005-04-11,53.71,53.26,53.85,52.1,97930.0
2005-04-12,51.86,53.8,54.05,51.75,129490.0
2005-04-13,50.22,51.77,51.77,50.06,134520.0
2005-04-14,51.13,50.3,51.4,49.75,108280.0
2005-04-15,50.49,51.05,51.28,50.0,102520.0
2005-04-18,50.37,50.43,51.2,49.66,70860.0
2005-04-19,52.29,50.3,52.35,50.3,59950.0
2005-04-20,52.44,52.19,53.1,52.0,27620.0
2005-04-21,54.2,53.87,54.3,53.0,99240.0
2005-04-22,55.39,54.23,55.9,54.2,113290.0
2005-04-25,54.57,55.15,56.0,54.3,80450.0
2005-04-26,54.2,54.34,54.4,53.35,100870.0
2005-04-27,51.61,54.3,54.4,51.55,123080.0
2005-04-28,51.77,51.56,51.89,49.8,128060.0
2005-04-29,49.72,51.81,52.28,49.5,91920.0
2005-05-02,50.92,49.28,50.99,49.03,98520.0
2005-05-03,49.5,51.0,51.01,49.3,97500.0
2005-05-04,50.13,49.52,50.95,48.8,133690.0
2005-05-05,50.83,50.17,50.94,49.5,96260.0
2005-05-06,50.96,50.97,52.23,50.25,143890.0
2005-05-09,52.03,51.28,52.25,50.65,99260.0
2005-05-10,52.07,52.0,53.1,51.65,119610.0
2005-05-11,50.45,51.77,51.95,50.25,111020.0
2005-05-12,48.54,50.41,50.42,48.3,129130.0
2005-05-13,48.67,48.7,49.11,47.75,99230.0
2005-05-16,48.61,48.67,48.7,47.6,78190.0
2005-05-17,48.97,48.64,49.0,48.05,90760.0
2005-05-18,47.25,48.9,49.35,47.0,92150.0
2005-05-19,46.92,47.1,48.0,46.8,68220.0
2005-05-20,46.8,46.95,47.57,46.2,42140.0
2005-05-23,49.16,48.25,49.5,48.05,91190.0
2005-05-24,49.67,49.15,49.94,48.92,87030.0
2005-05-25,50.98,49.63,51.6,49.58,132790.0
2005-05-26,51.01,50.95,51.7,50.65,92360.0
2005-05-27,51.85,50.9,52.0,50.83,69870.0
2005-05-31,51.97,51.98,52.05,50.9,91940.0
2005-06-01,54.6,51.95,54.7,51.93,117600.0
2005-06-02,53.63,54.54,55.4,53.5,126020.0
2005-06-03,55.03,53.51,55.1,53.42,88730.0
2005-06-06,54.49,55.2,55.55,53.9,85860.0
2005-06-07,53.76,54.48,54.75,53.58,101220.0
2005-06-08,52.54,53.84,55.0,52.45,128020.0
2005-06-09,54.28,52.51,53.25,52.22,111430.0
2005-06-10,53.54,54.41,54.95,53.35,105660.0
2005-06-13,55.62,53.43,55.8,53.05,103590.0
2005-06-14,55.0,55.55,55.8,54.83,96780.0
2005-06-15,55.57,54.94,56.75,54.94,101550.0
2005-06-16,56.58,55.51,56.9,55.12,85980.0
2005-06-17,58.47,56.6,58.6,56.46,63990.0
2005-06-20,59.37,58.51,59.52,58.1,63570.0
2005-06-21,58.9,59.37,59.7,58.6,43420.0
2005-06-22,58.09,58.92,59.55,57.85,106890.0
2005-06-23,59.42,58.15,60.0,58.14,93100.0
2005-06-24,59.84,59.4,60.0,59.17,86110.0
2005-06-27,60.54,59.9,60.95,59.9,79220.0
2005-06-28,58.2,60.44,60.47,57.9,113650.0
2005-06-29,57.26,58.26,58.35,56.9,119270.0
2005-06-30,56.5,57.23,57.8,55.9,157690.0
2005-07-01,58.75,56.56,59.0,56.45,90490.0
2005-07-05,59.59,58.89,60.1,58.8,90510.0
2005-07-06,61.28,59.6,61.35,59.6,112570.0
2005-07-07,60.73,61.28,62.1,57.2,133520.0
2005-07-08,59.63,60.72,61.9,59.55,113010.0
2005-07-11,58.92,59.4,59.5,58.02,111540.0
2005-07-12,60.62,59.15,61.25,58.92,124150.0
2005-07-13,60.01,60.55,61.3,59.8,113300.0
2005-07-14,57.8,59.99,60.14,57.25,131780.0
2005-07-15,58.09,57.87,58.9,57.33,107140.0
2005-07-18,57.32,58.0,58.98,56.8,76100.0
2005-07-19,57.46,57.25,57.77,56.8,85890.0
2005-07-20,56.72,57.38,58.3,56.1,50840.0
2005-07-21,57.13,58.15,58.17,56.5,106240.0
2005-07-22,58.65,57.27,58.7,57.13,83070.0
2005-07-25,59.0,58.75,59.07,57.65,78480.0
2005-07-26,59.2,59.1,59.88,58.5,86850.0
2005-07-27,59.11,59.15,59.7,58.6,93280.0
2005-07-28,59.94,59.21,60.15,58.8,83720.0
2005-07-29,60.57,59.93,61.05,59.81,100660.0
2005-08-01,61.57,60.51,62.3,60.51,104280.0
2005-08-02,61.89,61.59,61.95,60.87,84880.0
2005-08-03,60.86,61.94,62.5,60.8,107880.0
2005-08-04,61.38,60.78,62.1,60.6,83420.0
2005-08-05,62.31,61.42,62.45,61.42,103860.0
2005-08-08,63.94,62.31,64.0,62.21,117470.0
2005-08-09,63.07,63.91,64.27,63.0,113870.0
2005-08-10,64.9,63.12,65.0,62.91,138320.0
2005-08-11,65.8,64.95,66.0,64.42,124630.0
2005-08-12,66.86,65.82,67.1,65.6,121670.0
2005-08-15,66.27,66.85,67.0,65.35,84420.0
2005-08-16,66.08,66.26,66.85,65.5,108870.0
2005-08-17,63.25,66.14,66.6,63.15,121220.0
2005-08-18,63.27,63.33,63.77,62.25,66190.0
2005-08-19,65.35,63.3,65.5,63.3,81600.0
2005-08-22,65.45,65.4,66.25,65.0,38940.0
2005-08-23,65.71,65.56,66.2,64.65,83180.0
2005-08-24,67.32,65.79,67.4,65.3,98720.0
2005-08-25,67.49,67.41,68.0,66.4,78800.0
2005-08-26,66.13,67.5,67.95,65.9,92780.0
2005-08-29,67.2,68.6,70.8,66.3,151040.0
2005-08-30,69.81,67.4,70.85,67.26,178300.0
2005-08-31,68.94,69.95,70.65,67.8,143720.0
2005-09-01,69.47,68.75,69.6,68.25,102650.0
2005-09-02,67.57,69.4,69.66,67.35,97740.0
2005-09-06,65.96,66.6,67.56,65.65,112850.0
2005-09-07,64.37,65.83,66.5,63.9,116130.0
2005-09-08,64.49,64.44,65.15,63.1,123330.0
2005-09-09,64.08,64.67,65.35,63.55,104980.0
2005-09-12,63.34,64.15,64.41,62.55,109140.0
2005-09-13,63.11,63.31,63.85,62.65,110400.0
2005-09-14,65.09,63.09,65.2,63.05,116780.0
2005-09-15,64.75,65.05,65.66,63.9,111660.0
2005-09-16,63.0,64.7,64.7,62.85,89330.0
2005-09-19,67.39,63.39,67.5,63.2,85070.0
2005-09-20,66.23,67.24,67.38,64.8,44500.0
2005-09-21,66.8,66.22,68.27,66.15,108750.0
2005-09-22,66.5,66.85,68.14,66.05,93000.0
2005-09-23,64.19,66.58,66.8,63.85,96320.0
2005-09-26,65.82,63.44,65.9,62.65,108140.0
2005-09-27,65.07,65.7,66.17,64.6,82210.0
2005-09-28,66.35,64.94,67.4,64.6,125180.0
2005-09-29,66.79,66.34,67.2,65.52,121350.0
2005-09-30,66.24,66.79,67.03,65.3,114730.0
2005-10-03,65.47,66.2,66.62,64.99,69180.0
2005-10-04,63.9,65.4,65.49,63.0,94280.0
2005-10-05,62.79,63.81,64.8,62.6,87280.0
2005-10-06,61.36,62.72,62.83,60.7,116500.0
2005-10-07,61.84,61.6,62.23,61.1,90340.0
2005-10-10,61.8,61.79,62.44,60.35,100050.0
2005-10-11,63.53,62.02,63.6,61.88,121480.0
2005-10-12,64.12,63.59,64.7,63.4,128610.0
2005-10-13,63.08,64.15,64.39,62.45,110800.0
2005-10-14,62.63,63.05,63.1,61.2,79490.0
2005-10-17,64.36,62.95,64.4,62.72,73280.0
2005-10-18,63.2,64.1,64.28,62.7,65960.0
2005-10-19,62.41,63.0,63.59,61.31,74300.0
2005-10-20,61.03,62.3,62.44,59.85,33830.0
2005-10-21,60.63,59.85,60.7,59.15,103720.0
2005-10-24,60.32,60.06,60.5,59.3,78770.0
2005-10-25,62.44,60.23,62.55,59.98,101670.0
2005-10-26,60.66,62.3,62.95,60.6,109990.0
2005-10-27,61.09,60.88,61.5,60.25,99580.0
2005-10-28,61.22,61.1,61.48,60.55,89730.0
2005-10-31,59.76,61.2,61.39,59.27,103820.0
2005-11-01,59.85,59.76,60.3,59.05,95970.0
2005-11-02,59.75,59.9,60.4,58.75,97860.0
2005-11-03,61.78,59.7,61.85,59.56,100010.0
2005-11-04,60.58,61.75,62.15,60.5,92740.0
2005-11-07,59.47,60.11,60.44,58.6,126390.0
2005-11-08,59.71,59.47,59.85,58.9,99620.0
2005-11-09,58.93,59.7,60.4,58.6,133270.0
2005-11-10,57.8,58.8,58.96,57.4,104740.0
2005-11-11,57.53,57.77,58.2,56.93,100710.0
2005-11-14,57.69,57.8,58.2,57.35,68820.0
2005-11-15,56.98,57.72,58.4,56.9,102690.0
2005-11-16,57.88,56.98,58.25,56.7,81910.0
2005-11-17,56.34,57.82,58.52,56.2,90170.0
2005-11-18,56.14,56.54,56.8,55.4,38310.0
2005-11-21,57.7,57.42,58.18,57.1,68600.0
2005-11-22,58.84,57.8,59.0,57.55,81620.0
2005-11-23,58.71,58.75,59.15,57.95,87140.0
2005-11-28,57.36,58.11,58.3,56.7,98710.0
2005-11-29,56.5,57.31,57.75,56.45,98130.0
2005-11-30,57.32,56.35,57.4,55.72,131180.0
2005-12-01,58.47,57.4,58.8,57.02,112880.0
2005-12-02,59.32,58.47,59.55,58.15,114720.0
2005-12-05,59.91,59.41,60.8,59.41,106590.0
2005-12-06,59.94,59.77,60.45,59.55,80400.0
2005-12-07,59.21,60.01,60.68,59.11,129030.0
2005-12-08,60.66,59.35,60.7,59.05,104850.0
2005-12-09,59.39,60.76,61.5,59.03,123430.0
2005-12-12,61.3,59.51,61.35,59.5,113720.0
2005-12-13,61.37,61.29,61.9,60.76,102190.0
2005-12-14,60.85,61.28,61.75,60.8,84310.0
2005-12-15,59.99,60.85,61.2,59.95,100830.0
2005-12-16,58.06,59.9,60.09,58.0,91100.0
2005-12-19,57.34,58.0,58.59,56.9,74140.0
2005-12-20,57.98,57.3,58.2,57.3,36140.0
2005-12-21,58.56,58.3,58.7,57.55,84510.0
2005-12-22,58.28,58.6,59.29,57.72,60470.0
2005-12-23,58.43,58.26,58.75,57.65,37520.0
2005-12-27,58.16,58.3,58.3,57.3,55480.0
2005-12-28,59.82,58.19,60.45,57.76,87690.0
2005-12-29,60.32,59.89,60.85,59.4,64920.0
2005-12-30,61.04,60.39,61.25,59.73,72710.0
2006-01-03,63.14,61.04,63.8,60.81,130639.0
2006-01-04,63.42,63.0,63.65,62.26,105190.0
2006-01-05,62.79,63.4,63.74,62.6,104040.0
2006-01-06,64.21,62.6,64.45,62.6,110760.0
2006-01-09,63.5,64.15,64.61,62.9,115560.0
2006-01-10,63.37,63.38,64.2,63.05,111890.0
2006-01-11,63.94,63.35,64.8,62.6,166380.0
2006-01-12,63.94,63.98,65.05,63.86,111400.0
2006-01-13,63.92,63.92,64.33,63.13,115940.0
2006-01-17,66.31,64.82,66.35,64.6,117430.0
2006-01-18,65.73,66.35,66.93,65.25,87070.0
2006-01-19,66.83,65.85,66.9,65.25,64890.0
2006-01-20,68.35,66.85,68.8,66.78,41690.0
2006-01-23,68.1,68.45,69.2,67.6,84180.0
2006-01-24,67.06,68.1,68.11,67.0,100190.0
2006-01-25,65.85,67.1,67.1,65.45,138330.0
2006-01-26,66.26,65.85,66.9,65.31,124700.0
2006-01-27,67.76,66.49,67.95,66.35,112320.0
2006-01-30,68.35,67.85,68.45,67.25,92440.0
2006-01-31,67.92,68.4,68.65,67.35,118870.0
2006-02-01,66.56,67.8,69.0,66.3,140030.0
2006-02-02,64.68,66.2,67.19,64.4,150160.0
2006-02-03,65.37,64.7,65.4,63.95,110820.0
2006-02-06,65.11,65.6,66.62,64.9,97540.0
2006-02-07,63.09,65.1,65.1,63.0,145680.0
2006-02-08,62.55,63.19,63.49,62.3,150440.0
2006-02-09,62.62,62.57,63.7,62.34,133580.0
2006-02-10,61.84,62.64,63.0,61.2,146060.0
2006-02-13,61.24,62.1,62.18,60.85,91960.0
2006-02-14,59.57,61.18,61.3,59.5,132020.0
2006-02-15,57.65,59.49,60.05,57.6,136090.0
2006-02-16,58.46,57.7,58.8,57.55,93510.0
2006-02-17,59.88,58.8,60.0,58.68,95550.0
2006-02-21,61.1,61.25,61.5,60.5,44130.0
2006-02-22,61.01,62.5,62.59,60.52,106290.0
2006-02-23,60.54,60.91,61.15,59.7,122120.0
2006-02-24,62.91,60.5,63.25,60.47,134350.0
2006-02-27,61.0,62.8,62.85,60.85,93770.0
2006-02-28,61.41,60.9,61.5,60.3,133720.0
2006-03-01,61.97,61.58,62.35,61.46,91940.0
2006-03-02,63.36,61.96,63.55,61.8,97320.0
2006-03-03,63.67,63.53,63.79,62.7,97540.0
2006-03-06,62.41,63.75,63.92,61.8,98680.0
2006-03-07,61.58,62.32,62.75,61.1,120050.0
2006-03-08,60.02,61.55,61.68,59.25,132360.0
2006-03-09,60.47,60.01,60.9,59.55,118690.0
2006-03-10,59.96,60.56,60.78,59.7,98520.0
2006-03-13,61.77,60.05,61.9,59.58,127870.0
2006-03-14,63.1,61.75,63.37,61.27,108480.0
2006-03-15,62.17,62.94,63.2,62.0,96650.0
2006-03-16,63.58,62.05,63.9,61.65,100870.0
2006-03-17,62.77,63.45,63.7,62.7,67470.0
2006-03-20,60.42,62.75,62.99,60.25,77270.0
2006-03-21,60.57,60.41,61.0,59.6,30640.0
2006-03-22,61.77,62.28,62.85,61.61,96040.0
2006-03-23,63.91,61.9,64.0,61.87,136670.0
2006-03-24,64.26,63.87,64.75,63.4,91950.0
2006-03-27,64.16,64.4,64.55,63.45,62120.0
2006-03-28,66.07,64.22,66.2,64.05,101380.0
2006-03-29,66.45,66.1,66.7,65.58,112100.0
2006-03-30,67.15,66.51,67.3,66.05,95670.0
2006-03-31,66.63,67.05,67.14,65.6,139340.0
2006-04-03,66.74,66.25,67.9,66.2,94630.0
2006-04-04,66.23,66.65,66.65,65.6,108410.0
2006-04-05,67.07,66.2,67.25,65.74,99790.0
2006-04-06,67.94,67.11,68.2,67.1,111110.0
2006-04-07,67.39,67.85,67.85,66.65,109200.0
2006-04-10,68.74,67.4,68.95,67.22,108020.0
2006-04-11,68.98,68.67,69.45,68.0,125620.0
2006-04-12,68.62,68.95,69.6,68.45,123410.0
2006-04-13,69.32,68.52,69.4,67.87,119370.0
2006-04-17,70.4,69.55,70.45,69.3,98600.0
2006-04-18,71.35,70.27,71.6,70.15,96040.0
2006-04-19,72.17,71.29,72.4,70.7,89720.0
2006-04-20,71.95,72.03,72.49,70.7,45810.0
2006-04-21,75.17,73.5,75.35,72.73,100740.0
2006-04-24,73.33,75.35,75.35,72.95,125460.0
2006-04-25,72.88,73.28,74.0,71.75,146840.0
2006-04-26,71.93,72.85,73.22,71.85,107090.0
2006-04-27,70.97,71.93,72.01,70.75,108950.0
2006-04-28,71.88,70.99,72.65,70.49,155580.0
2006-05-01,73.7,71.7,73.75,71.42,83650.0
2006-05-02,74.61,73.8,74.9,73.5,112600.0
2006-05-03,72.28,74.63,74.99,72.25,119110.0
2006-05-04,69.94,72.17,72.47,69.3,158820.0
2006-05-05,70.19,70.2,70.7,69.7,119450.0
2006-05-08,69.77,70.05,70.56,68.25,122340.0
2006-05-09,70.69,69.84,71.45,69.62,149150.0
2006-05-10,72.13,70.65,72.2,69.65,151860.0
2006-05-11,73.32,72.13,73.9,71.98,135850.0
2006-05-12,72.04,73.1,73.35,71.65,101830.0
2006-05-15,69.41,71.9,72.04,69.35,118930.0
2006-05-16,69.53,69.21,70.7,68.51,118760.0
2006-05-17,68.69,69.35,70.1,68.2,128970.0
2006-05-18,69.45,68.65,69.5,67.85,82160.0
2006-05-19,68.53,69.45,69.93,68.01,82470.0
2006-05-22,69.23,68.52,69.9,67.42,49370.0
2006-05-23,71.76,70.05,72.15,69.85,113470.0
2006-05-24,69.86,71.58,71.65,69.8,118270.0
2006-05-25,71.32,69.91,71.38,69.36,87140.0
2006-05-26,71.37,71.3,71.9,70.86,71610.0
2006-05-30,72.03,71.31,72.75,71.2,81010.0
2006-05-31,71.29,71.95,72.16,70.05,149100.0
2006-06-01,70.34,71.26,71.9,70.05,129410.0
2006-06-02,72.33,70.25,72.7,70.07,113070.0
2006-06-05,72.6,72.7,73.84,72.1,89820.0
2006-06-06,72.5,72.64,72.9,71.35,94600.0
2006-06-07,70.82,72.4,72.58,70.5,128509.0
2006-06-08,70.35,70.86,70.9,69.1,131030.0
2006-06-09,71.63,70.28,71.8,69.95,112120.0
2006-06-12,70.36,71.6,72.32,70.2,113770.0
2006-06-13,68.56,70.24,70.43,68.3,147280.0
2006-06-14,69.14,68.45,69.4,68.1,107290.0
2006-06-15,69.5,69.03,70.25,69.0,135910.0
2006-06-16,69.88,69.58,70.45,68.8,90440.0
2006-06-19,68.98,69.87,70.11,68.55,95560.0
2006-06-20,68.94,69.01,69.89,68.55,41980.0
2006-06-21,70.33,69.34,70.75,68.8,118190.0
2006-06-22,70.84,70.34,71.2,70.05,102920.0
2006-06-23,70.87,70.85,71.3,70.28,77730.0
2006-06-26,71.8,70.86,71.9,70.4,95880.0
2006-06-27,71.92,71.74,72.5,71.6,81240.0
2006-06-28,72.19,71.91,72.77,71.6,90120.0
2006-06-29,73.52,72.2,73.55,72.15,81820.0
2006-06-30,73.93,73.51,74.15,73.35,100750.0
2006-07-03,73.93,73.93,73.93,73.93,
2006-07-05,75.19,73.95,75.4,73.38,91570.0
2006-07-06,75.14,75.2,75.35,74.3,92580.0
2006-07-07,74.09,75.02,75.78,73.85,102430.0
2006-07-10,73.61,73.94,73.95,72.9,104860.0
2006-07-11,74.16,73.51,74.6,73.34,98070.0
2006-07-12,74.95,74.03,75.05,73.8,122020.0
2006-07-13,76.7,74.98,76.85,74.91,144010.0
2006-07-14,77.03,76.67,78.4,76.67,122620.0
2006-07-17,75.3,76.91,77.74,75.2,120240.0
2006-07-18,73.54,75.2,76.55,73.5,90990.0
2006-07-19,72.66,73.9,74.11,71.65,101690.0
2006-07-20,73.08,73.0,73.5,72.05,34810.0
2006-07-21,74.43,74.07,75.2,73.9,78120.0
2006-07-24,75.05,74.45,75.2,73.5,76890.0
2006-07-25,73.75,75.1,75.78,73.55,84880.0
2006-07-26,73.94,73.8,74.8,73.52,82010.0
2006-07-27,74.54,73.9,74.92,73.72,79260.0
2006-07-28,73.24,74.5,74.85,72.8,88590.0
2006-07-31,74.4,73.5,74.48,72.77,100530.0
2006-08-01,74.91,74.4,75.45,74.02,87110.0
2006-08-02,75.81,74.92,76.5,74.9,92490.0
2006-08-03,75.46,76.0,76.19,74.65,85480.0
2006-08-04,74.76,75.6,75.68,74.15,76390.0
2006-08-07,76.98,74.78,77.3,74.55,129000.0
2006-08-08,76.31,77.05,77.45,76.15,92340.0
2006-08-09,76.35,76.33,77.4,76.05,137250.0
2006-08-10,74.0,76.25,76.52,73.9,142300.0
2006-08-11,74.35,74.0,74.81,73.75,117630.0
2006-08-14,73.53,73.79,73.95,72.6,82050.0
2006-08-15,73.05,73.38,73.9,72.82,76420.0
2006-08-16,71.89,72.93,73.15,71.53,90070.0
2006-08-17,70.06,71.65,71.75,70.0,104170.0
2006-08-18,71.14,70.48,71.19,69.6,71420.0
2006-08-21,72.45,71.22,72.56,71.14,80340.0
2006-08-22,72.63,72.45,72.85,72.1,34590.0
2006-08-23,71.76,72.85,72.94,71.1,89380.0
2006-08-24,72.36,71.65,73.0,71.37,53960.0
2006-08-25,72.51,72.8,73.75,72.38,77210.0
2006-08-28,70.61,72.2,72.2,70.15,75580.0
2006-08-29,69.71,70.46,70.9,69.3,81670.0
2006-08-30,70.03,69.77,70.53,68.65,80220.0
2006-08-31,70.26,70.45,70.82,69.35,89590.0
2006-09-01,69.19,70.29,70.66,69.01,53470.0
2006-09-05,68.6,69.25,69.59,67.77,78920.0
2006-09-06,67.5,68.65,68.85,67.45,112100.0
2006-09-07,67.32,67.55,67.98,66.76,98580.0
2006-09-08,66.25,67.2,67.6,66.0,120860.0
2006-09-11,65.61,66.01,66.5,64.85,140700.0
2006-09-12,63.76,65.59,66.44,63.59,150650.0
2006-09-13,63.97,63.84,64.75,63.5,168430.0
2006-09-14,63.22,64.27,64.65,63.0,151780.0
2006-09-15,63.33,63.45,63.66,62.03,137550.0
2006-09-18,63.8,63.49,64.45,62.85,113820.0
2006-09-19,61.66,63.85,64.46,61.55,105490.0
2006-09-20,60.46,61.7,61.83,60.0,38750.0
2006-09-21,61.59,60.81,61.8,60.65,105730.0
2006-09-22,60.55,61.71,62.26,60.19,122450.0
2006-09-25,61.45,60.25,62.15,59.52,122240.0
2006-09-26,61.01,61.44,62.0,60.6,132650.0
2006-09-27,62.96,61.14,63.1,60.1,148250.0
2006-09-28,62.76,62.99,64.0,62.39,150190.0
2006-09-29,62.91,62.7,63.1,61.45,145460.0
2006-10-02,61.03,62.8,63.32,60.84,108500.0
2006-10-03,58.68,60.9,61.15,58.43,169190.0
2006-10-04,59.41,58.5,59.78,57.75,178940.0
2006-10-05,60.03,59.76,60.97,59.34,152690.0
2006-10-06,59.76,60.04,60.28,58.84,166500.0
2006-10-09,59.96,59.9,61.3,59.78,156180.0
2006-10-10,58.52,59.95,60.68,58.4,170230.0
2006-10-11,57.59,58.52,59.1,57.37,180440.0
2006-10-12,57.86,57.4,58.47,57.22,162870.0
2006-10-13,58.57,58.34,59.46,58.06,127400.0
2006-10-16,59.94,58.86,60.12,58.06,139800.0
2006-10-17,58.93,60.05,60.54,58.65,171710.0
2006-10-18,57.65,59.1,59.5,57.35,130289.0
2006-10-19,58.5,57.72,58.95,57.45,104800.0
2006-10-20,56.82,58.61,59.4,56.55,44430.0
2006-10-23,58.81,59.43,59.47,58.12,149820.0
2006-10-24,59.35,58.89,59.7,58.42,132910.0
2006-10-25,61.4,59.5,61.65,59.23,190640.0
2006-10-26,60.36,61.58,61.79,60.1,165970.0
2006-10-27,60.75,60.3,61.0,59.85,149480.0
2006-10-30,58.36,60.75,61.05,58.22,168400.0
2006-10-31,58.73,58.41,58.8,57.05,211040.0
2006-11-01,58.71,58.6,59.45,57.8,181840.0
2006-11-02,57.88,58.6,58.96,57.6,183140.0
2006-11-03,59.14,57.86,59.35,57.77,169660.0
2006-11-06,60.02,59.15,60.56,58.5,193570.0
2006-11-07,58.93,60.12,60.2,58.89,237070.0
2006-11-08,59.83,59.16,60.3,58.88,242870.0
2006-11-09,61.16,60.0,61.33,59.9,230430.0
2006-11-10,59.59,61.03,61.17,59.45,195450.0
2006-11-13,58.58,59.6,59.92,58.25,220010.0
2006-11-14,58.28,58.6,59.15,58.15,242610.0
2006-11-15,58.76,58.45,59.4,58.3,188950.0
2006-11-16,56.26,58.77,59.32,55.92,177340.0
2006-11-17,55.81,56.25,56.48,54.86,45670.0
2006-11-20,58.8,58.73,59.04,57.97,142500.0
2006-11-21,60.17,58.96,60.4,58.61,145380.0
2006-11-22,59.24,60.05,60.35,58.35,172820.0
2006-11-24,59.24,59.24,59.24,59.24,
2006-11-27,60.32,59.89,60.44,59.26,143840.0
2006-11-28,60.99,60.4,61.2,60.21,151500.0
2006-11-29,62.46,60.99,62.54,60.95,215400.0
2006-11-30,63.13,62.32,63.77,62.2,220010.0
2006-12-01,63.43,62.85,63.7,62.24,176600.0
2006-12-04,62.44,63.81,63.82,61.9,162010.0
2006-12-05,62.43,62.42,63.25,61.53,227430.0
2006-12-06,62.19,62.42,63.01,61.84,221140.0
2006-12-07,62.49,62.31,62.76,61.55,255420.0
2006-12-08,62.03,62.75,63.65,61.95,217500.0
2006-12-11,61.22,62.21,62.25,61.05,197110.0
2006-12-12,61.02,61.3,62.01,60.65,210420.0
2006-12-13,61.37,60.97,61.85,60.74,215430.0
2006-12-14,62.51,61.52,62.8,61.41,186370.0
2006-12-15,63.43,62.52,63.5,62.28,114370.0
2006-12-18,62.21,63.2,63.5,62.07,139760.0
2006-12-19,63.15,62.19,63.45,61.65,44210.0
2006-12-20,63.72,63.5,64.15,63.18,179710.0
2006-12-21,62.66,63.58,63.59,62.3,142110.0
2006-12-22,62.41,62.67,63.09,62.1,80120.0
2006-12-26,61.1,62.44,63.2,60.5,121340.0
2006-12-27,60.34,60.91,61.34,60.25,108790.0
2006-12-28,60.53,60.41,60.85,60.05,111100.0
2006-12-29,61.05,60.5,61.2,59.9,105640.0
2007-01-02,61.05,61.05,61.05,61.05,14600.0
2007-01-03,58.32,60.95,60.97,57.72,248550.0
2007-01-04,55.59,58.35,58.58,55.39,324010.0
2007-01-05,56.31,55.41,56.4,54.9,250130.0
2007-01-08,56.09,56.24,57.72,55.1,298730.0
2007-01-09,55.64,56.12,56.2,53.88,333330.0
2007-01-10,54.02,55.75,55.81,53.44,282510.0
2007-01-11,51.88,53.59,54.73,51.8,341660.0
2007-01-12,52.99,52.07,53.11,51.56,317900.0
2007-01-16,51.21,52.94,53.55,50.53,276100.0
2007-01-17,52.24,51.2,52.4,50.28,244370.0
2007-01-18,50.48,52.4,52.69,49.9,167280.0
2007-01-19,51.99,50.47,52.05,50.12,118600.0
2007-01-22,51.13,52.09,53.44,50.8,51510.0
2007-01-23,55.04,52.64,55.15,52.41,243680.0
2007-01-24,55.37,54.97,55.45,53.66,250600.0
2007-01-25,54.23,55.39,55.9,54.1,214450.0
2007-01-26,55.42,54.33,55.58,54.2,167980.0
2007-01-29,54.01,55.63,55.96,53.75,209140.0
2007-01-30,56.97,53.87,57.05,53.82,279880.0
2007-01-31,58.14,56.9,58.2,55.75,315020.0
2007-02-01,57.3,57.89,58.86,57.1,282640.0
2007-02-02,59.02,57.39,59.25,57.05,213510.0
2007-02-05,58.74,59.25,59.95,58.46,251450.0
2007-02-06,58.88,58.9,59.99,58.5,276430.0
2007-02-07,57.71,59.12,59.85,57.25,335590.0
2007-02-08,59.71,57.73,59.87,57.3,301780.0
2007-02-09,59.89,59.78,60.8,59.3,316790.0
2007-02-12,57.81,59.68,59.76,57.38,277170.0
2007-02-13,59.06,57.61,59.6,57.24,266260.0
2007-02-14,58.0,59.03,59.26,57.5,254610.0
2007-02-15,57.99,58.03,58.51,56.62,213960.0
2007-02-16,59.39,58.04,59.45,57.59,183350.0
2007-02-20,58.07,58.87,59.25,57.32,78740.0
2007-02-21,60.07,58.89,60.63,58.07,243530.0
2007-02-22,60.95,60.13,61.25,59.61,259089.0
2007-02-23,61.14,60.72,61.8,60.5,261829.0
2007-02-26,61.39,60.88,61.75,60.65,203510.0
2007-02-27,61.46,61.44,62.25,60.06,291700.0
2007-02-28,61.79,60.28,62.1,59.92,270670.0
2007-03-01,62.0,61.82,62.49,60.8,242340.0
2007-03-02,61.64,61.84,62.4,61.16,178220.0
2007-03-05,60.07,61.3,61.3,59.55,230680.0
2007-03-06,60.69,59.89,60.8,59.65,223860.0
2007-03-07,61.82,60.79,62.1,60.64,253460.0
2007-03-08,61.64,61.74,62.3,61.2,239560.0
2007-03-09,60.05,61.71,61.83,59.87,248690.0
2007-03-12,58.91,59.96,59.96,58.6,256100.0
2007-03-13,57.93,59.01,59.95,57.75,291850.0
2007-03-14,58.16,58.17,58.44,57.3,226840.0
2007-03-15,57.55,58.2,58.64,57.4,197140.0
2007-03-16,57.11,57.53,58.29,56.17,149060.0
2007-03-19,56.59,57.11,57.59,56.3,114240.0
2007-03-20,56.73,56.67,57.58,56.1,38920.0
2007-03-21,59.61,59.65,60.13,59.21,199400.0
2007-03-22,61.69,60.02,62.05,59.95,236870.0
2007-03-23,62.28,61.97,62.65,61.25,210690.0
2007-03-26,62.91,62.34,63.3,62.34,229560.0
2007-03-27,62.93,62.83,68.09,62.24,191030.0
2007-03-28,64.08,64.4,64.96,63.36,245550.0
2007-03-29,66.03,64.03,66.5,63.5,301250.0
2007-03-30,65.87,66.05,66.78,65.51,247790.0
2007-04-02,65.94,66.03,66.69,65.08,208920.0
2007-04-03,64.64,65.8,65.94,63.96,200460.0
2007-04-04,64.38,64.52,65.09,63.56,254550.0
2007-04-05,64.28,64.39,64.94,63.6,203940.0
2007-04-09,61.51,64.29,64.36,61.35,274020.0
2007-04-10,61.89,61.72,62.28,61.35,241520.0
2007-04-11,62.01,61.81,62.56,61.53,248040.0
2007-04-12,63.85,61.92,63.96,61.86,269310.0
2007-04-13,63.63,63.9,64.58,63.38,229090.0
2007-04-16,63.61,63.41,64.21,62.55,231800.0
2007-04-17,63.1,63.6,64.64,63.05,217730.0
2007-04-18,63.13,63.25,63.41,62.4,118230.0
2007-04-19,61.83,62.99,63.27,61.34,84610.0
2007-04-20,63.38,61.79,63.6,61.77,31950.0
2007-04-23,65.89,64.11,65.96,63.7,190340.0
2007-04-24,64.58,65.75,66.3,64.1,253740.0
2007-04-25,65.84,64.61,65.92,64.52,199320.0
2007-04-26,65.06,65.68,66.4,64.82,213020.0
2007-04-27,66.46,65.3,66.7,64.58,218280.0
2007-04-30,65.71,66.36,66.65,65.53,225410.0
2007-05-01,64.4,65.66,66.15,64.15,263830.0
2007-05-02,63.68,64.43,64.67,63.05,239560.0
2007-05-03,63.19,63.48,64.09,62.74,213560.0
2007-05-04,61.93,63.25,63.44,61.56,232530.0
2007-05-07,61.47,61.71,62.06,60.85,248500.0
2007-05-08,62.26,61.64,62.58,61.21,277670.0
2007-05-09,61.55,62.18,62.48,60.68,275340.0
2007-05-10,61.81,61.57,62.5,61.38,256970.0
2007-05-11,62.37,61.89,62.56,61.68,216920.0
2007-05-14,62.46,62.42,63.07,62.14,200430.0
2007-05-15,63.17,62.54,63.3,62.07,185330.0
2007-05-16,62.55,63.15,63.3,61.9,216160.0
2007-05-17,64.86,62.62,65.09,62.48,267960.0
2007-05-18,64.94,64.92,65.64,64.57,173060.0
2007-05-21,66.27,64.95,66.38,64.45,114930.0
2007-05-22,64.97,66.27,66.35,64.8,24190.0
2007-05-23,65.77,65.61,66.2,65.05,230830.0
2007-05-24,64.18,65.72,66.15,63.82,212990.0
2007-05-25,65.2,64.48,65.3,64.21,144490.0
2007-05-29,63.15,64.98,65.24,62.54,221020.0
2007-05-30,63.49,63.26,63.87,62.88,215020.0
2007-05-31,64.01,63.31,64.27,62.43,275960.0
2007-06-01,65.08,64.23,65.25,63.8,225800.0
2007-06-04,66.21,64.87,66.48,64.53,228630.0
2007-06-05,65.61,66.05,66.2,65.23,200800.0
2007-06-06,65.96,65.67,66.31,65.21,222160.0
2007-06-07,66.93,65.9,67.42,65.82,275770.0
2007-06-08,64.76,66.7,66.83,64.56,284370.0
2007-06-11,65.97,64.7,66.07,64.52,234650.0
2007-06-12,65.35,65.88,66.08,64.87,187700.0
2007-06-13,66.26,65.22,66.48,64.91,231770.0
2007-06-14,67.65,66.03,67.89,65.95,228280.0
2007-06-15,68.0,67.69,68.3,67.24,194410.0
2007-06-18,69.09,68.13,69.15,67.4,145140.0
2007-06-19,69.1,69.01,69.56,68.4,127210.0
2007-06-20,68.19,69.02,69.17,67.29,49960.0
2007-06-21,68.65,68.7,69.88,68.28,228410.0
2007-06-22,69.14,68.66,69.5,68.17,191210.0
2007-06-25,69.18,68.85,69.45,67.55,240250.0
2007-06-26,67.77,69.02,69.19,67.6,199710.0
2007-06-27,68.97,67.83,69.36,67.07,259459.0
2007-06-28,69.57,69.0,70.52,68.92,261459.0
2007-06-29,70.68,69.58,71.06,69.46,200610.0
2007-07-02,71.09,70.52,71.34,69.57,217110.0
2007-07-03,71.41,71.28,71.49,70.7,140580.0
2007-07-05,71.81,71.25,72.35,70.8,226310.0
2007-07-06,72.81,71.8,72.94,71.56,219300.0
2007-07-09,72.19,72.75,73.0,71.81,227740.0
2007-07-10,72.81,72.05,73.08,71.6,214250.0
2007-07-11,72.56,72.61,73.03,72.08,207520.0
2007-07-12,72.5,72.45,73.8,71.92,250480.0
2007-07-13,73.93,72.72,74.01,72.26,243390.0
2007-07-16,74.15,74.01,74.5,73.63,203490.0
2007-07-17,74.02,74.28,75.35,73.5,262640.0
2007-07-18,75.05,74.21,75.28,73.9,172320.0
2007-07-19,75.92,75.07,76.0,74.63,126820.0
2007-07-20,75.57,75.96,76.13,75.16,42660.0
2007-07-23,74.89,75.69,75.69,74.44,166780.0
2007-07-24,73.56,74.89,74.93,72.91,243500.0
2007-07-25,75.88,73.35,76.38,73.1,216080.0
2007-07-26,74.95,76.31,77.24,74.6,269580.0
2007-07-27,77.02,75.05,77.12,74.7,216570.0
2007-07-30,76.83,76.92,77.33,76.05,189460.0
2007-07-31,78.21,76.7,78.28,76.6,196460.0
2007-08-01,76.53,77.94,78.77,76.09,306680.0
2007-08-02,76.86,76.74,77.44,75.52,214010.0
2007-08-03,75.48,76.89,77.36,75.04,233020.0
2007-08-06,72.06,75.04,75.1,71.6,292990.0
2007-08-07,72.42,72.06,72.62,71.14,284130.0
2007-08-08,72.15,72.38,73.2,71.85,263750.0
2007-08-09,71.59,72.27,72.4,70.5,269870.0
2007-08-10,71.47,71.59,71.69,70.1,226670.0
2007-08-13,71.62,71.47,73.19,71.12,245900.0
2007-08-14,72.38,71.55,72.77,71.36,231540.0
2007-08-15,73.33,72.69,74.23,72.32,280130.0
2007-08-16,71.0,73.14,73.14,70.1,293840.0
2007-08-17,71.98,71.67,72.54,71.0,170220.0
2007-08-20,71.12,71.77,71.77,70.05,138080.0
2007-08-21,69.47,70.9,71.5,68.76,53600.0
2007-08-22,69.26,69.64,70.3,68.63,207890.0
2007-08-23,69.83,69.35,70.08,69.03,170980.0
2007-08-24,71.09,70.02,71.35,69.52,164270.0
2007-08-27,71.97,71.04,72.14,70.2,186010.0
2007-08-28,71.73,72.12,72.25,71.2,181540.0
2007-08-29,73.51,71.58,73.64,71.41,213070.0
2007-08-30,73.36,73.5,73.96,72.75,180830.0
2007-08-31,74.04,73.6,74.44,73.4,166660.0
2007-09-04,75.08,73.9,75.25,73.48,221910.0
2007-09-05,75.73,75.12,75.92,74.75,226380.0
2007-09-06,76.3,75.88,77.43,75.33,330620.0
2007-09-07,76.7,76.59,77.0,75.63,222960.0
2007-09-10,77.49,76.46,78.47,75.52,296680.0
2007-09-11,78.23,77.79,78.37,76.92,291800.0
2007-09-12,79.91,78.16,80.18,78.01,302930.0
2007-09-13,80.09,79.65,80.2,79.19,237510.0
2007-09-14,79.1,79.92,80.36,78.75,257060.0
2007-09-17,80.57,79.03,80.92,78.25,270760.0
2007-09-18,81.51,80.86,82.38,80.23,237630.0
2007-09-19,81.93,82.17,82.51,80.87,203170.0
2007-09-20,83.32,81.73,83.9,81.61,71310.0
2007-09-21,81.62,81.78,82.4,80.55,225620.0
2007-09-24,80.95,81.3,81.6,80.37,200780.0
2007-09-25,79.53,80.61,80.62,78.96,249620.0
2007-09-26,80.3,79.32,80.82,78.44,342100.0
2007-09-27,82.88,80.63,83.09,80.5,292700.0
2007-09-28,81.66,82.95,83.76,81.39,294400.0
2007-10-01,80.24,81.75,82.02,79.45,269040.0
2007-10-02,80.05,80.22,80.43,78.87,219220.0
2007-10-03,79.94,80.23,80.88,79.57,227310.0
2007-10-04,81.44,79.68,81.75,78.91,252120.0
2007-10-05,81.22,81.4,81.68,80.51,230870.0
2007-10-08,79.02,81.11,81.11,78.35,253110.0
2007-10-09,80.26,79.26,81.1,78.39,324880.0
2007-10-10,81.3,80.22,81.35,79.72,264140.0
2007-10-11,83.08,81.32,83.67,81.25,289290.0
2007-10-12,83.69,82.87,84.05,82.69,205950.0
2007-10-15,86.13,83.91,86.71,83.5,238650.0
2007-10-16,87.61,86.5,88.2,86.13,340710.0
2007-10-17,87.4,87.5,89.0,86.91,323890.0
2007-10-18,89.47,87.1,89.78,87.1,195960.0
2007-10-19,88.6,89.74,90.07,87.86,176590.0
2007-10-22,87.56,88.86,88.86,86.17,64580.0
2007-10-23,85.27,85.77,86.79,84.82,262300.0
2007-10-24,87.1,85.17,87.79,84.68,296430.0
2007-10-25,90.46,87.63,90.6,87.54,282490.0
2007-10-26,91.86,90.36,92.22,90.2,318750.0
2007-10-29,93.53,91.72,93.8,91.52,279080.0
2007-10-30,90.38,93.67,93.68,89.53,300420.0
2007-10-31,94.53,89.72,95.28,88.92,402150.0
2007-11-01,93.49,95.15,96.24,92.06,349180.0
2007-11-02,95.93,93.65,96.03,93.05,254480.0
2007-11-05,93.98,95.93,96.12,93.72,279960.0
2007-11-06,96.7,94.46,97.1,94.41,302220.0
2007-11-07,96.37,96.83,98.62,94.62,448360.0
2007-11-08,95.46,95.84,97.7,94.93,347190.0
2007-11-09,96.32,95.91,96.68,94.54,329490.0
2007-11-12,94.62,96.01,96.2,93.54,317040.0
2007-11-13,91.17,93.59,94.7,90.13,502950.0
2007-11-14,94.09,91.35,94.37,91.21,280740.0
2007-11-15,93.43,93.95,94.64,91.86,226710.0
2007-11-16,95.1,93.7,95.73,93.2,63100.0
2007-11-19,94.64,93.88,95.15,93.16,240220.0
2007-11-20,98.03,94.88,98.62,93.99,286530.0
2007-11-21,97.29,98.09,99.29,96.31,287610.0
2007-11-23,98.18,97.36,98.47,96.16,82090.0
2007-11-26,97.7,98.28,99.11,96.5,231370.0
2007-11-27,94.42,96.88,97.28,94.21,266500.0
2007-11-28,90.62,94.56,95.22,90.33,353780.0
2007-11-29,91.01,91.36,95.17,90.43,409510.0
2007-11-30,88.71,91.19,91.52,88.45,298160.0
2007-12-03,89.31,88.79,89.99,87.14,308010.0
2007-12-04,88.32,89.68,89.98,87.34,281150.0
2007-12-05,87.49,88.23,90.39,86.82,295120.0
2007-12-06,90.23,87.27,90.73,85.82,279600.0
2007-12-07,88.28,90.53,90.68,87.07,288370.0
2007-12-10,87.86,88.27,89.8,87.09,288600.0
2007-12-11,90.02,88.22,90.55,87.92,260040.0
2007-12-12,94.39,89.45,94.85,89.26,358040.0
2007-12-13,92.25,94.21,94.85,91.85,339590.0
2007-12-14,91.27,92.57,93.38,90.6,234010.0
2007-12-17,90.63,91.43,91.95,89.49,128729.0
2007-12-18,90.49,90.97,92.88,88.88,44570.0
2007-12-19,91.24,90.35,92.35,89.7,207860.0
2007-12-20,91.06,91.39,92.25,90.57,165410.0
2007-12-21,93.31,91.04,93.84,90.83,189550.0
2007-12-24,94.13,93.58,94.23,92.5,55640.0
2007-12-26,95.97,93.99,96.54,93.99,119880.0
2007-12-27,96.62,95.81,97.79,95.22,148820.0
2007-12-28,96.0,96.84,97.92,95.87,143680.0
2007-12-31,95.98,96.12,96.78,94.73,108600.0
2008-01-02,99.62,96.05,100.0,96.05,227100.0
2008-01-03,99.18,99.23,100.09,98.45,241270.0
2008-01-04,97.91,99.17,99.41,97.1,231790.0
2008-01-07,95.09,97.79,98.4,94.47,258890.0
2008-01-08,96.33,95.35,97.54,95.26,287520.0
2008-01-09,95.67,96.24,97.97,95.42,346500.0
2008-01-10,93.71,95.79,96.24,93.25,315910.0
2008-01-11,92.69,94.24,94.65,92.31,293790.0
2008-01-14,94.2,92.92,94.43,92.41,257790.0
2008-01-15,91.9,94.24,94.38,90.98,316090.0
2008-01-16,90.84,91.68,91.9,89.26,353600.0
2008-01-17,90.13,91.0,92.19,89.57,209720.0
2008-01-18,90.57,89.9,91.32,89.61,164880.0
2008-01-22,89.85,90.58,91.0,86.11,59190.0
2008-01-23,86.99,89.15,89.44,86.65,261820.0
2008-01-24,89.41,87.72,89.75,87.0,286690.0
2008-01-25,90.71,89.55,91.38,89.51,306720.0
2008-01-28,90.99,90.62,91.36,88.78,261940.0
2008-01-29,91.64,91.05,92.42,90.33,216740.0
2008-01-30,92.33,92.37,92.71,91.24,241100.0
2008-01-31,91.75,91.77,92.3,89.58,316990.0
2008-02-01,88.96,91.36,92.12,88.46,287490.0
2008-02-04,90.02,88.66,90.83,88.07,229470.0
2008-02-05,88.41,89.98,90.0,87.5,259720.0
2008-02-06,87.14,88.27,88.94,86.66,301810.0
2008-02-07,88.11,87.06,88.4,86.24,281570.0
2008-02-08,91.77,88.29,91.98,88.0,339270.0
2008-02-11,93.59,91.76,94.72,90.92,320860.0
2008-02-12,92.78,93.61,94.15,92.06,294310.0
2008-02-13,93.27,92.5,93.89,91.9,270310.0
2008-02-14,95.46,93.29,95.6,93.25,271470.0
2008-02-15,95.5,95.22,96.67,94.66,215230.0
2008-02-19,100.01,95.37,100.1,95.23,194050.0
2008-02-20,100.74,99.98,101.32,98.4,59000.0
2008-02-21,98.23,100.01,100.33,96.87,312100.0
2008-02-22,98.81,97.5,99.37,97.16,245950.0
2008-02-25,99.23,98.99,99.7,97.75,206040.0
2008-02-26,100.88,99.35,101.43,98.46,265970.0
2008-02-27,99.64,101.2,102.08,99.43,267760.0
2008-02-28,102.59,99.63,102.97,98.91,287910.0
2008-02-29,101.84,102.55,103.05,101.36,225730.0
2008-03-03,102.45,101.63,103.95,100.77,281850.0
2008-03-04,99.52,102.35,103.33,98.87,366720.0
2008-03-05,104.52,99.88,104.95,99.55,414310.0
2008-03-06,105.47,104.64,105.97,102.85,337770.0
2008-03-07,105.15,105.58,106.54,103.91,292400.0
2008-03-10,107.9,105.25,108.21,104.08,340550.0
2008-03-11,108.75,107.91,109.72,106.61,349820.0
2008-03-12,109.92,108.65,110.2,107.09,342580.0
2008-03-13,110.33,110.06,111.0,108.76,327860.0
2008-03-14,110.21,110.24,110.92,108.84,293220.0
2008-03-17,105.68,110.1,111.8,103.23,336080.0
2008-03-18,109.42,106.15,109.8,105.68,187050.0
2008-03-19,104.48,108.8,108.98,102.95,55600.0
2008-03-20,101.84,102.1,102.69,98.65,332790.0
2008-03-24,100.86,101.7,102.42,99.95,190180.0
2008-03-25,101.22,100.43,101.86,99.13,303740.0
2008-03-26,105.9,101.55,106.36,101.43,330870.0
2008-03-27,107.58,106.0,108.22,105.03,311980.0
2008-03-28,105.62,107.19,107.63,104.71,261690.0
2008-03-31,101.58,105.12,106.78,100.25,332270.0
2008-04-01,100.98,101.57,102.55,99.55,299410.0
2008-04-02,104.83,100.83,105.1,99.84,295760.0
2008-04-03,103.83,104.53,106.44,103.21,322590.0
2008-04-04,106.23,104.26,106.38,104.03,231010.0
2008-04-07,109.09,106.12,109.48,105.86,278970.0
2008-04-08,108.5,108.88,109.64,107.64,307800.0
2008-04-09,110.87,108.75,112.21,107.95,326220.0
2008-04-10,110.11,110.7,112.2,108.75,312660.0
2008-04-11,110.14,110.06,110.82,108.92,240810.0
2008-04-14,111.76,110.0,111.99,109.56,199910.0
2008-04-15,113.79,111.8,114.08,111.8,222350.0
2008-04-16,114.93,113.85,115.14,112.19,297360.0
2008-04-17,114.86,115.0,115.54,114.1,227420.0
2008-04-18,116.69,115.0,117.0,112.72,206380.0
2008-04-21,117.48,116.93,117.83,115.65,134020.0
2008-04-22,119.37,117.53,119.9,116.85,54460.0
2008-04-23,118.3,118.33,118.69,116.45,243830.0
2008-04-24,116.06,117.93,118.3,114.25,319980.0
2008-04-25,118.52,115.95,119.55,114.51,288730.0
2008-04-28,118.75,118.95,119.93,118.16,201650.0
2008-04-29,115.63,118.84,118.84,114.95,303540.0
2008-04-30,113.46,115.36,116.7,113.3,313040.0
2008-05-01,112.52,114.6,115.23,110.3,291260.0
2008-05-02,116.32,112.25,116.8,111.78,287460.0
2008-05-05,119.97,116.5,120.36,116.05,265270.0
2008-05-06,121.84,119.9,122.73,119.33,331910.0
2008-05-07,123.53,121.76,123.93,120.54,366210.0
2008-05-08,123.69,123.81,124.61,121.58,387990.0
2008-05-09,125.96,124.28,126.27,124.08,338770.0
2008-05-12,124.23,125.84,126.4,123.7,347940.0
2008-05-13,125.8,123.76,126.98,123.1,375770.0
2008-05-14,124.22,125.97,126.04,123.77,313210.0
2008-05-15,124.12,123.83,126.64,120.75,411680.0
2008-05-16,126.29,124.4,127.82,124.04,269770.0
2008-05-19,127.05,126.35,127.77,125.28,213090.0
2008-05-20,129.07,127.49,129.6,126.67,59340.0
2008-05-21,133.17,129.1,134.15,128.6,362020.0
2008-05-22,130.81,133.89,135.09,130.07,425100.0
2008-05-23,132.19,130.75,133.71,130.16,321340.0
2008-05-27,128.85,131.68,133.65,128.18,326600.0
2008-05-28,131.03,128.3,131.58,125.96,369870.0
2008-05-29,126.62,130.75,133.12,126.11,424270.0
2008-05-30,127.35,126.59,128.3,124.67,309340.0
2008-06-02,127.76,127.63,129.35,125.22,304810.0
2008-06-03,124.31,127.5,127.98,123.87,301120.0
2008-06-04,122.3,124.23,125.1,121.84,335550.0
2008-06-05,127.79,122.23,128.38,121.61,333370.0
2008-06-06,138.54,128.2,139.12,127.81,508750.0
2008-06-09,134.35,137.97,138.25,133.0,348550.0
2008-06-10,131.31,135.02,137.98,130.8,394360.0
2008-06-11,136.38,131.79,138.3,131.35,374430.0
2008-06-12,136.74,136.54,137.46,131.55,418090.0
2008-06-13,134.86,136.97,137.08,133.46,262880.0
2008-06-16,134.61,134.41,139.89,132.84,291340.0
2008-06-17,134.01,133.6,135.23,132.0,307170.0
2008-06-18,136.68,133.5,136.88,131.82,225860.0
2008-06-19,131.93,136.09,137.82,131.48,194150.0
2008-06-20,134.62,132.06,136.8,131.19,37300.0
2008-06-23,136.74,134.8,138.14,134.05,248740.0
2008-06-24,137.0,137.25,138.75,135.9,229370.0
2008-06-25,134.55,137.07,137.58,131.95,290400.0
2008-06-26,139.64,134.52,140.39,133.68,295770.0
2008-06-27,140.21,139.44,142.99,138.61,277520.0
2008-06-30,140.0,140.6,143.67,139.17,253430.0
2008-07-01,140.97,140.18,143.33,139.95,238750.0
2008-07-02,143.57,141.44,144.32,140.01,253400.0
2008-07-03,145.29,144.19,145.85,143.22,193840.0
2008-07-07,141.37,144.27,144.53,139.5,304150.0
2008-07-08,136.04,141.59,142.44,135.14,382400.0
2008-07-09,136.05,136.0,138.28,135.34,299140.0
2008-07-10,141.65,135.8,142.13,135.43,294340.0
2008-07-11,145.08,141.8,147.27,141.44,334940.0
2008-07-14,145.18,144.69,146.37,142.49,252610.0
2008-07-15,138.74,145.19,146.73,135.92,392230.0
2008-07-16,134.6,138.77,139.3,132.0,293860.0
2008-07-17,129.29,135.11,136.75,129.0,379080.0
2008-07-18,128.88,129.56,132.04,128.23,208700.0
2008-07-21,131.04,128.88,132.05,128.63,133660.0
2008-07-22,127.95,131.04,132.07,125.63,44130.0
2008-07-23,124.44,128.5,128.7,124.12,293200.0
2008-07-24,125.49,124.46,126.44,123.5,267710.0
2008-07-25,123.26,125.6,126.51,122.5,217950.0
2008-07-28,124.73,123.41,125.22,122.63,197070.0
2008-07-29,122.19,124.94,125.85,120.42,263550.0
2008-07-30,126.77,121.9,127.39,120.8,309080.0
2008-07-31,124.08,126.9,127.89,122.71,280830.0
2008-08-01,125.1,124.06,128.6,122.1,277310.0
2008-08-04,121.41,125.98,126.35,119.5,294050.0
2008-08-05,119.17,121.0,121.23,118.0,316590.0
2008-08-06,118.58,118.75,120.49,117.11,307990.0
2008-08-07,120.02,118.8,121.78,117.91,304200.0
2008-08-08,115.2,119.9,120.08,114.62,297330.0
2008-08-11,114.45,115.2,116.9,112.72,295330.0
2008-08-12,113.01,114.53,115.95,112.31,303790.0
2008-08-13,116.0,113.09,117.46,112.87,322970.0
2008-08-14,115.01,116.39,117.42,112.59,268200.0
2008-08-15,113.77,114.83,115.2,111.34,276810.0
2008-08-18,112.87,113.94,115.35,112.0,178630.0
2008-08-19,114.53,113.11,116.65,111.64,149290.0
2008-08-20,114.98,115.11,117.03,112.61,45770.0
2008-08-21,121.18,115.86,122.04,115.4,308110.0
2008-08-22,114.59,121.55,121.86,114.18,276220.0
2008-08-25,115.11,114.69,116.06,113.68,174450.0
2008-08-26,116.27,115.5,117.89,112.36,311870.0
2008-08-27,118.15,116.04,119.63,115.64,265810.0
2008-08-28,115.59,118.16,120.5,114.08,272320.0
2008-08-29,115.46,115.75,118.76,115.0,216480.0
2008-09-02,109.71,116.65,118.6,105.46,389710.0
2008-09-03,109.35,110.24,110.3,107.22,247580.0
2008-09-04,107.89,109.4,110.6,106.52,264190.0
2008-09-05,106.23,107.48,108.1,105.13,249110.0
2008-09-08,106.34,107.75,109.89,104.7,317920.0
2008-09-09,103.26,106.66,106.77,101.74,332460.0
2008-09-10,102.58,102.2,104.97,101.36,331520.0
2008-09-11,100.87,102.78,103.95,100.1,311510.0
2008-09-12,101.18,101.15,102.89,99.99,273120.0
2008-09-15,95.71,101.0,101.19,94.0,334900.0
2008-09-16,91.15,94.23,94.32,90.51,327160.0
2008-09-17,97.16,92.81,97.63,91.36,343690.0
2008-09-18,97.88,97.1,102.24,95.73,243360.0
2008-09-19,104.55,97.95,105.25,97.39,184770.0
2008-09-22,120.92,104.97,130.0,103.35,41530.0
2008-09-23,106.61,108.98,109.58,104.05,316030.0
2008-09-24,105.73,106.93,109.5,104.8,233420.0
2008-09-25,108.02,105.53,108.67,103.22,245160.0
2008-09-26,106.89,107.7,108.11,104.25,168450.0
2008-09-29,96.37,106.89,106.91,95.04,248520.0
2008-09-30,100.64,95.4,102.46,93.36,252740.0
2008-10-01,98.53,101.86,102.84,95.95,280300.0
2008-10-02,93.97,98.73,100.37,93.56,223270.0
2008-10-03,93.88,93.85,96.03,91.3,238980.0
2008-10-06,87.81,92.5,92.68,87.56,281990.0
2008-10-07,90.06,88.96,93.02,87.87,342920.0
2008-10-08,88.95,89.56,90.99,86.05,339340.0
2008-10-09,86.59,88.8,89.82,84.19,248210.0
2008-10-10,77.7,84.93,85.13,77.09,364000.0
2008-10-13,81.19,80.12,82.52,79.45,210710.0
2008-10-14,78.63,82.0,84.83,78.31,266140.0
2008-10-15,74.54,78.75,79.17,73.55,221140.0
2008-10-16,69.85,73.6,74.5,68.57,283090.0
2008-10-17,71.85,72.3,74.3,69.84,141910.0
2008-10-20,74.25,72.16,76.12,71.77,137300.0
2008-10-21,70.89,75.62,75.69,69.77,24680.0
2008-10-22,66.75,71.47,71.8,66.2,272320.0
2008-10-23,67.84,67.21,69.42,65.9,256890.0
2008-10-24,64.15,69.42,69.5,62.65,253810.0
2008-10-27,63.22,64.78,65.77,61.3,234150.0
2008-10-28,62.73,62.24,65.2,61.61,222080.0
2008-10-29,67.5,64.5,69.24,63.65,315420.0
2008-10-30,65.96,68.11,70.6,64.04,279200.0
2008-10-31,67.81,65.58,68.6,63.12,256880.0
2008-11-03,63.91,67.37,69.19,63.63,236430.0
2008-11-04,70.53,63.8,71.77,62.25,329190.0
2008-11-05,65.3,70.0,70.46,65.0,272470.0
2008-11-06,60.77,65.02,65.5,60.16,292020.0
2008-11-07,61.04,60.67,62.82,59.97,236050.0
2008-11-10,62.41,61.8,65.56,59.1,286650.0
2008-11-11,59.33,62.14,62.28,58.32,258310.0
2008-11-12,56.16,59.0,59.5,55.5,261420.0
2008-11-13,58.24,55.44,59.66,54.67,322690.0
2008-11-14,57.04,59.39,59.96,55.69,245860.0
2008-11-17,54.95,56.74,58.98,54.72,337540.0
2008-11-18,54.39,55.01,55.98,53.96,189690.0
2008-11-19,53.62,54.7,55.34,52.79,161380.0
2008-11-20,49.62,53.1,53.3,48.5,38950.0
2008-11-21,49.93,48.57,51.12,48.25,213650.0
2008-11-24,54.5,50.97,55.3,48.8,233070.0
2008-11-25,50.77,54.3,54.66,50.52,228410.0
2008-11-26,54.44,50.65,54.97,50.15,243440.0
2008-11-28,54.43,54.3,55.98,51.12,129160.0
2008-12-01,49.28,54.62,54.62,48.62,217050.0
2008-12-02,46.96,48.85,50.25,46.82,233250.0
2008-12-03,46.79,47.76,48.1,46.26,217570.0
2008-12-04,43.67,47.0,47.27,43.36,232450.0
2008-12-05,40.81,43.78,44.47,40.5,327140.0
2008-12-08,43.71,41.64,44.7,41.55,289530.0
2008-12-09,42.07,44.05,44.57,41.83,240870.0
2008-12-10,43.52,42.4,46.17,41.89,362390.0
2008-12-11,47.98,44.05,49.12,43.28,317270.0
2008-12-12,46.28,47.0,47.51,43.32,291630.0
2008-12-15,44.51,46.77,50.05,44.1,256310.0
2008-12-16,43.6,44.95,46.53,42.56,259899.0
2008-12-17,40.06,43.75,45.5,39.88,174260.0
2008-12-18,36.22,40.32,40.9,35.98,96000.0
2008-12-19,33.87,36.26,37.59,32.4,24690.0
2008-12-22,39.91,42.79,43.44,39.5,149140.0
2008-12-23,38.98,39.55,40.65,37.79,146200.0
2008-12-24,35.35,39.15,39.69,35.13,93380.0
2008-12-26,37.71,35.7,38.03,35.6,64550.0
2008-12-29,40.02,38.4,42.2,37.53,150600.0
2008-12-30,39.03,40.01,40.39,37.93,137260.0
2008-12-31,44.6,39.17,45.54,36.94,188600.0
2009-01-02,46.34,43.72,46.74,41.05,184680.0
2009-01-05,48.81,47.04,49.28,45.56,258760.0
2009-01-06,48.58,48.4,50.47,47.6,331310.0
2009-01-07,42.63,48.41,49.09,42.41,306260.0
2009-01-08,41.7,42.63,43.63,40.54,312490.0
2009-01-09,40.83,42.45,42.7,39.38,277430.0
2009-01-12,37.59,40.55,40.8,37.48,272830.0
2009-01-13,37.78,37.49,39.5,36.1,340620.0
2009-01-14,37.28,38.72,39.45,35.52,311080.0
2009-01-15,35.4,37.34,37.99,33.2,179930.0
2009-01-16,36.51,35.28,36.87,34.18,97980.0
2009-01-20,38.74,36.14,39.55,32.7,28520.0
2009-01-21,43.55,40.91,44.43,40.24,276260.0
2009-01-22,43.67,44.21,45.1,40.41,317570.0
2009-01-23,46.47,43.26,47.0,41.4,269760.0
2009-01-26,45.73,46.05,48.59,45.25,277500.0
2009-01-27,41.58,45.65,47.49,41.41,308440.0
2009-01-28,42.16,41.99,43.6,40.6,291420.0
2009-01-29,41.44,42.22,42.32,40.18,245850.0
2009-01-30,41.68,41.65,43.44,41.02,237730.0
2009-02-02,40.08,41.75,42.31,39.83,263650.0
2009-02-03,40.78,40.28,41.17,39.65,244620.0
2009-02-04,40.32,40.93,41.92,39.74,254200.0
2009-02-05,41.17,40.3,41.25,39.46,229730.0
2009-02-06,40.17,41.0,42.68,38.6,518380.0
2009-02-09,39.56,39.88,42.43,39.42,317500.0
2009-02-10,37.55,39.76,41.8,37.35,359670.0
2009-02-11,35.94,38.15,38.47,35.65,315650.0
2009-02-12,33.98,35.92,36.25,33.55,326180.0
2009-02-13,37.51,34.36,38.25,33.81,281710.0
2009-02-17,34.93,37.81,38.49,34.45,153710.0
2009-02-18,34.62,35.02,36.22,34.13,73860.0
2009-02-19,39.48,34.75,39.85,34.59,82550.0
2009-02-20,38.94,38.86,39.5,36.91,25550.0
2009-02-23,38.44,39.73,41.49,37.87,285910.0
2009-02-24,39.96,38.1,40.13,37.65,238190.0
2009-02-25,42.5,39.92,42.83,39.4,323430.0
2009-02-26,45.22,42.39,45.3,42.27,287200.0
2009-02-27,44.76,44.59,44.91,42.55,274580.0
2009-03-02,40.15,44.34,44.49,39.84,245230.0
2009-03-03,41.65,40.1,42.07,39.44,241540.0
2009-03-04,45.38,41.38,45.76,41.04,319760.0
2009-03-05,43.61,45.42,45.7,42.86,228190.0
2009-03-06,45.52,43.61,46.3,43.45,306350.0
2009-03-09,47.07,45.76,48.83,44.97,390590.0
2009-03-10,45.71,47.25,48.32,45.33,289160.0
2009-03-11,42.33,45.57,46.04,42.08,339880.0
2009-03-12,47.03,42.73,47.22,42.51,316570.0
2009-03-13,46.25,47.21,48.14,45.6,221030.0
2009-03-16,47.35,45.2,47.63,43.62,240080.0
2009-03-17,49.16,47.06,49.82,46.53,214930.0
2009-03-18,48.14,48.67,49.87,46.92,125340.0
2009-03-19,51.61,49.73,52.25,48.78,96380.0
2009-03-20,51.06,51.06,52.13,50.3,25550.0
2009-03-23,53.8,52.13,54.05,51.62,229890.0
2009-03-24,53.98,53.83,54.2,52.45,212790.0
2009-03-25,52.77,53.73,54.18,51.86,283730.0
2009-03-26,54.34,52.84,54.66,52.76,196920.0
2009-03-27,52.38,54.0,54.28,51.64,181170.0
2009-03-30,48.41,52.25,52.25,48.11,222170.0
2009-03-31,49.66,48.64,50.0,47.77,240250.0
2009-04-01,48.39,48.96,48.96,47.26,234220.0
2009-04-02,52.64,48.45,52.87,48.45,270270.0
2009-04-03,52.51,52.36,53.9,51.02,212170.0
2009-04-06,51.05,52.4,53.6,49.81,228980.0
2009-04-07,49.15,51.39,51.82,48.4,254030.0
2009-04-08,49.38,48.47,51.3,47.37,352610.0
2009-04-09,52.24,49.96,52.45,49.72,294840.0
2009-04-13,50.05,52.0,52.15,48.84,290460.0
2009-04-14,49.41,49.96,51.12,48.85,284710.0
2009-04-15,49.25,49.16,50.79,48.91,228060.0
2009-04-16,49.98,49.7,50.48,49.11,196960.0
2009-04-17,50.33,49.93,51.37,49.41,137020.0
2009-04-20,45.88,50.16,50.31,45.44,89900.0
2009-04-21,46.51,45.26,47.2,43.83,23860.0
2009-04-22,48.85,48.68,49.09,47.7,238730.0
2009-04-23,49.62,48.49,49.92,48.37,227300.0
2009-04-24,51.55,49.65,51.75,49.06,230870.0
2009-04-27,50.14,51.45,51.45,48.01,265290.0
2009-04-28,49.92,50.1,50.19,48.55,186820.0
2009-04-29,50.97,49.25,51.42,49.12,234830.0
2009-04-30,51.12,50.79,51.94,50.21,208300.0
2009-05-01,53.2,50.95,53.65,50.43,248750.0
2009-05-04,54.47,52.62,54.64,52.56,229780.0
2009-05-05,53.84,54.46,54.83,53.5,234310.0
2009-05-06,56.34,54.12,56.47,53.57,334300.0
2009-05-07,56.71,56.3,58.57,55.46,377830.0
2009-05-08,58.63,56.5,58.75,56.15,291820.0
2009-05-11,58.5,58.49,58.63,56.78,290030.0
2009-05-12,58.85,58.1,60.08,57.81,305960.0
2009-05-13,58.02,59.29,59.9,57.41,311800.0
2009-05-14,58.62,57.73,59.0,56.55,260459.0
2009-05-15,56.34,58.54,58.88,56.07,216090.0
2009-05-18,59.03,56.47,59.33,56.12,134710.0
2009-05-19,59.65,59.16,60.48,58.55,40960.0
2009-05-20,62.04,60.18,62.26,59.86,270020.0
2009-05-21,61.05,61.68,61.87,59.92,237410.0
2009-05-22,61.67,61.05,61.98,60.5,186300.0
2009-05-26,62.45,61.5,62.54,59.53,267130.0
2009-05-27,63.45,62.87,63.82,62.19,261890.0
2009-05-28,65.08,62.91,65.44,62.75,281440.0
2009-05-29,66.31,64.77,66.64,64.68,261370.0
2009-06-01,68.58,66.48,68.68,66.23,234080.0
2009-06-02,68.55,68.04,69.05,67.5,266860.0
2009-06-03,66.12,68.25,68.95,64.95,322370.0
2009-06-04,68.81,66.09,69.6,65.92,304670.0
2009-06-05,68.44,68.73,70.32,67.54,329260.0
2009-06-08,68.09,68.32,68.95,66.78,289280.0
2009-06-09,70.01,68.69,70.69,68.43,316880.0
2009-06-10,71.33,70.51,71.79,70.43,346250.0
2009-06-11,72.68,71.46,73.23,71.32,314790.0
2009-06-12,72.04,72.43,72.63,70.8,224600.0
2009-06-15,70.62,72.2,72.35,69.58,242210.0
2009-06-16,70.47,70.31,72.77,69.8,266350.0
2009-06-17,71.03,70.26,71.28,69.0,265580.0
2009-06-18,71.37,70.82,71.75,70.22,178850.0
2009-06-19,69.55,71.35,72.3,68.9,115710.0
2009-06-22,66.93,69.89,69.89,66.25,32070.0
2009-06-23,69.24,67.15,69.68,66.37,279900.0
2009-06-24,68.67,68.55,69.86,68.06,242860.0
2009-06-25,70.23,68.29,70.93,68.11,254940.0
2009-06-26,69.16,70.34,71.29,68.81,208030.0
2009-06-29,71.49,69.25,71.92,68.36,229880.0
2009-06-30,69.89,71.6,73.38,68.9,331550.0
2009-07-01,69.31,70.45,71.85,68.52,304640.0
2009-07-02,66.73,69.22,69.74,66.26,243250.0
2009-07-06,64.05,66.49,67.17,63.4,256990.0
2009-07-07,62.93,64.19,64.91,62.21,262360.0
2009-07-08,60.14,62.31,62.68,60.01,334960.0
2009-07-09,60.41,60.38,61.62,59.25,314800.0
2009-07-10,59.89,60.45,60.89,58.72,264750.0
2009-07-13,59.69,59.86,60.67,58.32,301910.0
2009-07-14,59.52,60.14,61.46,59.15,305950.0
2009-07-15,61.54,59.79,62.0,59.65,279730.0
2009-07-16,62.02,62.0,62.25,60.29,250040.0
2009-07-17,63.56,62.24,63.99,61.04,186320.0
2009-07-20,63.98,63.38,64.9,63.19,125150.0
2009-07-21,64.72,64.2,65.53,63.51,32220.0
2009-07-22,65.4,65.03,65.77,63.76,319990.0
2009-07-23,67.16,65.4,67.49,64.4,321630.0
2009-07-24,68.05,66.62,68.2,66.46,217270.0
2009-07-27,68.38,68.05,68.99,67.6,245180.0
2009-07-28,67.23,68.26,68.86,66.48,253560.0
2009-07-29,63.35,66.68,67.01,62.7,342410.0
2009-07-30,66.94,62.86,67.29,62.76,344220.0
2009-07-31,69.45,66.69,69.74,64.96,400840.0
2009-08-03,71.58,69.3,72.2,69.09,323460.0
2009-08-04,71.42,71.34,71.95,70.16,285880.0
2009-08-05,71.97,71.82,72.1,69.71,307550.0
2009-08-06,71.94,71.83,72.42,70.18,328670.0
2009-08-07,70.93,71.81,72.84,70.38,367020.0
2009-08-10,70.6,70.67,71.57,70.09,304090.0
2009-08-11,69.45,70.76,71.25,68.71,389080.0
2009-08-12,70.16,69.67,71.13,68.84,342270.0
2009-08-13,70.52,70.54,72.21,70.05,322970.0
2009-08-14,67.51,70.9,71.6,67.12,320140.0
2009-08-17,66.75,67.69,67.69,65.23,264790.0
2009-08-18,69.19,66.8,70.29,66.11,182990.0
2009-08-19,72.42,70.25,72.8,68.05,126680.0
2009-08-20,72.54,72.15,72.88,71.65,35490.0
2009-08-21,73.89,72.88,74.72,72.03,246230.0
2009-08-24,74.37,73.75,74.81,73.57,208700.0
2009-08-25,72.05,73.97,75.0,71.11,324400.0
2009-08-26,71.43,71.35,72.64,70.67,255500.0
2009-08-27,72.49,71.36,72.95,69.83,272730.0
2009-08-28,72.74,72.86,73.52,71.78,239220.0
2009-08-31,69.96,71.0,73.36,69.13,276970.0
2009-09-01,68.05,69.85,71.37,68.0,336840.0
2009-09-02,68.05,67.7,68.8,67.05,269500.0
2009-09-03,67.96,68.15,69.4,67.66,231970.0
2009-09-04,68.02,68.19,68.78,67.12,229780.0
2009-09-08,71.1,67.87,71.79,67.54,374240.0
2009-09-09,71.31,71.33,72.52,70.66,331980.0
2009-09-10,71.94,71.64,72.44,70.86,345550.0
2009-09-11,69.29,72.05,72.9,68.82,374690.0
2009-09-14,68.86,69.15,69.51,68.02,255720.0
2009-09-15,70.93,68.78,71.19,68.48,288040.0
2009-09-16,72.51,70.4,72.56,70.14,291950.0
2009-09-17,72.47,72.31,73.16,71.66,235710.0
2009-09-18,72.04,72.4,72.66,71.27,165700.0
2009-09-21,69.71,71.78,72.2,68.96,142850.0
2009-09-22,71.55,69.67,71.85,69.61,31200.0
2009-09-23,68.97,71.63,71.81,68.04,307580.0
2009-09-24,65.89,68.33,68.77,65.6,357460.0
2009-09-25,66.02,65.92,67.09,65.05,315320.0
2009-09-28,66.84,66.15,67.54,65.41,231410.0
2009-09-29,66.71,67.11,67.33,65.82,247350.0
2009-09-30,70.61,66.71,70.72,66.22,386690.0
2009-10-01,70.82,70.4,71.39,69.13,334690.0
2009-10-02,69.95,70.35,70.69,68.32,312010.0
2009-10-05,70.41,69.81,71.0,68.05,346920.0
2009-10-06,70.88,70.26,71.97,70.06,313290.0
2009-10-07,69.57,71.16,71.76,68.88,346920.0
2009-10-08,71.69,69.8,72.55,69.17,405210.0
2009-10-09,71.77,71.42,72.35,70.62,322280.0
2009-10-12,73.27,72.24,73.84,72.05,260230.0
2009-10-13,74.15,73.17,74.55,72.83,361150.0
2009-10-14,75.18,74.4,75.53,74.4,296010.0
2009-10-15,77.58,75.34,77.97,74.79,355570.0
2009-10-16,78.53,77.76,78.75,76.82,238420.0
2009-10-19,79.61,78.56,79.69,78.05,131530.0
2009-10-20,79.09,79.61,80.05,78.05,40160.0
2009-10-21,81.37,78.69,82.0,77.64,395740.0
2009-10-22,81.19,81.04,81.5,79.86,295410.0
2009-10-23,80.5,81.26,81.78,79.55,293750.0
2009-10-26,78.68,79.65,81.58,77.97,363910.0
2009-10-27,79.55,78.68,79.89,77.81,375670.0
2009-10-28,77.46,79.47,79.83,77.06,359440.0
2009-10-29,79.87,78.75,80.46,77.03,360580.0
2009-10-30,77.0,79.98,80.21,76.85,412390.0
2009-11-02,78.13,77.02,78.66,76.56,371010.0
2009-11-03,79.6,78.09,79.77,76.55,373990.0
2009-11-04,80.4,79.47,81.06,79.12,366100.0
2009-11-05,79.62,80.29,80.52,79.34,257600.0
2009-11-06,77.43,79.8,80.34,76.71,395800.0
2009-11-09,79.43,77.87,80.19,77.77,327400.0
2009-11-10,79.05,79.24,80.51,77.89,371090.0
2009-11-11,79.28,78.88,80.1,78.57,297820.0
2009-11-12,76.94,79.25,79.69,76.52,412830.0
2009-11-13,76.35,76.78,77.67,75.57,335370.0
2009-11-16,78.9,76.58,79.43,76.35,361390.0
2009-11-17,79.14,78.93,79.73,78.14,319240.0
2009-11-18,79.58,79.38,80.33,78.67,253660.0
2009-11-19,77.46,79.63,79.87,77.06,175230.0
2009-11-20,76.72,77.59,77.99,76.2,35050.0
2009-11-23,77.56,77.8,79.92,77.15,382890.0
2009-11-24,76.02,77.45,77.8,75.6,413030.0
2009-11-25,77.96,75.83,78.09,75.5,337390.0
2009-11-27,76.05,77.8,77.94,72.39,301350.0
2009-11-30,77.28,76.05,78.0,75.13,358540.0
2009-12-01,78.37,77.35,79.04,77.01,310480.0
2009-12-02,76.6,77.9,78.59,76.22,340900.0
2009-12-03,76.46,76.51,77.5,75.54,351790.0
2009-12-04,75.47,75.83,77.9,74.85,411580.0
2009-12-07,73.93,75.8,76.1,73.7,359250.0
2009-12-08,72.62,74.0,74.39,72.43,424770.0
2009-12-09,70.67,73.12,73.87,70.13,526970.0
2009-12-10,70.54,70.8,71.39,69.81,407660.0
2009-12-11,69.87,70.57,71.2,69.46,343410.0
2009-12-14,69.51,69.63,70.22,68.59,268930.0
2009-12-15,70.69,69.57,71.15,69.31,262950.0
2009-12-16,72.66,70.78,73.55,70.59,298380.0
2009-12-17,72.65,72.74,73.13,71.21,173960.0
2009-12-18,73.36,72.6,74.69,72.55,122740.0
2009-12-21,72.47,73.05,74.32,71.99,25990.0
2009-12-22,74.4,73.43,74.91,72.72,196830.0
2009-12-23,76.67,74.52,77.0,74.25,205590.0
2009-12-24,78.05,76.59,78.25,76.19,102480.0
2009-12-28,78.77,77.92,79.12,77.76,108900.0
2009-12-29,78.87,78.66,79.39,78.02,137090.0
2009-12-30,79.28,78.8,79.8,78.46,156080.0
2009-12-31,79.36,79.28,80.0,79.16,120370.0
2010-01-04,81.51,79.63,81.79,79.63,263540.0
2010-01-05,81.77,81.63,82.0,80.95,258890.0
2010-01-06,83.18,81.43,83.52,80.85,370060.0
2010-01-07,82.66,83.2,83.36,82.26,246630.0
2010-01-08,82.75,82.65,83.47,81.8,310380.0
2010-01-11,82.52,82.88,83.95,81.96,296300.0
2010-01-12,80.79,82.07,82.34,79.91,333870.0
2010-01-13,79.65,80.06,80.67,78.37,401630.0
2010-01-14,79.39,79.63,80.36,78.92,275400.0
2010-01-15,78.0,79.2,79.31,77.7,200560.0
2010-01-19,79.02,77.85,79.15,76.76,186880.0
2010-01-20,77.62,78.88,79.03,76.96,40680.0
2010-01-21,76.08,77.56,78.36,75.66,327420.0
2010-01-22,74.54,75.84,76.5,74.01,348820.0
2010-01-25,75.26,74.24,75.42,74.06,280560.0
2010-01-26,74.71,75.28,75.39,73.82,256209.0
2010-01-27,73.67,74.69,75.09,72.65,356180.0
2010-01-28,73.64,73.75,74.49,72.93,292910.0
2010-01-29,72.89,73.89,74.82,72.43,335270.0
2010-02-01,74.43,72.84,74.99,72.49,277410.0
2010-02-02,77.23,74.94,77.41,74.4,366270.0
2010-02-03,76.98,76.99,78.04,76.52,391290.0
2010-02-04,73.14,77.09,77.17,72.42,523890.0
2010-02-05,71.19,73.04,73.94,69.5,596140.0
2010-02-08,71.89,72.18,72.39,70.77,345640.0
2010-02-09,73.75,71.68,74.15,71.32,429850.0
2010-02-10,74.52,73.79,74.97,72.6,422060.0
2010-02-11,75.28,74.65,75.69,73.38,464440.0
2010-02-12,74.13,75.3,75.35,72.66,335810.0
2010-02-16,77.01,74.02,77.42,73.71,365030.0
2010-02-17,77.33,77.32,77.82,76.53,283820.0
2010-02-18,79.06,77.29,79.29,76.32,274170.0
2010-02-19,79.81,78.37,80.1,77.76,183230.0
2010-02-22,80.16,80.1,80.51,79.45,34940.0
2010-02-23,78.86,80.03,80.39,78.22,316880.0
2010-02-24,80.0,79.13,80.45,78.25,289320.0
2010-02-25,78.17,80.31,80.32,77.05,346030.0
2010-02-26,79.66,78.33,80.05,77.82,319040.0
2010-03-01,78.7,79.84,80.62,78.06,298720.0
2010-03-02,79.68,78.88,80.95,78.26,301700.0
2010-03-03,80.87,79.64,81.23,79.44,306910.0
2010-03-04,80.21,81.01,81.09,79.7,278890.0
2010-03-05,81.5,80.58,82.07,80.47,299630.0
2010-03-08,81.87,81.79,82.41,80.75,295350.0
2010-03-09,81.49,81.75,81.91,80.16,332130.0
2010-03-10,82.09,81.38,83.03,80.81,430150.0
2010-03-11,82.11,81.98,82.38,81.33,279160.0
2010-03-12,81.24,82.2,83.16,80.57,337200.0
2010-03-15,79.8,81.13,81.31,79.13,283140.0
2010-03-16,81.7,79.84,82.1,79.32,290180.0
2010-03-17,82.93,82.05,83.09,81.72,275210.0
2010-03-18,82.2,82.85,82.85,81.68,208340.0
2010-03-19,80.68,82.17,82.17,79.86,150680.0
2010-03-22,81.25,80.93,81.49,78.57,32680.0
2010-03-23,81.91,81.81,82.2,80.85,261870.0
2010-03-24,80.61,81.58,81.64,79.88,307760.0
2010-03-25,80.53,80.25,81.48,80.1,296270.0
2010-03-26,80.0,80.13,81.46,79.54,324610.0
2010-03-29,82.17,80.24,82.78,80.18,311040.0
2010-03-30,82.37,82.5,82.74,81.77,244440.0
2010-03-31,83.76,82.5,83.85,82.22,371960.0
2010-04-01,84.87,83.36,85.37,83.21,234240.0
2010-04-05,86.62,85.31,86.9,85.06,244110.0
2010-04-06,86.84,86.74,87.09,86.13,290480.0
2010-04-07,85.88,86.76,87.0,85.52,379530.0
2010-04-08,85.39,85.64,85.88,84.38,389600.0
2010-04-09,84.92,85.56,86.37,84.12,442940.0
2010-04-12,84.34,85.17,85.71,84.08,421900.0
2010-04-13,84.05,84.36,84.42,82.51,552300.0
2010-04-14,85.84,83.82,86.39,83.71,425170.0
2010-04-15,85.51,85.91,86.27,85.27,274100.0
2010-04-16,83.24,85.35,85.44,82.52,268760.0
2010-04-19,81.45,82.92,83.0,80.53,122830.0
2010-04-20,83.45,81.69,83.65,81.51,33430.0
2010-04-21,83.68,84.03,84.64,82.92,428240.0
2010-04-22,83.7,83.47,84.07,81.73,433950.0
2010-04-23,85.12,83.75,85.19,82.92,322550.0
2010-04-26,84.2,85.22,85.63,83.73,337120.0
2010-04-27,82.44,83.89,84.33,81.7,462840.0
2010-04-28,83.22,81.84,83.44,81.29,400700.0
2010-04-29,85.17,83.33,85.63,83.01,393690.0
2010-04-30,86.15,85.58,86.5,85.16,392140.0
2010-05-03,86.19,86.2,87.15,85.83,324730.0
2010-05-04,82.74,86.09,86.24,82.05,497430.0
2010-05-05,79.97,82.13,82.83,79.15,512289.0
2010-05-06,77.11,79.63,80.39,74.58,605010.0
2010-05-07,75.11,76.95,78.19,74.51,601530.0
2010-05-10,76.8,76.11,78.51,75.8,447160.0
2010-05-11,76.37,77.26,77.68,75.36,441540.0
2010-05-12,75.65,75.89,77.0,74.75,475850.0
2010-05-13,74.4,75.47,76.45,73.62,532330.0
2010-05-14,71.61,73.99,74.13,70.83,373980.0
2010-05-17,70.08,71.79,72.25,69.27,355830.0
2010-05-18,69.41,70.5,72.52,68.91,206380.0
2010-05-19,69.87,69.11,71.43,67.9,129169.0
2010-05-20,68.01,71.2,71.29,64.24,33220.0
2010-05-21,70.04,69.52,71.23,69.0,449430.0
2010-05-24,70.21,70.62,70.96,69.57,279820.0
2010-05-25,68.75,69.9,70.04,67.15,395400.0
2010-05-26,71.51,70.06,71.7,69.21,405520.0
2010-05-27,74.55,70.74,74.95,70.67,401810.0
2010-05-28,73.97,74.9,75.72,73.13,420670.0
2010-06-01,72.58,73.97,75.33,71.64,438590.0
2010-06-02,72.86,71.94,73.93,71.68,391030.0
2010-06-03,74.61,73.7,74.95,72.32,439430.0
2010-06-04,71.51,74.61,75.42,70.73,448490.0
2010-06-07,71.44,70.35,72.49,69.51,417310.0
2010-06-08,71.99,71.16,72.6,70.75,421970.0
2010-06-09,74.38,72.51,74.96,72.03,436980.0
2010-06-10,75.48,73.87,76.3,73.72,430040.0
2010-06-11,73.78,75.52,75.64,73.26,421740.0
2010-06-14,75.12,74.06,75.99,74.04,321670.0
2010-06-15,76.94,74.77,77.16,74.62,308290.0
2010-06-16,77.67,77.06,78.13,76.06,323360.0
2010-06-17,76.79,77.45,77.79,76.17,303280.0
2010-06-18,77.18,76.55,77.45,75.56,157430.0
2010-06-21,77.82,77.5,78.92,76.88,124290.0
2010-06-22,77.21,77.35,78.1,76.53,27340.0
2010-06-23,76.35,77.52,77.83,75.17,365040.0
2010-06-24,76.51,76.0,76.57,75.32,260399.0
2010-06-25,78.86,76.56,79.19,75.9,316460.0
2010-06-28,78.25,79.0,79.38,77.72,223310.0
2010-06-29,75.94,78.15,78.32,75.21,323270.0
2010-06-30,75.63,75.46,76.83,74.39,357750.0
2010-07-01,72.95,75.37,75.4,72.05,405080.0
2010-07-02,72.14,72.67,73.38,71.62,256170.0
2010-07-06,71.98,72.06,73.86,71.09,325730.0
2010-07-07,74.07,72.07,74.92,71.44,288660.0
2010-07-08,75.44,74.85,76.0,74.38,325810.0
2010-07-09,76.09,75.85,76.48,75.0,269890.0
2010-07-12,74.95,76.3,76.43,74.52,309170.0
2010-07-13,77.15,75.06,77.37,74.25,361790.0
2010-07-14,77.04,77.13,78.15,76.38,364470.0
2010-07-15,76.62,76.76,77.66,75.33,366020.0
2010-07-16,76.01,76.82,77.15,75.25,225250.0
2010-07-19,76.54,75.72,77.69,75.5,169550.0
2010-07-20,77.44,76.4,77.57,75.65,34220.0
2010-07-21,76.56,77.85,78.57,76.2,322410.0
2010-07-22,79.3,76.43,79.42,76.16,358820.0
2010-07-23,78.98,79.27,79.6,78.4,259740.0
2010-07-26,78.98,78.98,79.33,78.06,227660.0
2010-07-27,77.5,78.92,79.69,76.79,377840.0
2010-07-28,76.99,77.08,77.74,75.9,314170.0
2010-07-29,78.36,76.89,78.89,76.45,350580.0
2010-07-30,78.95,78.25,79.05,76.83,294430.0
2010-08-02,81.34,78.95,81.77,78.83,306100.0
2010-08-03,82.55,81.41,82.64,81.11,290980.0
2010-08-04,82.47,82.42,82.97,81.62,293320.0
2010-08-05,82.01,82.44,82.48,81.56,234810.0
2010-08-06,80.7,82.12,82.67,80.04,397530.0
2010-08-09,81.48,80.91,81.76,80.71,267080.0
2010-08-10,80.25,81.44,81.62,79.2,385850.0
2010-08-11,78.02,80.22,80.44,77.25,416890.0
2010-08-12,75.74,77.31,77.97,75.52,430790.0
2010-08-13,75.39,75.75,76.74,75.01,286130.0
2010-08-16,75.24,75.6,75.95,74.86,237460.0
2010-08-17,75.77,75.06,76.63,75.01,347430.0
2010-08-18,75.42,75.45,75.74,73.83,247100.0
2010-08-19,74.43,75.27,76.1,73.96,123220.0
2010-08-20,73.46,74.45,74.6,73.19,33380.0
2010-08-23,73.1,73.9,74.48,72.75,252440.0
2010-08-24,71.63,72.95,73.05,71.32,340990.0
2010-08-25,72.52,71.47,72.97,70.76,343410.0
2010-08-26,73.36,72.82,73.98,72.54,362830.0
2010-08-27,75.17,73.18,75.59,72.04,477900.0
2010-08-30,74.7,75.5,75.58,74.01,260670.0
2010-08-31,71.92,74.07,74.73,71.53,469410.0
2010-09-01,73.91,71.7,74.48,71.67,396610.0
2010-09-02,75.02,73.91,75.14,73.11,340170.0
2010-09-03,74.6,74.93,75.44,73.2,379300.0
2010-09-07,74.09,74.3,74.63,72.63,406640.0
2010-09-08,74.67,73.91,75.39,73.37,359760.0
2010-09-09,74.25,74.92,75.96,73.88,372880.0
2010-09-10,76.45,74.4,76.73,74.37,431370.0
2010-09-13,77.19,76.36,78.04,76.36,349160.0
2010-09-14,76.8,77.17,77.99,76.21,416110.0
2010-09-15,76.02,76.64,76.65,74.66,356330.0
2010-09-16,74.57,75.76,75.99,74.11,289280.0
2010-09-17,73.66,74.47,75.25,72.75,195830.0
2010-09-20,74.86,73.59,75.45,73.32,132430.0
2010-09-21,73.52,74.57,74.6,72.81,34580.0
2010-09-22,74.71,74.79,76.0,73.84,343850.0
2010-09-23,75.18,74.84,75.61,73.58,295900.0
2010-09-24,76.49,74.95,76.68,74.66,288500.0
2010-09-27,76.52,76.47,77.17,75.52,289640.0
2010-09-28,76.18,76.23,77.12,75.53,329350.0
2010-09-29,77.86,76.2,78.13,75.6,388990.0
2010-09-30,79.97,77.91,80.18,77.55,418630.0
2010-10-01,81.58,79.84,81.75,79.7,359940.0
2010-10-04,81.47,81.68,82.38,80.77,313310.0
2010-10-05,82.82,81.37,82.99,81.15,336830.0
2010-10-06,83.23,82.6,84.09,82.29,349170.0
2010-10-07,81.67,83.27,84.43,81.0,450950.0
2010-10-08,82.66,81.43,83.13,80.3,414080.0
2010-10-11,82.21,82.95,83.5,81.82,234320.0
2010-10-12,81.67,81.94,82.33,80.88,333580.0
2010-10-13,83.01,81.72,83.45,81.68,330290.0
2010-10-14,82.69,83.23,84.12,82.21,340960.0
2010-10-15,81.25,82.77,83.33,80.75,345840.0
2010-10-18,83.08,81.38,83.28,80.35,225080.0
2010-10-19,79.49,82.95,83.21,79.25,151360.0
2010-10-20,81.77,79.48,82.03,79.35,40710.0
2010-10-21,80.56,82.55,82.7,80.09,378290.0
2010-10-22,81.69,80.73,82.07,80.41,256380.0
2010-10-25,82.52,82.01,83.28,81.45,339400.0
2010-10-26,82.55,82.47,82.88,81.81,265930.0
2010-10-27,81.94,82.48,82.69,80.52,375250.0
2010-10-28,82.18,81.99,82.64,81.5,296750.0
2010-10-29,81.43,81.92,82.12,80.56,313870.0
2010-11-01,82.95,81.45,83.86,81.32,358540.0
2010-11-02,83.9,82.88,84.47,82.83,281830.0
2010-11-03,84.69,84.37,85.36,83.57,393740.0
2010-11-04,86.49,85.09,86.83,84.92,318000.0
2010-11-05,86.85,86.6,87.43,85.96,315280.0
2010-11-08,87.06,87.39,87.49,85.96,309970.0
2010-11-09,86.72,86.75,87.63,85.48,368000.0
2010-11-10,87.81,86.45,88.21,86.1,472840.0
2010-11-11,87.81,87.85,88.63,87.54,343010.0
2010-11-12,84.88,87.73,87.85,84.52,478820.0
2010-11-15,84.86,84.87,85.77,84.48,315260.0
2010-11-16,82.34,84.58,84.74,82.03,454830.0
2010-11-17,80.44,82.44,82.67,80.06,334530.0
2010-11-18,81.85,80.45,82.35,80.44,160410.0
2010-11-19,81.51,82.24,82.75,80.59,36970.0
2010-11-22,81.74,82.15,82.87,80.68,290220.0
2010-11-23,81.25,81.61,82.1,80.28,351860.0
2010-11-24,83.86,80.99,84.25,80.97,324510.0
2010-11-26,83.76,84.21,84.53,82.78,174180.0
2010-11-29,85.73,83.9,85.9,83.59,335800.0
2010-11-30,84.11,85.81,85.9,83.55,338360.0
2010-12-01,86.75,83.66,86.95,83.63,340740.0
2010-12-02,88.0,86.8,88.13,86.27,330640.0
2010-12-03,89.19,87.94,89.49,87.14,354640.0
2010-12-06,89.38,89.44,89.76,88.56,293840.0
2010-12-07,88.69,88.92,90.76,88.04,462690.0
2010-12-08,88.28,88.35,88.99,87.33,383140.0
2010-12-09,88.37,88.55,89.42,87.71,353960.0
2010-12-10,87.79,88.51,89.0,87.1,313840.0
2010-12-13,88.61,87.68,89.49,87.44,329770.0
2010-12-14,88.28,88.19,88.95,87.74,281850.0
2010-12-15,88.62,88.28,89.09,86.83,355060.0
2010-12-16,87.7,88.48,88.65,87.63,221150.0
2010-12-17,88.02,87.87,88.52,87.01,152400.0
2010-12-20,88.81,88.18,88.98,87.26,33050.0
2010-12-21,89.82,89.22,90.1,89.06,187320.0
2010-12-22,90.48,89.99,90.8,89.85,187390.0
2010-12-23,91.51,90.61,91.63,90.33,145010.0
2010-12-27,91.0,91.07,91.88,90.51,104320.0
2010-12-28,91.49,90.79,91.67,90.75,104420.0
2010-12-29,91.12,91.27,91.53,90.8,117850.0
2010-12-30,89.84,90.98,91.4,89.02,209650.0
2010-12-31,91.38,89.67,92.06,89.05,171010.0
2011-01-03,91.55,91.31,92.58,91.21,225190.0
2011-01-04,89.38,91.5,92.07,88.36,415520.0
2011-01-05,90.3,89.29,90.84,88.1,416910.0
2011-01-06,88.38,90.47,90.71,87.85,440460.0
2011-01-07,88.03,88.18,89.48,87.25,444810.0
2011-01-10,89.25,89.0,89.98,88.13,430280.0
2011-01-11,91.11,89.31,91.39,88.93,429760.0
2011-01-12,91.86,91.18,92.39,90.79,382690.0
2011-01-13,91.4,92.0,92.37,90.75,358900.0
2011-01-14,91.54,90.99,91.69,90.1,313330.0
2011-01-18,91.38,91.51,91.9,90.55,211930.0
2011-01-19,90.86,91.34,92.1,90.47,109530.0
2011-01-20,88.86,90.7,90.86,88.0,25960.0
2011-01-21,89.11,89.45,90.22,88.87,287810.0
2011-01-24,87.87,89.26,89.63,87.27,356090.0
2011-01-25,86.19,87.7,87.85,86.12,338650.0
2011-01-26,87.33,86.23,87.79,86.03,347750.0
2011-01-27,85.64,87.55,87.66,85.21,369380.0
2011-01-28,89.34,85.28,89.73,85.11,584790.0
2011-01-31,92.19,89.97,92.84,88.4,436800.0
2011-02-01,90.77,92.2,92.45,90.33,392880.0
2011-02-02,90.86,90.51,91.78,90.1,312110.0
2011-02-03,90.54,90.93,92.05,90.0,290490.0
2011-02-04,89.03,90.63,91.67,88.45,359930.0
2011-02-07,87.48,89.06,89.54,87.18,324980.0
2011-02-08,86.94,87.41,88.11,85.88,414880.0
2011-02-09,86.71,87.35,87.95,86.36,367210.0
2011-02-10,86.73,86.93,87.9,85.96,419190.0
2011-02-11,85.58,87.7,87.77,85.1,383390.0
2011-02-14,84.81,85.5,86.52,84.58,319330.0
2011-02-15,84.32,84.84,85.97,83.85,284170.0
2011-02-16,84.99,84.44,85.95,84.12,297660.0
2011-02-17,86.36,85.25,86.63,84.38,176130.0
2011-02-18,86.2,86.4,87.88,85.65,155300.0
2011-02-22,93.57,86.33,94.49,86.25,37930.0
2011-02-23,98.1,95.68,100.0,95.14,489670.0
2011-02-24,97.28,98.97,103.41,95.62,507460.0
2011-02-25,97.88,96.63,99.2,96.17,307900.0
2011-02-28,96.97,98.5,99.96,96.71,262000.0
2011-03-01,99.63,96.97,100.69,96.37,322430.0
2011-03-02,102.23,100.48,102.5,99.21,446380.0
2011-03-03,101.91,102.39,102.94,100.15,382560.0
2011-03-04,104.42,101.7,105.17,101.54,369150.0
2011-03-07,105.44,104.65,106.95,104.25,404440.0
2011-03-08,105.02,104.85,105.79,103.33,420040.0
2011-03-09,104.38,104.96,105.92,103.9,353950.0
2011-03-10,102.7,104.45,105.06,100.62,432990.0
2011-03-11,101.16,102.64,103.0,99.01,342530.0
2011-03-14,101.19,100.31,101.89,98.47,289430.0
2011-03-15,97.18,101.86,101.87,96.71,388740.0
2011-03-16,97.98,97.4,99.6,96.22,357940.0
2011-03-17,101.42,98.1,101.99,96.6,261570.0
2011-03-18,101.07,101.78,103.66,100.14,217680.0
2011-03-21,102.33,102.12,103.35,101.66,103960.0
2011-03-22,104.0,102.1,104.54,101.43,31920.0
2011-03-23,105.75,104.85,106.34,104.38,254570.0
2011-03-24,105.6,105.52,106.69,104.76,258019.0
2011-03-25,105.4,105.46,105.95,104.5,235660.0
2011-03-28,103.98,105.43,105.76,103.6,223080.0
2011-03-29,104.79,103.94,105.0,102.7,246820.0
2011-03-30,104.27,104.45,105.15,103.44,256899.0
2011-03-31,106.72,104.31,106.83,104.12,270630.0
2011-04-01,107.94,106.62,108.47,106.3,283710.0
2011-04-04,108.47,108.29,108.78,107.58,228490.0
2011-04-05,108.34,108.2,108.6,107.5,249360.0
2011-04-06,108.83,107.99,109.15,107.72,255600.0
2011-04-07,110.3,108.67,110.44,108.23,334910.0
2011-04-08,112.79,110.32,113.21,110.11,319480.0
2011-04-11,109.92,113.28,113.46,108.68,364350.0
2011-04-12,106.25,108.97,110.24,105.47,555630.0
2011-04-13,107.11,106.02,107.43,105.31,456860.0
2011-04-14,108.11,107.32,108.55,105.77,352070.0
2011-04-15,109.66,108.45,110.1,107.21,224390.0
2011-04-18,107.12,109.43,109.44,106.54,138180.0
2011-04-19,108.15,107.52,108.45,105.5,37090.0
2011-04-20,111.45,108.45,111.66,107.96,291550.0
2011-04-21,112.29,111.37,112.48,111.0,240460.0
2011-04-25,112.28,112.34,113.48,111.08,209680.0
2011-04-26,112.21,112.15,112.64,111.12,234440.0
2011-04-27,112.76,111.89,113.4,110.71,338700.0
2011-04-28,112.86,113.13,113.97,111.69,301600.0
2011-04-29,113.93,112.82,114.18,112.25,201830.0
2011-05-02,113.52,113.89,114.83,110.82,310990.0
2011-05-03,111.05,112.98,113.22,110.3,300330.0
2011-05-04,109.24,110.68,111.22,108.48,333020.0
2011-05-05,99.8,108.78,109.38,98.25,670080.0
2011-05-06,97.18,99.76,102.38,94.63,606530.0
2011-05-09,102.55,98.11,103.4,97.42,469290.0
2011-05-10,103.88,102.44,103.95,100.12,439610.0
2011-05-11,98.21,103.69,104.6,97.5,524760.0
2011-05-12,98.97,98.59,100.49,95.25,522500.0
2011-05-13,99.65,98.81,100.7,97.09,367720.0
2011-05-16,97.37,99.36,99.65,96.83,335320.0
2011-05-17,96.91,96.98,97.81,95.02,399130.0
2011-05-18,100.1,97.57,100.99,97.46,285300.0
2011-05-19,98.44,99.76,100.79,98.16,142670.0
2011-05-20,99.49,98.6,99.9,95.99,33930.0
2011-05-23,97.7,99.68,100.04,96.37,296830.0
2011-05-24,99.59,97.54,100.09,96.61,339530.0
2011-05-25,101.32,99.27,101.63,98.2,354880.0
2011-05-26,100.23,101.24,101.9,99.61,332140.0
2011-05-27,100.59,100.16,101.24,100.04,212250.0
2011-05-31,102.7,100.69,103.39,99.6,319040.0
2011-06-01,100.29,102.68,103.31,99.63,376480.0
2011-06-02,100.4,99.79,100.93,98.46,389640.0
2011-06-03,100.22,100.87,100.87,98.12,351310.0
2011-06-06,99.01,100.42,100.68,98.55,289670.0
2011-06-07,99.09,98.82,99.75,97.74,415370.0
2011-06-08,100.74,99.58,101.89,98.02,484280.0
2011-06-09,101.93,100.83,102.44,100.74,345540.0
2011-06-10,99.29,101.84,102.15,98.6,379240.0
2011-06-13,97.3,98.77,99.32,96.13,381990.0
2011-06-14,99.37,97.09,99.64,96.51,347720.0
2011-06-15,94.81,99.68,99.95,94.01,508720.0
2011-06-16,94.95,95.29,95.75,94.29,336010.0
2011-06-17,93.01,95.1,95.4,91.84,245010.0
2011-06-20,93.26,92.8,93.49,91.14,136840.0
2011-06-21,93.4,93.49,94.74,92.5,41370.0
2011-06-22,95.41,93.76,95.7,93.24,296280.0
2011-06-23,91.02,94.4,94.47,89.69,484060.0
2011-06-24,91.16,92.29,92.34,89.82,337770.0
2011-06-27,90.61,91.16,91.3,89.61,278680.0
2011-06-28,92.89,90.71,93.37,90.44,279020.0
2011-06-29,94.77,93.37,95.84,92.66,348790.0
2011-06-30,95.42,95.08,95.82,93.88,276580.0
2011-07-01,94.94,95.12,95.39,93.45,263630.0
2011-07-05,96.89,94.98,97.48,94.34,275650.0
2011-07-06,96.65,97.0,97.79,95.9,288320.0
2011-07-07,98.67,97.04,99.42,96.99,339270.0
2011-07-08,96.2,98.79,99.18,95.6,348000.0
2011-07-11,95.15,96.1,96.75,94.14,311450.0
2011-07-12,97.43,95.09,97.5,93.55,343490.0
2011-07-13,98.05,96.72,99.21,96.53,355100.0
2011-07-14,95.69,97.59,98.88,94.53,403420.0
2011-07-15,97.24,96.03,97.74,95.21,266460.0
2011-07-18,95.93,97.37,97.69,94.69,203970.0
2011-07-19,97.5,96.16,98.65,95.93,138050.0
2011-07-20,98.14,98.11,99.02,96.64,35290.0
2011-07-21,99.13,98.36,100.16,97.2,293970.0
2011-07-22,99.87,99.2,100.19,98.43,223270.0
2011-07-25,99.2,99.76,99.87,98.52,205210.0
2011-07-26,99.59,99.15,100.62,97.76,332690.0
2011-07-27,97.4,99.18,99.5,97.14,304520.0
2011-07-28,97.44,97.27,98.01,96.51,236250.0
2011-07-29,95.7,97.16,97.39,94.95,284390.0
2011-08-01,94.89,96.2,98.6,93.42,398860.0
2011-08-02,93.79,95.02,95.68,93.08,328180.0
2011-08-03,91.93,93.15,93.75,91.22,350220.0
2011-08-04,86.63,91.94,92.59,86.04,535940.0
2011-08-05,86.88,86.5,88.32,82.87,512490.0
2011-08-08,81.31,85.71,85.73,80.17,521070.0
2011-08-09,79.3,81.1,83.05,75.71,605800.0
2011-08-10,82.89,81.9,83.14,79.53,520140.0
2011-08-11,85.72,81.95,85.97,81.03,502090.0
2011-08-12,85.38,85.55,87.37,84.02,350090.0
2011-08-15,87.88,85.59,88.05,84.4,292800.0
2011-08-16,86.65,87.68,87.93,85.62,375340.0
2011-08-17,87.58,87.1,89.0,86.65,344490.0
2011-08-18,82.38,87.41,87.53,81.15,331280.0
2011-08-19,82.26,81.3,83.55,79.17,148810.0
2011-08-22,84.12,82.42,84.67,81.13,30150.0
2011-08-23,85.44,84.45,86.39,83.4,353950.0
2011-08-24,85.16,85.67,86.59,84.55,294930.0
2011-08-25,85.3,85.17,86.56,83.01,357820.0
2011-08-26,85.37,85.09,85.64,82.95,283260.0
2011-08-29,87.27,85.33,87.62,85.11,208610.0
2011-08-30,88.9,87.51,89.21,86.46,315380.0
2011-08-31,88.81,88.79,89.54,87.67,317700.0
2011-09-01,88.93,88.73,89.9,88.21,282340.0
2011-09-02,86.45,88.78,88.99,85.42,307280.0
2011-09-06,86.02,86.46,86.6,83.2,316170.0
2011-09-07,89.34,86.5,90.48,86.15,313730.0
2011-09-08,89.05,90.11,90.23,88.4,336730.0
2011-09-09,87.24,88.77,89.5,85.64,349240.0
2011-09-12,88.19,86.7,88.97,85.0,355070.0
2011-09-13,90.21,88.95,90.52,87.81,364260.0
2011-09-14,88.91,89.88,90.25,88.21,330980.0
2011-09-15,89.4,88.6,90.15,88.01,296290.0
2011-09-16,87.96,89.11,89.78,87.0,210960.0
2011-09-19,85.7,87.75,87.75,84.79,132220.0
2011-09-20,86.89,85.84,87.46,85.11,30000.0
2011-09-21,85.92,86.51,87.99,84.65,298910.0
2011-09-22,80.51,84.81,85.0,79.66,460000.0
2011-09-23,79.85,80.4,81.81,77.55,427570.0
2011-09-26,80.24,79.64,81.56,77.11,325670.0
2011-09-27,84.45,81.48,84.77,80.92,313570.0
2011-09-28,81.21,83.76,84.62,80.49,282850.0
2011-09-29,82.14,80.67,83.98,79.64,351350.0
2011-09-30,79.2,83.07,83.23,78.53,367960.0
2011-10-03,77.61,78.92,79.64,76.25,392780.0
2011-10-04,75.67,76.4,78.4,74.95,428110.0
2011-10-05,79.68,78.25,79.91,76.94,336070.0
2011-10-06,82.59,79.71,82.9,79.08,386090.0
2011-10-07,82.98,82.57,84.0,81.36,377540.0
2011-10-10,85.41,82.75,86.09,82.75,264830.0
2011-10-11,85.81,85.7,86.64,83.97,362320.0
2011-10-12,85.57,85.2,86.59,84.52,294230.0
2011-10-13,84.23,84.93,85.39,83.17,360270.0
2011-10-14,86.8,84.47,87.42,83.77,274850.0
2011-10-17,86.38,87.48,88.18,85.88,227300.0
2011-10-18,88.34,86.2,89.03,85.55,203770.0
2011-10-19,86.11,88.26,89.51,85.87,112020.0
2011-10-20,85.3,86.1,86.94,84.1,31260.0
2011-10-21,87.4,86.5,88.89,85.95,296560.0
2011-10-24,91.27,87.05,91.88,87.0,484140.0
2011-10-25,93.17,91.69,94.65,91.1,489370.0
2011-10-26,90.2,92.59,93.92,90.0,411450.0
2011-10-27,93.96,90.98,94.25,90.74,327450.0
2011-10-28,93.32,93.93,93.93,92.01,276760.0
2011-10-31,93.19,93.53,93.8,91.36,228560.0
2011-11-01,92.19,92.58,92.88,89.17,351340.0
2011-11-02,92.51,91.6,93.79,90.97,265630.0
2011-11-03,94.07,92.99,94.61,90.87,299990.0
2011-11-04,94.26,94.24,94.93,92.87,295460.0
2011-11-07,95.52,94.4,96.11,93.23,321190.0
2011-11-08,96.8,95.87,97.08,95.23,313570.0
2011-11-09,95.74,96.81,97.84,94.54,445710.0
2011-11-10,97.78,95.75,98.35,95.2,347730.0
2011-11-11,98.99,97.51,99.4,97.35,282790.0
2011-11-14,98.14,99.3,99.69,97.19,351520.0
2011-11-15,99.37,98.04,99.84,97.51,353320.0
2011-11-16,102.59,99.32,102.89,98.39,379610.0
2011-11-17,98.82,101.76,103.37,98.28,194040.0
2011-11-18,97.41,98.61,100.15,96.64,38550.0
2011-11-21,96.92,97.54,97.86,95.24,279100.0
2011-11-22,98.01,97.2,98.7,96.55,319250.0
2011-11-23,96.17,97.79,97.87,95.35,283450.0
2011-11-25,96.77,95.79,97.55,94.99,185840.0
2011-11-28,98.21,97.5,100.74,97.13,311740.0
2011-11-29,99.79,97.75,100.15,97.23,320860.0
2011-11-30,100.36,99.48,101.75,98.92,302860.0
2011-12-01,100.2,100.51,101.17,98.87,275860.0
2011-12-02,100.96,100.0,101.56,99.76,245920.0
2011-12-05,100.99,101.23,102.44,100.24,239380.0
2011-12-06,101.28,100.45,101.42,100.2,217030.0
2011-12-07,100.49,101.11,101.94,99.67,330530.0
2011-12-08,98.34,100.84,101.73,97.71,340680.0
2011-12-09,99.41,98.08,99.91,97.36,318770.0
2011-12-12,97.77,99.58,99.68,97.54,279150.0
2011-12-13,100.14,97.85,101.25,97.64,380750.0
2011-12-14,94.95,100.33,100.33,94.21,377480.0
2011-12-15,93.87,94.89,95.99,93.31,273760.0
2011-12-16,93.53,93.42,94.79,92.52,205890.0
2011-12-19,93.88,93.76,94.42,92.54,114560.0
2011-12-20,97.22,94.14,97.45,94.14,35840.0
2011-12-21,98.67,97.53,99.25,96.8,219510.0
2011-12-22,99.53,99.03,100.05,98.51,151560.0
2011-12-23,99.68,99.48,100.23,99.24,95270.0
2011-12-27,101.34,99.92,101.77,99.37,124240.0
2011-12-28,99.36,101.25,101.71,99.11,164660.0
2011-12-29,99.65,99.59,99.92,98.3,153920.0
2011-12-30,98.83,99.78,100.16,98.61,154060.0
2012-01-03,102.96,99.7,103.18,99.65,275480.0
2012-01-04,103.22,102.99,103.74,101.88,271710.0
2012-01-05,101.81,103.29,103.73,101.3,295620.0
2012-01-06,101.56,101.35,102.8,100.88,290460.0
2012-01-09,101.31,101.92,102.15,100.1,311870.0
2012-01-10,102.24,101.3,103.41,101.3,291270.0
2012-01-11,100.87,102.2,102.46,100.55,311640.0
2012-01-12,99.1,101.0,102.98,98.5,370510.0
2012-01-13,98.7,99.2,100.19,97.7,335620.0
2012-01-17,100.71,98.95,101.01,98.6,322040.0
2012-01-18,100.59,100.91,102.06,99.84,269390.0
2012-01-19,100.39,101.14,102.06,99.98,120170.0
2012-01-20,98.46,100.39,100.74,97.91,34900.0
2012-01-23,99.58,98.34,100.24,97.4,238960.0
2012-01-24,98.95,99.88,100.18,98.25,242480.0
2012-01-25,99.4,99.2,100.4,97.53,322790.0
2012-01-26,99.7,99.96,101.39,99.23,260740.0
2012-01-27,99.56,99.93,100.63,99.13,253460.0
2012-01-30,98.78,100.0,100.05,98.43,215830.0
2012-01-31,98.48,98.88,101.29,97.86,373890.0
2012-02-01,97.61,98.38,99.49,97.11,293550.0
2012-02-02,96.36,97.11,97.99,95.44,331240.0
2012-02-03,97.84,96.61,98.03,96.01,318640.0
2012-02-06,96.91,97.74,97.75,96.38,257720.0
2012-02-07,98.41,97.13,99.13,95.84,400230.0
2012-02-08,98.71,98.77,100.09,98.1,364740.0
2012-02-09,99.84,99.1,100.18,98.66,295430.0
2012-02-10,98.67,99.89,99.89,97.32,307560.0
2012-02-13,100.91,99.33,100.87,99.09,268060.0
2012-02-14,100.74,100.73,101.84,100.28,314290.0
2012-02-15,101.8,100.9,102.54,100.61,278270.0
2012-02-16,102.31,101.9,102.69,100.84,197310.0
2012-02-17,103.24,102.35,104.14,102.25,134500.0
2012-02-21,105.84,104.65,106.07,104.26,32980.0
2012-02-22,106.28,106.01,106.72,105.61,241330.0
2012-02-23,107.83,105.95,108.74,105.45,325660.0
2012-02-24,109.77,108.66,109.95,107.95,267710.0
2012-02-27,108.56,109.67,109.77,107.27,277600.0
2012-02-28,106.55,107.95,108.79,106.3,278720.0
2012-02-29,107.07,106.46,107.43,104.84,353130.0
2012-03-01,108.84,106.82,110.55,106.55,389840.0
2012-03-02,106.7,108.75,109.03,105.8,299660.0
2012-03-05,106.72,106.75,107.42,105.5,237450.0
2012-03-06,104.7,107.11,107.34,104.51,332560.0
2012-03-07,106.16,104.93,106.55,104.35,333240.0
2012-03-08,106.58,106.24,107.2,105.84,296550.0
2012-03-09,107.4,106.91,108.2,106.13,292690.0
2012-03-12,106.34,107.5,107.56,105.38,234730.0
2012-03-13,106.71,106.55,107.35,105.67,282350.0
2012-03-14,105.43,106.69,107.02,105.12,283510.0
2012-03-15,105.11,105.5,106.18,103.78,371040.0
2012-03-16,107.06,105.44,107.34,105.13,192990.0
2012-03-19,108.09,107.18,108.24,106.55,110350.0
2012-03-20,105.61,107.82,107.91,105.35,26440.0
2012-03-21,107.27,106.33,107.64,106.06,252600.0
2012-03-22,105.35,106.81,107.12,104.5,295470.0
2012-03-23,106.87,105.52,108.25,105.16,260269.0
2012-03-26,107.03,106.79,107.32,106.19,162280.0
2012-03-27,107.33,107.09,107.73,106.52,209040.0
2012-03-28,105.41,106.81,106.94,104.67,309060.0
2012-03-29,102.78,105.58,105.7,102.13,319990.0
2012-03-30,103.02,103.29,104.15,102.78,244160.0
2012-04-02,105.23,103.27,105.49,102.06,278100.0
2012-04-03,104.01,105.04,105.18,103.59,245540.0
2012-04-04,101.47,104.09,104.12,101.08,300730.0
2012-04-05,103.31,101.96,103.4,101.37,242900.0
2012-04-09,102.46,102.53,102.6,100.81,205920.0
2012-04-10,101.02,102.33,102.96,100.68,312930.0
2012-04-11,102.7,100.94,103.13,100.84,283010.0
2012-04-12,103.64,102.55,104.24,102.39,271290.0
2012-04-13,102.83,103.66,103.9,102.61,227260.0
2012-04-16,102.93,102.8,103.37,101.8,284960.0
2012-04-17,104.2,103.15,105.07,102.66,244520.0
2012-04-18,102.67,104.22,104.51,102.19,195810.0
2012-04-19,102.27,102.73,103.21,101.67,91400.0
2012-04-20,103.05,102.57,104.27,102.45,23580.0
2012-04-23,103.11,103.82,103.9,101.82,213200.0
2012-04-24,103.55,103.11,104.1,102.79,196140.0
2012-04-25,104.12,103.76,104.57,103.11,276650.0
2012-04-26,104.55,103.96,104.92,103.84,192830.0
2012-04-27,104.93,104.1,105.0,103.74,182100.0
2012-04-30,104.87,104.93,105.16,103.88,211450.0
2012-05-01,106.16,104.89,106.43,104.39,245920.0
2012-05-02,105.22,105.98,106.05,104.91,256649.0
2012-05-03,102.54,105.39,105.42,102.36,316880.0
2012-05-04,98.49,102.59,102.72,97.51,443060.0
2012-05-07,97.94,98.05,98.24,95.34,300470.0
2012-05-08,97.01,97.96,98.12,95.52,333770.0
2012-05-09,96.81,97.38,97.39,95.17,332870.0
2012-05-10,97.08,96.45,97.69,96.08,282310.0
2012-05-11,96.13,96.53,97.2,95.56,260540.0
2012-05-14,94.78,95.79,95.83,93.65,251990.0
2012-05-15,93.98,93.91,95.48,93.02,284710.0
2012-05-16,92.81,93.16,94.16,91.81,308370.0
2012-05-17,92.56,92.77,93.88,92.09,280070.0
2012-05-18,91.48,92.86,92.88,90.93,211750.0
2012-05-21,92.57,91.27,93.06,90.84,107240.0
2012-05-22,91.66,92.64,93.01,91.39,27360.0
2012-05-23,89.9,91.54,91.72,89.28,275520.0
2012-05-24,90.66,90.53,91.52,89.81,231520.0
2012-05-25,90.86,90.79,91.32,90.2,153920.0
2012-05-29,90.76,91.0,92.21,90.25,262560.0
2012-05-30,87.82,90.86,90.92,87.27,297200.0
2012-05-31,86.53,87.55,88.28,85.86,345430.0
2012-06-01,83.23,86.44,86.59,82.29,407580.0
2012-06-04,83.98,82.96,84.38,81.21,309780.0
2012-06-05,84.29,84.14,84.92,83.31,246360.0
2012-06-06,85.02,84.12,86.27,84.03,313100.0
2012-06-07,84.82,85.5,87.03,83.43,339000.0
2012-06-08,84.1,83.63,84.67,82.0,304640.0
2012-06-11,82.7,85.72,86.64,81.11,343210.0
2012-06-12,83.32,81.18,83.72,81.07,320800.0
2012-06-13,82.62,83.51,84.01,82.15,327540.0
2012-06-14,83.91,82.44,84.42,82.27,278940.0
2012-06-15,84.03,84.33,84.8,83.42,216550.0
2012-06-18,83.27,85.09,85.6,82.04,216960.0
2012-06-19,84.03,83.06,84.41,82.28,109010.0
2012-06-20,81.8,84.04,84.34,80.91,37370.0
2012-06-21,78.2,81.08,81.2,77.93,376970.0
2012-06-22,79.76,78.11,80.37,77.56,293220.0
2012-06-25,79.21,80.2,80.68,78.03,249000.0
2012-06-26,79.36,79.23,79.68,78.36,253300.0
2012-06-27,80.21,79.47,80.92,78.68,253010.0
2012-06-28,77.69,80.48,80.84,77.28,310150.0
2012-06-29,84.96,78.46,85.34,78.28,439010.0
2012-07-02,83.75,84.65,85.05,82.1,299100.0
2012-07-03,87.66,83.67,88.04,83.33,336190.0
2012-07-05,87.22,87.75,88.98,86.5,368620.0
2012-07-06,84.45,86.73,87.13,84.02,296200.0
2012-07-09,85.99,84.2,86.48,84.0,256899.0
2012-07-10,83.91,85.84,85.95,83.65,291410.0
2012-07-11,85.81,84.01,86.49,84.01,307820.0
2012-07-12,86.08,86.2,86.37,84.21,240730.0
2012-07-13,87.1,85.86,87.61,85.58,260829.0
2012-07-16,88.43,87.13,88.48,86.41,223120.0
2012-07-17,89.22,88.26,89.46,87.41,262790.0
2012-07-18,89.87,89.13,90.04,88.59,192850.0
2012-07-19,92.66,90.08,92.94,89.86,102930.0
2012-07-20,91.44,92.22,92.3,90.66,22100.0
2012-07-23,88.14,91.61,91.64,87.91,290360.0
2012-07-24,88.5,88.05,89.09,87.43,309870.0
2012-07-25,88.97,88.2,89.36,86.84,289550.0
2012-07-26,89.39,89.1,90.47,88.07,233400.0
2012-07-27,90.13,89.43,90.45,89.13,210410.0
2012-07-30,89.78,90.14,90.95,89.33,191100.0
2012-07-31,88.06,89.67,90.3,87.31,282850.0
2012-08-01,88.91,88.03,89.47,87.51,281200.0
2012-08-02,87.13,88.87,89.63,86.92,302700.0
2012-08-03,91.4,87.26,91.74,87.23,301780.0
2012-08-06,92.2,91.34,92.33,90.63,194370.0
2012-08-07,93.67,92.05,94.42,91.78,260010.0
2012-08-08,93.35,93.41,94.72,92.82,269930.0
2012-08-09,93.36,93.43,94.21,93.07,258640.0
2012-08-10,92.87,93.46,93.87,91.71,224510.0
2012-08-13,92.73,93.25,94.14,92.05,280270.0
2012-08-14,93.43,92.71,93.92,92.56,200410.0
2012-08-15,94.33,93.25,94.9,92.68,281640.0
2012-08-16,95.6,94.21,95.75,93.93,212630.0
2012-08-17,96.01,95.23,96.28,94.98,162590.0
2012-08-20,95.97,96.36,96.53,95.02,113310.0
2012-08-21,96.68,95.97,97.6,95.81,33070.0
2012-08-22,97.26,96.94,97.54,96.26,217440.0
2012-08-23,96.27,97.3,98.29,95.75,225160.0
2012-08-24,96.15,96.06,97.17,95.41,204230.0
2012-08-27,95.47,96.67,97.72,94.41,230840.0
2012-08-28,96.33,95.66,96.54,95.14,198460.0
2012-08-29,95.49,96.08,96.37,94.76,185890.0
2012-08-30,94.62,95.3,95.6,93.95,192460.0
2012-08-31,96.47,94.75,96.92,94.51,249060.0
2012-09-04,95.3,96.38,97.37,94.97,256149.0
2012-09-05,95.36,95.61,96.03,94.26,233040.0
2012-09-06,95.53,96.0,97.71,94.59,327080.0
2012-09-07,96.42,94.7,96.74,94.08,293030.0
2012-09-10,96.54,96.24,96.63,95.34,222000.0
2012-09-11,97.17,96.29,97.31,96.08,222010.0
2012-09-12,97.01,96.85,98.06,96.31,223530.0
2012-09-13,98.31,96.93,98.58,96.51,291060.0
2012-09-14,99.0,98.04,100.42,97.99,271790.0
2012-09-17,96.62,99.15,99.52,94.65,308270.0
2012-09-18,95.29,96.71,97.23,95.11,196210.0
2012-09-19,91.98,95.49,96.17,91.25,133040.0
2012-09-20,91.87,91.77,92.37,90.66,30140.0
2012-09-21,92.89,92.93,93.84,92.59,181040.0
2012-09-24,91.93,93.18,93.18,91.06,188320.0
2012-09-25,91.37,92.11,93.2,90.57,239020.0
2012-09-26,89.98,90.82,91.34,88.95,272060.0
2012-09-27,91.85,90.08,92.39,89.88,237290.0
2012-09-28,92.19,92.35,92.71,91.4,210200.0
2012-10-01,92.48,92.15,93.33,91.26,216010.0
2012-10-02,91.89,92.41,92.94,91.62,177730.0
2012-10-03,88.14,91.64,91.82,87.7,339510.0
2012-10-04,91.71,88.01,91.84,87.91,291390.0
2012-10-05,89.88,91.51,91.71,89.01,279130.0
2012-10-08,89.33,89.85,89.89,88.21,202690.0
2012-10-09,92.39,89.62,92.91,89.29,378040.0
2012-10-10,91.25,92.26,93.66,91.02,303500.0
2012-10-11,92.07,91.27,92.94,91.09,300090.0
2012-10-12,91.86,92.41,92.64,91.16,198460.0
2012-10-15,91.85,91.63,92.2,89.79,269020.0
2012-10-16,92.09,91.76,92.32,91.3,232220.0
2012-10-17,92.12,92.08,92.85,91.55,226340.0
2012-10-18,92.1,92.06,92.59,90.66,184650.0
2012-10-19,90.05,92.04,93.05,89.83,123650.0
2012-10-22,88.73,89.52,90.8,88.21,23960.0
2012-10-23,86.67,89.14,89.29,85.69,309490.0
2012-10-24,85.73,86.6,87.47,84.94,298160.0
2012-10-25,86.05,85.65,86.75,85.23,208680.0
2012-10-26,86.28,86.0,86.37,85.0,212380.0
2012-10-29,85.54,86.43,86.43,84.66,145730.0
2012-10-30,85.68,85.31,86.24,85.1,106220.0
2012-10-31,86.24,85.73,87.19,85.61,212580.0
2012-11-01,87.09,86.1,87.42,85.92,197180.0
2012-11-02,84.86,86.91,87.24,84.66,297310.0
2012-11-05,85.65,84.65,85.9,84.34,221400.0
2012-11-06,88.71,85.67,89.22,85.42,303430.0
2012-11-07,84.44,88.42,88.8,84.05,422210.0
2012-11-08,85.09,84.52,85.7,84.22,296600.0
2012-11-09,86.07,85.0,86.77,84.13,322400.0
2012-11-12,85.57,86.19,86.54,85.27,280690.0
2012-11-13,85.38,85.59,85.95,84.57,352250.0
2012-11-14,86.32,85.37,86.65,84.93,265310.0
2012-11-15,85.45,86.36,86.83,84.68,168100.0
2012-11-16,86.67,85.28,87.01,85.02,40710.0
2012-11-19,89.28,87.3,89.8,87.11,247080.0
2012-11-20,86.75,89.15,89.19,86.17,322630.0
2012-11-21,87.38,87.28,87.89,86.37,220980.0
2012-11-23,88.28,87.68,88.53,86.71,104940.0
2012-11-26,87.74,88.21,88.29,87.27,156590.0
2012-11-27,87.18,87.82,88.25,86.83,210470.0
2012-11-28,86.49,87.33,87.34,85.36,249740.0
2012-11-29,88.07,86.57,88.69,86.55,270030.0
2012-11-30,88.91,87.66,88.99,87.47,216210.0
2012-12-03,89.09,88.85,90.33,88.66,235990.0
2012-12-04,88.5,88.93,89.18,87.57,206270.0
2012-12-05,87.88,88.5,89.05,87.46,220850.0
2012-12-06,86.26,87.87,88.23,85.68,269290.0
2012-12-07,85.93,86.39,86.92,85.77,244990.0
2012-12-10,85.56,85.98,86.78,85.33,211600.0
2012-12-11,85.79,85.7,86.37,85.21,217860.0
2012-12-12,86.77,85.69,87.68,85.68,300350.0
2012-12-13,85.89,86.77,86.97,85.81,228420.0
2012-12-14,86.73,86.13,86.92,86.05,218270.0
2012-12-17,87.2,86.88,87.71,86.48,157230.0
2012-12-18,87.93,87.45,88.16,87.21,93130.0
2012-12-19,89.51,87.94,89.9,87.81,36810.0
2012-12-20,90.13,89.69,90.54,89.26,178140.0
2012-12-21,88.66,90.02,90.07,87.96,180380.0
2012-12-24,88.61,88.6,88.86,88.2,48520.0
2012-12-26,90.98,88.62,91.3,88.59,141600.0
2012-12-27,90.87,91.0,91.44,90.05,152770.0
2012-12-28,90.8,91.15,91.49,90.32,131370.0
2012-12-31,91.82,90.41,91.99,90.0,119530.0
2013-01-02,93.12,91.78,93.87,91.56,203870.0
2013-01-03,92.92,92.91,93.3,92.49,189810.0
2013-01-04,93.09,92.86,93.21,91.52,210750.0
2013-01-07,93.19,93.21,93.35,92.42,166290.0
2013-01-08,93.15,93.32,93.8,92.67,195870.0
2013-01-09,93.1,93.15,93.65,92.68,201390.0
2013-01-10,93.82,93.19,94.7,93.08,279300.0
2013-01-11,93.56,93.87,94.13,92.65,257820.0
2013-01-14,94.14,93.74,94.29,92.95,248600.0
2013-01-15,93.28,94.2,94.44,93.22,248140.0
2013-01-16,94.24,93.4,94.36,93.1,241530.0
2013-01-17,95.49,94.19,96.04,93.8,178290.0
2013-01-18,95.56,95.19,95.67,94.91,118550.0
2013-01-22,96.24,95.25,96.38,94.98,37960.0
2013-01-23,95.23,96.76,96.92,94.95,318010.0
2013-01-24,95.95,95.5,96.68,95.12,232040.0
2013-01-25,95.88,95.95,96.56,95.43,184870.0
2013-01-28,96.44,96.04,96.81,95.47,167190.0
2013-01-29,97.57,96.46,97.82,96.29,252930.0
2013-01-30,97.94,97.32,98.24,97.32,211280.0
2013-01-31,97.49,97.96,98.04,96.84,230630.0
2013-02-01,97.77,97.42,98.15,96.51,270280.0
2013-02-04,96.17,97.72,97.76,95.89,196980.0
2013-02-05,96.64,96.13,97.07,95.91,188840.0
2013-02-06,96.62,96.64,96.99,95.04,282800.0
2013-02-07,95.83,96.86,97.21,95.54,275470.0
2013-02-08,95.72,95.92,96.57,95.27,229240.0
2013-02-11,97.03,95.79,97.09,94.97,283960.0
2013-02-12,97.51,96.96,97.79,96.68,239800.0
2013-02-13,97.01,97.59,98.11,96.63,246440.0
2013-02-14,97.31,97.17,97.71,96.77,174600.0
2013-02-15,95.86,97.34,97.47,95.21,223590.0
2013-02-19,96.66,95.97,96.73,95.25,118310.0
2013-02-20,94.46,96.66,97.07,93.92,30290.0
2013-02-21,92.84,94.72,94.92,92.63,286430.0
2013-02-22,93.13,92.96,93.48,92.44,204260.0
2013-02-25,93.11,93.23,94.46,92.07,217520.0
2013-02-26,92.63,91.92,93.44,91.92,230840.0
2013-02-27,92.76,92.72,93.37,92.18,201510.0
2013-02-28,92.05,92.89,93.18,91.57,218120.0
2013-03-01,90.68,91.76,91.97,90.04,248470.0
2013-03-04,90.12,90.71,90.91,89.33,231110.0
2013-03-05,90.82,90.23,90.99,90.02,209870.0
2013-03-06,90.43,90.83,91.17,89.55,244170.0
2013-03-07,91.56,90.42,91.73,90.22,234920.0
2013-03-08,91.95,91.42,92.03,90.83,219960.0
2013-03-11,92.06,91.83,92.15,90.89,194610.0
2013-03-12,92.54,91.94,93.47,91.6,283110.0
2013-03-13,92.52,92.62,93.4,91.91,251340.0
2013-03-14,93.03,92.51,93.25,92.01,174700.0
2013-03-15,93.45,93.15,93.84,93.0,175610.0
2013-03-18,93.74,93.26,93.94,91.76,151210.0
2013-03-19,92.16,93.8,94.09,92.03,96800.0
2013-03-20,92.96,92.09,93.28,92.09,27760.0
2013-03-21,92.45,93.4,93.53,91.84,214130.0
2013-03-22,93.71,92.33,93.94,92.33,202670.0
2013-03-25,94.81,93.72,95.65,93.7,270650.0
2013-03-26,96.34,94.75,96.45,94.67,214350.0
2013-03-27,96.58,96.18,96.84,95.58,207780.0
2013-03-28,97.23,96.68,97.35,96.26,174390.0
2013-04-01,97.07,97.36,97.8,95.92,192400.0
2013-04-02,97.19,97.0,97.44,95.91,209880.0
2013-04-03,94.45,96.93,96.96,94.18,302240.0
2013-04-04,93.26,94.5,94.84,92.12,355320.0
2013-04-05,92.7,93.36,93.57,91.91,267280.0
2013-04-08,93.36,93.02,93.75,92.46,212120.0
2013-04-09,94.2,93.49,94.48,92.86,234720.0
2013-04-10,94.64,93.96,94.82,93.4,248560.0
2013-04-11,93.51,94.56,94.64,93.06,222440.0
2013-04-12,91.29,93.49,93.52,90.27,325580.0
2013-04-15,88.71,90.95,90.98,87.2,362520.0
2013-04-16,88.72,87.42,88.96,86.06,287410.0
2013-04-17,86.68,88.8,89.09,86.06,294270.0
2013-04-18,87.73,86.39,88.51,85.61,228200.0
2013-04-19,88.01,88.37,88.79,87.56,100650.0
2013-04-22,88.76,87.96,89.13,87.55,35730.0
2013-04-23,89.18,89.28,89.6,87.8,288800.0
2013-04-24,91.43,89.6,91.72,89.21,257740.0
2013-04-25,93.64,91.58,93.87,91.11,270120.0
2013-04-26,93.0,93.24,93.58,92.06,240970.0
2013-04-29,94.5,92.7,94.69,92.43,214610.0
2013-04-30,93.46,94.42,94.62,92.86,277500.0
2013-05-01,91.03,93.08,93.26,90.11,332380.0
2013-05-02,93.99,91.0,94.25,90.65,310810.0
2013-05-03,95.61,93.99,96.04,93.56,297520.0
2013-05-06,96.16,95.58,97.17,94.85,271000.0
2013-05-07,95.62,95.79,96.26,94.92,260140.0
2013-05-08,96.62,95.56,96.77,95.24,276320.0
2013-05-09,96.39,96.6,96.77,95.35,272200.0
2013-05-10,96.04,96.16,96.24,93.37,354120.0
2013-05-13,95.17,95.76,95.81,94.47,297040.0
2013-05-14,94.21,94.93,95.66,93.85,269400.0
2013-05-15,94.3,94.13,94.44,92.13,360680.0
2013-05-16,95.16,94.34,95.57,93.23,297860.0
2013-05-17,96.02,95.15,96.45,94.79,187750.0
2013-05-20,96.71,95.93,97.11,95.23,118620.0
2013-05-21,96.16,96.7,96.97,95.5,259160.0
2013-05-22,94.28,95.9,96.19,94.01,336500.0
2013-05-23,94.25,94.18,94.46,92.21,323630.0
2013-05-24,94.15,94.37,94.39,93.04,203990.0
2013-05-27,93.83,93.54,94.03,93.25,
2013-05-28,95.01,93.89,95.92,93.23,240990.0
2013-05-29,93.13,95.05,95.22,92.83,293460.0
2013-05-30,93.61,92.89,93.99,91.65,294860.0
2013-05-31,91.97,93.64,93.85,91.56,267980.0
2013-06-03,93.45,91.73,93.7,91.26,287470.0
2013-06-04,93.31,93.35,94.41,92.38,301140.0
2013-06-05,93.74,93.86,94.48,93.41,268910.0
2013-06-06,94.76,93.7,95.32,93.69,267160.0
2013-06-07,96.03,94.72,96.39,93.72,330830.0
2013-06-10,95.77,96.09,96.25,95.19,234600.0
2013-06-11,95.38,95.76,95.91,94.04,257470.0
2013-06-12,95.88,94.89,96.45,94.46,244870.0
2013-06-13,96.69,95.77,96.92,95.02,224450.0
2013-06-14,97.85,96.64,98.25,96.42,240910.0
2013-06-17,97.77,97.85,98.74,97.38,242790.0
2013-06-18,98.44,97.93,98.67,97.41,145620.0
2013-06-19,98.24,98.59,99.01,97.57,111300.0
2013-06-20,95.4,98.02,98.03,94.89,26730.0
2013-06-21,93.69,94.96,95.84,93.12,340900.0
2013-06-24,95.18,93.85,95.59,92.67,315820.0
2013-06-25,95.32,95.02,96.17,94.59,267540.0
2013-06-26,95.5,95.17,95.7,93.68,291420.0
2013-06-27,97.05,95.52,97.41,95.35,269310.0
2013-06-28,96.56,96.81,97.82,96.33,247610.0
2013-07-01,97.99,96.58,98.28,96.07,229190.0
2013-07-02,99.6,98.06,99.87,97.78,285780.0
2013-07-03,101.24,99.61,102.18,99.59,353250.0
2013-07-04,101.4,101.27,101.57,100.71,
2013-07-05,103.22,101.09,103.68,100.71,256029.0
2013-07-08,103.14,103.95,104.12,102.13,253200.0
2013-07-09,103.53,103.0,104.76,102.31,285670.0
2013-07-10,106.52,104.57,106.66,104.21,404820.0
2013-07-11,104.91,106.15,107.45,104.31,316730.0
2013-07-12,105.95,104.58,106.33,104.36,234760.0
2013-07-15,106.32,106.05,106.63,104.65,210810.0
2013-07-16,106.0,106.44,107.18,105.66,250920.0
2013-07-17,106.48,105.78,106.6,105.11,262790.0
2013-07-18,108.04,106.56,108.43,106.15,155960.0
2013-07-19,108.05,108.12,109.32,107.48,112370.0
2013-07-22,106.91,108.34,108.79,106.43,29380.0
2013-07-23,107.23,107.0,107.55,105.46,241640.0
2013-07-24,105.39,107.36,107.52,104.79,278260.0
2013-07-25,105.49,105.37,105.87,104.08,270580.0
2013-07-26,104.7,105.56,105.63,103.9,208860.0
2013-07-29,104.55,104.61,105.37,103.87,206330.0
2013-07-30,103.08,104.52,104.54,102.67,235610.0
2013-07-31,105.03,103.15,105.43,102.93,299130.0
2013-08-01,107.89,105.26,108.06,105.1,267590.0
2013-08-02,106.94,107.8,108.82,106.45,249310.0
2013-08-05,106.56,106.84,107.69,105.7,204860.0
2013-08-06,105.3,106.48,107.27,104.86,273000.0
2013-08-07,104.37,105.68,105.77,104.1,294240.0
2013-08-08,103.4,104.18,104.96,102.22,320070.0
2013-08-09,105.97,103.87,106.24,103.62,303800.0
2013-08-12,106.11,105.84,106.46,105.03,257140.0
2013-08-13,106.83,106.15,107.2,105.56,276770.0
2013-08-14,106.85,106.54,107.06,105.6,270920.0
2013-08-15,107.33,106.98,107.87,106.6,251870.0
2013-08-16,107.46,107.18,108.17,106.56,179860.0
2013-08-19,107.1,107.78,107.8,106.56,102780.0
2013-08-20,104.96,106.93,107.1,104.5,39880.0
2013-08-21,103.85,105.18,105.35,103.5,259240.0
2013-08-22,105.03,103.86,105.25,103.53,204690.0
2013-08-23,106.42,105.22,106.94,104.3,259550.0
2013-08-26,105.92,106.91,107.37,105.56,166000.0
2013-08-27,109.01,106.14,109.32,105.88,295930.0
2013-08-28,110.1,109.22,112.24,109.11,336170.0
2013-08-29,108.8,109.53,110.07,107.72,250040.0
2013-08-30,107.65,108.17,108.75,106.75,239630.0
2013-09-02,106.75,105.91,107.29,105.86,
2013-09-03,108.54,107.07,108.83,104.21,288020.0
2013-09-04,107.23,108.44,108.61,106.77,224380.0
2013-09-05,108.37,107.59,108.54,107.13,184890.0
2013-09-06,110.53,108.52,110.7,108.12,269870.0
2013-09-09,109.52,110.28,110.46,108.76,266920.0
2013-09-10,107.39,108.92,108.95,106.39,325310.0
2013-09-11,107.56,107.36,108.09,106.53,238240.0
2013-09-12,108.6,107.77,109.16,107.3,249780.0
2013-09-13,108.21,108.64,108.74,107.23,207040.0
2013-09-16,106.59,107.5,108.0,106.06,282890.0
2013-09-17,105.42,106.22,106.43,104.94,304850.0
2013-09-18,108.07,105.53,108.49,105.32,199890.0
2013-09-19,106.39,108.22,108.99,106.08,139840.0
2013-09-20,104.68,106.37,106.46,104.32,39270.0
2013-09-23,103.59,104.89,105.12,103.12,223390.0
2013-09-24,103.13,103.44,103.64,102.3,259540.0
2013-09-25,102.66,103.41,103.96,102.2,236200.0
2013-09-26,103.03,102.3,103.29,102.2,183780.0
2013-09-27,102.87,102.91,103.77,102.36,232300.0
2013-09-30,102.33,102.46,102.76,101.05,226710.0
2013-10-01,102.04,102.31,102.58,101.06,223030.0
2013-10-02,104.1,101.62,104.23,101.43,300530.0
2013-10-03,103.31,103.82,104.38,102.87,226230.0
2013-10-04,103.84,102.92,104.19,102.9,165200.0
2013-10-07,103.03,103.45,103.74,101.86,269030.0
2013-10-08,103.49,103.16,104.08,102.85,194200.0
2013-10-09,101.61,103.49,103.75,101.18,283130.0
2013-10-10,103.01,101.46,103.57,101.16,296860.0
2013-10-11,102.02,102.94,102.95,100.6,298220.0
2013-10-14,102.41,101.37,102.62,101.06,170670.0
2013-10-15,101.21,102.19,102.46,100.87,240220.0
2013-10-16,102.29,100.88,102.97,100.75,235240.0
2013-10-17,100.67,102.13,102.32,100.03,266630.0
2013-10-18,100.81,100.72,101.71,100.51,116680.0
2013-10-21,99.22,100.63,100.95,98.98,90820.0
2013-10-22,97.8,99.06,99.77,97.5,30730.0
2013-10-23,96.86,98.12,98.29,96.16,356190.0
2013-10-24,97.11,97.1,97.69,95.95,248740.0
2013-10-25,97.85,97.19,98.06,96.99,192630.0
2013-10-28,98.68,97.88,98.82,97.37,230160.0
2013-10-29,98.2,98.54,98.57,97.69,183240.0
2013-10-30,96.77,97.77,97.82,96.55,268140.0
2013-10-31,96.38,96.62,97.03,96.03,255400.0
2013-11-01,94.61,96.32,96.65,94.36,282140.0
2013-11-04,94.62,94.52,95.11,94.06,219110.0
2013-11-05,93.37,94.47,94.9,93.07,226450.0
2013-11-06,94.8,93.74,95.4,93.65,282720.0
2013-11-07,94.2,94.91,95.31,93.8,260600.0
2013-11-08,94.6,94.36,94.92,93.9,241690.0
2013-11-11,95.14,94.45,95.38,94.11,206720.0
2013-11-12,93.04,95.0,95.22,92.86,353690.0
2013-11-13,93.88,93.07,94.54,92.93,305010.0
2013-11-14,93.76,93.5,94.43,92.51,315070.0
2013-11-15,93.84,93.89,94.55,93.58,204370.0
2013-11-18,93.03,93.78,94.3,92.72,169440.0
2013-11-19,93.34,93.0,93.46,92.43,131460.0
2013-11-20,93.33,93.33,93.93,92.73,27440.0
2013-11-21,95.44,93.73,95.63,93.47,222140.0
2013-11-22,94.84,95.29,95.57,94.05,257839.0
2013-11-25,94.09,94.15,94.5,93.08,270860.0
2013-11-26,93.68,94.21,94.69,93.43,160180.0
2013-11-27,92.3,93.5,93.6,91.77,230880.0
2013-11-28,92.28,92.19,92.36,92.08,
2013-11-29,92.72,92.33,93.9,92.06,143210.0
2013-12-02,93.82,92.71,94.08,92.56,234800.0
2013-12-03,96.04,93.86,96.96,93.67,319270.0
2013-12-04,97.2,96.9,97.58,96.3,325860.0
2013-12-05,97.38,97.33,97.99,97.01,216390.0
2013-12-06,97.65,97.38,98.07,97.08,223940.0
2013-12-09,97.34,97.66,97.97,97.1,210090.0
2013-12-10,98.51,97.25,98.74,97.24,264840.0
2013-12-11,97.44,98.65,98.75,97.2,274190.0
2013-12-12,97.5,97.55,98.18,97.31,205750.0
2013-12-13,96.6,97.58,97.62,96.26,233160.0
2013-12-16,97.48,96.55,97.69,96.21,187590.0
2013-12-17,97.22,97.3,97.9,97.0,120130.0
2013-12-18,97.8,97.3,98.01,97.02,84630.0
2013-12-19,98.77,97.69,99.17,97.5,23580.0
2013-12-20,99.32,98.7,99.4,98.54,151280.0
2013-12-23,98.91,99.2,99.31,98.64,107270.0
2013-12-24,99.22,98.62,99.3,98.53,51880.0
2013-12-26,99.55,99.2,99.7,99.05,65670.0
2013-12-27,100.32,99.63,100.75,99.37,127200.0
2013-12-30,99.29,100.15,100.42,99.13,118360.0
2013-12-31,98.42,99.25,99.39,98.15,113910.0
2014-01-01,98.7,98.61,98.76,98.54,
2014-01-02,95.44,98.5,98.97,95.34,251250.0
2014-01-03,93.96,95.47,95.74,93.86,215520.0
2014-01-06,93.43,94.18,94.59,93.2,189380.0
2014-01-07,93.67,93.6,94.22,93.35,177180.0
2014-01-08,92.33,93.96,94.18,92.26,244860.0
2014-01-09,91.66,92.58,92.93,91.24,255780.0
2014-01-10,92.72,92.3,93.38,91.99,255990.0
2014-01-13,91.8,92.83,92.88,91.43,212210.0
2014-01-14,92.59,91.51,92.88,91.5,243470.0
2014-01-15,94.17,92.65,94.64,92.43,263300.0
2014-01-16,93.96,94.29,94.64,93.6,165140.0
2014-01-17,94.37,94.17,94.94,93.94,119890.0
2014-01-20,93.93,94.31,94.31,93.66,
2014-01-21,94.99,94.0,95.23,93.43,35630.0
2014-01-22,96.73,95.2,96.89,95.12,252350.0
2014-01-23,97.32,96.69,97.84,96.41,274080.0
2014-01-24,96.64,97.37,97.8,96.25,239670.0
2014-01-27,95.72,96.9,97.18,95.21,235110.0
2014-01-28,97.41,95.66,97.66,95.63,206490.0
2014-01-29,97.36,97.17,97.75,96.32,200490.0
2014-01-30,98.23,97.42,98.59,97.33,199420.0
2014-01-31,97.49,97.97,98.39,97.1,253460.0
2014-02-03,96.43,97.4,97.94,96.26,293310.0
2014-02-04,97.19,96.53,97.82,96.37,204280.0
2014-02-05,97.38,97.67,98.26,96.8,237670.0
2014-02-06,97.84,97.25,98.83,97.25,234280.0
2014-02-07,99.88,97.97,100.24,97.11,270410.0
2014-02-10,100.06,100.05,100.55,99.11,251130.0
2014-02-11,99.94,99.97,100.6,99.6,233930.0
2014-02-12,100.37,100.46,101.38,100.04,318690.0
2014-02-13,100.35,100.27,100.66,99.4,221720.0
2014-02-14,100.3,100.34,100.47,99.43,229780.0
2014-02-17,100.58,100.59,100.83,100.23,
2014-02-18,102.43,100.32,103.25,100.23,177370.0
2014-02-19,103.31,103.14,103.8,102.4,116160.0
2014-02-20,102.92,103.41,103.5,102.75,36260.0
2014-02-21,102.2,102.87,102.92,101.69,173260.0
2014-02-24,102.82,102.29,103.45,101.97,177860.0
2014-02-25,101.83,102.8,102.84,101.02,187220.0
2014-02-26,102.59,102.04,102.9,101.58,196520.0
2014-02-27,102.4,102.57,103.08,101.75,196490.0
2014-02-28,102.59,102.15,102.96,101.8,178280.0
2014-03-03,104.92,103.0,105.22,102.95,295820.0
2014-03-04,103.33,104.89,104.96,102.85,210010.0
2014-03-05,101.45,103.35,103.53,100.85,267840.0
2014-03-06,101.56,101.04,102.08,100.13,291850.0
2014-03-07,102.58,101.97,102.91,101.57,226150.0
2014-03-10,101.12,102.75,102.82,100.85,225290.0
2014-03-11,100.03,100.94,101.52,99.32,294200.0
2014-03-12,97.99,99.48,99.6,97.55,416930.0
2014-03-13,98.2,98.1,98.6,97.67,268070.0
2014-03-14,98.89,98.25,99.28,98.06,226300.0
2014-03-17,98.08,99.39,99.39,97.37,227390.0
2014-03-18,99.7,97.97,99.78,97.75,192510.0
2014-03-19,100.37,99.53,100.47,99.34,110320.0
2014-03-20,99.43,100.39,100.82,99.08,33880.0
2014-03-21,99.46,98.59,100.25,98.25,191290.0
2014-03-24,99.6,99.49,100.29,99.05,151710.0
2014-03-25,99.19,99.43,100.25,98.8,217010.0
2014-03-26,100.26,99.18,100.46,99.1,211370.0
2014-03-27,101.28,100.3,101.7,100.03,202200.0
2014-03-28,101.67,101.34,102.24,101.18,166330.0
2014-03-31,101.58,101.69,101.97,100.88,167570.0
2014-04-01,99.74,101.53,101.57,99.28,237560.0
2014-04-02,99.62,99.64,99.83,98.86,231600.0
2014-04-03,100.29,99.29,100.49,99.07,195430.0
2014-04-04,101.14,100.38,101.63,100.28,193530.0
2014-04-07,100.44,100.91,101.32,99.92,254880.0
2014-04-08,102.56,100.69,102.71,100.68,299550.0
2014-04-09,103.6,102.35,103.77,102.03,324660.0
2014-04-10,103.4,103.44,103.81,103.1,222170.0
2014-04-11,103.74,103.34,104.44,103.01,261920.0
2014-04-14,104.05,103.56,104.55,103.34,237210.0
2014-04-15,103.75,103.6,104.05,102.91,215850.0
2014-04-16,103.76,103.76,104.99,103.12,279390.0
2014-04-17,104.3,103.84,104.78,103.54,191340.0
2014-04-21,104.37,104.54,104.77,103.85,115100.0
2014-04-22,102.13,104.36,104.36,101.69,46490.0
2014-04-23,101.44,101.86,102.08,101.2,250650.0
2014-04-24,101.94,101.54,102.35,101.4,202280.0
2014-04-25,100.6,101.93,102.05,100.48,221600.0
2014-04-28,100.84,100.49,101.52,100.33,231590.0
2014-04-29,101.28,100.89,102.2,100.71,218690.0
2014-04-30,99.74,100.76,100.76,99.35,282980.0
2014-05-01,99.42,99.72,99.89,98.74,235460.0
2014-05-02,99.76,99.17,100.14,99.17,213630.0
2014-05-05,99.48,99.96,100.44,98.91,190000.0
2014-05-06,99.5,99.38,100.42,99.32,251210.0
2014-05-07,100.77,99.83,100.99,99.78,291270.0
2014-05-08,100.26,100.82,100.93,99.87,252610.0
2014-05-09,99.99,100.27,101.18,99.71,271340.0
2014-05-12,100.59,100.12,100.93,99.93,211650.0
2014-05-13,101.7,100.63,102.05,100.36,253590.0
2014-05-14,102.37,101.91,102.65,101.83,234480.0
2014-05-15,101.5,102.03,102.26,101.27,276060.0
2014-05-16,102.02,101.56,102.23,101.39,147900.0
2014-05-19,102.61,102.13,103.09,101.97,121110.0
2014-05-20,102.44,102.6,102.86,102.1,48320.0
2014-05-21,104.07,102.96,104.29,102.78,272130.0
2014-05-22,103.74,103.85,104.22,103.55,159180.0
2014-05-23,104.35,103.71,104.5,103.64,160560.0
2014-05-26,104.28,104.2,104.38,103.93,
2014-05-27,104.11,104.34,104.5,103.57,174390.0
2014-05-28,102.72,104.14,104.39,102.64,239130.0
2014-05-29,103.58,103.06,103.94,102.61,205510.0
2014-05-30,102.71,103.51,103.56,102.4,169730.0
2014-06-02,102.47,102.92,103.35,102.1,159040.0
2014-06-03,102.66,102.44,102.86,102.23,160210.0
2014-06-04,102.64,102.79,103.69,102.34,208540.0
2014-06-05,102.48,102.37,102.69,101.6,200400.0
2014-06-06,102.66,102.44,103.07,102.3,197760.0
2014-06-09,104.41,102.78,104.57,102.62,246720.0
2014-06-10,104.35,104.46,105.06,103.98,255600.0
2014-06-11,104.4,104.3,104.81,104.17,187730.0
2014-06-12,106.53,104.47,106.95,104.35,321500.0
2014-06-13,106.91,106.84,107.68,106.37,255390.0
2014-06-16,106.9,106.88,107.54,106.57,204790.0
2014-06-17,106.36,106.59,107.18,106.01,252970.0
2014-06-18,105.97,106.6,106.97,105.8,176260.0
2014-06-19,106.43,106.11,106.7,105.32,123120.0
2014-06-20,107.26,106.6,107.73,106.33,31670.0
2014-06-23,106.17,107.42,107.45,105.91,175470.0
2014-06-24,106.03,106.02,106.46,105.25,175210.0
2014-06-25,106.5,106.14,107.5,105.47,249060.0
2014-06-26,105.84,106.71,106.81,105.03,195720.0
2014-06-27,105.74,105.64,106.19,105.33,128979.0
2014-06-30,105.37,105.69,105.76,104.66,215330.0
2014-07-01,105.34,105.44,106.09,104.6,221690.0
2014-07-02,104.48,105.21,105.53,104.1,240070.0
2014-07-03,104.06,104.27,104.29,103.67,169940.0
2014-07-04,103.76,104.11,104.13,103.64,
2014-07-07,103.53,104.06,104.09,103.19,189250.0
2014-07-08,103.4,103.39,104.2,103.01,249380.0
2014-07-09,102.29,103.45,103.6,101.85,250990.0
2014-07-10,102.93,101.95,103.0,101.55,238080.0
2014-07-11,100.83,102.86,102.92,100.44,272550.0
2014-07-14,100.91,100.46,101.2,100.22,252680.0
2014-07-15,99.96,100.93,101.06,99.01,331200.0
2014-07-16,101.2,100.21,101.6,100.07,240200.0
2014-07-17,103.19,101.49,103.9,101.27,342870.0
2014-07-18,103.13,103.72,103.94,102.58,172530.0
2014-07-21,104.59,102.97,104.99,102.65,126990.0
2014-07-22,104.42,104.58,105.25,103.89,43190.0
2014-07-23,103.12,101.96,103.34,101.79,260649.0
2014-07-24,102.07,103.2,103.31,101.88,194400.0
2014-07-25,102.09,102.04,102.53,101.0,284920.0
2014-07-28,101.67,101.87,102.1,100.9,197820.0
2014-07-29,100.97,101.6,101.83,100.37,258060.0
2014-07-30,100.27,101.03,101.67,99.42,263970.0
2014-07-31,98.17,99.47,99.85,97.6,335790.0
2014-08-01,97.88,97.7,98.1,97.09,274990.0
2014-08-04,98.29,97.67,98.67,97.43,204260.0
2014-08-05,97.38,98.41,98.67,97.0,242240.0
2014-08-06,96.92,97.62,98.13,96.69,263600.0
2014-08-07,97.34,96.89,97.72,96.55,286530.0
2014-08-08,97.65,97.64,98.45,97.15,266010.0
2014-08-11,98.08,97.54,98.58,97.37,241490.0
2014-08-12,97.37,97.84,97.94,96.81,242590.0
2014-08-13,97.59,97.2,97.78,96.75,253700.0
2014-08-14,95.58,97.3,97.59,95.26,350620.0
2014-08-15,97.35,95.5,97.41,95.32,269750.0
2014-08-18,96.41,97.1,97.16,95.81,157540.0
2014-08-19,94.48,96.56,97.05,94.26,109040.0
2014-08-20,96.07,94.7,96.47,94.7,22890.0
2014-08-21,93.96,93.49,94.45,92.5,226340.0
2014-08-22,93.65,93.89,94.04,92.92,191460.0
2014-08-25,93.35,93.34,93.95,93.05,137420.0
2014-08-26,93.86,93.36,94.35,93.35,176280.0
2014-08-27,93.88,93.88,94.24,93.36,174910.0
2014-08-28,94.55,93.75,94.71,93.45,262290.0
2014-08-29,95.96,94.56,96.0,94.48,234970.0
2014-09-01,95.83,95.76,95.9,95.51,
2014-09-02,92.88,95.81,95.91,92.68,320360.0
2014-09-03,95.54,93.28,95.83,93.06,294400.0
2014-09-04,94.45,95.07,95.39,94.16,254140.0
2014-09-05,93.29,94.57,94.99,92.86,261390.0
2014-09-08,92.66,93.49,93.62,91.8,277990.0
2014-09-09,92.75,93.11,93.94,92.52,275880.0
2014-09-10,91.67,92.79,93.03,91.22,295310.0
2014-09-11,92.83,91.71,93.44,90.43,403180.0
2014-09-12,92.27,93.05,93.67,91.96,297770.0
2014-09-15,92.92,92.13,93.03,90.63,260510.0
2014-09-16,94.88,92.81,95.19,92.46,294720.0
2014-09-17,94.42,94.71,95.06,93.74,305830.0
2014-09-18,93.07,93.97,94.82,92.85,170770.0
2014-09-19,92.41,92.97,93.22,91.85,92780.0
2014-09-22,91.52,92.22,92.64,91.2,23940.0
2014-09-23,91.56,90.7,92.09,90.58,247770.0
2014-09-24,92.8,91.72,93.29,91.12,282630.0
2014-09-25,92.53,92.89,93.54,92.05,248850.0
2014-09-26,93.54,92.47,93.86,92.23,258890.0
2014-09-29,94.57,93.35,94.64,92.74,261250.0
2014-09-30,91.16,94.34,94.9,90.86,429250.0
2014-10-01,90.73,91.36,92.96,90.47,389250.0
2014-10-02,91.01,90.74,91.54,88.18,449550.0
2014-10-03,89.74,91.38,91.79,89.36,342800.0
2014-10-06,90.34,89.77,90.74,88.76,276610.0
2014-10-07,88.85,90.45,90.57,88.38,300110.0
2014-10-08,87.31,88.43,88.63,86.83,373750.0
2014-10-09,85.77,87.73,87.95,84.06,345020.0
2014-10-10,85.82,84.39,86.29,83.59,396530.0
2014-10-13,85.74,85.2,85.87,84.07,292350.0
2014-10-14,81.84,84.98,85.6,81.32,475830.0
2014-10-15,81.78,82.32,82.45,80.01,487720.0
2014-10-16,82.7,81.06,84.83,79.78,424520.0
2014-10-17,82.75,83.18,84.45,82.44,174140.0
2014-10-20,82.71,83.13,83.48,81.55,83700.0
2014-10-21,82.81,82.76,84.05,82.29,23440.0
2014-10-22,80.52,82.55,83.15,80.22,352220.0
2014-10-23,82.09,80.42,82.37,80.05,354840.0
2014-10-24,81.01,81.95,81.95,80.36,272510.0
2014-10-27,81.0,81.27,81.29,79.44,285330.0
2014-10-28,81.42,80.64,81.66,80.36,226070.0
2014-10-29,82.2,81.55,82.88,81.44,283760.0
2014-10-30,81.12,81.93,82.09,80.72,270070.0
2014-10-31,80.54,81.04,81.27,79.55,294180.0
2014-11-03,78.78,80.59,80.98,78.08,386050.0
2014-11-04,77.19,78.22,78.41,75.84,432760.0
2014-11-05,78.68,77.36,79.35,76.46,447690.0
2014-11-06,77.91,78.87,78.98,77.12,292900.0
2014-11-07,78.65,77.86,79.41,77.47,306080.0
2014-11-10,77.4,78.5,79.85,77.13,319490.0
2014-11-11,77.94,77.18,78.04,76.42,314310.0
2014-11-12,77.18,77.5,78.08,76.63,359950.0
2014-11-13,74.21,76.95,77.16,74.07,447010.0
2014-11-14,75.82,74.36,76.3,73.25,355250.0
2014-11-17,75.64,75.93,76.18,74.71,279460.0
2014-11-18,74.61,75.49,76.44,74.12,186210.0
2014-11-19,74.58,74.23,75.4,73.88,116280.0
2014-11-20,75.58,74.25,75.76,74.17,28250.0
2014-11-21,76.51,76.29,77.83,75.62,275320.0
2014-11-24,75.78,76.62,77.02,75.45,194750.0
2014-11-25,74.09,75.51,76.58,73.71,294450.0
2014-11-26,73.69,73.87,74.48,73.3,258380.0
2014-11-27,68.55,73.54,73.55,67.77,
2014-11-28,66.15,73.5,73.56,65.69,552880.0
2014-12-01,69.0,66.0,69.54,63.72,504120.0
2014-12-02,66.88,69.24,69.32,66.67,360300.0
2014-12-03,67.38,67.6,68.23,66.8,293480.0
2014-12-04,66.81,67.4,68.22,66.09,237010.0
2014-12-05,65.84,66.8,66.89,65.17,276530.0
2014-12-08,63.05,65.46,65.55,62.78,330080.0
2014-12-09,63.82,63.01,64.2,62.25,322800.0
2014-12-10,60.94,63.33,63.43,60.43,456170.0
2014-12-11,59.95,61.12,61.68,58.96,392490.0
2014-12-12,57.81,59.17,59.57,57.34,414220.0
2014-12-15,55.91,57.07,58.73,55.02,424950.0
2014-12-16,55.93,55.4,57.15,53.6,518780.0
2014-12-17,56.47,55.5,58.98,54.21,351980.0
2014-12-18,54.11,55.83,58.73,54.05,106320.0
2014-12-19,56.52,55.5,56.91,54.2,26470.0
2014-12-22,55.26,57.75,58.53,55.13,277320.0
2014-12-23,57.12,55.39,57.56,55.06,274000.0
2014-12-24,55.84,56.8,57.15,55.07,174970.0
2014-12-25,55.92,55.87,56.05,55.73,
2014-12-26,54.73,55.86,56.59,54.51,127200.0
2014-12-29,53.61,55.05,55.74,52.9,241380.0
2014-12-30,54.12,53.72,54.32,52.7,218560.0
2014-12-31,53.27,53.87,54.02,52.44,233520.0
2015-01-01,54.56,53.73,54.85,53.72,
2015-01-02,52.69,53.76,55.11,52.03,268710.0
2015-01-05,50.04,52.61,52.73,49.68,375780.0
2015-01-06,47.93,50.0,50.37,47.55,451640.0
2015-01-07,48.65,48.0,49.31,46.83,460080.0
2015-01-08,48.79,48.78,49.65,47.73,362080.0
2015-01-09,48.36,48.92,49.61,47.16,421010.0
2015-01-12,46.07,48.19,48.19,45.62,394950.0
2015-01-13,45.89,45.69,46.79,44.2,476540.0
2015-01-14,48.48,46.16,48.91,45.01,510250.0
2015-01-15,46.25,48.6,51.27,46.07,478340.0
2015-01-16,48.69,46.35,48.87,45.95,175630.0
2015-01-18,48.85,48.95,49.06,48.78,
2015-01-19,47.78,48.84,49.19,47.64,
2015-01-20,46.39,48.69,48.77,45.89,49740.0
2015-01-21,47.78,46.69,48.2,46.55,340250.0
2015-01-22,46.31,47.35,49.09,45.87,426830.0
2015-01-23,45.59,46.63,47.76,45.21,374290.0
2015-01-26,45.15,45.2,46.41,44.35,310640.0
2015-01-27,46.23,45.13,46.55,44.81,313140.0
2015-01-28,44.45,45.83,45.83,44.08,365440.0
2015-01-29,44.53,44.43,44.96,43.58,300730.0
2015-01-30,48.24,44.63,48.35,44.31,454140.0
2015-02-02,49.57,47.59,50.56,46.67,511410.0
2015-02-03,53.05,49.79,54.24,49.69,644920.0
2015-02-04,48.45,51.67,52.56,47.95,577520.0
2015-02-05,50.48,48.67,52.1,47.36,596850.0
2015-02-06,51.69,50.86,53.16,50.72,584980.0
2015-02-09,52.86,52.01,53.99,51.65,536360.0
2015-02-10,50.02,52.43,52.65,49.86,501700.0
2015-02-11,48.84,50.98,51.14,48.05,519270.0
2015-02-12,51.21,49.42,51.6,49.14,563660.0
2015-02-13,52.78,51.35,53.43,51.03,437070.0
2015-02-15,54.06,53.75,54.42,53.71,
2015-02-16,53.61,54.04,54.08,52.92,
2015-02-17,53.53,52.75,54.15,50.81,518799.0
2015-02-18,52.14,53.24,53.41,50.32,257480.0
2015-02-19,51.16,50.55,52.14,49.15,125210.0
2015-02-20,50.34,51.24,51.85,49.91,30660.0
2015-02-23,49.45,50.75,50.99,48.67,475380.0
2015-02-24,49.28,49.42,50.33,48.68,293100.0
2015-02-25,50.99,49.16,51.28,48.43,429520.0
2015-02-26,48.17,51.0,51.22,47.8,459580.0
2015-02-27,49.76,48.97,49.94,48.46,399490.0
2015-03-02,49.59,49.45,51.04,48.71,427180.0
2015-03-03,50.52,49.8,50.83,49.45,370600.0
2015-03-04,51.53,50.61,51.99,49.6,463990.0
2015-03-05,50.76,51.62,52.4,50.61,370950.0
2015-03-06,49.61,50.89,51.22,48.88,406840.0
2015-03-09,50.0,49.6,50.79,49.25,409880.0
2015-03-10,48.29,50.08,50.36,48.2,395760.0
2015-03-11,48.17,48.77,49.05,47.33,404590.0
2015-03-12,47.05,48.44,48.76,46.86,358380.0
2015-03-13,44.84,46.93,47.28,44.75,395720.0
2015-03-16,43.88,44.81,45.0,42.85,367600.0
2015-03-17,43.46,43.84,44.2,42.41,346310.0
2015-03-18,44.66,42.51,45.34,42.03,220640.0
2015-03-19,43.96,44.6,44.71,42.75,106910.0
2015-03-20,45.72,43.99,46.53,43.31,22460.0
2015-03-23,47.45,46.41,47.61,45.33,292420.0
2015-03-24,47.51,47.46,48.56,46.67,309550.0
2015-03-25,49.21,47.72,49.46,47.0,398800.0
2015-03-26,51.43,49.02,52.48,48.73,515280.0
2015-03-27,48.87,51.01,51.38,48.21,384090.0
2015-03-30,48.68,48.57,49.16,47.61,355870.0
2015-03-31,47.6,48.73,48.73,47.28,365750.0
2015-04-01,50.09,47.55,50.45,47.05,451100.0
2015-04-02,49.14,49.59,50.27,48.11,453390.0
2015-04-03,49.14,49.14,49.14,49.14,
2015-04-06,52.14,49.47,52.24,49.47,325280.0
2015-04-07,53.98,51.95,54.13,51.17,548870.0
2015-04-08,50.42,53.18,53.23,50.37,552630.0
2015-04-09,50.79,51.0,52.07,50.51,449530.0
2015-04-10,51.64,50.73,51.93,50.08,395140.0
2015-04-13,51.91,51.81,53.1,51.47,375530.0
2015-04-14,53.29,52.05,53.79,51.83,431030.0
2015-04-15,56.39,53.55,56.69,53.39,508900.0
2015-04-16,56.71,55.92,57.42,55.07,413130.0
2015-04-17,55.74,56.56,56.88,55.31,230620.0
2015-04-20,56.38,56.16,57.17,54.85,112380.0
2015-04-21,55.26,56.41,56.91,55.01,29600.0
2015-04-22,56.16,56.34,57.19,55.73,329630.0
2015-04-23,57.74,56.28,58.41,55.76,415570.0
2015-04-24,57.15,57.53,57.95,56.5,328320.0
2015-04-27,56.99,57.3,57.89,56.52,250560.0
2015-04-28,57.06,56.65,57.83,56.07,281860.0
2015-04-29,58.58,56.93,59.33,56.54,411100.0
2015-04-30,59.63,58.55,59.85,58.38,340320.0
2015-05-01,59.15,59.79,59.9,58.32,244750.0
2015-05-04,58.93,59.3,59.73,58.45,215050.0
2015-05-05,60.4,58.95,61.1,58.63,389740.0
2015-05-06,60.93,60.72,62.58,60.54,423580.0
2015-05-07,58.94,60.69,61.31,58.49,437020.0
2015-05-08,59.39,59.02,59.9,58.14,434580.0
2015-05-11,59.25,59.43,59.85,58.75,332690.0
2015-05-12,60.75,59.27,61.36,59.12,397350.0
2015-05-13,60.5,61.23,61.85,60.02,426840.0
2015-05-14,59.88,60.1,60.84,59.36,361430.0
2015-05-15,59.69,59.67,59.97,58.42,222090.0
2015-05-18,59.43,59.85,60.88,59.06,144390.0
2015-05-19,57.26,59.54,59.63,57.09,30300.0
2015-05-20,58.98,58.32,59.04,58.1,287130.0
2015-05-21,60.72,58.81,60.94,58.69,329770.0
2015-05-22,59.72,60.66,60.8,59.35,230310.0
2015-05-24,59.92,60.01,60.01,59.78,
2015-05-25,59.85,59.93,60.24,59.11,
2015-05-26,58.03,60.05,60.25,57.71,330130.0
2015-05-27,57.51,58.32,58.95,57.36,314920.0
2015-05-28,57.68,57.63,58.07,56.51,340680.0
2015-05-29,60.3,57.97,60.7,57.72,452220.0
2015-06-01,60.2,60.29,60.64,59.33,292190.0
2015-06-02,61.26,60.18,61.58,60.09,344510.0
2015-06-03,59.64,61.02,61.43,59.34,371300.0
2015-06-04,58.0,59.57,59.94,57.83,363350.0
2015-06-05,59.13,57.99,59.23,56.83,461020.0
2015-06-08,58.14,58.96,59.13,57.86,339850.0
2015-06-09,60.14,58.31,60.68,58.23,405490.0
2015-06-10,61.43,60.58,61.82,60.45,459770.0
2015-06-11,60.77,61.14,61.53,60.21,352420.0
2015-06-12,59.96,60.55,60.63,59.73,246900.0
2015-06-15,59.52,59.9,59.98,58.73,275190.0
2015-06-16,59.97,59.6,60.37,59.42,233940.0
2015-06-17,59.92,60.03,61.38,58.85,396160.0
2015-06-18,60.45,59.78,60.89,59.25,181880.0
2015-06-19,59.61,60.5,60.56,58.88,116660.0
2015-06-22,59.68,59.44,60.3,58.93,26740.0
2015-06-23,61.01,60.21,61.49,59.55,336220.0
2015-06-24,60.27,61.14,61.57,59.8,312990.0
2015-06-25,59.7,60.22,60.46,59.43,222340.0
2015-06-26,59.63,59.66,59.96,58.76,231960.0
2015-06-29,58.33,58.84,59.27,58.04,286040.0
2015-06-30,59.47,58.27,59.69,57.94,282480.0
2015-07-01,56.96,58.98,58.98,56.68,373410.0
2015-07-02,56.93,56.87,57.95,56.5,297050.0
2015-07-03,55.52,56.6,56.78,55.42,
2015-07-06,52.53,56.42,56.79,52.41,540610.0
2015-07-07,52.33,52.75,53.43,50.58,527270.0
2015-07-08,51.65,52.91,52.96,50.91,434750.0
2015-07-09,52.78,51.83,53.54,51.48,382330.0
2015-07-10,52.74,52.48,53.89,51.96,349080.0
2015-07-13,52.2,52.15,53.17,51.26,359480.0
2015-07-14,53.04,52.0,53.43,50.88,422760.0
2015-07-15,51.41,53.4,53.5,51.21,334560.0
2015-07-16,50.91,51.62,52.17,50.84,319170.0
2015-07-17,50.89,50.91,51.23,50.14,203490.0
2015-07-20,50.15,50.76,51.26,49.85,102600.0
2015-07-21,50.36,49.95,51.02,49.77,23130.0
2015-07-22,49.19,50.71,50.71,49.04,347990.0
2015-07-23,48.45,49.23,49.63,48.21,316060.0
2015-07-24,48.14,48.79,49.03,47.72,278230.0
2015-07-27,47.39,48.0,48.2,46.91,273610.0
2015-07-28,47.98,47.02,48.44,46.68,338110.0
2015-07-29,48.79,47.81,49.52,47.39,366890.0
2015-07-30,48.52,48.83,49.36,48.34,247660.0
2015-07-31,47.12,48.47,48.62,46.7,334470.0
2015-08-03,45.17,46.86,46.94,45.08,371090.0
2015-08-04,45.74,45.35,46.23,45.29,285790.0
2015-08-05,45.15,45.96,46.7,44.83,367330.0
2015-08-06,44.66,45.16,45.27,44.2,360980.0
2015-08-07,43.87,44.82,45.16,43.7,400070.0
2015-08-10,44.96,43.58,45.01,43.35,491430.0
2015-08-11,43.08,44.81,45.34,42.69,538010.0
2015-08-12,43.3,43.27,43.87,42.8,492270.0
2015-08-13,42.23,43.34,43.72,41.91,420150.0
2015-08-14,42.5,42.23,42.96,41.35,317210.0
2015-08-17,41.87,42.18,42.69,41.64,314280.0
2015-08-18,42.62,41.88,42.9,41.43,200190.0
2015-08-19,40.8,42.41,42.68,40.4,107580.0
2015-08-20,41.14,40.58,41.48,40.21,24780.0
2015-08-21,40.45,41.03,41.4,39.86,377180.0
2015-08-24,38.24,40.3,40.47,37.75,468370.0
2015-08-25,39.31,38.18,39.89,38.16,375650.0
2015-08-26,38.6,39.69,39.86,38.52,368720.0
2015-08-27,42.56,38.96,42.86,38.95,533680.0
2015-08-28,45.22,42.68,45.9,41.78,666330.0
2015-08-31,49.2,45.0,49.33,43.6,757500.0
2015-09-01,45.41,48.1,48.87,44.15,713420.0
2015-09-02,46.25,44.26,46.77,43.21,689300.0
2015-09-03,46.75,46.11,48.42,45.65,539450.0
2015-09-04,46.05,46.68,47.23,45.61,385630.0
2015-09-06,45.72,45.72,45.87,45.61,
2015-09-07,44.7,45.72,45.92,44.15,
2015-09-08,45.94,45.82,46.41,44.14,508820.0
2015-09-09,44.15,45.79,46.26,44.05,422740.0
2015-09-10,45.92,44.16,46.04,43.36,498990.0
2015-09-11,44.63,45.71,45.88,44.16,395840.0
2015-09-14,44.0,44.78,44.97,43.59,326270.0
2015-09-15,44.59,44.11,45.25,43.92,335950.0
2015-09-16,47.15,45.16,47.35,44.82,421980.0
2015-09-17,46.9,47.13,47.71,46.33,366390.0
2015-09-18,44.68,46.89,47.03,44.24,211300.0
2015-09-21,46.68,44.97,46.74,44.69,104530.0
2015-09-22,45.83,46.45,46.48,45.14,29990.0
2015-09-23,44.48,46.54,47.15,44.41,411960.0
2015-09-24,44.91,44.62,45.18,43.71,371980.0
2015-09-25,45.7,45.05,46.38,44.86,338620.0
2015-09-28,44.43,45.38,45.5,44.3,273910.0
2015-09-29,45.23,44.5,45.7,44.3,265180.0
2015-09-30,45.09,44.92,45.85,44.68,355850.0
2015-10-01,44.74,45.38,47.1,44.63,478980.0
2015-10-02,45.54,45.07,45.81,43.97,420740.0
2015-10-05,46.26,45.65,46.94,45.21,323060.0
2015-10-06,48.53,46.2,49.08,45.73,453100.0
2015-10-07,47.81,49.0,49.71,47.7,547490.0
2015-10-08,49.43,48.11,50.07,47.76,509760.0
2015-10-09,49.63,49.69,50.92,49.17,508680.0
2015-10-12,47.1,49.51,50.13,47.04,408660.0
2015-10-13,46.66,47.46,48.43,46.44,465390.0
2015-10-14,46.64,46.69,46.96,45.94,348240.0
2015-10-15,46.38,46.28,47.02,45.23,370940.0
2015-10-16,47.26,46.87,47.5,46.16,198130.0
2015-10-19,45.89,47.27,47.49,45.85,125840.0
2015-10-20,45.55,46.25,46.52,45.23,38950.0
2015-10-21,45.2,45.88,46.08,44.86,384290.0
2015-10-22,45.38,45.27,46.1,44.9,322740.0
2015-10-23,44.6,45.44,45.75,44.2,406580.0
2015-10-26,43.98,44.74,44.94,43.64,302080.0
2015-10-27,43.2,43.78,43.91,42.58,370830.0
2015-10-28,45.94,43.44,46.22,43.06,521520.0
2015-10-29,46.06,46.06,46.79,45.16,436510.0
2015-10-30,46.59,45.74,47.03,45.48,363310.0
2015-11-02,46.14,46.43,46.73,45.56,305520.0
2015-11-03,47.9,46.11,48.36,45.96,434570.0
2015-11-04,46.32,47.74,48.28,46.17,459310.0
2015-11-05,45.2,46.57,46.65,45.12,437650.0
2015-11-06,44.29,45.41,45.64,44.11,448130.0
2015-11-09,43.87,44.52,45.12,43.64,487990.0
2015-11-10,44.21,44.1,44.76,43.57,445970.0
2015-11-11,42.93,43.63,44.11,42.62,502370.0
2015-11-12,41.75,43.05,43.33,41.54,545350.0
2015-11-13,40.74,41.61,42.21,40.22,480890.0
2015-11-16,41.74,40.92,42.25,40.06,535180.0
2015-11-17,40.67,41.96,42.03,40.58,363710.0
2015-11-18,40.75,41.11,41.55,39.91,251520.0
2015-11-19,40.54,40.72,41.05,39.89,131360.0
2015-11-20,40.39,40.54,40.99,38.99,33710.0
2015-11-23,41.75,41.49,42.75,40.41,516190.0
2015-11-24,42.87,42.04,43.46,41.86,430300.0
2015-11-25,43.04,42.69,43.25,41.72,383160.0
2015-11-26,42.59,43.08,43.29,42.3,
2015-11-27,41.71,43.25,43.3,41.67,316480.0
2015-11-30,41.65,41.77,42.61,41.5,369510.0
2015-12-01,41.85,41.73,42.23,41.17,415540.0
2015-12-02,39.94,41.69,41.97,39.84,545290.0
2015-12-03,41.08,40.15,41.78,40.07,496880.0
2015-12-04,39.97,41.31,42.0,39.6,510760.0
2015-12-07,37.65,40.1,40.15,37.5,635410.0
2015-12-08,37.51,37.68,38.58,36.64,767180.0
2015-12-09,37.16,37.86,38.99,36.87,646170.0
2015-12-10,36.76,37.27,37.54,36.38,513940.0
2015-12-11,35.62,36.63,36.84,35.16,505410.0
2015-12-14,36.31,35.4,36.7,34.53,550480.0
2015-12-15,37.35,36.32,37.88,36.03,474160.0
2015-12-16,35.52,36.79,37.35,35.29,402970.0
2015-12-17,34.95,35.8,35.84,34.63,196230.0
2015-12-18,34.73,34.87,35.57,34.29,116040.0
2015-12-21,34.74,34.58,34.86,33.98,27290.0
2015-12-22,36.14,35.8,36.54,35.66,302260.0
2015-12-23,37.5,36.47,37.95,36.28,374660.0
2015-12-24,38.1,37.86,38.28,37.38,205870.0
2015-12-28,36.81,38.0,38.09,36.6,220640.0
2015-12-29,37.87,36.7,37.94,36.66,241950.0
2015-12-30,36.6,37.36,37.4,36.4,267910.0
2015-12-31,37.04,36.81,37.79,36.22,283620.0
2016-01-04,36.76,37.6,38.39,36.33,431990.0
2016-01-05,35.97,36.9,37.1,35.74,410130.0
2016-01-06,33.97,36.18,36.39,33.77,563810.0
2016-01-07,33.27,34.09,34.26,32.1,617410.0
2016-01-08,33.16,33.3,34.34,32.64,596500.0
2016-01-11,31.41,32.94,33.2,30.88,648640.0
2016-01-12,30.44,31.11,32.21,29.93,627220.0
2016-01-13,30.48,30.54,31.71,30.1,637900.0
2016-01-14,31.2,30.6,31.77,30.28,537910.0
2016-01-15,29.42,31.18,31.18,29.13,329090.0
2016-01-17,29.75,30.68,30.68,29.36,
2016-01-18,30.02,29.76,30.88,29.67,
2016-01-19,28.46,29.2,30.21,28.21,188030.0
2016-01-20,26.55,28.33,28.58,26.19,32110.0
2016-01-21,29.53,28.35,30.25,27.87,694040.0
2016-01-22,32.19,29.84,32.35,29.53,636570.0
2016-01-25,30.34,32.05,32.74,29.68,606890.0
2016-01-26,31.45,29.81,32.41,29.25,642430.0
2016-01-27,32.3,30.55,32.84,30.14,738550.0
2016-01-28,33.22,32.19,34.82,31.74,833380.0
2016-01-29,33.62,33.7,34.4,32.65,618110.0
2016-02-01,31.62,33.83,34.18,31.29,595610.0
2016-02-02,29.88,31.37,31.53,29.57,602560.0
2016-02-03,32.28,29.75,32.75,29.4,811700.0
2016-02-04,31.72,32.71,33.6,31.53,696720.0
2016-02-05,30.89,31.64,32.45,30.63,616530.0
2016-02-08,29.69,30.97,31.38,29.57,603650.0
2016-02-09,27.94,30.17,30.61,27.74,738220.0
2016-02-10,27.45,28.36,29.22,27.24,781280.0
2016-02-11,26.21,27.34,27.48,26.05,795970.0
2016-02-12,29.44,27.3,29.66,26.95,675160.0
2016-02-14,29.08,29.06,29.18,28.97,
2016-02-15,30.6,29.08,30.69,28.97,
2016-02-16,29.04,29.08,31.53,28.7,651960.0
2016-02-17,30.66,29.14,31.49,28.73,578640.0
2016-02-18,30.77,31.35,31.98,30.27,225500.0
2016-02-19,29.64,30.6,30.73,29.05,103200.0
2016-02-22,31.48,29.72,32.05,29.48,26320.0
2016-02-23,31.87,33.34,33.53,31.22,539380.0
2016-02-24,32.15,31.28,32.4,30.56,652250.0
2016-02-25,33.07,32.19,33.49,31.07,611870.0
2016-02-26,32.78,33.04,34.69,32.64,646290.0
2016-02-29,33.75,32.72,33.98,32.32,512470.0
2016-03-01,34.4,33.9,34.76,33.37,566230.0
2016-03-02,34.66,33.89,35.17,33.55,597830.0
2016-03-03,34.57,34.73,35.32,34.19,512960.0
2016-03-04,35.92,34.66,36.34,34.4,578290.0
2016-03-07,37.9,36.2,38.11,36.09,709870.0
2016-03-08,36.5,37.94,38.39,36.12,706930.0
2016-03-09,38.29,36.36,38.51,36.24,740630.0
2016-03-10,37.84,38.17,38.48,37.21,701440.0
2016-03-11,38.5,37.99,39.02,37.92,564790.0
2016-03-14,37.18,38.17,38.77,36.68,489940.0
2016-03-15,36.34,37.37,37.4,35.96,446100.0
2016-03-16,38.46,36.74,38.63,36.61,494170.0
2016-03-17,40.2,38.59,40.36,38.47,298010.0
2016-03-18,39.44,40.25,41.2,39.15,130150.0
2016-03-21,39.91,39.06,40.3,38.61,31920.0
2016-03-22,41.45,41.59,41.9,40.77,463690.0
2016-03-23,39.79,41.19,41.34,39.67,492000.0
2016-03-24,39.46,39.73,39.77,38.33,495170.0
2016-03-28,39.39,39.55,40.14,38.86,299780.0
2016-03-29,38.28,39.32,39.48,37.91,488030.0
2016-03-30,38.32,38.52,39.85,38.14,542470.0
2016-03-31,38.34,38.3,39.04,37.57,532150.0
2016-04-01,36.79,38.14,38.56,36.63,547190.0
2016-04-04,35.7,36.61,37.21,35.46,549480.0
2016-04-05,35.89,35.5,36.58,35.24,485540.0
2016-04-06,37.75,36.52,37.9,36.43,751050.0
2016-04-07,37.26,37.76,38.3,36.69,626750.0
2016-04-08,39.72,37.52,39.84,37.45,817230.0
2016-04-11,40.36,39.72,40.75,39.25,679350.0
2016-04-12,42.17,40.35,42.25,40.09,796840.0
2016-04-13,41.76,41.63,42.42,41.24,730440.0
2016-04-14,41.5,41.54,42.16,40.84,488610.0
2016-04-15,40.36,41.43,41.73,39.98,520150.0
2016-04-18,39.78,38.75,40.24,37.61,342460.0
2016-04-19,41.08,40.04,41.53,39.58,101730.0
2016-04-20,42.63,40.8,42.91,39.85,30090.0
2016-04-21,43.18,43.97,44.49,43.05,671100.0
2016-04-22,43.73,43.42,44.45,43.11,575110.0
2016-04-25,42.64,43.75,44.04,42.58,606380.0
2016-04-26,44.04,42.96,44.83,42.5,564390.0
2016-04-27,45.33,44.64,45.62,43.77,648030.0
2016-04-28,46.03,45.3,46.14,44.94,487410.0
2016-04-29,45.92,45.9,46.78,45.24,598440.0
2016-05-02,44.78,45.9,46.15,44.54,464030.0
2016-05-03,43.65,44.92,45.35,43.32,625550.0
2016-05-04,43.78,43.85,44.88,43.22,711130.0
2016-05-05,44.32,44.04,46.07,43.96,746160.0
2016-05-06,44.66,44.52,45.34,43.54,695310.0
2016-05-09,43.44,45.0,45.94,43.24,767570.0
2016-05-10,44.66,43.25,44.79,43.03,709420.0
2016-05-11,46.23,44.6,46.36,43.96,869960.0
2016-05-12,46.7,46.0,47.02,45.61,715100.0
2016-05-13,46.21,46.41,46.49,45.75,519360.0
2016-05-16,47.72,46.28,47.98,46.15,550860.0
2016-05-17,48.31,47.9,48.76,47.53,470440.0
2016-05-18,48.19,48.53,48.95,47.75,343180.0
2016-05-19,48.16,47.87,48.28,46.73,108820.0
2016-05-20,47.75,48.2,48.79,47.44,28520.0
2016-05-23,48.08,48.46,48.5,47.4,475450.0
2016-05-24,48.62,48.08,49.27,47.64,475970.0
2016-05-25,49.56,49.09,49.75,48.65,550500.0
2016-05-26,49.48,49.7,50.21,49.22,488470.0
2016-05-27,49.33,49.31,49.6,48.69,406390.0
2016-05-29,49.58,49.54,49.71,49.54,
2016-05-30,49.51,49.56,49.75,49.08,
2016-05-31,49.1,49.54,50.1,48.81,476990.0
2016-06-01,49.01,48.82,49.25,47.75,568840.0
2016-06-02,49.17,48.9,49.47,47.97,564850.0
2016-06-03,48.62,49.04,49.41,48.33,481030.0
2016-06-06,49.69,48.88,49.9,48.71,450470.0
2016-06-07,50.36,49.71,50.53,49.44,542250.0
2016-06-08,51.23,50.41,51.62,50.32,656420.0
2016-06-09,50.56,51.45,51.67,50.23,560720.0
2016-06-10,49.07,50.47,50.73,48.8,596120.0
2016-06-13,48.88,48.85,49.28,48.16,506040.0
2016-06-14,48.49,48.52,48.69,47.84,456140.0
2016-06-15,48.01,47.9,48.72,47.28,527870.0
2016-06-16,46.21,47.45,47.75,45.91,507910.0
2016-06-17,47.98,45.99,48.29,45.83,226650.0
2016-06-20,49.37,48.29,49.42,48.14,98290.0
2016-06-21,48.85,49.14,49.32,48.16,30110.0
2016-06-22,49.13,50.22,50.54,48.4,569940.0
2016-06-23,50.11,49.08,50.23,49.08,401890.0
2016-06-24,47.64,50.3,50.45,46.7,649450.0
2016-06-27,46.33,47.81,47.96,45.83,504610.0
2016-06-28,47.85,46.59,48.18,46.54,498850.0
2016-06-29,49.88,48.06,50.0,47.98,511480.0
2016-06-30,48.33,49.55,49.62,48.17,508740.0
2016-07-01,48.99,48.38,49.3,47.9,405190.0
2016-07-03,49.01,49.14,49.22,48.94,
2016-07-04,48.65,49.01,49.35,48.54,
2016-07-05,46.6,49.11,49.35,46.33,609190.0
2016-07-06,47.43,46.83,47.95,45.92,607660.0
2016-07-07,45.14,47.88,48.25,44.87,710890.0
2016-07-08,45.41,45.19,45.97,44.77,583080.0
2016-07-11,44.76,45.07,45.77,44.42,533660.0
2016-07-12,46.8,44.58,46.93,44.51,658260.0
2016-07-13,44.75,46.58,46.71,44.56,686250.0
2016-07-14,45.68,45.14,45.8,44.95,573760.0
2016-07-15,45.95,45.52,46.33,45.05,430260.0
2016-07-18,45.24,46.12,46.14,44.86,211390.0
2016-07-19,44.65,45.23,45.67,44.53,128130.0
2016-07-20,44.94,44.59,45.25,43.69,29390.0
2016-07-21,44.75,45.65,46.09,44.52,432970.0
2016-07-22,44.19,44.6,44.97,43.74,428410.0
2016-07-25,43.13,44.2,44.37,42.97,389840.0
2016-07-26,42.92,43.07,43.39,42.36,461320.0
2016-07-27,41.92,42.66,43.2,41.68,537390.0
2016-07-28,41.14,41.93,42.22,41.04,447910.0
2016-07-29,41.6,41.12,41.67,40.57,478760.0
2016-08-01,40.06,41.35,41.88,39.82,533020.0
2016-08-02,39.51,40.08,40.91,39.26,534510.0
2016-08-03,40.83,39.7,41.2,39.19,655190.0
2016-08-04,41.93,41.16,42.08,40.43,598840.0
2016-08-05,41.8,41.84,42.1,41.06,550190.0
2016-08-08,43.02,41.99,43.39,41.81,562530.0
2016-08-09,42.77,42.83,43.52,42.47,624700.0
2016-08-10,41.71,42.74,43.39,41.42,676150.0
2016-08-11,43.49,41.48,43.86,41.1,682240.0
2016-08-12,44.49,43.46,44.78,43.31,536080.0
2016-08-15,45.74,44.74,45.93,44.38,522530.0
2016-08-16,46.58,45.59,46.73,45.34,550440.0
2016-08-17,46.79,46.37,46.95,45.84,563350.0
2016-08-18,48.22,46.9,48.38,46.63,229280.0
2016-08-19,48.52,48.33,48.75,47.93,162440.0
2016-08-22,47.05,48.4,48.4,46.75,36530.0
2016-08-23,48.1,47.39,48.32,46.59,623900.0
2016-08-24,46.77,47.59,47.74,46.45,603500.0
2016-08-25,47.33,46.8,47.46,46.42,458820.0
2016-08-26,47.64,47.37,48.46,46.94,558340.0
2016-08-29,46.98,47.22,47.28,46.62,309250.0
2016-08-30,46.35,46.98,47.49,46.21,464450.0
2016-08-31,44.7,46.24,46.41,44.51,549010.0
2016-09-01,43.16,44.85,45.08,43.0,605000.0
2016-09-02,44.44,43.55,44.67,43.16,576920.0
2016-09-04,44.11,44.15,44.38,44.1,
2016-09-05,45.07,44.12,46.53,44.07,
2016-09-06,44.83,44.15,46.53,43.84,932150.0
2016-09-07,45.5,44.85,46.17,44.55,572880.0
2016-09-08,47.62,46.12,47.75,45.77,761940.0
2016-09-09,45.88,47.36,47.36,45.56,688190.0
2016-09-12,46.29,45.57,46.51,44.72,745020.0
2016-09-13,44.9,46.06,46.13,44.77,657780.0
2016-09-14,43.58,45.0,45.33,43.42,705860.0
2016-09-15,43.91,43.7,44.34,43.26,537190.0
2016-09-16,43.03,43.71,43.75,42.74,231190.0
2016-09-19,43.3,43.18,44.15,43.12,129860.0
2016-09-20,43.44,43.13,44.05,42.55,37380.0
2016-09-21,45.34,44.5,45.65,44.5,585990.0
2016-09-22,46.32,45.62,46.52,45.52,521679.0
2016-09-23,44.48,46.07,46.55,44.22,718400.0
2016-09-26,45.93,44.62,46.2,44.43,527120.0
2016-09-27,44.67,45.62,45.96,44.19,630760.0
2016-09-28,47.05,44.96,47.45,44.35,1010000.0
2016-09-29,47.83,47.2,48.32,46.6,702650.0
2016-09-30,48.24,47.76,48.3,47.04,496520.0
2016-10-03,48.81,48.04,49.02,47.78,458020.0
2016-10-04,48.69,48.65,49.26,48.26,513710.0
2016-10-05,49.83,49.26,49.97,49.1,520070.0
2016-10-06,50.44,49.65,50.63,49.33,547920.0
2016-10-07,49.81,50.59,50.74,49.4,618810.0
2016-10-10,51.35,49.57,51.6,49.15,686070.0
2016-10-11,50.79,51.1,51.54,50.39,765610.0
2016-10-12,50.18,50.84,51.17,49.89,533880.0
2016-10-13,50.44,50.0,50.59,49.36,740680.0
2016-10-14,50.35,50.58,51.14,49.9,519429.0
2016-10-17,49.94,50.23,50.58,49.47,418720.0
2016-10-18,50.29,50.04,50.78,49.76,192800.0
2016-10-19,51.6,50.77,51.93,50.69,132430.0
2016-10-20,50.43,51.4,51.58,50.25,24860.0
2016-10-21,50.85,50.66,51.02,50.21,551300.0
2016-10-24,50.52,50.85,50.98,49.62,623400.0
2016-10-25,49.96,50.49,50.93,49.27,553780.0
2016-10-26,49.18,49.31,50.1,48.87,679320.0
2016-10-27,49.72,49.22,50.06,49.0,543170.0
2016-10-28,48.7,49.61,49.81,48.42,550080.0
2016-10-31,46.86,48.25,48.74,46.63,649240.0
2016-11-01,46.67,46.77,47.35,46.2,834990.0
2016-11-02,45.34,46.32,46.47,44.96,674320.0
2016-11-03,44.66,45.48,45.9,44.37,540440.0
2016-11-04,44.07,44.63,44.87,43.57,736690.0
2016-11-07,44.89,44.45,45.01,44.11,605730.0
2016-11-08,44.98,44.97,45.39,44.41,669640.0
2016-11-09,45.27,44.82,45.95,43.07,946510.0
2016-11-10,44.66,45.31,45.64,44.25,686340.0
2016-11-11,43.41,44.35,44.63,43.03,631140.0
2016-11-14,43.32,43.2,43.81,42.2,704770.0
2016-11-15,45.81,43.76,46.09,43.55,706180.0
2016-11-16,45.57,45.77,46.41,45.03,658170.0
2016-11-17,45.42,45.37,46.58,44.88,284870.0
2016-11-18,45.69,44.93,45.77,44.55,155650.0
2016-11-21,47.49,45.83,47.8,45.77,34920.0
2016-11-22,48.03,48.37,49.2,47.17,826210.0
2016-11-23,47.96,47.94,48.43,47.4,556860.0
2016-11-24,47.98,48.03,48.26,47.8,
2016-11-25,46.06,47.97,48.26,45.88,465980.0
2016-11-28,47.08,45.43,47.65,45.14,734380.0
2016-11-29,45.23,46.88,46.98,44.82,732820.0
2016-11-30,49.44,45.24,49.9,45.22,1310000.0
2016-12-01,51.06,49.07,51.8,48.98,974810.0
2016-12-02,51.68,51.01,51.73,50.18,667100.0
2016-12-05,51.79,51.46,52.42,50.93,600780.0
2016-12-06,50.93,50.97,51.6,50.28,642750.0
2016-12-07,49.77,50.93,51.2,49.72,816880.0
2016-12-08,50.84,49.88,50.98,49.61,780060.0
2016-12-09,51.5,50.92,51.66,50.86,652040.0
2016-12-12,52.83,52.58,54.51,52.18,847030.0
2016-12-13,52.98,52.51,53.41,52.35,638400.0
2016-12-14,51.04,52.45,52.78,50.67,677960.0
2016-12-15,50.9,50.79,51.48,49.95,551760.0
2016-12-16,51.9,51.1,52.08,50.5,252570.0
2016-12-19,52.12,52.15,52.52,51.51,129990.0
2016-12-20,52.23,52.11,52.7,51.85,26170.0
2016-12-21,52.49,53.56,53.79,52.32,471990.0
2016-12-22,52.95,52.52,53.19,52.08,393490.0
2016-12-23,53.02,52.68,53.28,52.26,285170.0
2016-12-26,53.19,53.33,53.34,53.14,
2016-12-27,53.9,53.29,54.1,53.03,277310.0
2016-12-28,54.06,53.93,54.37,53.56,322540.0
2016-12-29,53.77,53.66,54.21,53.46,360190.0
2016-12-30,53.72,53.87,54.09,53.41,271090.0
2017-01-02,54.03,54.09,54.18,54.01,
2017-01-03,52.33,54.2,55.24,52.11,727790.0
2017-01-04,53.26,52.49,53.43,52.15,512640.0
2017-01-05,53.76,53.39,54.12,52.79,517360.0
2017-01-06,53.99,53.73,54.32,53.32,528330.0
2017-01-09,51.96,53.75,53.83,51.76,564890.0
2017-01-10,50.82,51.83,52.37,50.71,632570.0
2017-01-11,52.25,50.81,52.78,50.75,815850.0
2017-01-12,53.01,52.37,53.5,52.12,660700.0
2017-01-13,52.37,53.05,53.17,52.27,477990.0
2017-01-15,52.45,52.53,52.56,52.39,
2017-01-16,52.52,52.46,52.72,52.13,
2017-01-17,52.48,52.55,53.52,52.12,606020.0
2017-01-18,51.08,52.52,52.79,50.91,236240.0
2017-01-19,51.37,51.39,51.87,51.02,122590.0
2017-01-20,52.42,51.45,52.9,51.39,567230.0
2017-01-23,52.75,53.33,53.47,52.21,455330.0
2017-01-24,53.18,52.86,53.56,52.67,520289.0
2017-01-25,52.75,52.95,53.47,52.56,589710.0
2017-01-26,53.78,52.96,54.06,52.79,578070.0
2017-01-27,53.17,53.74,54.08,52.58,495560.0
2017-01-30,52.63,53.15,53.46,52.41,486310.0
2017-01-31,52.81,52.6,53.56,52.24,586680.0
2017-02-01,53.88,52.76,53.91,52.64,577240.0
2017-02-02,53.54,53.57,54.34,53.35,492550.0
2017-02-03,53.83,53.68,54.22,53.4,462620.0
2017-02-06,53.01,53.81,54.13,52.91,425090.0
2017-02-07,52.17,53.14,53.24,51.63,624060.0
2017-02-08,52.34,51.64,52.67,51.22,767380.0
2017-02-09,53.0,52.37,53.21,52.37,610200.0
2017-02-10,53.86,53.15,54.13,52.9,596450.0
2017-02-13,52.93,53.8,53.95,52.77,586030.0
2017-02-14,53.2,52.91,53.72,52.86,493020.0
2017-02-15,53.11,53.0,53.51,52.73,463640.0
2017-02-16,53.36,53.01,53.59,52.68,343360.0
2017-02-17,53.4,53.47,53.52,52.88,195350.0
2017-02-19,53.79,53.86,53.96,53.78,
2017-02-20,53.97,53.78,54.24,53.73,
2017-02-21,54.06,53.48,54.68,53.35,44050.0
2017-02-22,53.59,54.26,54.6,53.35,499480.0
2017-02-23,54.45,53.91,54.94,53.87,529880.0
2017-02-24,53.99,54.33,54.51,53.76,395260.0
2017-02-27,54.05,54.02,54.61,53.94,394380.0
2017-02-28,54.01,54.04,54.23,53.18,593910.0
2017-03-01,53.83,53.95,54.44,53.63,491290.0
2017-03-02,52.61,53.69,53.8,52.54,638390.0
2017-03-03,53.33,52.58,53.39,52.55,436360.0
2017-03-06,53.2,53.19,53.56,52.76,503690.0
2017-03-07,53.14,53.17,53.8,52.71,494680.0
2017-03-08,50.28,52.79,52.92,50.05,963390.0
2017-03-09,49.28,50.22,50.84,48.59,1070000.0
2017-03-10,48.49,49.61,50.11,48.31,796960.0
2017-03-13,48.4,48.45,48.68,47.9,601360.0
2017-03-14,47.72,48.45,48.79,47.09,857710.0
2017-03-15,48.86,48.76,49.04,48.16,655790.0
2017-03-16,48.75,49.01,49.62,48.45,516850.0
2017-03-17,48.78,48.79,49.2,48.6,172340.0
2017-03-20,48.22,48.7,48.74,47.84,142260.0
2017-03-21,47.34,47.93,48.73,47.23,28080.0
2017-03-22,48.04,48.16,48.32,47.01,680850.0
2017-03-23,47.7,48.15,48.48,47.58,499880.0
2017-03-24,47.97,47.67,48.2,47.54,421030.0
2017-03-27,47.73,48.12,48.28,47.08,466180.0
2017-03-28,48.37,47.89,48.74,47.8,502380.0
2017-03-29,49.51,48.47,49.63,48.38,548620.0
2017-03-30,50.35,49.6,50.47,49.27,580670.0
2017-03-31,50.6,50.32,50.85,49.9,527610.0
2017-04-03,50.24,50.69,50.83,50.12,440720.0
2017-04-04,51.03,50.24,51.3,49.88,532050.0
2017-04-05,51.15,51.18,51.88,50.74,651400.0
2017-04-06,51.7,50.8,51.82,50.77,473020.0
2017-04-07,52.24,51.7,52.94,51.49,796440.0
2017-04-10,53.08,52.31,53.18,52.29,565440.0
2017-04-11,53.4,53.13,53.45,52.7,598000.0
2017-04-12,53.11,53.4,53.76,52.71,629810.0
2017-04-13,53.18,52.85,53.39,52.82,480840.0
2017-04-17,52.65,52.97,53.21,52.55,326340.0
2017-04-18,52.41,52.75,52.85,52.1,202040.0
2017-04-19,50.44,52.36,52.65,50.09,133170.0
2017-04-20,50.27,50.63,50.97,50.18,33750.0
2017-04-21,49.62,50.71,50.93,49.2,687470.0
2017-04-24,49.23,49.68,50.22,49.03,517900.0
2017-04-25,49.56,49.22,49.83,48.87,587240.0
2017-04-26,49.96,49.71,50.52,49.29,111610.0
2017-04-27,49.31,49.52,49.76,48.55,250770.0
2017-04-28,49.62,49.59,50.09,49.12,175350.0
2017-05-01,49.16,49.47,49.61,48.89,111910.0
2017-05-02,47.99,49.09,49.6,47.69,145010.0
2017-05-03,48.18,48.52,48.57,47.65,176500.0
2017-05-04,45.9,47.96,48.11,45.67,229990.0
2017-05-05,46.6,45.89,47.04,44.13,296720.0
2017-05-08,46.84,46.69,47.38,46.11,268240.0
2017-05-09,46.27,46.92,47.17,45.92,265040.0
2017-05-10,47.7,46.55,48.13,46.4,309820.0
2017-05-11,48.2,47.81,48.58,47.73,245360.0
2017-05-12,48.17,48.15,48.44,47.7,207150.0
2017-05-15,49.16,48.19,49.97,48.08,295660.0
2017-05-16,49.0,49.12,49.69,48.51,293860.0
2017-05-17,49.41,48.53,49.84,48.37,418360.0
2017-05-18,49.66,49.25,49.93,48.38,601370.0
2017-05-19,50.67,49.67,50.9,49.6,652620.0
2017-05-22,51.13,50.93,51.43,50.75,564310.0
2017-05-23,51.72,51.29,52.04,50.85,113570.0
2017-05-24,51.59,51.71,52.1,51.26,196030.0
2017-05-25,49.14,51.47,52.22,48.7,160740.0
2017-05-26,50.05,49.0,50.18,48.44,128500.0
2017-05-28,49.94,49.93,50.04,49.85,
2017-05-29,49.97,49.95,50.29,49.52,
2017-05-30,49.91,50.23,50.53,49.27,111360.0
2017-05-31,48.56,49.88,49.95,47.98,152460.0
2017-06-01,48.6,48.84,49.4,48.15,149700.0
2017-06-02,47.87,48.26,48.42,46.98,154530.0
2017-06-05,47.4,47.71,48.42,46.86,710200.0
2017-06-06,48.19,47.4,48.4,46.94,825060.0
2017-06-07,45.72,47.98,48.23,45.65,1180000.0
2017-06-08,45.64,45.85,46.18,45.2,927700.0
2017-06-09,45.83,45.71,46.18,45.27,735930.0
2017-06-12,46.08,45.8,46.71,45.66,666770.0
2017-06-13,46.67,46.22,46.77,45.79,336770.0
2017-06-14,44.93,46.13,46.68,44.74,460270.0
2017-06-15,44.68,44.9,45.03,44.45,339520.0
2017-06-16,44.97,44.46,45.18,44.46,393720.0
2017-06-19,44.43,44.89,45.28,44.26,620970.0
2017-06-20,43.51,44.33,44.69,42.94,894100.0
2017-06-21,42.75,43.61,44.43,42.27,196530.0
2017-06-22,42.97,42.72,43.54,42.49,84310.0
2017-06-23,43.01,42.8,43.2,42.53,690910.0
2017-06-26,43.38,43.16,43.65,42.63,661350.0
2017-06-27,44.24,43.49,44.44,43.32,759120.0
2017-06-28,44.74,43.7,44.9,43.67,753380.0
2017-06-29,44.93,44.89,45.45,44.65,768950.0
2017-06-30,46.04,44.89,46.35,44.88,677410.0
2017-07-03,47.07,46.28,47.1,45.92,517620.0
2017-07-04,47.13,47.06,47.31,46.74,
2017-07-05,45.13,47.04,47.32,44.51,1170000.0
2017-07-06,45.52,45.65,46.53,45.18,969680.0
2017-07-07,44.23,45.35,45.42,43.78,975910.0
2017-07-10,44.4,44.35,44.84,43.65,848570.0
2017-07-11,45.04,44.58,45.81,43.83,1010000.0
2017-07-12,45.49,45.74,46.48,45.11,963510.0
2017-07-13,46.08,45.44,46.28,44.99,748970.0
2017-07-14,46.54,46.08,46.74,45.8,742900.0
2017-07-17,46.02,46.68,46.88,45.89,560630.0
2017-07-18,46.4,45.99,46.92,45.81,208420.0
2017-07-19,47.12,46.25,47.26,46.14,140680.0
2017-07-20,46.79,47.09,47.55,46.66,23240.0
2017-07-21,45.77,46.91,47.21,45.54,769440.0
2017-07-24,46.34,45.62,46.53,45.4,707910.0
2017-07-25,47.89,46.46,48.66,46.38,885700.0
2017-07-26,48.75,48.51,48.87,47.86,887860.0
2017-07-27,49.04,48.7,49.24,48.25,880760.0
2017-07-28,49.71,49.17,49.81,48.86,771230.0
2017-07-31,50.17,49.85,50.41,49.18,781540.0
2017-08-01,49.16,50.21,50.43,48.37,1010000.0
2017-08-02,49.59,48.8,49.65,48.55,847720.0
2017-08-03,49.03,49.59,49.96,48.78,837760.0
2017-08-04,49.58,48.95,49.64,48.5,745660.0
2017-08-07,49.39,49.59,49.73,48.54,831370.0
2017-08-08,49.17,49.31,49.79,48.86,924240.0
2017-08-09,49.56,49.0,49.72,48.9,858250.0
2017-08-10,48.59,49.68,50.22,48.35,1140000.0
2017-08-11,48.82,48.52,48.98,47.98,804240.0
2017-08-14,47.59,48.79,49.16,47.43,763240.0
2017-08-15,47.55,47.49,47.9,47.02,770360.0
2017-08-16,46.78,47.72,47.99,46.67,815540.0
2017-08-17,47.09,46.8,47.19,46.46,608310.0
2017-08-18,48.51,46.93,48.74,46.78,253070.0
2017-08-21,47.37,48.72,48.75,47.03,129190.0
2017-08-22,47.64,47.45,48.03,47.2,38400.0
2017-08-23,48.41,47.64,48.5,47.53,701690.0
2017-08-24,47.43,48.36,48.43,47.06,831360.0
2017-08-25,47.87,47.62,47.91,47.39,646520.0
2017-08-28,46.57,47.89,48.2,46.15,921290.0
2017-08-29,46.44,46.86,46.96,45.76,895640.0
2017-08-30,45.96,46.31,46.72,45.84,882980.0
2017-08-31,47.23,45.95,47.47,45.58,915710.0
2017-09-01,47.29,47.08,47.35,46.56,742810.0
2017-09-03,47.32,47.31,47.42,47.3,
2017-09-04,47.41,47.31,47.66,47.16,
2017-09-05,48.66,47.28,48.98,47.15,1030000.0
2017-09-06,49.16,48.59,49.42,48.52,788960.0
2017-09-07,49.09,49.14,49.33,48.63,702510.0
2017-09-08,47.48,49.09,49.26,47.27,843760.0
2017-09-11,48.07,47.58,48.27,47.0,774470.0
2017-09-12,48.23,48.12,48.44,47.73,676040.0
2017-09-13,49.3,48.34,49.4,48.12,706930.0
2017-09-14,49.89,49.31,50.5,49.15,709040.0
2017-09-15,49.89,49.72,50.13,49.41,433600.0
2017-09-18,49.91,49.85,50.33,49.19,189610.0
2017-09-19,49.48,49.91,50.42,49.33,143380.0
2017-09-20,50.41,49.84,50.65,49.75,35490.0
2017-09-21,50.55,50.72,50.81,50.07,580570.0
2017-09-22,50.66,50.73,50.78,50.29,473800.0
2017-09-25,52.22,50.68,52.28,50.39,701240.0
2017-09-26,51.88,52.12,52.43,51.43,709520.0
2017-09-27,52.14,52.09,52.34,51.63,637040.0
2017-09-28,51.56,52.05,52.86,51.22,801820.0
2017-09-29,51.67,51.58,51.77,51.25,551980.0
2017-10-02,50.58,51.64,51.71,50.07,600930.0
2017-10-03,50.42,50.59,50.73,50.14,462740.0
2017-10-04,49.98,50.16,50.67,49.76,598840.0
2017-10-05,50.79,49.88,51.22,49.85,654390.0
2017-10-06,49.29,50.75,50.82,49.1,743110.0
2017-10-09,49.58,49.25,49.79,49.13,505080.0
2017-10-10,50.92,49.55,51.06,49.54,664840.0
2017-10-11,51.3,50.94,51.42,50.61,651950.0
2017-10-12,50.6,51.0,51.13,50.15,729270.0
2017-10-13,51.45,50.73,51.72,50.7,667500.0
2017-10-16,51.87,51.43,52.37,51.35,520730.0
2017-10-17,51.88,51.93,52.25,51.21,471610.0
2017-10-18,52.04,51.94,52.33,51.69,152620.0
2017-10-19,51.29,52.05,52.17,51.07,127410.0
2017-10-20,51.47,51.42,51.73,50.7,32960.0
2017-10-23,51.9,52.07,52.3,51.68,583560.0
2017-10-24,52.47,51.89,52.62,51.55,709550.0
2017-10-25,52.18,52.56,52.57,51.89,681740.0
2017-10-26,52.64,52.19,52.86,51.91,594650.0
2017-10-27,53.9,52.8,54.2,52.25,730920.0
2017-10-30,54.15,54.16,54.46,53.75,565040.0
2017-10-31,54.38,54.08,54.85,53.93,497300.0
2017-11-01,54.3,54.65,55.22,53.89,671040.0
2017-11-02,54.54,54.28,54.84,53.99,482850.0
2017-11-03,55.64,54.73,55.76,54.4,614160.0
2017-11-06,57.35,55.97,57.61,55.66,861710.0
2017-11-07,57.2,57.27,57.69,56.83,750190.0
2017-11-08,56.81,56.96,57.92,56.41,919150.0
2017-11-09,57.17,56.85,57.53,56.69,666950.0
2017-11-10,56.74,57.02,57.35,56.55,541300.0
2017-11-13,56.76,56.9,57.15,56.3,631620.0
2017-11-14,55.7,56.72,56.77,54.81,707340.0
2017-11-15,55.33,55.06,55.56,54.88,501390.0
2017-11-16,55.14,55.3,55.62,54.93,213920.0
2017-11-17,56.55,55.25,56.68,55.18,184940.0
2017-11-20,56.09,56.69,56.76,55.57,37700.0
2017-11-21,56.83,56.38,57.22,56.32,619070.0
2017-11-22,58.02,57.12,58.15,57.03,837410.0
2017-11-23,58.38,57.97,58.58,57.76,
2017-11-24,58.95,58.05,59.05,57.75,577830.0
2017-11-27,58.11,58.95,58.99,57.55,690080.0
2017-11-28,57.99,57.86,58.11,57.42,546530.0
2017-11-29,57.3,57.73,58.3,56.75,741560.0
2017-11-30,57.4,57.41,57.98,56.82,735130.0
2017-12-01,58.36,57.42,58.88,57.29,685220.0
2017-12-04,57.47,58.32,58.34,57.35,529970.0
2017-12-05,57.62,57.48,57.92,57.08,499250.0
2017-12-06,55.96,57.45,57.57,55.87,678990.0
2017-12-07,56.69,56.0,56.78,55.82,557330.0
2017-12-08,57.36,56.65,57.79,56.54,681600.0
2017-12-11,57.99,57.25,58.08,56.91,606720.0
2017-12-12,57.14,58.02,58.56,56.85,826490.0
2017-12-13,56.6,57.45,57.83,56.55,658140.0
2017-12-14,57.04,56.7,57.22,56.09,580570.0
2017-12-15,57.3,57.15,57.49,56.94,210050.0
2017-12-18,57.16,57.37,57.78,56.82,137150.0
2017-12-19,57.46,57.3,57.64,57.16,36290.0
2017-12-20,58.09,57.66,58.12,57.44,420840.0
2017-12-21,58.36,58.02,58.38,57.63,405320.0
2017-12-22,58.47,58.21,58.5,57.87,324550.0
2017-12-25,58.59,58.41,58.62,58.38,
2017-12-26,59.97,58.4,60.01,58.32,437790.0
2017-12-27,59.64,59.79,59.93,59.33,402400.0
2017-12-28,59.84,59.53,59.94,59.44,345960.0
2017-12-29,60.42,59.91,60.51,59.82,464480.0
2018-01-01,60.24,60.26,60.28,60.15,
2018-01-02,60.37,60.2,60.74,60.1,510310.0
2018-01-03,61.63,60.39,61.97,60.28,673860.0
2018-01-04,62.01,61.96,62.21,61.59,654360.0
2018-01-05,61.44,61.9,62.04,61.09,563040.0
2018-01-08,61.73,61.61,61.97,61.34,616470.0
2018-01-09,62.96,61.92,63.48,61.8,844720.0
2018-01-10,63.57,63.41,63.67,63.09,697840.0
2018-01-11,63.8,63.5,64.77,63.43,876640.0
2018-01-12,64.3,63.57,64.5,63.06,678730.0
2018-01-14,64.28,64.42,64.44,64.19,
2018-01-15,64.73,64.28,64.89,64.11,
2018-01-16,63.73,64.43,64.89,63.39,867770.0
2018-01-17,63.97,63.89,64.17,63.31,444380.0
2018-01-18,63.95,64.07,64.35,63.47,204500.0
2018-01-19,63.37,63.74,63.77,62.85,142710.0
2018-01-22,63.49,63.61,64.14,63.17,40060.0
2018-01-23,64.47,63.88,64.88,63.7,662460.0
2018-01-24,65.61,64.42,66.05,64.34,887020.0
2018-01-25,65.51,65.88,66.66,65.08,771760.0
2018-01-26,66.14,65.25,66.35,64.91,678190.0
2018-01-29,65.56,66.18,66.46,64.98,656170.0
2018-01-30,64.5,65.53,65.56,63.89,688380.0
2018-01-31,64.73,64.03,64.94,63.67,613260.0
2018-02-01,65.8,64.76,66.25,64.63,685750.0
2018-02-02,65.45,65.99,66.3,64.47,857570.0
2018-02-05,64.15,65.1,65.4,63.42,891060.0
2018-02-06,63.39,63.43,64.29,63.12,797810.0
2018-02-07,61.79,63.92,64.18,61.25,1030000.0
2018-02-08,61.15,61.7,62.09,60.27,929580.0
2018-02-09,59.2,60.43,60.77,58.07,933310.0
2018-02-12,59.29,59.12,60.83,59.1,736920.0
2018-02-13,59.19,59.35,59.73,58.39,580600.0
2018-02-14,60.6,58.98,60.9,58.2,650320.0
2018-02-15,61.34,60.71,61.64,59.72,340400.0
2018-02-16,61.68,61.45,61.99,60.88,181180.0
2018-02-18,61.72,61.51,61.74,61.51,
2018-02-19,62.38,61.71,62.49,61.67,
2018-02-20,61.9,61.63,62.74,61.58,50210.0
2018-02-21,61.68,61.63,61.86,60.92,466920.0
2018-02-22,62.77,61.34,63.09,60.75,592600.0
2018-02-23,63.55,62.6,63.73,62.33,460600.0
2018-02-26,63.91,63.6,64.24,63.06,469850.0
2018-02-27,63.01,64.06,64.08,62.64,562670.0
2018-02-28,61.64,62.79,63.44,61.36,768410.0
2018-03-01,60.99,61.55,61.83,60.18,812510.0
2018-03-02,61.25,61.34,61.6,60.13,613510.0
2018-03-05,62.57,61.55,62.79,61.1,599270.0
2018-03-06,62.6,62.58,63.28,62.17,634950.0
2018-03-07,61.15,62.3,62.58,60.58,879120.0
2018-03-08,60.12,61.33,61.4,59.95,720510.0
2018-03-09,62.04,60.27,62.18,60.14,659720.0
2018-03-12,61.36,62.1,62.33,60.67,537990.0
2018-03-13,60.71,61.37,61.97,60.27,747740.0
2018-03-14,60.96,60.87,61.33,60.11,665020.0
2018-03-15,61.19,60.95,61.54,60.82,430200.0
2018-03-16,62.34,61.19,62.54,61.08,202490.0
2018-03-19,62.06,62.23,62.35,61.36,115960.0
2018-03-20,63.4,62.1,63.81,62.08,36060.0
2018-03-21,65.17,63.72,65.55,63.58,763770.0
2018-03-22,64.3,65.5,65.74,64.14,689170.0
2018-03-23,65.88,64.28,66.0,64.11,752990.0
2018-03-26,65.55,65.9,66.55,65.08,585900.0
2018-03-27,65.25,65.53,66.41,64.53,670810.0
2018-03-28,64.38,64.7,65.13,63.72,697680.0
2018-03-29,64.94,64.69,65.26,64.16,562820.0
2018-04-02,63.01,64.91,65.42,62.8,582740.0
2018-04-03,63.51,62.89,63.86,62.86,527290.0
2018-04-04,63.37,63.59,63.64,62.06,760600.0
2018-04-05,63.54,63.6,64.12,63.07,588600.0
2018-04-06,62.06,63.7,63.79,61.81,753260.0
2018-04-09,63.42,62.0,63.61,61.93,655830.0
2018-04-10,65.51,63.3,65.86,63.2,840280.0
2018-04-11,66.82,65.59,67.45,65.15,963020.0
2018-04-12,67.07,66.75,67.33,66.0,687470.0
2018-04-13,67.39,67.18,67.76,66.7,624200.0
2018-04-16,66.22,67.24,67.74,66.13,560080.0
2018-04-17,66.52,66.42,66.75,65.56,486080.0
2018-04-18,68.47,66.68,68.91,66.56,221660.0
2018-04-19,68.29,68.75,69.56,67.98,125990.0
2018-04-20,68.38,68.26,68.62,67.5,32950.0
2018-04-23,68.64,68.22,69.03,67.14,740940.0
2018-04-24,67.7,68.95,69.38,67.54,832300.0
2018-04-25,68.05,67.75,68.18,67.11,764050.0
2018-04-26,68.19,68.03,68.78,67.71,660550.0
2018-04-27,68.1,68.21,68.36,67.64,542550.0
2018-04-30,68.57,68.15,69.34,67.17,755190.0
2018-05-01,67.25,68.56,68.9,66.85,694770.0
2018-05-02,67.93,67.49,68.14,66.92,789370.0
2018-05-03,68.43,67.68,68.6,67.21,691220.0
2018-05-04,69.72,68.5,69.97,68.12,690880.0
2018-05-07,70.73,69.85,70.84,69.51,758920.0
2018-05-08,69.06,70.03,70.4,67.63,1250000.0
2018-05-09,71.14,70.05,71.36,69.85,863390.0
2018-05-10,71.36,71.23,71.89,70.56,749810.0
2018-05-11,70.7,71.45,71.63,70.45,634150.0
2018-05-14,70.96,70.54,71.26,70.26,592830.0
2018-05-15,71.31,71.15,71.92,70.42,815290.0
2018-05-16,71.49,71.02,71.59,70.66,574280.0
2018-05-17,71.49,71.56,72.3,71.09,562640.0
2018-05-18,71.28,71.6,71.75,70.99,211790.0
2018-05-21,72.24,71.47,72.59,71.25,119890.0
2018-05-22,72.13,72.53,72.83,71.9,31970.0
2018-05-23,71.84,72.11,72.26,71.19,702790.0
2018-05-24,70.71,71.83,72.0,70.52,640730.0
2018-05-25,67.88,70.65,70.8,67.42,955350.0
2018-05-27,67.36,67.44,67.48,67.02,
2018-05-28,67.05,67.39,67.41,65.81,
2018-05-29,66.73,67.55,67.55,65.8,1060000.0
2018-05-30,68.21,66.85,68.67,66.35,726890.0
2018-05-31,67.04,68.24,68.3,66.56,917560.0
2018-06-01,65.81,67.07,67.34,65.51,781100.0
2018-06-04,64.75,65.71,66.04,64.57,696050.0
2018-06-05,65.52,64.94,65.57,64.22,714670.0
2018-06-06,64.73,65.51,65.96,64.27,708830.0
2018-06-07,65.95,65.07,66.07,64.81,675040.0
2018-06-08,65.74,65.98,66.24,65.15,571220.0
2018-06-11,66.1,65.56,66.35,64.85,558280.0
2018-06-12,66.36,66.05,66.7,65.87,524410.0
2018-06-13,66.64,66.01,66.89,65.52,626400.0
2018-06-14,66.89,66.62,67.16,66.36,460170.0
2018-06-15,65.06,67.0,67.09,64.29,512590.0
2018-06-18,65.85,64.4,65.98,63.59,218930.0
2018-06-19,65.07,65.82,65.9,64.39,122650.0
2018-06-20,66.22,65.11,66.53,65.01,30650.0
2018-06-21,65.54,65.34,66.22,64.34,760720.0
2018-06-22,68.58,65.93,69.38,65.71,1140000.0
2018-06-25,68.08,68.75,69.44,67.78,816210.0
2018-06-26,70.53,68.21,70.91,67.72,848540.0
2018-06-27,72.76,70.68,73.06,70.56,775160.0
2018-06-28,73.45,72.27,74.03,72.2,717350.0
2018-06-29,74.15,73.33,74.46,72.93,602400.0
2018-07-02,73.94,73.62,74.35,72.51,652170.0
2018-07-03,74.14,74.08,75.27,72.73,667240.0
2018-07-04,74.13,74.62,74.76,73.52,
2018-07-05,72.94,74.23,74.9,72.53,841630.0
2018-07-06,73.8,73.16,74.01,72.14,611420.0
2018-07-09,73.85,73.87,74.28,72.99,533000.0
2018-07-10,74.11,74.04,74.7,73.65,586830.0
2018-07-11,70.38,74.2,74.26,70.02,861730.0
2018-07-12,70.33,70.6,71.24,69.23,707890.0
2018-07-13,71.01,70.38,71.66,69.84,530280.0
2018-07-16,68.06,70.52,70.87,67.58,530480.0
2018-07-17,68.08,68.03,68.44,67.03,440730.0
2018-07-18,68.76,67.61,69.06,67.04,187310.0
2018-07-19,69.46,69.0,70.17,67.8,103220.0
2018-07-20,70.46,69.39,71.1,69.37,25560.0
2018-07-23,67.89,68.17,69.31,67.6,555920.0
2018-07-24,68.52,67.8,69.05,67.56,524590.0
2018-07-25,69.3,68.77,69.7,68.2,622910.0
2018-07-26,69.61,69.38,69.92,68.92,489060.0
2018-07-27,68.69,69.58,69.77,68.26,460450.0
2018-07-30,70.13,69.01,70.43,68.8,463010.0
2018-07-31,68.76,70.05,70.22,67.98,519070.0
2018-08-01,67.66,68.43,68.52,67.31,576560.0
2018-08-02,68.96,67.86,69.36,66.92,531070.0
2018-08-03,68.49,68.99,69.24,67.87,476620.0
2018-08-06,69.01,68.65,69.92,68.5,495610.0
2018-08-07,69.17,68.9,69.83,68.81,485030.0
2018-08-08,66.94,69.09,69.37,66.32,760310.0
2018-08-09,66.81,66.79,67.41,66.49,509400.0
2018-08-10,67.63,66.74,67.87,66.14,524490.0
2018-08-13,67.2,67.78,67.95,65.71,578220.0
2018-08-14,67.04,67.42,68.37,66.58,538480.0
2018-08-15,65.01,66.62,66.9,64.51,573470.0
2018-08-16,65.46,64.95,65.52,64.43,383380.0
2018-08-17,65.91,65.47,66.39,65.3,171400.0
2018-08-20,66.43,65.91,66.68,65.59,112710.0
2018-08-21,67.35,66.62,68.1,66.52,27150.0
2018-08-22,67.86,66.08,68.15,65.98,581900.0
2018-08-23,67.83,68.07,68.12,67.32,450690.0
2018-08-24,68.72,67.9,69.31,67.78,517799.0
2018-08-27,68.87,68.57,68.97,68.34,332610.0
2018-08-28,68.53,68.93,69.2,68.21,426830.0
2018-08-29,69.51,68.54,69.76,68.37,497100.0
2018-08-30,70.25,69.71,70.5,69.55,445580.0
2018-08-31,69.8,70.06,70.36,69.64,419740.0
2018-09-02,69.92,69.91,69.99,69.88,
2018-09-03,70.12,69.91,70.2,69.54,
2018-09-04,69.87,69.89,71.4,69.08,785980.0
2018-09-05,68.72,69.43,69.59,68.56,542100.0
2018-09-06,67.77,68.64,69.02,67.0,633820.0
2018-09-07,67.75,67.88,68.08,66.86,530900.0
2018-09-10,67.54,67.82,68.52,67.33,571170.0
2018-09-11,69.25,67.53,70.01,67.48,676870.0
2018-09-12,70.37,69.89,71.26,69.5,800540.0
2018-09-13,68.59,70.24,70.28,68.35,684940.0
2018-09-14,68.99,68.79,69.91,67.94,611080.0
2018-09-17,68.91,68.93,69.72,68.53,422290.0
2018-09-18,69.85,68.8,70.42,68.53,234200.0
2018-09-19,71.12,69.71,71.5,69.65,125210.0
2018-09-20,70.8,71.39,71.81,70.73,28400.0
2018-09-21,70.78,70.2,71.8,69.98,855940.0
2018-09-24,72.08,71.14,72.74,71.14,576890.0
2018-09-25,72.28,72.25,72.78,71.89,551280.0
2018-09-26,71.57,72.09,72.38,71.47,464460.0
2018-09-27,72.12,72.01,72.6,71.71,454550.0
2018-09-28,73.25,72.18,73.73,71.88,544050.0
2018-10-01,75.3,73.29,75.77,72.95,601450.0
2018-10-02,75.23,75.42,75.91,74.93,463620.0
2018-10-03,76.41,75.12,76.9,74.3,698820.0
2018-10-04,74.33,76.18,76.47,73.88,687950.0
2018-10-05,74.34,74.67,75.22,73.83,613220.0
2018-10-08,74.29,74.4,74.58,73.07,554940.0
2018-10-09,74.96,74.21,75.28,74.0,623540.0
2018-10-10,73.17,74.66,75.08,72.38,652740.0
2018-10-11,70.97,72.68,72.76,70.51,783960.0
2018-10-12,71.34,70.99,72.01,70.64,626670.0
2018-10-15,71.78,71.85,72.7,70.85,568610.0
2018-10-16,71.92,71.72,72.29,71.02,535000.0
2018-10-17,69.75,72.17,72.43,69.43,651580.0
2018-10-18,68.65,70.03,70.03,68.47,215340.0
2018-10-19,69.12,68.68,69.77,68.56,108310.0
2018-10-22,69.17,69.41,69.65,68.27,27420.0
2018-10-23,66.43,69.55,69.66,65.74,853270.0
2018-10-24,66.82,66.17,67.72,66.05,775960.0
2018-10-25,67.33,66.36,67.65,65.99,573100.0
2018-10-26,67.59,66.95,67.88,66.2,595210.0
2018-10-29,67.04,67.55,67.95,66.29,477490.0
2018-10-30,66.18,66.68,67.26,65.33,680440.0
2018-10-31,65.31,66.32,67.0,64.81,666490.0
2018-11-01,63.69,64.88,65.39,63.11,790290.0
2018-11-02,63.14,63.5,63.95,62.63,708910.0
2018-11-05,63.1,62.99,64.14,62.52,609130.0
2018-11-06,62.21,62.7,63.32,61.31,761240.0
2018-11-07,61.67,61.74,63.18,61.2,866630.0
2018-11-08,60.67,61.64,62.42,60.4,764550.0
2018-11-09,60.19,60.75,60.79,59.26,821730.0
2018-11-12,59.93,60.7,61.28,58.68,806220.0
2018-11-13,55.69,58.88,59.35,54.75,1100000.0
2018-11-14,56.25,55.27,57.37,55.13,844700.0
2018-11-15,56.46,56.02,57.26,55.59,256500.0
2018-11-16,56.46,56.58,57.96,55.89,159000.0
2018-11-19,56.76,56.72,57.33,55.08,33580.0
2018-11-20,53.43,57.39,57.44,52.77,983120.0
2018-11-21,54.63,53.39,55.86,53.39,734280.0
2018-11-22,54.02,54.64,54.82,53.53,
2018-11-23,50.42,54.66,54.82,50.15,1010000.0
2018-11-26,51.63,50.62,52.25,50.1,663110.0
2018-11-27,51.56,51.54,52.38,50.3,764010.0
2018-11-28,50.29,52.09,52.56,50.06,831690.0
2018-11-29,51.45,50.31,52.2,49.41,812720.0
2018-11-30,50.93,51.27,51.79,49.65,796710.0
2018-12-03,52.95,52.45,53.85,52.03,758010.0
2018-12-04,53.25,53.13,54.55,52.43,738130.0
2018-12-05,52.89,52.59,54.44,52.16,624910.0
2018-12-06,51.49,52.93,53.3,50.08,987270.0
2018-12-07,52.61,51.76,54.22,50.6,987720.0
2018-12-10,51.0,52.03,52.81,50.53,733230.0
2018-12-11,51.65,50.89,52.43,50.7,665260.0
2018-12-12,51.15,51.95,52.88,50.94,730810.0
2018-12-13,52.58,51.2,53.27,50.35,733630.0
2018-12-14,51.2,52.83,52.95,50.84,526840.0
2018-12-17,49.88,51.25,51.87,49.01,211260.0
2018-12-18,46.24,49.16,49.59,45.79,120100.0
2018-12-19,47.2,45.93,48.0,45.93,37160.0
2018-12-20,45.88,47.39,47.51,45.67,794130.0
2018-12-21,45.59,46.25,46.77,45.13,694000.0
2018-12-24,42.53,45.45,46.24,42.36,415860.0
2018-12-25,43.16,43.0,43.25,42.88,
2018-12-26,46.22,42.85,47.0,42.52,698410.0
2018-12-27,44.61,46.58,46.7,44.37,665590.0
2018-12-28,45.33,45.44,46.22,44.42,564390.0
2018-12-31,45.41,45.22,46.53,44.73,476970.0
2019-01-01,45.89,45.77,45.95,45.73,
2019-01-02,46.54,45.8,47.78,44.35,850480.0
2019-01-03,47.09,46.26,47.49,45.35,788720.0
2019-01-04,47.96,46.9,49.22,46.65,817280.0
2019-01-07,48.52,48.3,49.79,48.11,819940.0
2019-01-08,49.78,48.73,49.95,48.31,765980.0
2019-01-09,52.36,49.8,52.58,49.71,891920.0
2019-01-10,52.59,52.18,52.78,51.37,821780.0
2019-01-11,51.59,52.28,53.31,51.18,812340.0
2019-01-14,50.51,51.73,52.11,50.38,791530.0
2019-01-15,52.11,50.78,52.3,50.64,664180.0
2019-01-16,52.31,52.0,52.52,51.26,694180.0
2019-01-17,52.07,52.3,52.58,50.98,288560.0
2019-01-18,53.8,52.23,53.92,52.09,193100.0
2019-01-20,53.65,53.97,54.05,53.59,
2019-01-21,54.24,53.66,54.48,53.58,
2019-01-22,52.57,53.73,54.24,51.8,46030.0
2019-01-23,52.62,52.95,53.64,51.86,702870.0
2019-01-24,53.13,52.45,53.47,52.07,714420.0
2019-01-25,53.69,53.17,53.94,52.91,593390.0
2019-01-28,51.99,53.56,53.64,51.33,650670.0
2019-01-29,53.31,52.12,53.93,51.84,660530.0
2019-01-30,54.23,53.24,54.93,53.09,731310.0
2019-01-31,53.79,54.28,55.37,53.62,718650.0
2019-02-01,55.26,54.01,55.66,53.37,689570.0
2019-02-04,54.56,55.32,55.75,53.29,622470.0
2019-02-05,53.66,54.86,55.21,53.47,609760.0
2019-02-06,54.01,53.73,54.3,52.86,606720.0
2019-02-07,52.64,53.94,54.21,51.8,749010.0
2019-02-08,52.72,52.59,52.99,52.08,621000.0
2019-02-11,52.41,52.66,52.78,51.23,750240.0
2019-02-12,53.1,52.47,54.05,52.29,708310.0
2019-02-13,53.9,53.35,54.6,53.27,706550.0
2019-02-14,54.41,53.96,54.68,53.08,623550.0
2019-02-15,55.59,54.48,55.87,54.24,276910.0
2019-02-17,56.33,56.17,56.39,56.11,
2019-02-18,56.27,56.33,56.73,56.12,
2019-02-19,56.09,55.78,56.33,55.29,153730.0
2019-02-20,56.92,55.94,57.55,55.48,37680.0
2019-02-21,56.96,57.24,57.61,56.64,546200.0
2019-02-22,57.26,56.84,57.81,56.71,513440.0
2019-02-25,55.48,57.17,57.53,55.08,723010.0
2019-02-26,55.5,55.46,56.08,55.02,538920.0
2019-02-27,56.94,55.95,57.39,55.72,577230.0
2019-02-28,57.22,57.0,57.43,56.43,496680.0
2019-03-01,55.8,57.22,57.88,55.57,684190.0
2019-03-04,56.59,55.83,57.0,55.81,549400.0
2019-03-05,56.56,56.45,57.19,56.09,538400.0
2019-03-06,56.22,56.28,56.4,55.42,637680.0
2019-03-07,56.66,56.2,56.99,56.08,628820.0
2019-03-08,56.07,56.43,56.51,54.52,747360.0
2019-03-11,56.79,56.07,57.01,55.96,597160.0
2019-03-12,56.87,56.76,57.55,56.74,652800.0
2019-03-13,58.26,57.09,58.48,57.01,610620.0
2019-03-14,58.61,58.35,58.74,58.0,567600.0
2019-03-15,58.52,58.51,58.95,57.74,507390.0
2019-03-18,59.09,58.45,59.23,58.05,157240.0
2019-03-19,59.03,59.01,59.57,58.62,114820.0
2019-03-20,59.83,59.02,60.12,58.39,31130.0
2019-03-21,59.98,59.99,60.39,59.66,655380.0
2019-03-22,59.04,59.87,60.07,58.28,738840.0
2019-03-25,58.82,58.98,59.35,58.17,705400.0
2019-03-26,59.94,59.12,60.38,59.04,685990.0
2019-03-27,59.41,60.03,60.22,58.81,732150.0
2019-03-28,59.3,59.4,59.56,58.2,712210.0
2019-03-29,60.14,59.53,60.73,59.41,705560.0
2019-04-01,61.59,60.24,61.8,60.13,670810.0
2019-04-02,62.58,61.81,62.75,61.6,793230.0
2019-04-03,62.46,62.64,62.99,62.05,799670.0
2019-04-04,62.1,62.5,62.77,61.89,684970.0
2019-04-05,63.08,62.18,63.34,61.82,686860.0
2019-04-08,64.4,63.33,64.48,63.13,895770.0
2019-04-09,63.98,64.4,64.79,63.68,790680.0
2019-04-10,64.61,64.22,64.7,64.05,722220.0
2019-04-11,63.58,64.48,64.49,63.31,760500.0
2019-04-12,63.89,63.71,64.65,63.66,625590.0
2019-04-15,63.4,63.76,63.84,63.03,555860.0
2019-04-16,64.05,63.57,64.37,62.99,547470.0
2019-04-17,63.76,64.32,64.61,63.66,235380.0
2019-04-18,64.0,63.75,64.16,63.46,148240.0
2019-04-22,65.7,64.0,65.92,64.0,30140.0
2019-04-23,66.3,65.75,66.6,65.58,700600.0
2019-04-24,65.89,66.17,66.43,65.66,678390.0
2019-04-25,65.21,65.81,66.28,64.9,603000.0
2019-04-26,63.3,65.13,65.18,62.28,1000000.0
2019-04-29,63.5,62.95,63.69,62.46,654080.0
2019-04-30,63.91,63.58,64.75,63.3,750490.0
2019-05-01,63.6,63.4,63.93,62.77,676870.0
2019-05-02,61.81,63.61,63.68,60.95,914660.0
2019-05-03,61.94,61.55,62.52,61.3,646870.0
2019-05-06,62.25,61.43,62.95,60.04,768810.0
2019-05-07,61.4,62.17,62.49,60.66,842810.0
2019-05-08,62.12,61.44,62.37,61.07,791770.0
2019-05-09,61.7,62.02,62.21,60.92,769580.0
2019-05-10,61.66,61.64,62.49,61.42,786490.0
2019-05-13,61.04,61.65,63.33,60.64,1000000.0
2019-05-14,61.78,60.86,62.11,60.69,751670.0
2019-05-15,62.02,61.37,62.34,60.85,723000.0
2019-05-16,62.87,62.12,63.48,62.08,545680.0
2019-05-17,62.76,63.12,63.64,62.52,215800.0
2019-05-20,63.1,62.93,63.81,62.45,131890.0
2019-05-21,62.99,63.22,63.6,62.75,28910.0
2019-05-22,61.42,62.95,63.0,61.03,766730.0
2019-05-23,57.91,61.31,61.41,57.33,1110000.0
2019-05-24,58.63,58.21,59.1,57.5,758100.0
2019-05-26,58.77,58.94,59.0,58.67,
2019-05-27,59.16,58.77,59.26,58.14,
2019-05-28,59.14,58.94,59.57,58.13,1020000.0
2019-05-29,58.81,59.07,59.14,56.88,1120000.0
2019-05-30,56.59,59.12,59.7,56.33,842280.0
2019-05-31,53.5,56.46,56.61,53.05,1030000.0
2019-06-03,53.25,53.42,54.63,52.11,984310.0
2019-06-04,53.48,52.89,53.78,52.43,831630.0
2019-06-05,51.68,52.86,53.41,50.6,943190.0
2019-06-06,52.59,51.66,53.3,51.17,790070.0
2019-06-07,53.99,53.1,54.32,52.62,828130.0
2019-06-10,53.26,54.24,54.84,53.05,687150.0
2019-06-11,53.27,53.43,54.04,52.91,642940.0
2019-06-12,51.14,53.04,53.05,50.72,786110.0
2019-06-13,52.28,51.07,53.45,50.92,945020.0
2019-06-14,52.51,52.18,52.98,51.7,574230.0
2019-06-17,51.93,52.5,52.74,51.58,397870.0
2019-06-18,53.9,51.95,54.31,51.5,181640.0
2019-06-19,53.76,54.09,54.42,53.28,122840.0
2019-06-20,56.65,54.12,57.02,54.11,27880.0
2019-06-21,57.43,57.26,57.98,56.66,676050.0
2019-06-24,57.9,57.72,58.22,56.75,597160.0
2019-06-25,57.83,57.74,58.84,57.2,673140.0
2019-06-26,59.38,58.84,59.93,58.65,686820.0
2019-06-27,59.43,59.27,59.73,58.61,531410.0
2019-06-28,58.47,59.22,59.8,57.75,556100.0
2019-07-01,59.09,59.27,60.28,58.34,674890.0
2019-07-02,56.25,59.14,59.43,56.09,878940.0
2019-07-03,57.34,56.49,57.48,56.04,600130.0
2019-07-04,56.8,57.41,57.57,56.48,
2019-07-05,57.51,57.38,57.82,56.29,698020.0
2019-07-08,57.66,57.77,58.46,57.3,540860.0
2019-07-09,57.83,57.56,59.1,57.29,551870.0
2019-07-10,60.43,58.4,60.53,58.35,690660.0
2019-07-11,60.2,60.44,60.94,60.14,573020.0
2019-07-12,60.21,60.46,60.74,59.93,469030.0
2019-07-15,59.58,60.25,60.92,59.2,566820.0
2019-07-16,57.62,59.26,60.06,57.07,712540.0
2019-07-17,56.78,57.52,58.36,56.21,504430.0
2019-07-18,55.3,56.6,57.32,54.72,215360.0
2019-07-19,55.63,55.72,56.36,54.99,105220.0
2019-07-22,56.22,56.22,56.84,55.72,24300.0
2019-07-23,56.77,56.17,57.47,55.74,521880.0
2019-07-24,55.88,57.23,57.64,55.33,745250.0
2019-07-25,56.02,55.9,56.99,55.81,559280.0
2019-07-26,56.2,55.93,56.57,55.68,476790.0
2019-07-29,56.87,56.2,57.1,55.81,529740.0
2019-07-30,58.05,57.07,58.47,56.96,547400.0
2019-07-31,58.58,58.34,58.82,57.81,614000.0
2019-08-01,53.95,57.85,57.99,53.59,886750.0
2019-08-02,55.66,54.54,56.05,54.15,739810.0
2019-08-05,54.69,55.38,55.61,54.22,823840.0
2019-08-06,53.63,54.95,55.42,53.29,682790.0
2019-08-07,51.09,53.42,53.77,50.52,1060000.0
2019-08-08,52.54,52.33,53.06,51.94,724760.0
2019-08-09,54.5,52.88,54.92,52.37,726390.0
2019-08-12,54.93,54.32,55.18,53.54,611030.0
2019-08-13,57.1,54.73,57.47,54.21,783490.0
2019-08-14,55.23,56.74,56.85,53.97,718290.0
2019-08-15,54.47,54.9,55.33,53.77,527870.0
2019-08-16,54.87,54.74,55.67,54.26,168350.0
2019-08-19,56.21,54.96,56.41,54.84,113570.0
2019-08-20,56.34,56.1,56.6,55.28,47450.0
2019-08-21,55.68,56.05,57.13,55.55,704040.0
2019-08-22,55.35,55.94,56.46,54.85,621570.0
2019-08-23,54.17,55.35,55.6,53.24,807150.0
2019-08-26,53.64,53.25,55.26,52.96,679020.0
2019-08-27,54.93,53.76,55.72,53.69,596620.0
2019-08-28,55.78,55.71,56.75,55.34,674050.0
2019-08-29,56.71,55.88,56.89,55.43,630760.0
2019-08-30,55.1,56.63,56.72,54.55,708270.0
2019-09-01,54.8,55.0,55.0,54.56,
2019-09-02,54.66,54.81,55.22,54.36,
2019-09-03,53.94,55.0,55.24,52.84,970800.0
2019-09-04,56.26,53.92,56.58,53.84,682300.0
2019-09-05,56.3,55.95,57.76,55.75,712470.0
2019-09-06,56.52,56.19,56.95,54.83,714290.0
2019-09-09,57.85,56.8,58.16,56.58,646990.0
2019-09-10,57.4,58.03,58.76,57.2,755470.0
2019-09-11,55.75,57.89,58.3,55.61,858770.0
2019-09-12,55.09,55.93,56.34,54.0,845980.0
2019-09-13,54.85,55.15,55.68,54.44,599470.0
2019-09-16,62.9,61.48,63.38,58.77,1400000.0
2019-09-17,59.34,61.96,62.59,58.46,993240.0
2019-09-18,58.11,58.81,59.43,57.67,216960.0
2019-09-19,58.13,58.2,59.54,58.01,112330.0
2019-09-20,58.09,58.65,59.1,57.79,37980.0
2019-09-23,58.64,59.25,59.39,57.37,526790.0
2019-09-24,57.29,58.44,58.49,56.69,591530.0
2019-09-25,56.49,56.7,57.02,55.55,563550.0
2019-09-26,56.41,56.69,56.84,55.41,599650.0
2019-09-27,55.91,56.51,56.76,54.75,712970.0
2019-09-30,54.07,56.54,56.57,53.98,532520.0
2019-10-01,53.62,54.28,54.84,53.05,589180.0
2019-10-02,52.64,54.0,54.42,52.17,590310.0
2019-10-03,52.45,52.47,52.91,50.99,642470.0
2019-10-04,52.81,52.29,53.35,52.04,541100.0
2019-10-07,52.75,52.69,54.06,52.59,549020.0
2019-10-08,52.63,52.81,53.27,51.81,658320.0
2019-10-09,52.59,52.57,53.74,52.31,632670.0
2019-10-10,53.55,52.69,53.97,51.38,613940.0
2019-10-11,54.7,53.88,54.93,53.64,741700.0
2019-10-14,53.59,54.9,54.9,52.77,467640.0
2019-10-15,52.81,53.51,53.79,52.39,511250.0
2019-10-16,53.36,52.92,53.74,52.51,451640.0
2019-10-17,53.93,52.99,54.16,52.62,418420.0
2019-10-18,53.78,54.09,54.62,53.35,174480.0
2019-10-21,53.31,53.71,54.03,52.71,95980.0
2019-10-22,54.16,53.39,54.62,53.1,33920.0
2019-10-23,55.97,54.3,56.07,53.62,620200.0
2019-10-24,56.23,55.9,56.51,55.41,480760.0
2019-10-25,56.66,56.07,56.74,55.6,445020.0
2019-10-28,55.81,56.65,56.92,55.58,437020.0
2019-10-29,55.54,55.8,55.91,54.61,521460.0
2019-10-30,55.06,55.53,55.73,54.42,659330.0
2019-10-31,54.18,54.9,55.59,53.71,677420.0
2019-11-01,56.2,54.15,56.33,54.07,538120.0
2019-11-04,56.54,56.41,57.43,55.83,580350.0
2019-11-05,57.23,56.56,57.5,56.3,435320.0
2019-11-06,56.35,57.26,57.85,56.11,623260.0
2019-11-07,57.15,56.35,57.88,56.27,678170.0
2019-11-08,57.24,57.08,57.48,55.76,636940.0
2019-11-11,56.86,57.4,57.4,56.25,498980.0
2019-11-12,56.8,56.89,57.55,56.54,586570.0
2019-11-13,57.12,56.79,57.53,56.2,547640.0
2019-11-14,56.77,57.39,57.79,56.63,516830.0
2019-11-15,57.72,56.91,57.97,56.43,375990.0
2019-11-18,57.05,57.88,58.09,56.55,159330.0
2019-11-19,55.21,56.9,57.11,55.04,121210.0
2019-11-20,57.11,55.16,57.25,54.76,31920.0
2019-11-21,58.58,57.0,58.67,56.6,593530.0
2019-11-22,57.77,58.31,58.74,57.5,508240.0
2019-11-25,58.01,57.92,58.15,57.21,420640.0
2019-11-26,58.41,57.92,58.56,57.76,443820.0
2019-11-27,58.11,58.27,58.68,57.51,454260.0
2019-11-28,58.08,57.97,58.29,57.64,
2019-11-29,55.17,58.13,58.3,55.02,718720.0
2019-12-02,55.96,55.47,56.67,55.42,616420.0
2019-12-03,56.1,55.96,56.8,55.35,560550.0
2019-12-04,58.43,56.43,58.66,56.28,760540.0
2019-12-05,58.43,58.36,59.12,58.1,649460.0
2019-12-06,59.2,58.32,59.85,57.7,679610.0
2019-12-09,59.02,59.11,59.25,58.23,511560.0
2019-12-10,59.24,58.92,59.52,58.52,566820.0
2019-12-11,58.76,59.06,59.22,58.11,589650.0
2019-12-12,59.18,58.88,59.72,58.75,530850.0
2019-12-13,60.07,59.36,60.48,59.27,512289.0
2019-12-16,60.21,59.87,60.34,59.71,347400.0
2019-12-17,60.94,60.23,61.06,60.03,163740.0
2019-12-18,60.93,60.55,61.18,60.32,131070.0
2019-12-19,61.22,60.86,61.47,60.79,35460.0
2019-12-20,60.44,61.11,61.2,60.02,552520.0
2019-12-23,60.52,60.41,60.77,60.1,314710.0
2019-12-24,61.11,60.63,61.16,60.47,204540.0
2019-12-25,61.19,61.45,61.52,61.17,
2019-12-26,61.68,61.2,61.83,61.06,265090.0
2019-12-27,61.72,61.73,61.97,61.24,351900.0
2019-12-30,61.68,61.71,62.34,61.09,427150.0
2019-12-31,61.06,61.68,61.88,60.63,494540.0
2020-01-01,61.33,61.52,61.54,61.33,
2020-01-02,61.18,61.6,61.6,60.64,486870.0
2020-01-03,63.05,61.18,64.09,61.13,885860.0
2020-01-06,63.27,63.71,64.72,62.64,724240.0
2020-01-07,62.7,62.91,63.15,62.11,582650.0
2020-01-08,59.61,62.84,65.65,59.15,1210000.0
2020-01-09,59.56,59.99,60.31,58.66,750930.0
2020-01-10,59.04,59.61,59.78,58.85,596190.0
2020-01-13,58.08,59.04,59.27,57.91,584000.0
2020-01-14,58.23,58.03,58.72,57.72,507710.0
2020-01-15,57.81,58.2,58.36,57.36,433170.0
2020-01-16,58.52,58.1,58.87,57.56,182870.0
2020-01-17,58.54,58.59,58.98,58.27,122560.0
2020-01-19,59.27,59.36,59.66,59.2,
2020-01-20,58.73,59.28,59.32,58.56,
2020-01-21,58.34,59.17,59.73,57.68,50180.0
2020-01-22,56.74,58.26,58.38,56.03,620120.0
2020-01-23,55.59,56.11,56.27,54.77,704000.0
2020-01-24,54.19,55.69,55.95,53.85,586200.0
2020-01-27,53.14,53.7,53.71,52.13,712880.0
2020-01-28,53.48,52.77,54.06,52.68,633960.0
2020-01-29,53.33,53.97,54.37,52.81,624980.0
2020-01-30,52.14,53.09,53.2,51.66,720120.0
2020-01-31,51.56,52.92,53.36,50.97,827910.0
2020-02-03,50.11,51.01,51.97,49.8,876040.0
2020-02-04,49.61,49.94,51.55,49.31,859360.0
2020-02-05,50.75,49.51,51.88,49.47,887950.0
2020-02-06,50.95,51.17,52.2,50.24,750660.0
2020-02-07,50.32,51.11,51.48,50.09,768350.0
2020-02-10,49.57,50.12,50.49,49.42,715890.0
2020-02-11,49.94,49.61,50.69,49.58,725730.0
2020-02-12,51.17,49.96,51.73,49.95,795260.0
2020-02-13,51.42,51.72,51.96,50.6,745400.0
2020-02-14,52.05,51.51,52.34,51.32,607340.0
2020-02-16,52.36,52.45,52.63,52.34,
2020-02-17,52.2,52.34,52.59,52.05,
2020-02-18,52.05,52.23,52.41,50.88,221770.0
2020-02-19,53.29,52.12,53.66,51.93,113680.0
2020-02-20,53.78,53.5,54.5,53.22,30670.0
2020-02-21,53.38,53.74,53.86,52.55,707560.0
2020-02-24,51.43,52.6,52.64,50.45,765520.0
2020-02-25,49.9,51.37,52.02,49.69,764990.0
2020-02-26,48.73,50.08,50.44,48.3,884480.0
2020-02-27,47.09,48.63,48.78,45.88,1010000.0
2020-02-28,44.76,46.49,47.03,43.85,1100000.0
2020-03-02,46.75,43.7,47.56,43.32,949470.0
2020-03-03,47.18,47.72,48.66,46.47,1010000.0
2020-03-04,46.78,46.94,48.41,46.65,745860.0
2020-03-05,45.9,47.13,47.57,45.65,704590.0
2020-03-06,41.28,46.09,46.38,41.05,1280000.0
2020-03-09,31.13,32.87,34.88,27.34,1770000.0
2020-03-10,34.36,30.37,35.02,30.2,1060000.0
2020-03-11,32.98,34.62,36.35,32.56,874650.0
2020-03-12,31.5,33.07,33.63,30.02,1030000.0
2020-03-13,31.73,30.77,33.87,30.33,743130.0
2020-03-16,28.7,33.75,33.75,28.1,698830.0
2020-03-17,26.95,28.69,30.3,26.63,545820.0
2020-03-18,20.37,26.94,27.22,20.06,309480.0
2020-03-19,25.22,22.3,27.71,21.36,136720.0
2020-03-20,22.43,24.73,27.89,19.46,29760.0
2020-03-23,23.36,22.52,24.07,20.8,852950.0
2020-03-24,24.01,23.87,25.16,23.09,659700.0
2020-03-25,24.49,24.37,25.24,22.91,618730.0
2020-03-26,22.6,24.25,24.65,22.38,633880.0
2020-03-27,21.51,23.29,23.44,20.88,603120.0
2020-03-30,20.09,20.93,20.93,19.27,758710.0
2020-03-31,20.48,20.23,21.89,20.01,660080.0
2020-04-01,20.31,20.1,21.55,19.9,703290.0
2020-04-02,25.32,21.22,27.39,20.76,1100000.0
2020-04-03,28.34,24.81,29.13,23.52,1010000.0
2020-04-06,26.08,26.09,28.24,25.28,752710.0
2020-04-07,23.63,26.34,27.24,23.54,797710.0
2020-04-08,25.09,24.3,26.45,23.74,823550.0
2020-04-09,22.76,26.28,28.36,22.57,1120000.0
2020-04-13,22.41,24.6,24.74,22.03,775120.0
2020-04-14,20.11,22.36,23.08,19.95,785480.0
2020-04-15,19.87,20.72,20.89,19.2,544800.0
2020-04-16,19.87,20.15,20.53,19.42,350940.0
2020-04-17,18.27,20.0,20.22,17.31,240630.0
2020-04-20,-37.63,17.73,17.85,-40.32,247950.0
2020-04-21,10.01,-14.0,13.86,-16.74,18440.0
2020-04-22,13.78,13.12,16.18,10.26,1240000.0
2020-04-23,16.5,14.2,18.26,13.35,833580.0
2020-04-24,16.94,16.78,17.97,15.64,600220.0
2020-04-27,12.78,16.84,16.98,11.88,623200.0
2020-04-28,12.34,12.96,13.69,10.07,897090.0
2020-04-29,15.06,13.35,16.78,12.67,554130.0
2020-04-30,18.84,15.64,19.44,15.45,545340.0
2020-05-01,19.78,19.04,20.48,18.07,403200.0
2020-05-04,20.39,19.11,21.42,18.05,311490.0
2020-05-05,24.56,21.24,25.49,21.13,387240.0
2020-05-06,23.99,25.52,26.08,22.58,381170.0
2020-05-07,23.55,24.09,26.74,22.94,310260.0
2020-05-08,24.74,23.35,24.99,23.26,205180.0
2020-05-11,24.14,24.49,25.58,23.67,179590.0
2020-05-12,25.78,24.49,26.23,24.22,212340.0
2020-05-13,25.29,25.3,26.45,24.79,150860.0
2020-05-14,27.56,25.56,27.96,25.18,160510.0
2020-05-15,29.43,27.64,29.92,27.24,108020.0
2020-05-18,31.82,29.53,33.32,29.53,89380.0
2020-05-19,32.5,32.83,33.44,31.34,36070.0
2020-05-20,33.49,31.89,33.78,31.56,406430.0
2020-05-21,33.92,33.53,34.66,33.26,372810.0
2020-05-22,33.25,33.95,34.0,30.72,429040.0
2020-05-24,32.9,33.38,33.42,32.5,
2020-05-25,33.92,32.92,34.18,32.72,
2020-05-26,34.35,33.3,34.81,32.48,466740.0
2020-05-27,32.81,34.14,34.32,31.75,415250.0
2020-05-28,33.71,32.1,34.21,31.14,440170.0
2020-05-29,35.49,33.68,35.77,32.36,443650.0
2020-06-01,35.44,35.21,35.9,34.27,385710.0
2020-06-02,36.81,35.56,37.06,35.28,343480.0
2020-06-03,37.29,36.86,38.18,35.88,494250.0
2020-06-04,37.41,36.76,37.62,36.38,307610.0
2020-06-05,39.55,37.33,39.68,37.05,396860.0
2020-06-08,38.19,39.41,40.44,37.96,416640.0
2020-06-09,38.94,38.22,39.1,37.07,396030.0
2020-06-10,39.6,38.5,39.91,37.73,385870.0
2020-06-11,36.34,39.09,39.09,35.41,513909.0
2020-06-12,36.26,36.26,36.99,34.48,406510.0
2020-06-15,37.12,36.03,37.26,34.36,387550.0
2020-06-16,38.38,37.05,39.06,36.38,366320.0
2020-06-17,37.96,37.93,38.75,37.21,239520.0
2020-06-18,38.84,37.74,38.97,37.11,113380.0
2020-06-19,39.75,38.85,40.49,38.4,64110.0
2020-06-22,40.46,39.18,40.7,39.12,29890.0
2020-06-23,40.37,40.68,41.63,39.76,368730.0
2020-06-24,38.01,39.99,40.54,37.31,499490.0
2020-06-25,38.72,38.05,39.23,37.08,451640.0
2020-06-26,38.49,39.09,39.35,37.79,356710.0
2020-06-29,39.7,37.96,39.89,37.5,343910.0
2020-06-30,39.27,39.64,40.08,38.85,370060.0
2020-07-01,39.82,39.84,40.58,39.05,407170.0
2020-07-02,40.65,39.78,40.74,39.46,347100.0
2020-07-03,40.28,40.23,40.5,39.86,
2020-07-06,40.63,40.31,41.08,39.84,373240.0
2020-07-07,40.62,40.68,40.95,39.9,256600.0
2020-07-08,40.9,40.48,41.08,40.3,286740.0
2020-07-09,39.62,40.87,40.99,39.27,367390.0
2020-07-10,40.55,39.58,40.77,38.54,393150.0
2020-07-13,40.1,40.35,40.72,39.47,370720.0
2020-07-14,40.29,39.6,40.57,39.07,426970.0
2020-07-15,41.2,40.55,41.26,40.08,352540.0
2020-07-16,40.75,40.97,41.18,40.52,200100.0
2020-07-17,40.59,40.72,40.9,40.02,88220.0
2020-07-20,40.81,40.64,40.91,39.83,60180.0
2020-07-21,41.96,40.65,42.4,40.64,25620.0
2020-07-22,41.9,41.54,42.03,41.14,333650.0
2020-07-23,41.07,41.95,42.36,40.83,389410.0
2020-07-24,41.29,41.06,41.67,40.66,353160.0
2020-07-27,41.6,41.26,41.82,40.48,377710.0
2020-07-28,41.04,41.65,41.93,40.85,276800.0
2020-07-29,41.27,41.13,41.57,40.93,295860.0
2020-07-30,39.92,41.32,41.39,38.72,487330.0
2020-07-31,40.27,40.34,40.55,39.66,318790.0
2020-08-03,41.01,40.39,41.24,39.58,338330.0
2020-08-04,41.7,40.78,42.08,40.14,451580.0
2020-08-05,42.19,41.56,43.52,41.47,491270.0
2020-08-06,41.95,42.19,42.65,41.61,359610.0
2020-08-07,41.22,41.97,42.22,41.06,399000.0
2020-08-10,41.94,41.5,42.33,41.17,367800.0
2020-08-11,41.61,41.98,42.94,41.48,432840.0
2020-08-12,42.67,41.62,42.9,41.53,397830.0
2020-08-13,42.24,42.57,42.84,42.09,329510.0
2020-08-14,42.01,42.33,42.57,41.62,310870.0
2020-08-17,42.89,42.24,42.97,41.8,208430.0
2020-08-18,42.89,42.79,42.99,42.11,111630.0
2020-08-19,42.93,42.6,43.03,42.36,81300.0
2020-08-20,42.58,42.74,42.79,41.5,27430.0
2020-08-21,42.34,42.75,42.96,41.46,345370.0
2020-08-24,42.62,42.48,42.89,42.23,294730.0
2020-08-25,43.35,42.36,43.57,42.31,330800.0
2020-08-26,43.39,43.39,43.78,43.0,262240.0
2020-08-27,43.04,43.45,43.5,42.36,320970.0
2020-08-28,42.97,42.98,43.42,42.69,272800.0
2020-08-31,42.61,42.91,43.57,42.56,236880.0
2020-09-01,42.76,42.83,43.43,42.72,285150.0
2020-09-02,41.51,43.02,43.21,41.23,421770.0
2020-09-03,41.37,41.63,41.79,40.22,417630.0
2020-09-04,39.77,41.25,41.87,39.35,444180.0
2020-09-06,38.75,39.47,39.48,38.57,
2020-09-07,39.2,38.77,39.53,38.77,
2020-09-08,36.76,39.48,39.59,36.13,720980.0
2020-09-09,38.05,36.79,38.45,36.16,455360.0
2020-09-10,37.3,37.8,38.18,36.93,367560.0
2020-09-11,37.33,37.01,37.82,36.67,363790.0
2020-09-14,37.26,37.32,37.68,36.82,347560.0
2020-09-15,38.28,37.28,38.57,37.06,348860.0
2020-09-16,40.16,38.35,40.34,38.35,367610.0
2020-09-17,40.97,40.19,41.22,39.42,280670.0
2020-09-18,41.11,40.97,41.49,40.3,73760.0
2020-09-21,39.31,40.98,41.27,38.66,66200.0
2020-09-22,39.6,39.63,40.02,39.0,23220.0
2020-09-23,39.93,39.76,40.75,39.26,318750.0
2020-09-24,40.31,39.6,40.37,39.12,269990.0
2020-09-25,40.25,40.15,40.64,39.71,229030.0
2020-09-28,40.6,40.07,40.8,39.78,226430.0
2020-09-29,39.29,40.58,40.7,38.41,379600.0
2020-09-30,40.22,39.16,40.37,38.68,340290.0
2020-10-01,38.72,39.9,40.47,37.61,443440.0
2020-10-02,37.05,38.6,38.65,36.63,391430.0
2020-10-05,39.22,37.0,39.72,37.0,378580.0
2020-10-06,40.67,39.35,40.86,39.1,400530.0
2020-10-07,39.95,39.83,40.35,39.28,433070.0
2020-10-08,41.19,39.99,41.33,39.76,409790.0
2020-10-09,40.6,41.31,41.47,40.38,331700.0
2020-10-12,39.43,40.4,40.45,39.04,322040.0
2020-10-13,40.2,39.53,40.53,39.35,375470.0
2020-10-14,41.04,40.19,41.16,39.82,328300.0
2020-10-15,40.96,41.13,41.29,39.22,248250.0
2020-10-16,40.88,40.88,41.05,40.08,96490.0
2020-10-19,40.83,40.69,41.22,40.54,75340.0
2020-10-20,41.46,40.65,41.7,40.25,24520.0
2020-10-21,40.03,41.22,41.59,39.78,366900.0
2020-10-22,40.64,40.04,41.02,39.71,307490.0
2020-10-23,39.85,40.61,40.92,39.57,268930.0
2020-10-26,38.56,39.69,39.74,38.28,360180.0
2020-10-27,39.57,38.59,39.83,38.51,339540.0
2020-10-28,37.39,38.97,39.01,36.97,489950.0
2020-10-29,36.17,37.39,37.76,34.92,568820.0
2020-10-30,35.79,36.07,36.6,35.21,388970.0
2020-11-02,36.81,35.24,37.15,33.64,489200.0
2020-11-03,37.66,37.03,38.32,36.57,410610.0
2020-11-04,39.15,38.15,39.25,37.26,437000.0
2020-11-05,38.79,39.17,39.35,38.27,298370.0
2020-11-06,37.14,38.54,38.61,37.06,411030.0
2020-11-09,40.29,37.34,41.33,37.16,622920.0
2020-11-10,41.36,39.91,41.84,39.41,457050.0
2020-11-11,41.45,41.79,43.06,41.32,443770.0
2020-11-12,41.12,41.47,42.19,40.87,401030.0
2020-11-13,40.13,40.94,40.94,40.06,338190.0
2020-11-16,41.34,40.17,42.09,40.15,378790.0
2020-11-17,41.43,41.44,41.69,40.57,243680.0
2020-11-18,41.82,41.35,42.46,41.08,107010.0
2020-11-19,41.74,41.61,41.98,41.08,88140.0
2020-11-20,42.15,41.7,42.32,41.51,29780.0
2020-11-23,43.06,42.46,43.36,42.29,300720.0
2020-11-24,44.91,42.84,45.2,42.82,418530.0
2020-11-25,45.71,44.82,46.26,44.73,417180.0
2020-11-26,44.98,45.77,46.09,44.73,
2020-11-27,45.53,45.9,46.09,44.55,365130.0
2020-11-30,45.34,45.34,45.8,44.42,370760.0
2020-12-01,44.55,45.08,45.7,44.12,314920.0
2020-12-02,45.28,44.38,45.92,43.92,368850.0
2020-12-03,45.64,44.99,45.84,44.66,350770.0
2020-12-04,46.26,45.64,46.68,45.61,335450.0
2020-12-07,45.76,46.15,46.54,45.36,348870.0
2020-12-08,45.6,45.66,45.93,45.14,332640.0
2020-12-09,45.52,45.6,46.24,44.95,434980.0
2020-12-10,46.78,45.69,47.74,45.52,447530.0
2020-12-11,46.57,46.97,47.29,46.34,367310.0
2020-12-14,46.99,46.73,47.44,45.69,403540.0
2020-12-15,47.62,46.99,47.73,46.54,311170.0
2020-12-16,47.82,47.6,47.94,47.17,275330.0
2020-12-17,48.36,47.85,48.59,47.81,96540.0
2020-12-18,49.1,48.43,49.28,48.1,83710.0
2020-12-21,47.74,48.54,48.61,46.18,27960.0
2020-12-22,47.02,47.93,47.96,46.6,295740.0
2020-12-23,48.12,46.79,48.5,46.16,344310.0
2020-12-24,48.23,48.09,48.62,47.56,167390.0
2020-12-28,47.62,48.23,48.96,47.5,238460.0
2020-12-29,48.0,47.72,48.35,47.68,213780.0
2020-12-30,48.4,48.13,48.66,47.61,266960.0
2020-12-31,48.52,48.35,48.58,47.77,181890.0
2021-01-04,47.62,48.4,49.83,47.18,528530.0
2021-01-05,49.93,47.38,50.2,47.24,643190.0
2021-01-06,50.63,49.82,50.94,49.48,509370.0
2021-01-07,50.83,50.53,51.28,50.39,369290.0
2021-01-08,52.24,50.93,52.75,50.81,499420.0
2021-01-11,52.25,52.58,52.7,51.5,394820.0
2021-01-12,53.21,52.18,53.45,52.07,400200.0
2021-01-13,52.91,53.31,53.93,52.58,429900.0
2021-01-14,53.57,52.84,53.75,52.24,390090.0
2021-01-15,52.36,53.8,53.83,51.83,165670.0
2021-01-17,52.2,52.09,52.38,52.09,
2021-01-18,52.36,52.2,52.61,51.83,
2021-01-19,52.98,52.0,53.13,51.76,125960.0
2021-01-20,53.24,53.13,53.79,53.05,37840.0
2021-01-21,53.13,52.93,53.41,52.75,352400.0
2021-01-22,52.27,53.1,53.16,51.44,437480.0
2021-01-25,52.77,52.17,52.95,51.82,349080.0
2021-01-26,52.61,52.91,53.25,52.29,314540.0
2021-01-27,52.85,52.76,53.3,51.85,442380.0
2021-01-28,52.34,52.65,53.58,52.04,411410.0
2021-01-29,52.2,52.15,53.25,51.93,410910.0
2021-02-01,53.55,51.99,53.74,51.64,416070.0
2021-02-02,54.76,53.48,55.26,53.45,463720.0
2021-02-03,55.69,55.05,56.33,54.81,448690.0
2021-02-04,56.23,55.96,56.58,55.3,381400.0
2021-02-05,56.85,56.46,57.29,56.43,400830.0
2021-02-08,57.97,57.06,58.14,57.0,399720.0
2021-02-09,58.36,58.11,58.62,57.27,514700.0
2021-02-10,58.68,58.45,58.91,58.08,457540.0
2021-02-11,58.24,58.4,58.71,57.84,380450.0
2021-02-12,59.47,57.94,59.82,57.41,480820.0
2021-02-14,60.37,60.01,60.75,60.01,
2021-02-15,60.09,60.36,60.95,59.96,
2021-02-16,60.05,59.98,60.95,59.33,602330.0
2021-02-17,61.14,60.24,61.73,59.43,335420.0
2021-02-18,60.52,61.68,62.26,59.79,132040.0
2021-02-19,59.24,60.2,60.29,58.59,102430.0
2021-02-22,61.49,58.88,61.84,58.82,37040.0
2021-02-23,61.67,62.16,63.0,60.67,570680.0
2021-02-24,63.22,61.29,63.51,60.97,489930.0
2021-02-25,63.53,63.39,63.81,62.65,510360.0
2021-02-26,61.5,63.46,63.57,61.34,472720.0
2021-03-01,60.64,61.95,62.92,59.96,456680.0
2021-03-02,59.75,60.23,61.21,59.38,464130.0
2021-03-03,61.28,59.55,61.99,59.24,465310.0
2021-03-04,63.83,61.08,64.86,60.52,694630.0
2021-03-05,66.09,64.16,66.42,63.82,573170.0
2021-03-08,65.05,66.68,67.98,64.57,533380.0
2021-03-09,64.01,64.73,65.98,63.63,554560.0
2021-03-10,64.44,63.84,64.96,63.13,498490.0
2021-03-11,66.02,64.7,66.21,64.54,441060.0
2021-03-12,65.61,65.96,66.24,65.41,321710.0
2021-03-15,65.39,65.56,66.4,64.13,378010.0
2021-03-16,64.8,65.33,65.43,63.8,317540.0
2021-03-17,64.6,64.75,65.34,63.6,254720.0
2021-03-18,60.0,64.42,64.82,58.2,143600.0
2021-03-19,61.42,59.56,61.72,58.94,84170.0
2021-03-22,61.55,61.55,61.9,60.39,28260.0
2021-03-23,57.76,61.28,61.35,57.25,712320.0
2021-03-24,61.18,57.4,61.34,57.29,566290.0
2021-03-25,58.56,60.8,60.86,57.44,580110.0
2021-03-26,60.97,58.48,61.36,58.32,472000.0
2021-03-29,61.56,60.93,61.77,59.41,449360.0
2021-03-30,60.55,61.96,62.27,59.94,388190.0
2021-03-31,59.16,60.45,61.17,58.85,414160.0
2021-04-01,61.45,59.49,61.75,58.86,605570.0
2021-04-05,58.65,61.5,61.5,57.63,438860.0
2021-04-06,59.33,58.8,60.9,58.62,457350.0
2021-04-07,59.77,59.26,60.04,58.12,475540.0
2021-04-08,59.6,59.52,59.93,58.82,419910.0
2021-04-09,59.32,59.76,59.95,59.1,351440.0
2021-04-12,59.7,59.35,60.77,58.73,410220.0
2021-04-13,60.18,59.64,60.59,59.64,349730.0
2021-04-14,63.15,60.44,63.44,60.38,419810.0
2021-04-15,63.46,62.83,63.57,62.53,243370.0
2021-04-16,63.13,63.32,63.88,62.83,87800.0
2021-04-19,63.38,62.98,63.63,62.63,74380.0
2021-04-20,62.44,63.47,64.25,61.5,33040.0
2021-04-21,61.35,62.39,62.56,60.86,431490.0
2021-04-22,61.43,61.11,61.87,60.61,344700.0
2021-04-23,62.14,61.65,62.43,61.25,345410.0
2021-04-26,61.91,62.06,62.31,60.66,366870.0
2021-04-27,62.94,61.97,63.3,61.91,361540.0
2021-04-28,63.86,63.04,64.53,62.67,387680.0
2021-04-29,65.01,63.7,65.47,63.65,384490.0
2021-04-30,63.58,64.88,64.95,63.08,400520.0
2021-05-03,64.49,63.64,64.68,62.91,285970.0
2021-05-04,65.69,64.53,66.19,64.29,370210.0
2021-05-05,65.63,66.45,66.76,64.92,460070.0
2021-05-06,64.71,65.27,65.98,64.5,389210.0
2021-05-07,64.9,64.9,65.24,63.9,431420.0
2021-05-10,64.92,65.57,65.75,63.95,448340.0
2021-05-11,65.28,64.9,65.5,63.68,514950.0
2021-05-12,66.08,65.46,66.63,64.97,508520.0
2021-05-13,63.82,65.75,65.81,63.09,547690.0
2021-05-14,65.37,63.83,65.62,63.33,383750.0
2021-05-17,66.27,65.5,66.43,64.83,268480.0
2021-05-18,65.49,66.33,67.01,64.11,167350.0
2021-05-19,63.36,65.28,65.35,61.95,101900.0
2021-05-20,62.05,63.39,63.96,61.89,29620.0
2021-05-21,63.58,61.89,64.07,61.56,530830.0
2021-05-24,66.05,63.87,66.14,63.63,466650.0
2021-05-25,66.07,66.02,66.51,65.41,497390.0
2021-05-26,66.21,66.04,66.43,65.25,376210.0
2021-05-27,66.85,66.16,66.92,65.47,337540.0
2021-05-28,66.32,66.95,67.52,66.17,390460.0
2021-05-30,66.59,66.7,66.75,66.53,
2021-05-31,66.96,66.58,67.41,66.41,
2021-06-01,67.72,66.68,68.87,66.41,570990.0
2021-06-02,68.83,67.99,69.0,67.78,333000.0
2021-06-03,68.81,68.76,69.4,68.19,351370.0
2021-06-04,69.62,68.91,69.76,68.33,326250.0
2021-06-07,69.23,69.52,70.0,68.93,365620.0
2021-06-08,70.05,69.29,70.27,68.47,441300.0
2021-06-09,69.96,70.01,70.62,69.46,410820.0
2021-06-10,70.29,69.76,70.65,68.68,492460.0
2021-06-11,70.91,70.1,71.24,69.68,563580.0
2021-06-14,70.88,70.65,71.78,70.65,319640.0
2021-06-15,72.12,71.16,72.49,70.81,336040.0
2021-06-16,72.15,72.45,72.99,71.61,426780.0
2021-06-17,71.04,71.65,72.3,69.77,373780.0
2021-06-18,71.64,71.1,72.17,70.16,139580.0
2021-06-21,73.66,71.52,73.96,71.15,123660.0
2021-06-22,73.06,73.41,73.95,72.94,29000.0
2021-06-23,73.08,72.91,74.25,72.82,429210.0
2021-06-24,73.3,73.28,73.61,72.32,334830.0
2021-06-25,74.05,73.32,74.18,72.85,364720.0
2021-06-28,72.91,73.99,74.45,72.62,354700.0
2021-06-29,72.98,72.78,73.81,71.97,321450.0
2021-06-30,73.47,73.47,74.14,72.82,383630.0
2021-07-01,75.23,73.5,76.22,73.39,615680.0
2021-07-02,75.16,75.02,75.62,74.41,377530.0
2021-07-04,75.14,75.22,75.28,75.0,
2021-07-05,76.25,75.15,76.4,74.75,
2021-07-06,73.37,75.35,76.98,72.94,714040.0
2021-07-07,72.2,73.85,74.86,71.07,607970.0
2021-07-08,72.94,72.17,73.26,70.76,529690.0
2021-07-09,74.56,73.26,74.76,72.72,422150.0
2021-07-12,74.1,74.74,74.93,73.16,397930.0
2021-07-13,75.25,74.18,75.52,73.68,444080.0
2021-07-14,73.13,75.17,75.44,72.21,528360.0
2021-07-15,71.65,72.96,72.96,71.4,368680.0
2021-07-16,71.81,71.48,72.3,70.41,133930.0
2021-07-19,66.42,71.49,71.67,65.63,82570.0
2021-07-20,67.42,66.6,67.65,65.21,29740.0
2021-07-21,70.3,66.45,70.51,66.44,503030.0
2021-07-22,71.91,70.22,72.03,69.86,435180.0
2021-07-23,72.07,71.71,72.21,71.39,274780.0
2021-07-26,71.91,72.18,72.43,70.56,395740.0
2021-07-27,71.65,72.22,72.33,71.08,333120.0
2021-07-28,72.39,71.9,72.6,71.7,318910.0
2021-07-29,73.62,72.4,73.68,72.26,294460.0
2021-07-30,73.95,73.41,74.23,72.93,303700.0
2021-08-02,71.26,73.91,73.95,70.55,448200.0
2021-08-03,70.56,71.52,71.96,69.19,509940.0
2021-08-04,68.15,70.32,70.81,67.85,582920.0
2021-08-05,69.09,68.06,69.35,67.61,416330.0
2021-08-06,68.28,69.14,70.18,67.8,537140.0
2021-08-09,66.48,67.88,67.9,65.15,598380.0
2021-08-10,68.29,66.85,68.9,66.56,452130.0
2021-08-11,69.25,68.51,69.45,66.67,513289.0
2021-08-12,69.09,69.36,69.62,68.46,352470.0
2021-08-13,68.44,68.91,69.22,67.77,272030.0
2021-08-16,67.29,67.71,68.27,65.73,334840.0
2021-08-17,66.59,67.43,67.72,66.33,235300.0
2021-08-18,65.46,66.58,67.48,64.34,121200.0
2021-08-19,63.69,64.58,64.76,62.63,88240.0
2021-08-20,62.32,64.05,64.1,62.11,24630.0
2021-08-23,65.64,61.96,66.0,61.74,397290.0
2021-08-24,67.54,65.54,67.8,65.41,335890.0
2021-08-25,68.36,67.63,68.54,66.92,353740.0
2021-08-26,67.42,68.0,68.31,67.02,344290.0
2021-08-27,68.74,67.75,69.05,67.52,326060.0
2021-08-30,69.21,69.3,69.64,67.67,360800.0
2021-08-31,68.5,69.18,69.34,68.16,325850.0
2021-09-01,68.59,68.55,69.24,67.12,399500.0
2021-09-02,69.99,68.29,70.61,67.84,403310.0
2021-09-03,69.29,69.76,70.53,69.05,313090.0
2021-09-05,68.75,69.22,69.23,68.73,
2021-09-06,68.8,68.75,69.47,68.27,
2021-09-07,68.35,69.11,69.48,67.64,481700.0
2021-09-08,69.3,68.37,69.75,68.31,389330.0
2021-09-09,68.14,69.36,69.89,67.56,556450.0
2021-09-10,69.72,67.97,69.96,67.68,411080.0
2021-09-13,70.45,69.74,70.97,69.51,390940.0
2021-09-14,70.46,70.64,71.22,69.98,414230.0
2021-09-15,72.61,70.76,73.14,70.65,418670.0
2021-09-16,72.61,72.65,72.99,71.53,298410.0
2021-09-17,71.97,72.62,72.72,71.21,119930.0
2021-09-20,70.29,71.92,72.08,69.86,75840.0
2021-09-21,70.56,70.59,71.63,69.67,37610.0
2021-09-22,72.23,70.85,72.3,70.64,381060.0
2021-09-23,73.3,71.97,73.5,71.61,403410.0
2021-09-24,73.98,73.24,74.27,72.81,350380.0
2021-09-27,75.45,74.19,75.75,74.16,417830.0
2021-09-28,75.29,75.43,76.67,74.24,476140.0
2021-09-29,74.83,74.38,75.79,73.74,424190.0
2021-09-30,75.03,74.78,76.07,73.14,583190.0
2021-10-01,75.88,75.12,75.99,74.23,389000.0
2021-10-04,77.62,75.9,78.38,75.32,458010.0
2021-10-05,78.93,77.58,79.48,77.47,449620.0
2021-10-06,77.43,79.04,79.78,76.83,459060.0
2021-10-07,78.3,77.0,78.89,74.96,545010.0
2021-10-08,79.35,78.86,80.11,78.63,662010.0
2021-10-11,80.52,79.59,82.18,79.55,653760.0
2021-10-12,80.64,80.5,81.62,79.47,598180.0
2021-10-13,80.44,80.58,81.04,79.42,487220.0
2021-10-14,81.31,80.59,81.68,80.38,399810.0
2021-10-15,82.28,81.48,82.66,81.39,277950.0
2021-10-18,82.44,82.6,83.87,81.84,134100.0
2021-10-19,82.96,82.37,83.74,81.8,82610.0
2021-10-20,83.87,83.34,84.25,81.3,25720.0
2021-10-21,82.5,83.58,83.96,80.79,567500.0
2021-10-22,83.76,82.61,84.22,81.76,465360.0
2021-10-25,83.76,83.98,85.41,83.39,568730.0
2021-10-26,84.65,83.72,84.88,82.97,467720.0
2021-10-27,82.66,84.39,84.51,82.01,529950.0
2021-10-28,82.81,82.25,83.21,80.58,491590.0
2021-10-29,83.57,83.09,83.74,81.41,507310.0
2021-11-01,84.05,83.36,84.88,82.74,412310.0
2021-11-02,83.91,83.87,84.41,82.92,429610.0
2021-11-03,80.86,83.07,83.08,79.69,546580.0
2021-11-04,78.81,80.18,83.42,78.25,701120.0
2021-11-05,81.27,79.37,81.8,78.96,531050.0
2021-11-08,81.93,81.13,82.67,81.05,393950.0
2021-11-09,84.15,82.16,84.63,81.78,504830.0
2021-11-10,81.34,84.53,84.97,80.81,555220.0
2021-11-11,81.59,81.41,82.33,80.2,475440.0
2021-11-12,80.79,81.21,81.62,79.78,390300.0
2021-11-15,80.88,80.66,81.2,79.3,343480.0
2021-11-16,80.76,80.93,81.81,80.03,325670.0
2021-11-17,78.36,80.54,80.69,77.69,174470.0
2021-11-18,79.01,78.34,79.36,77.08,83980.0
2021-11-19,76.1,78.76,79.92,75.37,30700.0
2021-11-22,76.75,75.75,77.16,74.76,465770.0
2021-11-23,78.5,76.46,78.86,75.3,506990.0
2021-11-24,78.39,78.48,79.23,77.98,328850.0
2021-11-25,77.41,78.38,78.65,77.28,
2021-11-26,68.15,78.34,78.65,67.4,844630.0
2021-11-29,69.95,69.23,72.93,68.86,675090.0
2021-11-30,66.18,70.04,71.22,64.43,722480.0
2021-12-01,65.57,67.01,69.49,64.84,602450.0
2021-12-02,66.5,65.63,67.49,62.43,668290.0
2021-12-03,66.26,67.5,69.22,65.6,449970.0
2021-12-06,69.49,67.02,70.15,66.72,401060.0
2021-12-07,72.05,69.72,73.03,69.52,496530.0
2021-12-08,72.36,71.86,73.0,70.91,464850.0
2021-12-09,70.94,72.52,73.34,70.39,393210.0
2021-12-10,71.67,70.68,72.33,70.32,397880.0
2021-12-13,71.29,72.04,73.0,70.71,406600.0
2021-12-14,70.73,71.12,72.03,69.51,359450.0
2021-12-15,70.87,70.35,71.66,69.39,294340.0
2021-12-16,72.38,71.48,72.99,71.03,142540.0
2021-12-17,70.86,71.92,72.26,69.89,78130.0
2021-12-20,68.23,70.07,70.07,66.04,36730.0
2021-12-21,71.12,69.21,71.55,68.56,358780.0
2021-12-22,72.76,71.27,73.16,70.8,306710.0
2021-12-23,73.79,73.03,73.95,72.27,270220.0
2021-12-27,75.57,73.38,76.09,72.57,268490.0
2021-12-28,75.98,75.97,76.92,75.53,249730.0
2021-12-29,76.56,76.04,77.37,75.36,283560.0
2021-12-30,76.99,76.58,77.44,75.78,231160.0
2021-12-31,75.21,76.66,77.08,74.95,237120.0
2022-01-03,76.08,75.69,76.46,74.27,317630.0
2022-01-04,76.99,76.02,77.64,75.7,372850.0
2022-01-05,77.85,77.18,78.58,76.51,397900.0
2022-01-06,79.46,77.24,80.24,76.73,476670.0
2022-01-07,78.9,79.62,80.47,78.52,414430.0
2022-01-10,78.23,78.88,79.45,77.83,389960.0
2022-01-11,81.22,78.42,81.59,78.36,481820.0
2022-01-12,82.64,81.38,83.1,81.17,420620.0
2022-01-13,82.12,82.82,82.94,81.39,364770.0
2022-01-14,83.82,81.73,84.45,81.58,364440.0
2022-01-16,83.83,83.78,84.09,83.68,
2022-01-17,83.69,83.84,83.95,82.94,
2022-01-18,85.43,84.32,86.63,83.5,163640.0
2022-01-19,86.96,86.61,87.91,85.77,113150.0
2022-01-20,86.9,86.23,87.82,86.0,30390.0
2022-01-21,85.14,84.57,85.56,82.78,509100.0
2022-01-24,83.31,84.91,86.09,81.9,511700.0
2022-01-25,85.6,84.15,85.71,82.99,507220.0
2022-01-26,87.35,85.26,87.95,85.01,459640.0
2022-01-27,86.61,87.15,88.54,86.2,427800.0
2022-01-28,86.82,87.5,88.84,86.44,436170.0
2022-01-31,88.15,87.45,88.39,86.34,359080.0
2022-02-01,88.2,88.15,88.87,86.55,376840.0
2022-02-02,88.26,88.35,89.72,87.1,456860.0
2022-02-03,90.27,87.98,90.45,86.75,465770.0
2022-02-04,92.31,90.19,93.17,90.07,410930.0
2022-02-07,91.32,91.82,92.73,90.73,497750.0
2022-02-08,89.36,91.64,91.68,88.51,467390.0
2022-02-09,89.66,89.86,90.58,88.41,445620.0
2022-02-10,89.88,90.01,91.74,89.03,492090.0
2022-02-11,93.1,90.0,94.66,89.19,554420.0
2022-02-14,95.46,93.91,95.82,92.09,467070.0
2022-02-15,92.07,94.83,95.17,90.66,442640.0
2022-02-16,93.66,92.21,95.01,90.0,401450.0
2022-02-17,91.76,90.9,93.36,90.62,212550.0
2022-02-18,91.07,91.63,92.66,89.03,150380.0
2022-02-20,91.62,91.22,91.74,91.08,
2022-02-21,92.65,91.62,93.91,89.08,
2022-02-22,92.35,91.75,96.0,90.35,40750.0
2022-02-23,92.1,91.74,93.9,90.64,440570.0
2022-02-24,92.81,92.52,100.54,91.45,872240.0
2022-02-25,91.59,93.32,95.64,90.06,523789.0
2022-02-28,95.72,94.99,99.1,94.43,490800.0
2022-03-01,103.41,96.09,106.78,95.32,698810.0
2022-03-02,110.6,107.12,112.51,105.18,651850.0
2022-03-03,107.67,111.33,116.57,106.43,592030.0
2022-03-04,115.68,107.96,116.02,107.25,493880.0
2022-03-07,119.4,121.33,130.5,115.54,576020.0
2022-03-08,123.7,120.67,129.44,117.07,583110.0
2022-03-09,108.7,124.66,126.84,103.63,594770.0
2022-03-10,106.02,110.41,114.88,105.53,437920.0
2022-03-11,109.33,105.99,110.29,104.48,368190.0
2022-03-14,103.01,109.42,109.72,99.76,344180.0
2022-03-15,96.44,102.28,102.58,93.53,401690.0
2022-03-16,95.04,95.23,99.22,94.07,293950.0
2022-03-17,102.98,95.34,104.24,94.85,210760.0
2022-03-18,104.7,103.62,106.28,102.3,74250.0
2022-03-21,112.12,105.13,112.69,104.08,77220.0
2022-03-22,111.76,112.9,115.01,109.3,22940.0
2022-03-23,114.93,108.85,115.4,108.38,289180.0
2022-03-24,112.34,114.47,116.64,110.61,307240.0
2022-03-25,113.9,111.75,114.12,108.68,320300.0
2022-03-28,105.96,112.92,112.93,102.83,372250.0
2022-03-29,104.24,103.47,107.84,98.44,387200.0
2022-03-30,107.82,105.24,108.75,104.55,284540.0
2022-03-31,100.28,107.45,107.8,99.66,450850.0
2022-04-01,99.27,101.23,101.75,97.78,324780.0
2022-04-04,103.28,98.95,103.94,98.05,288130.0
2022-04-05,101.96,103.66,105.59,99.88,280280.0
2022-04-06,96.23,101.24,104.02,95.73,366040.0
2022-04-07,96.03,97.16,98.82,93.81,367320.0
2022-04-08,98.26,97.17,98.76,95.29,310080.0
2022-04-11,94.29,98.4,98.52,92.93,315870.0
2022-04-12,100.6,95.17,101.35,94.84,329040.0
2022-04-13,104.25,100.91,104.47,99.87,312500.0
2022-04-14,106.95,104.2,107.64,102.12,244950.0
2022-04-18,108.21,107.03,109.81,106.0,68490.0
2022-04-19,102.56,107.75,108.92,102.1,71790.0
2022-04-20,102.75,103.05,104.16,100.7,17020.0
2022-04-21,103.79,102.5,105.42,102.01,280320.0
2022-04-22,102.07,104.07,104.22,101.06,246120.0
2022-04-25,98.54,101.38,101.55,95.28,328150.0
2022-04-26,101.7,98.64,102.78,97.06,351850.0
2022-04-27,102.02,101.76,102.99,99.8,278780.0
2022-04-28,105.36,102.11,105.68,100.13,312060.0
2022-04-29,104.69,105.17,107.99,103.78,294390.0
2022-05-02,105.17,104.0,105.94,100.28,261880.0
2022-05-03,102.41,105.08,105.8,102.1,239270.0
2022-05-04,107.81,103.5,108.61,102.95,272910.0
2022-05-05,108.26,107.58,111.37,106.45,286920.0
2022-05-06,109.77,108.7,111.18,107.24,294280.0
2022-05-09,103.09,110.43,110.49,102.13,368180.0
2022-05-10,99.76,102.65,104.16,98.86,389750.0
2022-05-11,105.71,99.0,106.44,98.2,382700.0
2022-05-12,106.13,105.63,107.37,102.66,323550.0
2022-05-13,110.49,106.65,110.64,106.29,240990.0
2022-05-16,114.2,110.98,114.9,108.11,289130.0
2022-05-17,112.4,113.87,115.56,111.75,252630.0
2022-05-18,109.59,113.66,115.42,108.46,103670.0
2022-05-19,112.21,109.09,112.62,105.13,68510.0
2022-05-20,113.23,111.45,114.04,110.85,20000.0
2022-05-23,110.29,110.56,111.96,109.15,215620.0
2022-05-24,109.77,110.41,111.43,108.61,224790.0
2022-05-25,110.33,110.39,111.68,109.23,191370.0
2022-05-26,114.09,110.69,114.83,110.27,234750.0
2022-05-27,115.07,114.2,115.3,112.85,217280.0
2022-05-29,115.61,115.3,115.81,115.2,
2022-05-30,117.61,115.58,117.79,115.39,
2022-05-31,114.67,114.96,119.98,114.15,440800.0
2022-06-01,115.26,115.4,117.87,114.58,290530.0
2022-06-02,116.87,114.8,117.77,111.2,327600.0
2022-06-03,118.87,117.55,120.46,115.23,240830.0
2022-06-06,118.5,120.82,120.99,117.63,246830.0
2022-06-07,119.41,119.1,120.36,117.14,341690.0
2022-06-08,122.11,119.79,123.18,119.3,340590.0
2022-06-09,121.51,122.43,122.72,120.79,293300.0
2022-06-10,120.67,121.46,122.75,118.33,352910.0
2022-06-13,120.93,120.19,122.25,117.47,372400.0
2022-06-14,118.93,121.09,123.68,116.62,366320.0
2022-06-15,115.31,119.07,119.61,114.6,301750.0
2022-06-16,117.59,115.98,118.08,112.31,162540.0
2022-06-17,109.56,117.08,118.97,108.25,103150.0
2022-06-19,108.94,108.97,109.34,108.78,
2022-06-20,108.84,108.97,109.17,106.84,
2022-06-21,110.65,110.58,112.47,108.72,28460.0
2022-06-22,106.19,109.54,109.76,101.53,432720.0
2022-06-23,104.27,104.42,107.05,102.32,346360.0
2022-06-24,107.62,103.99,108.58,103.64,321590.0
2022-06-27,109.57,107.22,110.54,105.6,282910.0
2022-06-28,111.76,110.18,112.22,109.62,306750.0
2022-06-29,109.78,111.86,114.05,109.22,322060.0
2022-06-30,105.76,109.7,110.45,105.1,362890.0
2022-07-01,108.43,106.01,109.34,104.56,305340.0
2022-07-03,108.19,108.67,108.81,108.14,
2022-07-04,110.4,108.17,110.77,107.25,
2022-07-05,99.5,108.8,111.45,97.43,594220.0
2022-07-06,98.53,100.36,102.14,95.1,444110.0
2022-07-07,102.73,98.22,104.48,96.57,379860.0
2022-07-08,104.79,102.22,105.24,101.51,327460.0
2022-07-11,104.09,104.79,105.05,100.89,348570.0
2022-07-12,95.84,103.46,103.49,95.35,398550.0
2022-07-13,96.3,95.89,97.96,93.67,347190.0
2022-07-14,95.78,96.57,97.0,90.56,387530.0
2022-07-15,97.59,96.39,99.03,94.57,240770.0
2022-07-18,102.6,97.27,102.8,95.85,84670.0
2022-07-19,104.22,102.0,104.46,99.85,63150.0
2022-07-20,102.26,103.6,104.39,101.51,28960.0
2022-07-21,96.35,99.91,99.99,94.59,318910.0
2022-07-22,94.7,96.51,97.95,94.23,307570.0
2022-07-25,96.7,95.1,96.94,93.01,279000.0
2022-07-26,94.98,96.33,99.0,94.76,310040.0
2022-07-27,97.26,95.6,98.59,94.3,321900.0
2022-07-28,96.42,98.17,99.84,96.04,318400.0
2022-07-29,98.62,97.3,101.88,96.41,349370.0
2022-08-01,93.89,98.46,98.65,92.42,365290.0
2022-08-02,94.42,93.75,96.47,92.59,328540.0
2022-08-03,90.66,93.83,96.57,90.38,395100.0
2022-08-04,88.54,90.95,91.9,87.55,334930.0
2022-08-05,89.01,88.06,90.76,87.01,350020.0
2022-08-08,90.76,88.46,90.89,87.22,340160.0
2022-08-09,90.5,90.69,92.65,89.05,347050.0
2022-08-10,91.93,90.51,92.43,87.66,383770.0
2022-08-11,94.34,91.55,95.05,91.24,341230.0
2022-08-12,92.09,94.09,94.81,91.16,264950.0
2022-08-15,89.41,91.94,92.1,86.82,275440.0
2022-08-16,86.53,87.93,90.65,85.73,305370.0
2022-08-17,88.11,87.1,89.16,85.88,230350.0
2022-08-18,90.5,87.39,91.46,87.32,80030.0
2022-08-19,90.77,90.39,92.09,88.38,58710.0
2022-08-22,90.23,89.65,91.26,86.6,24870.0
2022-08-23,93.74,90.55,94.22,90.42,285610.0
2022-08-24,94.89,93.78,95.4,92.79,320390.0
2022-08-25,92.52,95.35,95.76,92.29,279880.0
2022-08-26,93.06,93.06,94.02,91.08,288390.0
2022-08-29,97.01,92.96,97.37,92.29,283460.0
2022-08-30,91.64,96.9,97.66,90.54,386270.0
2022-08-31,89.55,92.31,92.73,88.27,344150.0
2022-09-01,86.61,88.83,89.63,85.98,305110.0
2022-09-02,86.87,86.56,89.66,86.35,277530.0
2022-09-04,88.25,86.91,88.28,86.91,
2022-09-05,88.96,88.27,90.37,87.98,
2022-09-06,86.88,86.84,90.39,86.18,420260.0
2022-09-07,81.94,86.93,87.76,81.5,380780.0
2022-09-08,83.54,81.91,84.25,81.2,342760.0
2022-09-09,86.79,82.8,87.2,82.71,305190.0
2022-09-12,87.78,86.25,89.1,85.16,275100.0
2022-09-13,87.31,88.09,89.31,85.06,348000.0
2022-09-14,88.48,87.94,90.19,86.18,335380.0
2022-09-15,85.1,88.91,89.15,84.53,235360.0
2022-09-16,85.11,85.16,86.59,84.27,87830.0
2022-09-19,85.73,85.21,86.22,82.1,59630.0
2022-09-20,84.45,85.61,86.45,83.52,26230.0
2022-09-21,82.94,84.25,86.68,82.49,339680.0
2022-09-22,83.49,83.07,86.0,82.4,303490.0
2022-09-23,78.74,83.54,83.92,78.04,334270.0
2022-09-26,76.71,79.23,80.31,76.25,280930.0
2022-09-27,78.5,76.47,79.51,76.42,283610.0
2022-09-28,82.15,78.08,82.34,76.55,324680.0
2022-09-29,81.23,81.9,82.94,80.34,286130.0
2022-09-30,79.49,81.74,82.56,79.14,253150.0
2022-10-03,83.63,81.02,84.56,80.87,287170.0
2022-10-04,86.52,83.22,86.98,83.22,302550.0
2022-10-05,87.76,86.37,88.42,85.42,329790.0
2022-10-06,88.45,88.08,89.07,87.04,235300.0
2022-10-07,92.64,88.93,93.31,88.0,429160.0
2022-10-10,91.13,93.48,93.64,90.54,289510.0
2022-10-11,89.35,91.14,91.35,87.91,333160.0
2022-10-12,87.27,88.67,90.07,86.28,332270.0
2022-10-13,89.11,87.08,89.66,85.56,298030.0
2022-10-14,85.61,89.27,89.73,85.2,237030.0
2022-10-17,85.46,85.59,87.12,84.61,172020.0
2022-10-18,82.82,85.7,86.51,82.09,97300.0
2022-10-19,85.55,83.69,86.2,82.59,71310.0
2022-10-20,85.98,85.94,88.17,85.22,18180.0
2022-10-21,85.05,85.07,85.9,83.15,272800.0
2022-10-24,84.58,85.24,85.92,82.63,250730.0
2022-10-25,85.32,84.88,86.03,83.06,240440.0
2022-10-26,87.91,85.07,88.41,84.14,287180.0
2022-10-27,89.08,88.26,89.79,87.33,292560.0
2022-10-28,87.9,88.67,88.76,87.08,263400.0
2022-10-31,86.53,88.39,88.65,85.3,285340.0
2022-11-01,88.37,86.43,89.45,85.92,274320.0
2022-11-02,90.0,88.62,90.36,87.72,280960.0
2022-11-03,88.17,89.35,89.67,87.6,239820.0
2022-11-04,92.61,87.9,92.87,87.82,354060.0
2022-11-07,91.79,91.0,93.74,90.4,322420.0
2022-11-08,88.91,91.87,92.17,88.52,344220.0
2022-11-09,85.83,88.57,89.24,85.5,388300.0
2022-11-10,86.47,85.85,87.35,84.7,340010.0
2022-11-11,88.96,86.27,90.1,86.18,301660.0
2022-11-14,85.87,89.02,89.84,85.15,315450.0
2022-11-15,86.92,85.25,88.68,84.06,331710.0
2022-11-16,85.59,86.89,87.51,84.2,225670.0
2022-11-17,81.64,85.22,85.45,81.4,138480.0
2022-11-18,80.08,82.09,82.64,77.24,96580.0
2022-11-21,79.73,80.3,80.3,75.08,21980.0
2022-11-22,80.95,80.22,82.36,79.85,269620.0
2022-11-23,77.94,81.08,81.95,76.83,379150.0
2022-11-24,77.95,77.53,78.19,76.92,
2022-11-25,76.28,77.51,79.9,76.22,266450.0
2022-11-28,77.24,75.93,77.84,73.6,405030.0
2022-11-29,78.2,76.54,79.65,76.29,381870.0
2022-11-30,80.55,79.0,81.38,78.4,287530.0
2022-12-01,81.22,80.4,83.34,79.93,321430.0
2022-12-02,79.98,81.47,82.22,79.65,280240.0
2022-12-05,76.93,79.99,82.72,76.77,346660.0
2022-12-06,74.25,77.35,77.88,73.41,380600.0
2022-12-07,72.01,74.55,75.38,71.75,392240.0
2022-12-08,71.46,72.38,75.44,71.12,474460.0
2022-12-09,71.02,71.85,72.92,70.08,356720.0
2022-12-12,73.17,71.79,73.99,70.25,323550.0
2022-12-13,75.39,73.29,76.37,73.21,352860.0
2022-12-14,77.28,75.27,77.75,74.9,292490.0
2022-12-15,76.11,77.37,77.77,75.33,224660.0
2022-12-16,74.29,76.37,76.57,73.33,99210.0
2022-12-19,75.19,74.5,76.41,73.81,69350.0
2022-12-20,76.09,75.7,76.75,74.31,23500.0
2022-12-21,78.29,75.99,78.61,75.8,234620.0
2022-12-22,77.49,78.43,79.9,77.03,219140.0
2022-12-23,79.56,78.18,80.33,77.98,237710.0
2022-12-26,80.97,79.92,81.06,79.92,
2022-12-27,79.53,79.9,81.18,79.16,199600.0
2022-12-28,78.96,79.89,79.92,77.3,207720.0
2022-12-29,78.4,78.82,78.82,76.79,199860.0
2022-12-30,80.26,78.73,80.67,77.71,205910.0
2023-01-02,80.47,80.57,80.61,80.18,
2023-01-03,76.93,80.57,81.5,76.6,338520.0
2023-01-04,72.84,77.25,77.42,72.73,352430.0
2023-01-05,73.67,73.25,74.92,72.46,300730.0
2023-01-06,73.77,73.97,75.47,73.24,258130.0
2023-01-09,74.63,73.47,76.74,73.47,329290.0
2023-01-10,75.12,74.86,75.92,73.84,307430.0
2023-01-11,77.41,74.78,77.84,74.31,350890.0
2023-01-12,78.39,77.7,79.16,77.1,307710.0
2023-01-13,79.86,78.32,80.11,77.97,283540.0
2023-01-15,79.78,80.17,80.19,79.78,
2023-01-16,79.04,79.78,79.92,78.8,
2023-01-17,80.18,80.1,81.23,78.53,312280.0
2023-01-18,79.48,80.97,82.38,78.94,92550.0
2023-01-19,80.33,79.14,81.18,78.13,58860.0
2023-01-20,81.31,80.6,81.64,79.69,21110.0
2023-01-23,81.62,81.79,82.64,81.05,297080.0
2023-01-24,80.13,81.62,82.22,79.66,288210.0
2023-01-25,80.15,80.26,81.23,79.45,297230.0
2023-01-26,81.01,80.48,82.14,79.92,291060.0
2023-01-27,79.68,81.22,82.48,79.04,367590.0
2023-01-30,77.9,80.04,80.49,77.66,327430.0
2023-01-31,78.87,77.91,79.25,76.55,312730.0
2023-02-01,76.41,79.06,79.73,76.05,360860.0
2023-02-02,75.88,76.79,77.24,74.97,339760.0
2023-02-03,73.39,75.92,78.0,73.1,413410.0
2023-02-06,74.11,73.23,74.51,72.25,380030.0
2023-02-07,77.14,74.57,77.6,74.35,408280.0
2023-02-08,78.47,77.49,78.57,77.08,353470.0
2023-02-09,78.06,78.45,78.84,76.52,324160.0
2023-02-10,79.72,77.68,80.33,77.47,356060.0
2023-02-13,80.14,79.94,80.62,78.45,301300.0
2023-02-14,79.06,79.06,79.61,77.46,299940.0
2023-02-15,78.59,78.83,79.15,77.25,264490.0
2023-02-16,78.49,78.54,79.54,77.92,117600.0
2023-02-17,76.34,78.07,78.25,75.06,93270.0
2023-02-19,76.67,76.69,76.82,76.53,
2023-02-20,77.3,76.69,77.74,76.33,
2023-02-21,76.16,76.53,77.51,75.69,35480.0
2023-02-22,73.95,76.11,76.55,73.8,332020.0
2023-02-23,75.39,73.92,75.99,73.83,333840.0
2023-02-24,76.32,75.6,76.63,74.09,329250.0
2023-02-27,75.68,76.42,76.82,74.99,266090.0
2023-02-28,77.05,75.76,77.83,75.55,300090.0
2023-03-01,77.69,76.85,77.85,76.12,342120.0
2023-03-02,78.16,77.74,78.59,77.23,260329.0
2023-03-03,79.68,77.89,79.9,75.83,374200.0
2023-03-06,80.46,79.92,80.63,78.32,292350.0
2023-03-07,77.58,80.5,80.94,77.06,398240.0
2023-03-08,76.66,77.32,77.73,76.11,335930.0
2023-03-09,75.72,76.5,78.06,75.43,349960.0
2023-03-10,76.68,75.65,77.11,74.77,371830.0
2023-03-13,74.8,76.6,77.47,72.3,457420.0
2023-03-14,71.33,74.7,74.9,70.78,432860.0
2023-03-15,67.61,71.56,72.56,65.65,555160.0
2023-03-16,68.35,68.22,69.38,65.71,327120.0
2023-03-17,66.74,68.26,69.64,65.17,152260.0
2023-03-20,67.64,66.62,67.7,64.12,76870.0
2023-03-21,69.33,67.62,69.6,66.77,26350.0
2023-03-22,70.9,69.48,71.31,68.89,337640.0
2023-03-23,69.96,69.95,71.67,69.14,335240.0
2023-03-24,69.26,69.51,70.38,66.82,380850.0
2023-03-27,72.81,69.42,73.1,69.13,353600.0
2023-03-28,73.2,72.86,73.93,72.19,328470.0
2023-03-29,72.97,73.61,74.37,72.76,312670.0
2023-03-30,74.37,72.98,74.63,72.61,269740.0
2023-03-31,75.67,74.37,75.72,73.77,304360.0
2023-04-03,80.42,80.1,81.69,79.0,547130.0
2023-04-04,80.71,80.44,81.81,79.61,343570.0
2023-04-05,80.61,81.01,81.24,79.72,254970.0
2023-04-06,80.7,80.37,80.96,79.65,259519.0
2023-04-10,79.74,80.5,81.22,79.61,264910.0
2023-04-11,81.53,79.88,81.59,79.37,309680.0
2023-04-12,83.26,81.44,83.53,81.28,356130.0
2023-04-13,82.16,83.22,83.44,82.11,261230.0
2023-04-14,82.52,82.4,83.12,81.76,275130.0
2023-04-17,80.83,82.48,82.71,80.47,217050.0
2023-04-18,80.86,81.0,81.48,79.87,96290.0
2023-04-19,79.16,80.92,81.18,78.46,78310.0
2023-04-20,77.29,78.87,78.89,76.97,24990.0
2023-04-21,77.87,77.13,78.39,76.72,291110.0
2023-04-24,78.76,77.97,79.18,76.72,306720.0
2023-04-25,77.07,78.74,79.07,76.5,361650.0
2023-04-26,74.3,77.08,77.93,74.05,497780.0
2023-04-27,74.76,74.38,75.28,74.03,345880.0
2023-04-28,76.78,74.91,76.92,73.93,328400.0
2023-05-01,75.66,76.66,76.69,74.53,215020.0
2023-05-02,71.66,75.76,76.11,71.42,417820.0
2023-05-03,68.6,71.56,71.79,67.95,490520.0
2023-05-04,68.56,68.16,69.84,63.64,412500.0
2023-05-05,71.34,68.7,71.81,68.48,330590.0
2023-05-08,73.16,71.35,73.69,71.04,290080.0
2023-05-09,73.71,72.84,73.78,71.34,317490.0
2023-05-10,72.56,73.58,73.89,71.8,351510.0
2023-05-11,70.87,72.77,73.5,70.63,365890.0
2023-05-12,70.04,71.42,71.78,69.93,275440.0
2023-05-15,71.11,70.04,71.69,69.41,259010.0
2023-05-16,70.86,71.32,71.79,70.45,232330.0
2023-05-17,72.83,70.6,73.26,70.04,273710.0
2023-05-18,71.86,72.75,72.87,71.42,80860.0
2023-05-19,71.55,71.94,73.4,71.03,69950.0
2023-05-22,71.99,71.7,72.36,70.55,18680.0
2023-05-23,72.91,72.1,73.79,71.71,317590.0
2023-05-24,74.34,73.77,74.73,73.13,386610.0
2023-05-25,71.83,74.21,74.37,70.98,422640.0
2023-05-26,72.67,71.89,73.05,71.49,261500.0
2023-05-28,73.22,73.11,73.45,73.06,
2023-05-29,72.87,73.22,73.55,72.05,
2023-05-30,69.46,73.23,73.55,69.02,440860.0
2023-05-31,68.09,69.62,69.69,67.03,444790.0
2023-06-01,70.1,67.6,71.07,67.51,395390.0
2023-06-02,71.74,70.21,72.17,70.0,322600.0
2023-06-05,72.15,75.03,75.06,71.73,383940.0
2023-06-06,71.74,71.99,72.33,70.13,314960.0
2023-06-07,72.53,71.56,73.19,71.01,299130.0
2023-06-08,71.29,72.47,73.28,69.03,485400.0
2023-06-09,70.17,70.94,71.77,70.1,300720.0
2023-06-12,67.12,70.27,70.33,66.8,404770.0
2023-06-13,69.42,67.31,69.83,67.15,366350.0
2023-06-14,68.27,69.35,70.49,68.07,304450.0
2023-06-15,70.62,68.7,70.96,67.97,115610.0
2023-06-16,71.78,70.55,71.89,69.95,99190.0
2023-06-18,71.47,71.59,71.67,71.42,
2023-06-19,71.31,71.47,72.25,70.83,
2023-06-20,70.5,71.45,72.09,69.65,28740.0
2023-06-21,72.53,70.9,72.72,70.8,264660.0
2023-06-22,69.51,72.43,72.65,68.93,421350.0
2023-06-23,69.16,69.53,69.65,67.35,322480.0
2023-06-26,69.37,69.84,70.11,68.71,280120.0
2023-06-27,67.7,69.49,70.15,67.5,384750.0
2023-06-28,69.56,68.01,69.73,67.05,368300.0
2023-06-29,69.86,69.25,70.6,68.93,292870.0
2023-06-30,70.64,69.82,71.04,69.53,299870.0
2023-07-03,69.79,70.45,71.77,69.69,303480.0
2023-07-04,71.06,70.08,71.34,69.91,
2023-07-05,71.79,70.15,72.17,69.9,456810.0
2023-07-06,71.8,71.8,72.34,70.22,395380.0
2023-07-07,73.86,71.89,73.92,71.19,362630.0
2023-07-10,72.99,73.86,74.15,72.67,301010.0
2023-07-11,74.83,73.19,74.96,72.98,326880.0
2023-07-12,75.75,74.83,76.15,74.67,352890.0
2023-07-13,76.89,75.85,77.33,75.32,379730.0
2023-07-14,75.42,77.16,77.3,75.11,299580.0
2023-07-17,74.15,75.02,76.09,73.84,244790.0
2023-07-18,75.75,74.18,75.96,73.88,125090.0
2023-07-19,75.35,75.84,76.97,75.07,92920.0
2023-07-20,75.63,75.35,76.15,74.72,23710.0
2023-07-21,77.07,75.7,77.29,75.69,308110.0
2023-07-24,78.74,77.01,79.28,76.44,368290.0
2023-07-25,79.63,78.85,79.9,78.29,349600.0
2023-07-26,78.78,79.34,79.77,78.55,322030.0
2023-07-27,80.09,78.9,80.6,78.87,374360.0
2023-07-28,80.58,79.84,80.71,79.07,299550.0
2023-07-31,81.8,80.65,82.0,80.13,297270.0
2023-08-01,81.37,81.73,82.22,80.59,307860.0
2023-08-02,79.49,82.05,82.43,79.05,414830.0
2023-08-03,81.55,79.77,81.86,78.69,402640.0
2023-08-04,82.82,81.73,83.24,81.51,320870.0
2023-08-07,81.94,82.82,83.3,81.52,293040.0
2023-08-08,82.92,82.53,83.08,79.9,424550.0
2023-08-09,84.4,82.88,84.65,82.67,478140.0
2023-08-10,82.82,84.25,84.89,82.58,362190.0
2023-08-11,83.19,82.83,83.81,82.23,331250.0
2023-08-14,82.51,83.09,83.2,81.76,277350.0
2023-08-15,80.99,82.52,82.91,80.4,303210.0
2023-08-16,79.38,81.23,81.43,79.05,325400.0
2023-08-17,80.39,79.25,81.08,78.95,235580.0
2023-08-18,81.25,80.04,81.61,79.59,128090.0
2023-08-21,80.72,81.43,82.47,80.61,115870.0
2023-08-22,80.35,80.8,80.99,80.1,21690.0
2023-08-23,78.89,79.64,79.91,77.62,378150.0
2023-08-24,79.05,78.57,79.28,77.59,349230.0
2023-08-25,79.83,78.88,80.45,78.14,411410.0
2023-08-28,80.1,80.15,80.87,79.61,246580.0
2023-08-29,81.16,79.98,81.41,79.34,284170.0
2023-08-30,81.63,81.29,82.05,80.88,299420.0
2023-08-31,83.63,81.7,83.69,81.48,368850.0
2023-09-01,85.55,83.63,86.06,83.46,420460.0
2023-09-03,85.85,86.06,86.06,85.73,
2023-09-04,85.82,85.85,86.14,85.28,
2023-09-05,86.69,86.06,88.07,85.02,452910.0
2023-09-06,87.54,86.72,88.08,85.93,307120.0
2023-09-07,86.87,87.54,87.74,86.39,270740.0
2023-09-08,87.51,86.78,87.95,86.15,294440.0
2023-09-11,87.29,87.4,88.15,86.71,292390.0
2023-09-12,88.84,87.27,89.37,87.22,341140.0
2023-09-13,88.52,88.75,89.64,88.29,345970.0
2023-09-14,90.16,88.81,90.79,88.68,325270.0
2023-09-15,90.77,90.67,91.23,89.22,315000.0
2023-09-18,91.48,91.2,92.43,90.75,119260.0
2023-09-19,91.2,92.22,93.74,91.07,94600.0
2023-09-20,90.28,91.55,91.98,89.87,35990.0
2023-09-21,89.63,89.3,90.98,88.37,351030.0
2023-09-22,90.03,89.62,91.33,89.31,402090.0
2023-09-25,89.68,90.55,90.83,89.03,328370.0
2023-09-26,90.39,89.88,90.74,88.19,318020.0
2023-09-27,93.68,90.53,94.17,90.4,504630.0
2023-09-28,91.71,93.78,95.03,91.39,406710.0
2023-09-29,90.79,91.76,93.1,90.35,355780.0
2023-10-02,88.82,90.82,91.88,88.46,334490.0
2023-10-03,89.23,88.67,90.27,87.76,350660.0
2023-10-04,84.22,89.42,89.59,84.16,460000.0
2023-10-05,82.31,84.45,84.92,82.15,466000.0
2023-10-06,82.79,82.28,83.28,81.5,461140.0
2023-10-09,86.38,85.25,87.24,84.67,435040.0
2023-10-10,85.97,86.43,86.74,85.12,337650.0
2023-10-11,83.49,85.96,86.51,83.11,425400.0
2023-10-12,82.91,83.2,85.2,82.31,373490.0
2023-10-13,87.69,83.51,87.83,83.35,356860.0
2023-10-16,86.66,87.72,88.33,86.32,235780.0
2023-10-17,86.66,87.06,87.75,85.6,197120.0
2023-10-18,88.32,87.81,89.88,87.2,92800.0
2023-10-19,89.37,88.24,90.68,86.6,72060.0
2023-10-20,88.75,90.28,90.78,88.33,27310.0
2023-10-23,85.49,88.0,88.29,85.35,315520.0
2023-10-24,83.74,86.15,86.3,82.94,370590.0
2023-10-25,85.39,83.69,85.56,82.08,429460.0
2023-10-26,83.21,85.37,85.59,82.56,341790.0
2023-10-27,85.54,83.53,85.9,83.1,333760.0
2023-10-30,82.31,85.0,85.3,81.82,356930.0
2023-10-31,81.02,82.59,83.37,80.74,346010.0
2023-11-01,80.44,81.48,83.42,80.3,321590.0
2023-11-02,82.46,80.82,82.83,80.22,307120.0
2023-11-03,80.51,82.58,83.6,80.1,457280.0
2023-11-06,80.82,81.13,82.24,80.66,271130.0
2023-11-07,77.37,80.93,81.05,77.09,396290.0
2023-11-08,75.33,77.12,77.53,74.91,429650.0
2023-11-09,75.74,75.65,77.16,75.21,303430.0
2023-11-10,77.17,75.59,77.73,75.31,267000.0
2023-11-13,78.26,77.15,78.64,76.21,262900.0
2023-11-14,78.26,78.53,79.77,77.79,263000.0
2023-11-15,76.66,78.17,78.77,76.31,282300.0
2023-11-16,72.9,76.6,76.63,72.16,125170.0
2023-11-17,75.89,72.97,75.99,72.75,101480.0
2023-11-20,77.6,75.65,78.22,75.65,27250.0
2023-11-21,77.77,77.65,77.92,76.92,238630.0
2023-11-22,77.1,77.77,77.97,73.79,389330.0
2023-11-23,76.34,76.69,76.81,75.31,
2023-11-24,75.54,76.79,77.09,75.07,281150.0
2023-11-27,74.86,75.31,76.23,74.06,289560.0
2023-11-28,76.41,75.07,77.02,74.64,286620.0
2023-11-29,77.86,76.56,78.09,75.67,322170.0
2023-11-30,75.96,77.75,79.6,75.05,559170.0
2023-12-01,74.07,75.59,76.76,73.93,358980.0
2023-12-04,73.04,74.58,75.03,72.63,388830.0
2023-12-05,72.32,73.3,74.12,72.02,358700.0
2023-12-06,69.38,72.1,72.6,69.11,436800.0
2023-12-07,69.34,69.28,70.48,68.8,339000.0
2023-12-08,71.23,69.76,71.63,69.5,302250.0
2023-12-11,71.32,71.15,71.81,70.35,274410.0
2023-12-12,68.61,71.43,71.96,68.22,324530.0
2023-12-13,69.47,68.73,69.89,67.71,307000.0
2023-12-14,71.58,69.85,72.46,69.54,275690.0
2023-12-15,71.43,71.61,72.22,70.3,95510.0
2023-12-18,72.47,71.68,74.26,70.64,73940.0
2023-12-19,73.44,72.48,74.01,71.85,25690.0
2023-12-20,74.22,74.06,75.37,73.6,273360.0
2023-12-21,73.89,73.81,74.58,72.44,251980.0
2023-12-22,73.56,73.91,74.98,73.39,222600.0
2023-12-25,73.79,73.49,73.94,73.48,
2023-12-26,75.57,73.56,76.18,73.13,208720.0
2023-12-27,74.11,75.32,75.66,73.77,253320.0
2023-12-28,71.77,73.8,74.4,71.72,262750.0
2023-12-29,71.65,71.99,72.62,71.25,214490.0
2024-01-01,71.97,71.67,72.24,71.67,
2024-01-02,70.38,71.71,73.64,70.06,330990.0
2024-01-03,72.7,70.5,73.23,69.28,334860.0
2024-01-04,72.19,73.04,74.0,71.06,344470.0
2024-01-05,73.81,72.4,74.24,72.21,325530.0
2024-01-08,70.77,73.51,73.95,70.13,392250.0
2024-01-09,72.24,70.91,72.93,70.47,363450.0
2024-01-10,71.37,72.17,73.59,71.01,352770.0
2024-01-11,72.02,71.33,73.81,71.17,373650.0
2024-01-12,72.68,73.01,75.25,72.36,403640.0
2024-01-15,72.79,72.69,73.09,71.41,
2024-01-16,72.4,72.63,73.56,71.23,430440.0
2024-01-17,72.56,72.0,72.95,70.5,315680.0
2024-01-18,74.08,72.78,74.38,72.18,86650.0
2024-01-19,73.41,74.08,74.91,73.2,78230.0
2024-01-22,75.19,73.41,75.75,72.89,28910.0
2024-01-23,74.37,74.68,75.25,73.41,306060.0
2024-01-24,75.09,74.57,75.83,73.94,323730.0
2024-01-25,77.36,75.3,77.51,75.16,320180.0
2024-01-26,78.01,77.15,78.26,76.06,365460.0
2024-01-29,76.78,78.9,79.29,76.41,331930.0
2024-01-30,77.82,77.02,78.14,75.85,347240.0
2024-01-31,75.85,77.84,78.11,75.52,344490.0
2024-02-01,73.82,75.96,76.95,73.7,577940.0
2024-02-02,72.28,73.91,74.52,71.79,467770.0
2024-02-05,72.78,72.75,73.28,71.41,350840.0
2024-02-06,73.31,72.76,73.82,72.38,310960.0
2024-02-07,73.86,73.5,74.22,73.23,294960.0
2024-02-08,76.22,74.08,76.59,73.56,377910.0
2024-02-09,76.84,76.42,77.29,75.93,302610.0
2024-02-12,76.92,76.6,77.09,75.54,248480.0
2024-02-13,77.87,77.03,78.47,76.87,338170.0
2024-02-14,76.64,77.81,78.77,76.38,296130.0
2024-02-15,78.03,76.6,78.44,75.78,122430.0
2024-02-16,79.19,78.11,79.35,77.22,113710.0
2024-02-19,78.11,78.16,78.56,77.64,
2024-02-20,78.18,78.98,79.8,77.67,34870.0
2024-02-21,77.91,77.15,78.08,76.32,323240.0
2024-02-22,78.61,78.09,78.92,77.23,330510.0
2024-02-23,76.49,78.37,78.39,76.35,353440.0
2024-02-26,77.58,76.4,78.03,75.84,274710.0
2024-02-27,78.87,77.62,79.0,77.17,269240.0
2024-02-28,78.54,78.48,79.62,77.78,330040.0
2024-02-29,78.26,78.2,79.28,77.94,317940.0
2024-03-01,79.97,78.28,80.85,78.05,363420.0
2024-03-04,78.74,80.14,80.41,78.56,347210.0
2024-03-05,78.15,78.74,79.49,77.52,436520.0
2024-03-06,79.13,78.15,80.67,77.99,371050.0
2024-03-07,78.93,79.13,79.53,78.02,432920.0
2024-03-08,78.01,79.51,79.99,77.56,347530.0
2024-03-11,77.93,77.8,78.47,76.79,329870.0
2024-03-12,77.56,78.09,78.73,77.34,309920.0
2024-03-13,79.72,78.06,79.9,77.57,316390.0
2024-03-14,81.26,79.63,81.62,79.57,297450.0
2024-03-15,81.04,81.14,81.45,80.49,185080.0
2024-03-18,82.72,81.03,83.09,81.01,84720.0
2024-03-19,83.47,82.85,83.85,82.39,76810.0
2024-03-20,81.68,83.2,83.21,81.44,26040.0
2024-03-21,81.07,81.49,81.92,80.3,266860.0
2024-03-22,80.63,80.84,81.45,80.42,231100.0
2024-03-25,81.95,80.85,82.48,80.59,300360.0
2024-03-26,81.62,81.94,82.36,81.22,235850.0
2024-03-27,81.35,81.29,81.74,80.55,249960.0
2024-03-28,83.17,81.71,83.21,81.52,293770.0
2024-04-01,83.71,83.14,84.49,82.6,321060.0
2024-04-02,85.15,84.04,85.5,83.85,344040.0
2024-04-03,85.43,85.46,86.2,84.85,322550.0
2024-04-04,86.59,85.66,87.22,84.64,359530.0
2024-04-05,86.91,86.86,87.63,86.32,353210.0
2024-04-08,86.43,86.1,87.1,84.69,393730.0
2024-04-09,85.23,86.59,86.98,85.09,314990.0
2024-04-10,86.21,85.34,86.38,84.55,373940.0
2024-04-11,85.02,86.32,86.63,84.84,388130.0
2024-04-12,85.66,85.6,87.67,85.24,369960.0
2024-04-15,85.41,85.93,86.11,84.05,343890.0
2024-04-16,85.36,85.7,86.18,84.75,241340.0
2024-04-17,82.69,85.36,85.51,82.55,259540.0
2024-04-18,82.73,82.79,83.47,81.56,84470.0
2024-04-19,83.14,82.62,86.28,81.8,76900.0
2024-04-22,82.85,83.05,83.35,81.85,30210.0
2024-04-23,83.36,82.13,83.43,80.88,355810.0
2024-04-24,82.81,83.4,83.71,82.44,329080.0
2024-04-25,83.57,82.83,83.83,81.99,314120.0
2024-04-26,83.85,83.81,84.46,83.35,244090.0
2024-04-29,82.63,83.69,83.91,82.4,336980.0
2024-04-30,81.93,82.76,83.3,80.95,400680.0
2024-05-01,79.0,81.48,81.57,78.83,441980.0
2024-05-02,78.95,79.15,79.9,78.41,359650.0
2024-05-03,78.11,79.07,79.63,77.96,324440.0
2024-05-06,78.48,78.16,79.09,77.91,297370.0
2024-05-07,78.38,78.72,79.17,77.55,327590.0
2024-05-08,78.99,78.34,79.27,76.89,355450.0
2024-05-09,79.26,79.23,79.8,78.91,272710.0
2024-05-10,78.26,79.59,79.96,78.14,281170.0
2024-05-13,79.12,78.18,79.49,77.78,287700.0
2024-05-14,78.02,79.23,79.38,77.68,307410.0
2024-05-15,78.63,78.44,78.92,76.7,321270.0
2024-05-16,79.23,78.84,79.85,78.2,230280.0
2024-05-17,80.06,79.38,80.14,79.0,94150.0
2024-05-20,79.8,80.01,80.6,79.17,85070.0
2024-05-21,79.26,79.7,79.72,78.08,34180.0
2024-05-22,77.57,78.21,78.41,77.25,314150.0
2024-05-23,76.87,77.29,78.66,76.43,330270.0
2024-05-24,77.72,77.04,78.05,76.15,299080.0
2024-05-27,78.65,77.84,78.8,77.75,
2024-05-28,79.83,77.81,80.29,77.69,334070.0
2024-05-29,79.23,80.26,80.62,78.99,259589.0
2024-05-30,77.91,79.28,79.42,77.63,373780.0
2024-05-31,76.99,77.91,78.62,76.67,345120.0
2024-06-03,74.22,76.97,77.52,73.98,443270.0
2024-06-04,73.25,74.02,74.13,72.48,408720.0
2024-06-05,74.07,72.9,74.33,72.82,307700.0
2024-06-06,75.55,74.3,75.79,74.06,291080.0
2024-06-07,75.53,75.67,76.25,75.21,280250.0
2024-06-10,77.74,75.35,78.29,75.23,317030.0
2024-06-11,77.9,78.12,78.36,77.22,314870.0
2024-06-12,78.5,78.22,79.32,77.88,322290.0
2024-06-13,78.62,78.37,78.89,77.67,307640.0
2024-06-14,78.45,77.96,79.15,77.73,245830.0
2024-06-17,80.33,78.48,80.66,77.98,126730.0
2024-06-18,81.57,80.43,81.67,79.77,140710.0
2024-06-19,80.59,80.78,81.16,80.31,
2024-06-20,82.17,81.52,82.41,81.13,23270.0
2024-06-21,80.73,81.27,81.79,80.35,290500.0
2024-06-24,81.63,80.45,81.78,80.23,271750.0
2024-06-25,80.83,81.7,81.9,80.55,286040.0
2024-06-26,80.9,80.72,81.63,80.18,308410.0
2024-06-27,81.74,80.86,82.04,80.51,306340.0
2024-06-28,81.54,81.86,82.72,80.97,260250.0
2024-07-01,83.38,81.45,83.64,81.38,345780.0
2024-07-02,82.81,83.43,84.38,82.72,367790.0
2024-07-03,83.88,83.2,83.93,82.46,289690.0
2024-07-04,83.94,83.61,84.2,83.03,
2024-07-05,83.16,83.6,84.52,83.02,361360.0
2024-07-08,82.33,83.15,83.32,82.08,251770.0
2024-07-09,81.41,82.22,82.48,81.25,297330.0
2024-07-10,82.1,81.81,82.66,80.81,334380.0
2024-07-11,82.62,82.4,83.13,81.63,324170.0
2024-07-12,82.21,82.86,83.74,82.1,370060.0
2024-07-15,81.91,82.16,82.58,81.47,296520.0
2024-07-16,80.76,81.92,81.93,80.22,308190.0
2024-07-17,82.85,80.85,83.1,80.45,257440.0
2024-07-18,82.82,83.11,83.82,82.04,95700.0
2024-07-19,80.13,82.47,82.88,80.07,83800.0
2024-07-22,79.78,80.39,80.69,79.17,27340.0
2024-07-23,76.96,78.27,78.73,76.4,417940.0
2024-07-24,77.59,77.45,78.19,76.98,355970.0
2024-07-25,78.28,77.5,78.47,76.04,457290.0
2024-07-26,77.16,78.35,78.6,76.19,365120.0
2024-07-29,75.81,77.3,77.69,75.35,362640.0
2024-07-30,74.73,75.91,75.97,74.59,419480.0
2024-07-31,77.91,75.24,78.66,75.18,460320.0
2024-08-01,76.31,78.59,78.88,76.24,383010.0
2024-08-02,73.52,76.87,77.29,72.97,467790.0
2024-08-05,72.94,74.21,74.46,71.67,500150.0
2024-08-06,73.2,73.86,74.56,72.2,352250.0
2024-08-07,75.23,72.84,75.84,72.58,428000.0
2024-08-08,76.19,75.47,76.52,74.6,327300.0
2024-08-09,76.84,76.02,77.09,75.85,263010.0
2024-08-12,80.06,76.99,80.16,76.7,376750.0
2024-08-13,78.35,79.74,80.15,78.16,370760.0
2024-08-14,76.98,78.73,79.1,76.83,357640.0
2024-08-15,78.16,77.52,78.6,76.93,195120.0
2024-08-16,76.65,78.16,78.16,75.54,100810.0
2024-08-19,74.37,76.58,76.87,74.17,118170.0
2024-08-20,74.04,74.34,75.03,73.5,25800.0
2024-08-21,71.93,73.12,74.16,71.46,390530.0
2024-08-22,73.01,71.93,73.52,71.58,334120.0
2024-08-23,74.83,72.96,75.07,72.83,313760.0
2024-08-26,77.42,75.1,77.6,75.04,409680.0
2024-08-27,75.53,77.2,77.48,75.4,331160.0
2024-08-28,74.52,75.75,75.95,73.82,337360.0
2024-08-29,75.91,74.42,76.91,74.05,408150.0
2024-08-30,73.55,75.87,76.59,73.36,427270.0
2024-09-01,72.98,73.33,73.42,72.97,
2024-09-02,73.78,73.0,74.39,72.89,
2024-09-03,70.34,73.53,74.41,70.1,546620.0
2024-09-04,69.2,70.28,71.46,68.82,482030.0
2024-09-05,69.15,69.27,70.82,68.75,405600.0
2024-09-06,67.67,69.33,70.13,67.17,351070.0
2024-09-09,68.71,68.13,68.96,67.31,299740.0
2024-09-10,65.75,68.78,69.08,65.27,442860.0
2024-09-11,67.31,66.28,67.97,65.63,393310.0
2024-09-12,68.97,67.39,69.81,67.24,351980.0
2024-09-13,68.65,69.31,70.32,68.47,308980.0
2024-09-16,70.09,69.16,70.7,68.65,295180.0
2024-09-17,71.19,70.5,71.92,69.61,251630.0
2024-09-18,70.91,71.14,71.48,69.73,102910.0
2024-09-19,71.95,70.13,72.49,70.13,86630.0
2024-09-20,71.92,72.1,72.4,71.36,43890.0
2024-09-23,70.37,71.31,71.81,69.49,338270.0
2024-09-24,71.56,70.76,72.4,70.44,318520.0
2024-09-25,69.69,71.54,71.72,69.23,476240.0
2024-09-26,67.67,69.89,70.01,66.95,478070.0
2024-09-27,68.18,67.45,68.65,67.06,341130.0
2024-09-30,68.17,68.63,69.32,67.57,350120.0
2024-10-01,69.83,68.41,71.94,66.33,668220.0
2024-10-02,70.1,70.8,72.49,69.87,429230.0
2024-10-03,73.71,70.98,74.09,70.52,460550.0
2024-10-04,74.38,73.95,75.57,73.46,428820.0
2024-10-07,77.14,74.4,77.4,73.62,419020.0