"date","close","open","high","low","volume"
1975-01-03,174.7,173,175.5,170.5,NA
1975-01-06,174.4,172,174.5,167.5,NA
1975-01-07,173.4,171,174,168.5,NA
1975-01-08,177.4,176,180,176,NA
1975-01-09,178.3,179,179.1,177,NA
1975-01-10,181.3,177,181.3,176.5,NA
1975-01-13,178.6,181,181,178.6,NA
1975-01-14,178.6,177,178.6,176.5,NA
1975-01-15,177.3,178.8,179.4,177.3,NA
1975-01-16,175.1,177,177,174.6,NA
1975-01-17,172.1,174.7,175.8,172.1,NA
1975-01-20,176.2,173.6,176.2,173.6,NA
1975-01-21,173.7,173.7,173.7,173.7,NA
1975-01-22,174.3,175.9,175.9,174.3,NA
1975-01-23,176.4,177,178.9,176.4,NA
1975-01-24,179.5,179,180,177.8,NA
1975-01-27,176.8,180,180,176.8,NA
1975-01-28,176,177.3,177.3,175.4,NA
1975-01-29,179.1,177.4,179.1,177.4,NA
1975-01-30,178.3,179.7,180.7,178,NA
1975-01-31,178,178,178.4,177,NA
1975-02-03,178.3,179.1,179.7,178.1,NA
1975-02-04,177.3,176.5,177.5,175.6,NA
1975-02-05,176.7,177.2,177.7,176.5,NA
1975-02-06,176.3,174.9,176.7,174.1,NA
1975-02-07,177.3,177.2,177.4,176.4,NA
1975-02-10,175.6,176,176.4,175.5,NA
1975-02-11,176.8,176.3,177.1,171.3,NA
1975-02-13,185.8,180.5,186.7,180.2,NA
1975-02-14,184.9,186,186.8,182.5,NA
1975-02-18,185.4,182,185.7,181.7,NA
1975-02-19,185.6,186,188,185.5,NA
1975-02-20,187.7,185.7,188.4,185.4,NA
1975-02-21,186,188,188.5,185,NA
1975-02-24,186.9,186.7,187.5,186.7,NA
1975-02-25,184.4,189,189,184.1,NA
1975-02-26,185.2,185.5,185.7,183.2,NA
1975-02-27,182.5,184.2,184.9,181.4,NA
1975-02-28,183,183,183,181,NA
1975-03-03,182.6,183.3,187.5,182.2,NA
1975-03-04,177,181.5,185,177,NA
1975-03-05,178.7,177,180.1,176.4,NA
1975-03-06,180.6,179.8,181.4,179.8,NA
1975-03-07,178,179.5,179.5,176.8,NA
1975-03-10,177.2,177.1,177.8,176.1,NA
1975-03-11,180,179.1,180.5,178.7,NA
1975-03-12,178.1,178,178.7,177.6,NA
1975-03-13,179.5,178.9,180,178.9,NA
1975-03-14,178.7,178.4,178.7,178.1,NA
1975-03-17,179,178.5,179.3,177.6,NA
1975-03-18,178.6,179,179.5,178.3,NA
1975-03-19,179.2,179.2,179.4,178.5,NA
1975-03-20,175.5,178.8,178.8,175,NA
1975-03-21,175.6,176.5,177,175.5,NA
1975-03-24,175.9,176.8,178.8,175.2,NA
1975-03-25,176.2,177.2,177.2,175.7,NA
1975-03-26,178.1,176.5,178.2,176.5,NA
1975-03-27,176,177.8,178,175.4,NA
1975-03-31,179.5,178.2,179.7,178,NA
1975-04-01,179.1,179.7,179.7,178.4,NA
1975-04-02,178.1,179.6,179.9,177.9,NA
1975-04-03,177.1,177.5,177.5,176,NA
1975-04-04,173.8,175.5,175.9,173.3,NA
1975-04-07,174.1,174.5,174.5,173,NA
1975-04-08,174.5,175.2,175.6,174.4,NA
1975-04-09,174.5,174,174.7,173.3,NA
1975-04-10,173.1,173.7,173.7,172.1,NA
1975-04-11,172.7,173.3,173.3,172.2,NA
1975-04-14,166.2,169,169.7,165.8,NA
1975-04-15,164.6,163,165.7,162.3,NA
1975-04-16,166.5,166.5,167.4,166.1,NA
1975-04-17,169.5,167.5,170.2,166.9,NA
1975-04-18,169,170.8,171,168.4,NA
1975-04-21,165.7,166,166.4,164.9,NA
1975-04-22,166.7,165.1,168,165,NA
1975-04-23,168.8,166.9,169.5,165.8,NA
1975-04-24,167,168.5,168.5,166.5,NA
1975-04-25,166.8,166.5,167.2,166,NA
1975-04-28,166.3,166.4,167.7,166.3,NA
1975-04-29,167.8,167.5,168.4,167.3,NA
1975-04-30,166.8,167.3,168,166.5,NA
1975-05-01,165.5,167,167,165.5,NA
1975-05-02,165,166.2,166.5,165,NA
1975-05-05,163.5,164.2,164.2,163.4,NA
1975-05-06,164.9,164.5,167.4,164.1,NA
1975-05-07,166.1,165.1,166.5,165.1,NA
1975-05-08,167.3,166.4,167.5,166.4,NA
1975-05-09,166.6,166.7,166.7,165.9,NA
1975-05-12,165.9,166,166,165.6,NA
1975-05-13,166.7,166.5,166.8,166,NA
1975-05-14,169.3,167.4,171.3,167,NA
1975-05-15,165.9,166.5,166.7,165.7,NA
1975-05-16,166.9,166.5,168.5,166.2,NA
1975-05-19,167.7,167.6,169.4,167.6,NA
1975-05-20,168.2,167.2,168.5,167.2,NA
1975-05-21,172.2,169,172.8,168.7,NA
1975-05-22,173.5,175.7,176.9,173.3,NA
1975-05-23,174.7,174.8,175.2,173.3,NA
1975-05-27,172,173.5,173.6,172,NA
1975-05-28,170,172,172.4,169.6,NA
1975-05-29,170.1,171.9,172.1,169.1,NA
1975-05-30,169,169.1,169.7,168.2,NA
1975-06-02,165.2,164.5,165.5,162.4,NA
1975-06-03,167.5,167,167.8,166.4,NA
1975-06-04,165.9,167.5,167.5,165.7,NA
1975-06-05,167.4,166,168.2,165.7,NA
1975-06-06,167.2,167.4,167.6,166.8,NA
1975-06-09,168.5,167.7,168.5,167,NA
1975-06-10,167.3,168.3,168.3,167,NA
1975-06-11,167.1,167,168.2,166,NA
1975-06-12,166.5,167,167.6,166.5,NA
1975-06-13,165.9,166.5,166.5,165.7,NA
1975-06-16,164.4,165.8,166,164,NA
1975-06-17,166,164.9,166.2,164.9,NA
1975-06-18,165.4,165.6,165.7,164.3,NA
1975-06-19,164.3,164.6,168.5,163.4,NA
1975-06-20,164.3,163.9,164.5,163.9,NA
1975-06-23,163.5,163.8,164,163.3,NA
1975-06-24,164.5,163.5,164.7,163.4,NA
1975-06-25,166.3,165,166.4,165,NA
1975-06-26,166,165.6,166.2,165.2,NA
1975-06-27,167.9,165.7,175,165.7,NA
1975-06-30,167.8,168.4,173.3,160,NA
1975-07-01,168.1,168.3,169.9,167.1,NA
1975-07-02,166.3,166.5,167.2,166.1,NA
1975-07-03,166.4,166,166.5,165.3,NA
1975-07-07,164,165.5,165.8,163.6,NA
1975-07-08,166.7,164.3,167.1,164.3,NA
1975-07-09,166.9,167.5,167.7,162,NA
1975-07-10,165.3,165.9,165.9,164.6,NA
1975-07-11,167.4,166,175.2,165.9,NA
1975-07-14,167,167.8,168.3,166.5,NA
1975-07-15,165.9,166.2,166.5,165.8,NA
1975-07-16,165.3,165.3,165.7,165,NA
1975-07-17,165.3,165.5,165.8,164.6,NA
1975-07-18,165.4,164.4,166,164,NA
1975-07-21,165.1,164.2,165.7,164.1,NA
1975-07-22,166.4,166.4,166.8,161.4,NA
1975-07-23,165.5,165.2,165.6,164.7,NA
1975-07-24,166,165.8,166.3,165.5,NA
1975-07-25,167.9,166.2,167.9,166.1,NA
1975-07-28,169.8,167.1,170.1,167.1,NA
1975-07-29,167.7,170.4,170.8,167.6,NA
1975-07-30,173.8,175.2,175.4,173.4,NA
1975-07-31,173.4,173.5,174.3,173,NA
1975-08-01,173.4,173.8,173.9,173.4,NA
1975-08-04,173.1,173.1,173.9,173.1,NA
1975-08-05,171.6,172.7,172.7,171.5,NA
1975-08-06,171,171.3,171.7,170.5,NA
1975-08-07,171.3,172,172,171,NA
1975-08-08,166.6,171,171,165.5,NA
1975-08-11,166.7,166,168,166,NA
1975-08-12,168.4,168,169.2,167.7,NA
1975-08-13,165,168,168,160.4,NA
1975-08-14,163.9,165.1,166.3,163,NA
1975-08-15,166.8,165,166.8,164.9,NA
1975-08-18,162.2,166.9,166.9,162.2,NA
1975-08-19,166.2,165.8,166.4,165.3,NA
1975-08-20,167,167,167.8,166.5,NA
1975-08-21,166.3,166.5,166.7,165.6,NA
1975-08-22,165.8,166.6,166.7,165.8,NA
1975-08-25,166,165.9,166.3,165.7,NA
1975-08-26,165.9,166.1,166.5,165.3,NA
1975-08-27,166.3,165.6,166.3,164.8,NA
1975-08-28,165.5,166.3,166.8,165.3,NA
1975-08-29,162.8,165.5,167,162.5,NA
1975-09-02,152.8,152.8,153.3,152.8,NA
1975-09-03,153.7,151,154.4,150.8,NA
1975-09-04,155.2,155.8,156.3,154.8,NA
1975-09-05,156,155.6,156,155.4,NA
1975-09-08,153,155.4,155.4,152.8,NA
1975-09-09,151.8,148,151.9,148,NA
1975-09-10,150.4,152.9,153.2,150.3,NA
1975-09-11,149.6,149.5,150.2,148.5,NA
1975-09-12,149.7,149.6,150.2,149.5,NA
1975-09-15,150,150,150.2,149.8,NA
1975-09-16,147.7,149.1,149.4,147.5,NA
1975-09-17,144.3,145,145.5,143,NA
1975-09-18,137.8,143.2,143.2,136.7,NA
1975-09-19,138.4,135.4,141.2,135,NA
1975-09-22,134.8,139,139.1,133.8,NA
1975-09-23,131.2,129,132.1,129,NA
1975-09-24,137.5,135.8,137.5,134.2,NA
1975-09-25,137,135.8,137.8,135.4,NA
1975-09-26,139,136.1,139.3,136.1,NA
1975-09-29,139.8,138.2,141.3,138.2,NA
1975-09-30,142.2,141.5,143.9,141.5,NA
1975-10-01,144.2,145,145.8,143.6,NA
1975-10-02,143.4,145,146.2,142.5,NA
1975-10-03,139.9,140.7,141.5,138.9,NA
1975-10-06,142.6,139.4,142.7,139.2,NA
1975-10-07,143.7,143.8,144.7,143.3,NA
1975-10-08,139.6,141.6,141.7,138.5,NA
1975-10-09,141.7,141.2,141.7,140,NA
1975-10-10,143.6,142.3,144,142.2,NA
1975-10-14,142.9,142.2,143.3,140.7,NA
1975-10-15,142.9,144,144.5,142.5,NA
1975-10-16,144,144.7,145.5,143.8,NA
1975-10-17,146.1,146,147.4,145.7,NA
1975-10-20,146.8,146.4,146.8,145.5,NA
1975-10-21,145.2,147.9,148,144.6,NA
1975-10-22,146.5,145.6,146.6,144.8,NA
1975-10-23,145.1,145.9,145.9,143.9,NA
1975-10-24,144.1,144,145,143.5,NA
1975-10-27,143,143.5,143.6,142.7,NA
1975-10-28,143.3,142.8,143.4,142,NA
1975-10-29,144.1,143,144.3,142.5,NA
1975-10-30,143.6,145,145,143.5,NA
1975-10-31,142.8,143.3,143.3,142.3,NA
1975-11-03,143.3,143.5,143.7,142.3,NA
1975-11-05,148.4,145.3,149.1,145.2,NA
1975-11-06,146,147.4,147.6,146,NA
1975-11-07,146.1,145.2,146.3,144.6,NA
1975-11-10,144.7,144.5,145.3,144.5,NA
1975-11-12,144,144,144.5,143.3,NA
1975-11-13,142.9,144.2,144.4,142.8,NA
1975-11-14,141.6,143.3,143.3,141,NA
1975-11-17,139.3,141.8,142,139.1,NA
1975-11-18,140.3,140.3,140.4,138.1,NA
1975-11-19,142.9,141.9,143,141.1,NA
1975-11-20,141.8,142,142.9,141.8,NA
1975-11-21,141.1,141.8,141.8,140.6,NA
1975-11-24,141.3,140.8,141.3,140,NA
1975-11-25,140.3,141.3,141.8,140.2,NA
1975-11-26,139.6,140.5,140.5,139.5,NA
1975-11-28,138.8,138.6,139.4,138.2,NA
1975-12-01,138.4,138.8,138.8,138,NA
1975-12-02,140,139.2,141.3,138.8,NA
1975-12-03,139,140.5,140.6,138.9,NA
1975-12-04,139,139.6,140.3,139,NA
1975-12-05,138.7,138.6,138.8,137.8,NA
1975-12-08,136.9,138.2,138.2,136.7,NA
1975-12-09,138.2,136.9,138.7,136.7,NA
1975-12-10,139.9,138.8,140.3,138.7,NA
1975-12-11,140,140.5,141.4,140,NA
1975-12-12,138.9,139,139.3,138.5,NA
1975-12-15,138.1,139,139,137.5,NA
1975-12-16,138.9,138.7,139.4,138.6,NA
1975-12-17,139.2,138.6,139.6,138.6,NA
1975-12-18,139.1,139.7,139.9,138.2,NA
1975-12-19,146.1,139.2,147.9,139.2,NA
1975-12-22,143.7,143.9,145.7,143.7,NA
1975-12-23,141.9,142.5,143,141.3,NA
1975-12-24,141.7,141.4,142.1,141.4,NA
1975-12-29,141.9,142.4,143,141.7,NA
1975-12-30,141.8,141.6,142.1,141.2,NA
1975-12-31,141,141.3,141.4,140.8,NA
1976-01-02,141.2,140.8,141.5,140.6,NA
1976-01-05,139.6,139.5,140.2,138.7,NA
1976-01-06,140.1,139.3,140.5,139.3,NA
1976-01-07,139.4,139.2,139.6,138.9,NA
1976-01-08,136.1,137.2,137.3,135.5,NA
1976-01-09,136.9,136.5,137.3,136.5,NA
1976-01-12,136.9,137.3,137.3,136.8,NA
1976-01-13,132,134,134,131.4,NA
1976-01-14,133,130.8,133,130.6,NA
1976-01-15,131.5,132.8,133.2,131.3,NA
1976-01-16,131,130.5,131.4,130,NA
1976-01-19,127.6,129.6,130.1,127.6,NA
1976-01-20,124.1,126.1,126.3,123.4,NA
1976-01-21,123.7,124.6,125.9,123.4,NA
1976-01-22,125.5,125.3,126.8,124.3,NA
1976-01-23,127.9,129,129.6,127.6,NA
1976-01-26,125.5,126.3,127.2,124.8,NA
1976-01-27,125.9,126.1,126.3,125.6,NA
1976-01-28,128.2,127.7,128.2,127.1,NA
1976-01-29,129,130,130.5,128.8,NA
1976-01-30,129,128.5,129.6,128.4,NA
1976-02-02,131.3,130.5,131.4,130.5,NA
1976-02-03,131.1,133,133,130.6,NA
1976-02-04,129.2,130.2,130.4,129,NA
1976-02-05,129.2,128.8,129.5,128.5,NA
1976-02-06,131.2,130.7,131.6,130.4,NA
1976-02-09,130.2,130.8,131,129.6,NA
1976-02-10,130.6,130.7,131.2,128.6,NA
1976-02-11,130.1,130.5,131.3,129.9,NA
1976-02-12,130.5,130.8,131.8,130.4,NA
1976-02-13,131,131.2,132,130.3,NA
1976-02-17,130,129.5,130.1,129.1,NA
1976-02-18,130.3,131.1,131.2,130.2,NA
1976-02-19,130.5,130.6,131,130.2,NA
1976-02-20,131.6,131,131.8,130.9,NA
1976-02-23,131.5,131.1,131.6,131.1,NA
1976-02-24,134.2,132.5,134.2,132.3,NA
1976-02-25,133.6,134.6,134.7,133.5,NA
1976-02-26,132.4,132.6,132.7,132,NA
1976-02-27,132.6,132.6,133.2,132.2,NA
1976-03-01,132.3,132.5,132.5,131.9,NA
1976-03-02,131.8,131.5,132,131.4,NA
1976-03-03,132.2,133,133,132.2,NA
1976-03-04,133.2,132.5,133.4,132.5,NA
1976-03-05,134.5,134.2,135,134,NA
1976-03-08,133.5,133.6,133.7,133.1,NA
1976-03-09,133.7,133.5,134.1,133.4,NA
1976-03-10,134.2,134.6,134.7,134.2,NA
1976-03-11,133.8,134.2,134.3,133.6,NA
1976-03-12,133.5,133.6,133.9,133.5,NA
1976-03-15,133.5,134,134.6,133.4,NA
1976-03-16,133.3,133.6,133.6,132.8,NA
1976-03-17,134.4,133.3,134.5,133.3,NA
1976-03-18,134.3,135,135.3,134.1,NA
1976-03-19,134.8,134.3,135,134.2,NA
1976-03-22,134.2,134.3,134.4,134,NA
1976-03-23,133.9,133.3,133.9,133.3,NA
1976-03-24,133.4,133.9,134.5,133.4,NA
1976-03-25,133.1,132.7,133.5,132.7,NA
1976-03-26,129.2,132.5,132.5,129.2,NA
1976-03-29,128.1,129.8,129.8,127.5,NA
1976-03-30,130.1,128,130.5,127.9,NA
1976-03-31,129.7,130,130.3,129.2,NA
1976-04-01,129.7,129.7,129.8,128.6,NA
1976-04-02,129.6,129.3,129.7,129.1,NA
1976-04-05,128.1,127.9,128.3,127.3,NA
1976-04-06,128.5,128.8,129,128.2,NA
1976-04-07,128,127.8,128.8,127.8,NA
1976-04-08,129.4,128.8,129.8,128.8,NA
1976-04-09,127.5,128.4,128.4,127.1,NA
1976-04-12,128.5,127.3,128.6,127.1,NA
1976-04-13,128.5,128.7,131,128.4,NA
1976-04-14,128.1,128.1,128.8,128,NA
1976-04-15,128.1,128.3,128.8,126.9,NA
1976-04-19,128.8,128.1,128.9,127.8,NA
1976-04-20,128.9,128.6,129.4,128.3,NA
1976-04-21,127.8,127.9,128.4,127.6,NA
1976-04-22,127.9,127.8,128.3,127.7,NA
1976-04-23,127.9,127.8,128.2,127.7,NA
1976-04-26,128.6,128.2,128.8,128.2,NA
1976-04-27,129.2,129,130.1,129,NA
1976-04-28,128.5,128.9,128.9,128.4,NA
1976-04-29,128.5,128.3,129.5,128.3,NA
1976-04-30,128.9,128.9,129.6,128.8,NA
1976-05-03,128.9,128.8,129,128.5,NA
1976-05-04,128.2,128.5,128.6,128,NA
1976-05-05,128.3,128,128.6,127.5,NA
1976-05-06,129.4,127.6,129.8,126.7,NA
1976-05-07,129,128.9,129,128.5,NA
1976-05-10,128.7,129,129.5,128.6,NA
1976-05-11,128.6,128.4,128.6,128.2,NA
1976-05-12,128.5,128.6,128.8,128.4,NA
1976-05-13,128.2,128.2,128.4,128.1,NA
1976-05-14,128.2,128.2,128.3,128,NA
1976-05-17,128.1,128.2,128.3,128.1,NA
1976-05-18,127.8,127.9,128,127.8,NA
1976-05-19,126,126,126,126,NA
1976-05-20,126.1,126.1,126.5,125.7,NA
1976-05-21,126.2,126.3,126.5,126.2,NA
1976-05-24,125.5,125.8,126,124.8,NA
1976-05-25,124.9,124.6,125.1,124.1,NA
1976-05-26,126.9,125.1,127.2,125.1,NA
1976-05-27,126.8,127,127.1,126.4,NA
1976-05-28,127.3,127.4,127.8,127.1,NA
1976-06-01,129.4,127.8,130.1,127.8,NA
1976-06-02,131.2,129.2,132.5,128.5,NA
1976-06-03,129.3,129,129.6,128.8,NA
1976-06-04,128,128.5,128.6,127.9,NA
1976-06-07,128.8,128,129.5,128,NA
1976-06-08,128.6,129,129.3,128.3,NA
1976-06-09,128.1,128.5,128.6,127.7,NA
1976-06-10,127.8,128.5,128.6,127.8,NA
1976-06-11,126.9,127.5,127.5,126.5,NA
1976-06-14,127.2,127,127.3,126.6,NA
1976-06-15,127.1,127.2,127.2,126.9,NA
1976-06-16,126.5,126.5,126.6,126.2,NA
1976-06-17,127.1,126.9,127.5,126.9,NA
1976-06-18,127.2,127.3,127.5,127.1,NA
1976-06-21,127.2,126.8,127.3,126.8,NA
1976-06-22,126,126.8,127,126,NA
1976-06-23,125.6,125.6,125.7,125.2,NA
1976-06-24,125.7,125.7,127.6,125,NA
1976-06-25,125.5,125.7,126.1,125.4,NA
1976-06-28,124,125.1,126.1,123.7,NA
1976-06-29,124.2,124.4,124.4,124,NA
1976-06-30,123.9,124.5,124.8,123.5,NA
1976-07-01,123.6,123.6,123.6,123.1,NA
1976-07-02,124.1,123.8,124.5,123.6,NA
1976-07-06,124.2,123.7,124.5,123.7,NA
1976-07-07,123.9,124,124.1,123.8,NA
1976-07-08,123.7,123.8,124.1,123.6,NA
1976-07-09,122.8,123.2,123.2,122.8,NA
1976-07-12,122.2,122.4,122.4,121.9,NA
1976-07-13,123,122.5,123.1,122.3,NA
1976-07-14,123.1,123,123.2,122.8,NA
1976-07-15,117.5,122.1,122.2,117.5,NA
1976-07-16,117.9,118.2,118.9,116.4,NA
1976-07-19,112.6,113,114.3,112.6,NA
1976-07-20,108.9,105.5,109.3,105,NA
1976-07-21,112.8,112,113.2,112,NA
1976-07-22,111,111.1,111.6,110.8,NA
1976-07-23,111.2,110.3,111.2,110.3,NA
1976-07-26,112.1,111.4,112.6,111.2,NA
1976-07-27,113.1,114.3,114.9,113.1,NA
1976-07-28,112.9,114.2,114.5,111.5,NA
1976-07-29,113.7,113.7,114,113.2,NA
1976-07-30,114.2,114.6,114.8,113.8,NA
1976-08-02,113.3,113.7,113.9,113.1,NA
1976-08-03,113.9,113,114.1,112.4,NA
1976-08-04,114.3,114.4,115.2,114.1,NA
1976-08-05,113.3,113.5,113.9,113,NA
1976-08-06,113.8,113.8,114,113.5,NA
1976-08-09,113.6,113.3,113.6,113.3,NA
1976-08-10,114.7,114.6,115.1,114.3,NA
1976-08-11,114.5,115,115,114.3,NA
1976-08-12,113.9,114.5,114.5,113.8,NA
1976-08-13,114.5,113.8,114.5,113.8,NA
1976-08-16,114,114.2,114.3,114,NA
1976-08-17,112.2,113.6,113.6,112,NA
1976-08-18,108.8,109,109.2,107,NA
1976-08-19,108.9,109.5,110.4,108.9,NA
1976-08-20,108.6,108.5,109.1,108.2,NA
1976-08-23,104.5,106,106.5,104.3,NA
1976-08-24,103.4,104.6,104.7,103.3,NA
1976-08-25,106.1,102,106.2,100,NA
1976-08-26,104.9,105.7,105.7,104.4,NA
1976-08-27,103.1,104.7,104.7,102.8,NA
1976-08-30,102.8,102,102.8,101.6,NA
1976-08-31,103.2,102.5,104.9,102.2,NA
1976-09-01,105.4,104.3,105.7,104.1,NA
1976-09-02,105.4,106,106.5,105.3,NA
1976-09-03,108,106.4,108.1,106.4,NA
1976-09-07,111.8,113.5,114,110.3,NA
1976-09-08,112.4,112,112.5,111.2,NA
1976-09-09,113.9,112.7,114.1,111.8,NA
1976-09-10,118.4,116,118.9,115.6,NA
1976-09-13,114.7,114,115.9,114,NA
1976-09-14,110.8,112.3,113.2,110.8,NA
1976-09-15,112.3,110.3,114,110,NA
1976-09-16,114,115.4,115.8,113.7,NA
1976-09-17,117.5,120.1,121,117.3,NA
1976-09-20,115,115.5,115.8,114.9,NA
1976-09-21,119.1,118.4,120.5,118.3,NA
1976-09-22,118.5,118.9,118.9,116.6,NA
1976-09-23,117.8,117.7,118.7,116.8,NA
1976-09-24,118.6,119,119.5,118,NA
1976-09-27,117.7,119.2,119.2,117.5,NA
1976-09-28,116.2,116.5,116.9,115.4,NA
1976-09-29,116.1,116.2,116.5,115.5,NA
1976-09-30,116.1,116.1,116.2,115,NA
1976-10-01,116,115.8,116.2,115.7,NA
1976-10-04,114.2,114.1,114.8,112.9,NA
1976-10-05,114.5,114.4,115,113.9,NA
1976-10-06,116.6,114.8,116.8,114.7,NA
1976-10-07,115.5,116.1,116.1,115.5,NA
1976-10-08,114,114.4,114.5,113.5,NA
1976-10-11,114.6,113.8,114.9,113.4,NA
1976-10-12,114.7,115.2,115.2,114.5,NA
1976-10-13,115,114.6,115.3,114.5,NA
1976-10-14,114.9,115.1,115.2,114.1,NA
1976-10-15,117,115,117.2,115,NA
1976-10-18,116.9,116.7,117.3,116.5,NA
1976-10-19,115.3,115.7,115.9,115.3,NA
1976-10-20,114.9,115.2,115.3,114.9,NA
1976-10-21,116.3,115.7,116.6,115.6,NA
1976-10-22,115.8,115.8,116,115.7,NA
1976-10-25,116.9,115.9,117.1,115.8,NA
1976-10-26,118.4,117.6,118.6,117.5,NA
1976-10-27,120,117.8,120.5,117.7,NA
1976-10-28,125.8,123.8,126,123.1,NA
1976-10-29,123.8,123.5,125.1,123.2,NA
1976-11-01,123.7,122.8,123.9,122.8,NA
1976-11-03,125.2,125.9,127.1,125.1,NA
1976-11-04,126,125,126.2,124.3,NA
1976-11-05,128,126.9,128.2,126.9,NA
1976-11-08,133,132.3,133.1,131.7,NA
1976-11-09,133.2,130.8,134.3,130.6,NA
1976-11-10,137.1,136.7,137.7,136.1,NA
1976-11-11,135.8,135.2,136.9,133.8,NA
1976-11-12,136.9,136.3,137.2,136,NA
1976-11-15,135.9,139.5,141,135.5,NA
1976-11-16,133.3,134.2,135.3,133,NA
1976-11-17,131.8,132,134.2,131.5,NA
1976-11-18,128.6,129,130,128,NA
1976-11-19,130.8,131,132,130.2,NA
1976-11-22,135.1,133.9,135.2,133.6,NA
1976-11-23,132.4,134,134.4,132,NA
1976-11-24,132.5,130.6,132.7,129.6,NA
1976-11-26,129.7,130.7,131.3,129,NA
1976-11-29,131.2,130.1,131.6,129,NA
1976-11-30,132.6,131.5,132.8,131.4,NA
1976-12-01,132.2,131.9,132.5,131.3,NA
1976-12-02,132.1,133,133,131.5,NA
1976-12-03,133.3,131.5,133.9,131.5,NA
1976-12-06,136,135.1,136.6,135.1,NA
1976-12-07,134.8,136.4,137.2,134.2,NA
1976-12-08,138.1,137.4,138.4,136.6,NA
1976-12-09,138.6,137.5,139.1,136.9,NA
1976-12-10,139,138.1,139.9,138.1,NA
1976-12-13,136.4,137.4,137.6,135.2,NA
1976-12-14,137,135.5,137,135.1,NA
1976-12-15,133.5,136,136.6,133,NA
1976-12-16,134.9,135,135.5,134.3,NA
1976-12-17,132,133.8,133.9,131.5,NA
1976-12-20,132.4,132.5,133,132.3,NA
1976-12-21,135.2,134.5,135.4,133.8,NA
1976-12-22,134.4,134.8,135.5,134,NA
1976-12-23,133.9,133.5,134.1,133,NA
1976-12-27,134.2,133.8,134.6,133.8,NA
1976-12-28,134.5,134.9,135.4,134.2,NA
1976-12-29,135.1,135.2,135.8,134.9,NA
1976-12-30,135.7,135.5,136.3,135.4,NA
1977-01-03,136,135.5,136.4,135.3,NA
1977-01-04,136.4,137,137.7,136.3,NA
1977-01-05,133.2,135,135.1,132.8,NA
1977-01-06,133.6,133.3,133.7,132.8,NA
1977-01-07,133.1,134,134.1,133,NA
1977-01-10,127.6,131.7,131.8,127.5,NA
1977-01-11,130.7,130.1,131.1,128.6,NA
1977-01-12,131.7,131,131.7,129.8,NA
1977-01-13,132,132.3,133,131.7,NA
1977-01-14,131.6,131.8,132,131.2,NA
1977-01-17,132.8,132,133.3,131.6,NA
1977-01-18,132.5,133.1,133.7,132.3,NA
1977-01-19,133.1,132.8,133.4,132.6,NA
1977-01-20,133.1,133.7,133.9,132.8,NA
1977-01-21,132.6,133.2,133.2,130.9,NA
1977-01-24,132.8,132.6,133.1,132.2,NA
1977-01-25,134.5,133.8,134.6,133.6,NA
1977-01-26,131.7,133,133,131.5,NA
1977-01-27,131.2,132.5,132.7,131,NA
1977-01-28,132.9,132.2,132.9,132.1,NA
1977-01-31,134,133.2,134,133.1,NA
1977-02-01,133.5,134,134.1,133.5,NA
1977-02-02,133.9,133,134,132.8,NA
1977-02-03,133.6,134.3,134.5,133.6,NA
1977-02-04,134,133.1,134,133,NA
1977-02-07,136.4,134.8,136.7,134.7,NA
1977-02-08,135.6,136,136.4,135.3,NA
1977-02-09,137.1,137.3,138.1,137,NA
1977-02-10,136.4,137,137.2,136.2,NA
1977-02-11,137,135.7,137,135.7,NA
1977-02-14,136.6,137.5,137.7,136.5,NA
1977-02-15,136.3,136.7,137,136,NA
1977-02-16,137.3,137,137.5,136.9,NA
1977-02-17,137.7,137.9,137.9,137.2,NA
1977-02-18,138.3,138,138.4,137.6,NA
1977-02-22,139.8,139.1,140,138.8,NA
1977-02-23,140.7,140,141.8,139.8,NA
1977-02-24,142.1,142,142.6,140.4,NA
1977-02-25,142.3,141.3,142.5,140.8,NA
1977-02-28,144.6,144,145.4,143.8,NA
1977-03-01,143.6,143,143.6,142.4,NA
1977-03-02,147.4,146.3,147.4,144.6,NA
1977-03-03,146.1,145.9,146.7,145.1,NA
1977-03-04,148.2,146.7,148.5,146,NA
1977-03-07,148.1,149.5,150.4,148,NA
1977-03-08,148.1,148.5,149.7,146.5,NA
1977-03-09,148,146.5,148,146.2,NA
1977-03-10,146.7,147.4,148.7,146.4,NA
1977-03-11,146.1,147.5,147.5,145.5,NA
1977-03-14,145.7,146.3,146.7,145,NA
1977-03-15,148.1,146.6,148.1,146.6,NA
1977-03-16,149.1,148.5,149.2,147.5,NA
1977-03-17,150.2,149.8,150.6,149.3,NA
1977-03-18,151,151.5,151.5,150,NA
1977-03-21,153.7,152.5,153.7,152.2,NA
1977-03-22,151,151,151.6,150.7,NA
1977-03-23,153.8,153.6,154.7,153,NA
1977-03-24,153,152.9,153.3,152.6,NA
1977-03-25,153.3,154.1,154.5,153,NA
1977-03-28,149.8,150,150.8,148.8,NA
1977-03-29,148.6,148.6,148.8,146.3,NA
1977-03-30,151.5,151.2,151.9,150.8,NA
1977-03-31,151,149.5,151.2,149.3,NA
1977-04-01,152.2,150.5,152.6,150,NA
1977-04-04,151.1,152.3,152.6,151,NA
1977-04-05,147.7,149.6,150,147.3,NA
1977-04-06,149,149.5,149.9,148.5,NA
1977-04-07,149.5,149.6,150.2,148.6,NA
1977-04-11,150.7,149.6,150.8,149.6,NA
1977-04-12,151.3,151.4,151.5,150.9,NA
1977-04-13,153.8,154.5,154.7,152.8,NA
1977-04-14,153.3,153.7,153.7,152.6,NA
1977-04-15,152.7,151.6,152.8,151.5,NA
1977-04-18,152.3,152.3,153.1,152,NA
1977-04-19,151.1,151.3,152,151.1,NA
1977-04-20,149.2,150.6,150.7,148,NA
1977-04-21,150,148.7,150.1,148.7,NA
1977-04-22,150.1,151.2,151.4,149.8,NA
1977-04-25,148.3,150,150,148.3,NA
1977-04-26,146.7,148,148.2,146.1,NA
1977-04-27,146.9,148.1,148.2,146.3,NA
1977-04-28,146.2,146.5,146.8,144.8,NA
1977-04-29,148,146.8,148.2,146.8,NA
1977-05-02,149.6,147.9,149.7,147.9,NA
1977-05-03,147.9,148.8,149.1,147.6,NA
1977-05-04,148,148,148.6,147.7,NA
1977-05-05,147.6,146.7,147.8,146.3,NA
1977-05-06,148.5,148.2,149,147.9,NA
1977-05-09,148.2,148.1,148.3,147.3,NA
1977-05-10,148,148,148.5,147.7,NA
1977-05-11,147.5,147.9,148.4,147.3,NA
1977-05-12,148,147.4,148.4,146.5,NA
1977-05-13,148.3,148.7,149,147.8,NA
1977-05-16,148.5,148.1,148.6,147.8,NA
1977-05-17,147.5,148,148.6,147.5,NA
1977-05-18,146.8,146.8,147.3,146.4,NA
1977-05-19,147,146.5,147.9,146.2,NA
1977-05-20,146.9,147.2,147.7,146.8,NA
1977-05-23,145.3,146.8,146.8,144.9,NA
1977-05-24,144,145.3,145.5,143.3,NA
1977-05-25,144.1,144.6,144.9,143.9,NA
1977-05-26,142.6,143.6,143.9,142,NA
1977-05-27,144.5,143.5,144.8,143.5,NA
1977-05-31,144.3,143.9,144.5,143.6,NA
1977-06-01,145,144.8,145.6,144.6,NA
1977-06-02,143.5,143.4,143.7,142.5,NA
1977-06-03,143.5,143,143.6,142,NA
1977-06-06,144.2,143.5,144.6,143.5,NA
1977-06-07,143.7,144.5,144.5,143.5,NA
1977-06-08,142.8,143.2,143.7,142.6,NA
1977-06-09,140.7,142.2,142.3,140.6,NA
1977-06-10,142.1,141.1,142.3,140.5,NA
1977-06-13,138.7,139.7,140.1,138.5,NA
1977-06-14,137.9,138,138.6,137.6,NA
1977-06-15,140.5,139.5,140.7,139,NA
1977-06-16,140.3,141.3,141.7,139.6,NA
1977-06-17,140.7,139.7,140.7,139.3,NA
1977-06-20,141.1,141.2,141.6,140.7,NA
1977-06-21,141.7,142.6,142.8,141.7,NA
1977-06-22,140.7,140.7,140.9,140.1,NA
1977-06-23,141.7,141,141.7,141,NA
1977-06-24,141.9,141.7,142.2,141.5,NA
1977-06-27,144.6,142.9,144.6,142.8,NA
1977-06-28,143,144,144.3,142.8,NA
1977-06-29,143.7,143.3,143.9,142.8,NA
1977-06-30,143.6,143.7,144.2,143.6,NA
1977-07-01,142.1,143.5,143.7,142.1,NA
1977-07-05,140.9,142.2,142.2,140.5,NA
1977-07-06,141.4,141.2,141.7,140.9,NA
1977-07-07,141.9,141.9,142.2,141.6,NA
1977-07-08,142.5,142.6,142.9,142.2,NA
1977-07-11,141.6,142,142,141.3,NA
1977-07-12,143.6,142.4,143.7,142.2,NA
1977-07-13,145,143.8,145.5,143.3,NA
1977-07-15,144.7,145.3,146,144.3,NA
1977-07-18,145.8,144.1,145.8,143.8,NA
1977-07-19,145.2,146.2,146.8,145.1,NA
1977-07-20,144.8,145.1,145.7,144.4,NA
1977-07-21,144.2,144.6,144.8,144.1,NA
1977-07-22,145.3,145.1,145.7,145,NA
1977-07-25,147.3,147,147.4,146.9,NA
1977-07-26,146.7,146.4,147,146.2,NA
1977-07-27,145.4,146.2,146.7,145.3,NA
1977-07-28,146.4,147.3,147.6,145.7,NA
1977-07-29,147.1,147,148,146.5,NA
1977-08-01,148.2,147.2,148.3,146.5,NA
1977-08-02,148.3,148.6,149.1,148.1,NA
1977-08-03,149.1,148.5,149.6,148.5,NA
1977-08-04,148.6,149.9,150.2,148.5,NA
1977-08-05,149.2,148.4,149.3,148,NA
1977-08-08,149.3,149,149.3,148.3,NA
1977-08-09,148.5,149.3,150,148.5,NA
1977-08-10,148.6,149.3,149.4,148.3,NA
1977-08-11,148.6,148.1,148.9,147.8,NA
1977-08-12,146,148,148.1,145.8,NA
1977-08-15,144.7,146.6,146.7,144,NA
1977-08-16,145.9,145.6,146.2,144.9,NA
1977-08-17,146.4,146.3,146.6,145.7,NA
1977-08-18,147,145.9,147.1,145.5,NA
1977-08-19,146.8,146.9,147.3,146.7,NA
1977-08-22,146.2,146.5,146.6,145.7,NA
1977-08-23,146.4,145.8,146.5,145.2,NA
1977-08-24,146.9,146.2,147.3,146.2,NA
1977-08-25,146.4,146.9,146.9,146.1,NA
1977-08-26,148.6,146.7,148.6,146.7,NA
1977-08-29,148.1,148.1,148.6,148,NA
1977-08-30,148.5,148.5,149.2,148.4,NA
1977-08-31,148.1,148.8,148.9,147.9,NA
1977-09-01,148.3,147.7,148.4,147.4,NA
1977-09-02,150.8,148.5,150.8,148.5,NA
1977-09-06,149.3,150.1,150.3,149.2,NA
1977-09-07,150.6,149.6,151.2,149.5,NA
1977-09-08,149.4,150.1,150.3,149.1,NA
1977-09-09,150.4,149.4,150.5,149.4,NA
1977-09-12,150.3,150.8,151.2,150.2,NA
1977-09-13,150,149.8,150.3,149.7,NA
1977-09-14,150.4,150.2,151,150.1,NA
1977-09-15,150.3,150.7,150.7,149.6,NA
1977-09-16,151.5,150.8,151.9,150.5,NA
1977-09-19,152,152.1,152.8,151.9,NA
1977-09-20,153.5,151.9,153.6,151.7,NA
1977-09-21,154,154.1,154.3,153.3,NA
1977-09-22,154.1,154.3,154.6,153.8,NA
1977-09-23,154,153.6,154,152.7,NA
1977-09-26,155.9,155.3,156.1,155.2,NA
1977-09-27,155.3,155.3,155.6,154.8,NA
1977-09-28,155.6,156.5,156.9,155.6,NA
1977-09-29,156,155.8,156.4,154.6,NA
1977-09-30,156.4,156.5,157.1,156.3,NA
1977-10-03,157.8,157.8,158,157.5,NA
1977-10-04,157.8,157.3,158,156.8,NA
1977-10-05,156.8,157.6,157.6,156.6,NA
1977-10-06,155.5,156,156.7,155.4,NA
1977-10-07,157.3,155.9,157.7,155.6,NA
1977-10-10,159,159.3,159.9,159,NA
1977-10-11,160.2,159,160.4,158.7,NA
1977-10-12,160,159.7,160.9,159.5,NA
1977-10-13,159.5,160.2,160.5,158.3,NA
1977-10-14,162.1,159.9,162.2,159.7,NA
1977-10-17,164.1,163.3,164.2,162.4,NA
1977-10-18,162.6,162.6,163.7,162.3,NA
1977-10-19,160.2,164.4,164.7,160.1,NA
1977-10-20,162.5,161.5,162.8,160.8,NA
1977-10-21,164.3,163.3,164.4,162.3,NA
1977-10-24,166.6,165.2,166.8,165.1,NA
1977-10-25,166.5,165.7,166.6,164.9,NA
1977-10-26,164.1,165.6,165.7,164,NA
1977-10-27,161.7,163.4,163.4,160.5,NA
1977-10-28,162,162.7,163,161.8,NA
1977-10-31,162.7,162.3,163.7,162.1,NA
1977-11-01,163.6,163.8,164.1,162.8,NA
1977-11-02,163.4,162.9,163.5,161.7,NA
1977-11-03,166.1,164.8,166.2,164.8,NA
1977-11-04,168.3,166.4,168.5,166.2,NA
1977-11-07,166.2,167.6,167.9,166.2,NA
1977-11-08,167.5,164.6,167.7,164.6,NA
1977-11-09,168.2,169.7,169.9,168.2,NA
1977-11-10,168.7,168.6,168.9,167.6,NA
1977-11-11,168.9,169.6,169.8,168.2,NA
1977-11-14,164.3,166.7,166.7,164,NA
1977-11-15,163.5,164.5,164.6,161.5,NA
1977-11-16,158.4,160.9,161.4,157.5,NA
1977-11-17,160.6,159,160.8,158.1,NA
1977-11-18,161.5,161.1,162.4,161,NA
1977-11-21,155.2,157.2,157.5,154.7,NA
1977-11-22,155.9,155.3,157.1,154.8,NA
1977-11-23,158.6,159.5,159.7,158.3,NA
1977-11-25,159.5,158.1,159.5,157.6,NA
1977-11-28,160.8,160.9,161.7,160,NA
1977-11-29,165.1,162,165.1,160.8,NA
1977-11-30,162.3,162.1,162.9,162.1,NA
1977-12-01,159.6,162.9,162.9,159.5,NA
1977-12-02,160.1,159.8,160.8,159.8,NA
1977-12-05,161.7,161,162.1,160.9,NA
1977-12-06,161.8,162.8,163.1,161,NA
1977-12-07,163.6,162.1,164.2,161.9,NA
1977-12-08,162,162.3,163.3,161.5,NA
1977-12-09,160,160.8,161.2,159.7,NA
1977-12-12,157.2,160.4,160.5,157.1,NA
1977-12-13,159.5,158.1,159.6,158,NA
1977-12-14,161.5,161.4,161.6,159.5,NA
1977-12-15,161.5,160.8,161.6,159.4,NA
1977-12-16,161.6,160.7,162,160.7,NA
1977-12-19,160.8,161.2,161.8,160.2,NA
1977-12-20,161.5,161.2,161.7,160,NA
1977-12-21,161.2,161.7,162.2,160.4,NA
1977-12-22,162.9,161,163.7,160.2,NA
1977-12-23,164.7,163,164.7,162.9,NA
1977-12-27,166.2,164.7,166.4,164.7,NA
1977-12-28,166.2,165.8,166.7,165.6,NA
1977-12-29,167.7,167.4,167.8,167.2,NA
1977-12-30,167.5,166.5,167.9,165.9,NA
1978-01-03,173,169.9,173.5,169.9,NA
1978-01-04,168,174.1,174.1,167.5,NA
1978-01-05,170.8,166,171.6,165.5,NA
1978-01-06,171.3,170.8,171.8,168.5,NA
1978-01-09,173.3,170.4,173.4,170.3,NA
1978-01-10,172.8,174.5,175.2,172.6,NA
1978-01-11,175,173.5,175,172.5,NA
1978-01-12,172.6,175,175.2,171.8,NA
1978-01-13,175.5,173.2,176.2,172.8,NA
1978-01-16,176.2,176.3,176.6,174.8,NA
1978-01-17,173.9,173.5,174.1,172.6,NA
1978-01-18,172.3,172.7,173.7,171.7,NA
1978-01-19,173.7,173.8,174,173.1,NA
1978-01-23,176.8,176,177.9,175.6,NA
1978-01-24,176.7,177.7,177.7,175.9,NA
1978-01-25,176.6,177.5,178.3,176.4,NA
1978-01-26,176.2,176.2,176.3,174.8,NA
1978-01-27,174.8,176.2,177.1,174.5,NA
1978-01-30,176.7,177.8,178.7,176,NA
1978-01-31,178.9,178,179,177.7,NA
1978-02-01,178,179.4,179.4,177.6,NA
1978-02-02,176.2,176.8,177.3,175.2,NA
1978-02-03,176.7,176.9,177.3,176.6,NA
1978-02-06,177.5,177.4,177.7,177.1,NA
1978-02-08,175.9,176.3,176.7,175.4,NA
1978-02-09,176.4,174.5,176.5,173.6,NA
1978-02-10,178,176.4,178.5,176.2,NA
1978-02-13,179.7,179,180.1,178.9,NA
1978-02-14,179.2,179.5,179.8,178.4,NA
1978-02-15,182,180.7,182,180,NA
1978-02-16,182.5,181.8,182.9,180.9,NA
1978-02-17,181.2,181,182.7,180.8,NA
1978-02-21,183,183,184,182.5,NA
1978-02-22,182,182.8,183.4,181.4,NA
1978-02-23,184.6,184,184.9,183.7,NA
1978-02-24,181.5,185.3,185.8,180.9,NA
1978-02-27,182.7,182.5,183.1,180.9,NA
1978-02-28,184.4,183.7,184.5,183.2,NA
1978-03-01,184,184.9,184.9,182.7,NA
1978-03-02,185,185.5,186,184.6,NA
1978-03-03,184.6,184.5,185.2,183.7,NA
1978-03-06,187.1,184.8,187.2,184.8,NA
1978-03-07,189.2,187,189.9,186.7,NA
1978-03-08,190.7,191.7,192.8,190.3,NA
1978-03-09,188.1,188.7,190.1,188,NA
1978-03-10,188.9,186.9,188.9,186.1,NA
1978-03-13,189.4,187,189.5,186.3,NA
1978-03-14,186.2,189.2,189.8,186,NA
1978-03-15,183.7,187.2,187.6,182.7,NA
1978-03-16,185.7,185,186,182.8,NA
1978-03-17,181.9,184,184.5,181.3,NA
1978-03-20,176,180.3,180.8,176,NA
1978-03-21,177.2,176.2,178.6,176.2,NA
1978-03-22,180.3,179,181.2,178.8,NA
1978-03-23,180.8,179.6,180.9,178.1,NA
1978-03-27,183.2,181.3,183.7,181.2,NA
1978-03-28,182.6,183.5,184.1,181.4,NA
1978-03-29,179.3,181.1,181.1,179,NA
1978-03-30,182.9,181.5,183.7,180.9,NA
1978-03-31,186.2,184,187.2,183.6,NA
1978-04-03,179.8,185.7,185.9,178.5,NA
1978-04-04,179.2,182,182.3,176,NA
1978-04-05,180.4,179.5,181.2,178.2,NA
1978-04-06,182.5,182,182.7,180.6,NA
1978-04-07,179.5,180.5,180.8,179.2,NA
1978-04-10,180.5,179.8,180.6,179.4,NA
1978-04-11,182,181,183,179.2,NA
1978-04-12,181.2,181,181.8,179.9,NA
1978-04-13,179.6,179.9,179.9,178.6,NA
1978-04-14,178.3,179.4,179.7,177.3,NA
1978-04-17,173,175.3,175.5,172.7,NA
1978-04-18,174.6,174,174.8,173.6,NA
1978-04-19,174.3,175.5,175.9,174.2,NA
1978-04-20,171.4,168.7,171.7,168,NA
1978-04-21,171.5,171.5,172.5,171.2,NA
1978-04-24,168.4,169,169.9,168.2,NA
1978-04-25,168.4,168.2,169.4,166.8,NA
1978-04-26,169.4,169.7,170,168,NA
1978-04-27,171.7,170.5,171.8,170.5,NA
1978-04-28,170.6,171.5,171.8,170.5,NA
1978-05-01,169.8,170.3,170.5,169.3,NA
1978-05-02,170.7,169.5,170.8,169.2,NA
1978-05-03,172.2,171,172.7,171,NA
1978-05-04,174.1,174,174.9,173.9,NA
1978-05-05,174,173.6,174.3,173.3,NA
1978-05-08,172.6,173.2,173.2,172.3,NA
1978-05-09,172.8,172.9,173.9,172.6,NA
1978-05-10,174.9,173.8,175,173.6,NA
1978-05-11,174.4,177,177,174,NA
1978-05-12,174.4,175.3,175.4,174.2,NA
1978-05-15,176.6,175.1,176.7,175,NA
1978-05-16,177.6,176.8,178.1,175.4,NA
1978-05-17,177.2,177.2,178.5,176.9,NA
1978-05-18,179,177.5,179,177.4,NA
1978-05-19,178.6,179.2,179.5,178.2,NA
1978-05-22,179.9,179.2,180,178.9,NA
1978-05-23,181.8,179.8,182.2,179.7,NA
1978-05-24,179.4,180,180.7,179.3,NA
1978-05-25,180.3,179.4,180.4,178,NA
1978-05-26,179.8,179,180.1,178.5,NA
1978-05-30,186.6,185,187,184.8,NA
1978-05-31,187,187.9,188.4,186.7,NA
1978-06-01,186.7,185.5,187.3,185.5,NA
1978-06-02,185.2,187.2,188.4,185.2,NA
1978-06-05,184,185.5,185.7,183.5,NA
1978-06-06,184.3,184.1,184.7,182.5,NA
1978-06-07,182.7,184.7,185.5,182.5,NA
1978-06-08,184,185,185.1,183.9,NA
1978-06-09,183.5,183.1,184.1,182.2,NA
1978-06-12,183.3,182.9,183.7,181.9,NA
1978-06-13,185.5,184.2,185.6,184.1,NA
1978-06-14,185,186,186.4,184.7,NA
1978-06-15,185.9,184.2,186.1,184,NA
1978-06-16,187.5,186.4,187.5,186.1,NA
1978-06-19,188.3,186.6,189,186.3,NA
1978-06-20,187.7,188.9,189.3,187.6,NA
1978-06-21,187.6,188.2,189.1,187.3,NA
1978-06-22,188,187,188,186.1,NA
1978-06-23,187.4,187.5,188.6,187.3,NA
1978-06-26,186.5,187.4,187.8,186.2,NA
1978-06-27,186.5,187,187.1,185.3,NA
1978-06-28,186,187.4,187.4,185.9,NA
1978-06-29,183.9,186,186,183.6,NA
1978-06-30,183.7,184.2,184.6,182.8,NA
1978-07-03,184.8,184.5,185.2,184.2,NA
1978-07-05,184.9,185.8,185.8,184.4,NA
1978-07-06,183.9,184.2,184.2,183.2,NA
1978-07-07,186.5,185,186.6,184.7,NA
1978-07-10,187.2,187,188,186.9,NA
1978-07-11,186.6,186.7,186.7,186,NA
1978-07-12,187.2,187.1,187.5,186.7,NA
1978-07-13,186.1,187.5,188,186.1,NA
1978-07-14,186.6,186.5,186.8,185.8,NA
1978-07-17,184.8,185.6,185.8,183.9,NA
1978-07-18,186,185.1,186.2,184.6,NA
1978-07-19,187.4,186,187.8,185.7,NA
1978-07-20,192.2,188.5,192.6,188.4,NA
1978-07-21,196.3,192.2,197.5,191.8,NA
1978-07-24,193.8,196.4,197,193.5,NA
1978-07-25,195.5,193,197,192.9,NA
1978-07-26,195,196,196,192.3,NA
1978-07-27,198.2,193.8,198.5,193,NA
1978-07-28,206.9,207.2,209,205.8,NA
1978-07-31,209.8,207.8,210,206,NA
1978-08-01,207.5,214,214.3,207,NA
1978-08-02,208.4,208.9,209.9,207.4,NA
1978-08-03,205.7,209.6,209.6,205,NA
1978-08-04,209.6,206,209.8,205.8,NA
1978-08-07,213.1,209.6,213.4,208.5,NA
1978-08-08,214,213,215.6,211,NA
1978-08-09,210.8,214.3,215.1,210.6,NA
1978-08-10,215.3,210.1,215.5,209.9,NA
1978-08-11,216,216.5,218,215.5,NA
1978-08-14,220.3,219.5,220.6,218.1,NA
1978-08-15,218,219,219.2,216.1,NA
1978-08-16,217.3,219.3,221.5,216.2,NA
1978-08-17,211.7,214,214.5,211.5,NA
1978-08-18,212.7,217,217,209.5,NA
1978-08-21,212.7,209.6,213,208.4,NA
1978-08-22,209.5,212.5,212.8,209.3,NA
1978-08-23,207.1,201.5,207.7,201.5,NA
1978-08-24,204.8,206.7,207.9,204.7,NA
1978-08-25,202.6,203.1,203.9,201.9,NA
1978-08-28,202.8,203.1,204.9,202.6,NA
1978-08-29,211.4,203.8,211.5,202.5,NA
1978-08-30,211.6,210.5,212.5,208.9,NA
1978-08-31,210.6,213,213.5,210.3,NA
1978-09-01,215.5,212,215.7,211.6,NA
1978-09-05,217.6,215,218.6,213.4,NA
1978-09-06,216.5,216.5,217.7,216.2,NA
1978-09-07,211.3,215.8,216.3,211.1,NA
1978-09-08,210.2,211.3,211.8,207.6,NA
1978-09-11,210.4,209.7,211.6,208.1,NA
1978-09-12,211.5,211,212.8,210.7,NA
1978-09-13,215.6,211.5,216,211.5,NA
1978-09-14,214.2,214.6,215.7,212.6,NA
1978-09-15,214.5,215,216.9,213.5,NA
1978-09-18,219.3,213,219.3,212.5,NA
1978-09-19,214.4,215.9,218,213.8,NA
1978-09-20,219.4,217.7,219.7,217.2,NA
1978-09-21,220.1,220.5,221.3,218.8,NA
1978-09-22,222.8,218,223.3,217.5,NA
1978-09-25,221.7,221.1,224.5,221.1,NA
1978-09-26,219.7,223.5,224.6,219.2,NA
1978-09-27,222.3,220.2,222.4,215,NA
1978-09-28,221.4,221.2,223.6,220.3,NA
1978-09-29,220.9,221.3,221.6,220.1,NA
1978-10-02,223.1,220.5,223.4,220.2,NA
1978-10-03,226.4,223.5,226.6,223.4,NA
1978-10-04,227,227.6,228.2,225.6,NA
1978-10-05,227.2,227.8,228,226,NA
1978-10-06,225.5,227,227.3,225.3,NA
1978-10-09,227.1,225.9,227.3,224.5,NA
1978-10-10,227.9,229,229.7,227.8,NA
1978-10-11,230.7,230,230.8,229.5,NA
1978-10-12,226.3,230,230.5,226.1,NA
1978-10-13,226.9,228.8,228.8,226.4,NA
1978-10-16,229.6,226.4,229.7,225.2,NA
1978-10-17,231.1,231,231.9,229.7,NA
1978-10-18,230.9,232,232.8,229.2,NA
1978-10-19,227.7,228.5,229.3,227.5,NA
1978-10-20,230,230.5,231.1,229.6,NA
1978-10-23,227.8,230.5,230.5,227.6,NA
1978-10-24,229.8,227.3,230.2,226.7,NA
1978-10-25,235.5,232.4,235.7,232.1,NA
1978-10-26,236.5,235.8,238.2,234.7,NA
1978-10-27,239.4,237,239.7,235.5,NA
1978-10-30,247,244,249.4,242.8,NA
1978-10-31,240.7,246.7,246.7,237.8,NA
1978-11-01,230.7,230.7,230.7,230.7,NA
1978-11-02,220.7,220.7,223.7,220.7,NA
1978-11-03,215,213,218,212.5,NA
1978-11-06,213.2,210,213.6,209,NA
1978-11-08,218.3,223.2,223.2,218,NA
1978-11-09,208.5,215.8,216,208.3,NA
1978-11-10,210.2,209.5,210.5,205.4,NA
1978-11-13,211.2,208,212.7,207.5,NA
1978-11-14,209,211.2,212.3,208.5,NA
1978-11-15,199.1,207,207.7,199,NA
1978-11-16,199.3,195,200.1,194.2,NA
1978-11-17,200,198.5,201.8,196.7,NA
1978-11-20,198.3,198.5,200.9,197.8,NA
1978-11-21,197.9,199.7,203.5,196.7,NA
1978-11-22,201.4,198.5,201.6,197.1,NA
1978-11-24,201.4,202.6,203.6,200.3,NA
1978-11-27,196.6,199.5,199.5,196.5,NA
1978-11-28,192.6,196.2,196.8,192,NA
1978-11-29,195.4,197,202.5,195.1,NA
1978-11-30,196.4,196,197.8,194.4,NA
1978-12-01,200.1,196,200.4,195.8,NA
1978-12-04,199.9,202,203.1,199.5,NA
1978-12-05,199.1,199.4,200.8,198.4,NA
1978-12-06,200.9,198.8,201.1,197.8,NA
1978-12-07,202.2,202.3,202.6,200.7,NA
1978-12-08,207.6,204.1,207.8,203.8,NA
1978-12-11,206.2,208.5,211.6,205.5,NA
1978-12-12,208.3,204,209,203.5,NA
1978-12-13,204.6,205.6,207.5,204.4,NA
1978-12-14,207.1,206,207.7,205.4,NA
1978-12-15,208.1,208.7,210.4,206.9,NA
1978-12-18,217.6,217,218,214.8,NA
1978-12-19,223.7,219.5,224.2,215.5,NA
1978-12-20,217.6,220.4,220.5,217.6,NA
1978-12-21,217.6,214.2,217.8,213.8,NA
1978-12-22,216.7,218.4,218.7,216.2,NA
1978-12-26,221.6,217.1,221.7,216.2,NA
1978-12-27,224.8,223,226.5,222.8,NA
1978-12-28,225.1,225.5,227.5,222,NA
1978-12-29,229,226.5,229.6,226.5,NA
1979-01-02,224.1,229.1,229.7,223.7,NA
1979-01-03,223,221.8,223.2,219.5,NA
1979-01-04,226.9,224,227.9,223.7,NA
1979-01-05,224.8,226,227.4,224.6,NA
1979-01-08,226.7,224,228,223.6,NA
1979-01-09,222,226.2,226.4,221.8,NA
1979-01-10,223.4,221.5,223.6,221.3,NA
1979-01-11,218.6,222.6,223,218.4,NA
1979-01-12,219.4,218,219.6,217.5,NA
1979-01-15,220,217.5,221,216.6,NA
1979-01-16,226.3,220.5,230,220.5,NA
1979-01-17,227.4,227,231.5,226.8,NA
1979-01-18,230.8,229.3,233.7,229.3,NA
1979-01-19,232.6,232.8,233,229.8,NA
1979-01-22,231.3,235,236,231,NA
1979-01-23,233.3,230,233.6,229.5,NA
1979-01-24,238.2,235.5,238.5,235.3,NA
1979-01-25,234.5,234.6,236.3,233.2,NA
1979-01-26,235.8,234.8,236.8,234.1,NA
1979-01-29,232.2,235.7,237.5,231.8,NA
1979-01-30,238,237.2,238.1,234.9,NA
1979-01-31,236.6,238.5,239.3,235.9,NA
1979-02-01,235.2,235,235.6,232.6,NA
1979-02-02,242.5,233,243.5,232,NA
1979-02-05,250.4,244.5,251.5,244.5,NA
1979-02-06,247,246.8,252.5,246,NA
1979-02-07,257,257,257,254.1,NA
1979-02-08,247,256.5,256.8,247,NA
1979-02-09,247.3,250,251.1,240,NA
1979-02-12,248.6,251,251.2,245.5,NA
1979-02-13,241.9,244,245.9,240.5,NA
1979-02-14,249,242,251.5,241.5,NA
1979-02-15,248,249,253.3,247.5,NA
1979-02-16,250.6,249.8,252.5,248.5,NA
1979-02-20,252.7,249,255,248.5,NA
1979-02-21,252.6,252.5,254.8,251.2,NA
1979-02-22,253.8,254,258.8,253,NA
1979-02-23,255.7,255,257,253.7,NA
1979-02-26,247.7,253.5,254.3,246.7,NA
1979-02-27,251.2,249,252.5,248.5,NA
1979-02-28,252.9,254,257,252,NA
1979-03-01,252,250.7,252.9,249.8,NA
1979-03-02,243.2,249.5,250.6,242,NA
1979-03-05,236.7,240,240,235,NA
1979-03-06,239.7,241,241.3,238.7,NA
1979-03-07,242.5,242.4,243.4,237.8,NA
1979-03-08,240.1,240,240.7,239.1,NA
1979-03-09,241.6,241.1,242.7,241,NA
1979-03-12,240.2,241.6,242.8,237.8,NA
1979-03-13,240.3,239,241.7,238,NA
1979-03-14,240.3,240,241.2,239,NA
1979-03-15,244,240,246,239.4,NA
1979-03-16,243.7,244,245.6,243.4,NA
1979-03-19,244.1,242.5,244.2,242.5,NA
1979-03-20,239.5,242.8,244.7,239.1,NA
1979-03-21,243,240.3,243,240,NA
1979-03-22,242.1,243.4,244,241.1,NA
1979-03-23,241.8,243,244.5,241.4,NA
1979-03-26,246.2,247,247.5,245.4,NA
1979-03-27,242.8,243,244.3,242.4,NA
1979-03-28,242.3,244.2,244.8,242.3,NA
1979-03-29,243.9,245.5,246,242.5,NA
1979-03-30,243.8,244,244,241,NA
1979-04-02,243.8,243.8,244.7,242.6,NA
1979-04-03,242.8,243.2,244.4,242,NA
1979-04-04,245.3,243.3,246,241.3,NA
1979-04-05,243.5,244.3,245.2,243.1,NA
1979-04-06,244.3,243,244.4,241.8,NA
1979-04-09,243.2,243.7,244.5,242.7,NA
1979-04-10,242.4,243.2,243.4,241.8,NA
1979-04-11,235.3,240.7,241,235,NA
1979-04-12,235.6,236,236.5,234.9,NA
1979-04-16,233.1,235,235.4,231.8,NA
1979-04-17,235.6,234,235.9,233,NA
1979-04-18,242.5,235.6,243,235.5,NA
1979-04-19,240.5,243,244.3,239.3,NA
1979-04-20,239,238.5,239.9,237.5,NA
1979-04-23,243.8,238.7,243.9,237.8,NA
1979-04-24,244.2,242.4,244.8,241.2,NA
1979-04-25,245.4,244,246.8,243.9,NA
1979-04-26,245.1,245,246.3,244.2,NA
1979-04-27,248.6,246.5,248.8,246.4,NA
1979-04-30,249.2,246.3,250.7,246.2,NA
1979-05-01,247.8,250,250.5,247.6,NA
1979-05-02,248.5,248,249.8,247.9,NA
1979-05-03,249.5,248,249.6,247.7,NA
1979-05-04,250.3,249.5,251.5,249,NA
1979-05-07,251.7,252,253.8,251.5,NA
1979-05-08,247.7,250.7,251,246.1,NA
1979-05-09,252.3,248.7,252.5,248.2,NA
1979-05-10,252.6,254,255.3,252.3,NA
1979-05-11,249.8,253.6,253.8,249.1,NA
1979-05-14,254.2,252.7,254.4,251.9,NA
1979-05-15,255.8,257,257.9,255.5,NA
1979-05-16,258.7,258.1,258.9,255,NA
1979-05-17,259.7,259.5,260,257.3,NA
1979-05-18,260,258,260.5,257,NA
1979-05-21,267.5,264,268.2,262.7,NA
1979-05-22,265.8,268,268.5,265.3,NA
1979-05-23,264.7,264.8,267,263.5,NA
1979-05-24,265.6,264,266.2,263.6,NA
1979-05-25,270.5,271,271.9,269,NA
1979-05-29,269.6,274,276.5,264.5,NA
1979-05-30,276.3,274.4,278.6,272.5,NA
1979-05-31,281.1,281.5,282,277.6,NA
1979-06-01,276.9,280.5,280.6,275,NA
1979-06-04,279.9,275.8,280.5,275.3,NA
1979-06-05,283.9,280,284.4,278.7,NA
1979-06-06,284.3,284.4,285,282.5,NA
1979-06-07,281.6,278.6,281.9,278,NA
1979-06-08,284.6,282.2,286.1,282.1,NA
1979-06-11,284.6,286,286.7,284.1,NA
1979-06-12,279.4,281,282.3,278.4,NA
1979-06-13,283,278.4,283.4,278.4,NA
1979-06-14,281.1,282,283.8,280.8,NA
1979-06-15,283.1,283,283.9,282.2,NA
1979-06-18,281.2,281.8,281.8,279.5,NA
1979-06-19,285,282.2,285.2,282,NA
1979-06-20,282.6,283.5,285.7,282.4,NA
1979-06-21,284.5,284.5,286.3,283.7,NA
1979-06-22,284.6,285.8,287.5,284,NA
1979-06-25,286.5,287,287.3,285.1,NA
1979-06-26,281.9,284,284.4,280,NA
1979-06-27,280,283.7,284.3,279.5,NA
1979-06-28,280.3,280.9,280.9,275.5,NA
1979-06-29,283.8,278.5,284.3,278.3,NA
1979-07-02,284,284.3,285.6,282.3,NA
1979-07-03,285.8,283.9,285.9,282.9,NA
1979-07-05,292.8,290,293.1,289.3,NA
1979-07-06,290.9,292,292.8,287.9,NA
1979-07-09,293,290.1,293.5,288.5,NA
1979-07-10,292.3,292.1,293.4,291.3,NA
1979-07-11,293.2,291.8,293.4,290.6,NA
1979-07-12,291.2,292,293.6,290.5,NA
1979-07-13,290.8,287,291,286.5,NA
1979-07-16,297,292.8,297.7,292.5,NA
1979-07-17,299,297.8,300,296.7,NA
1979-07-18,301.8,304,304,300.5,NA
1979-07-19,301.4,300.8,301.7,298.9,NA
1979-07-20,302.5,298.5,302.8,298.2,NA
1979-07-23,305.7,304.5,306.8,304,NA
1979-07-24,307.1,307.8,307.8,304.5,NA
1979-07-25,304.9,303.5,305.1,303.1,NA
1979-07-26,305.6,306,307.1,304,NA
1979-07-27,305.9,306.3,306.9,305.2,NA
1979-07-30,307.3,314.6,314.8,307.3,NA
1979-07-31,297.3,307,309.8,297.3,NA
1979-08-01,300.9,299,302.4,295,NA
1979-08-02,295.5,301,301.5,293,NA
1979-08-03,295.8,296,297.4,295.2,NA
1979-08-06,290.4,292,292,288,NA
1979-08-07,294.2,292,294.4,291.3,NA
1979-08-08,303,296,304,295.8,NA
1979-08-09,309.1,306.5,311.4,304.8,NA
1979-08-10,312.7,310.1,314.5,308,NA
1979-08-13,305.8,310,310,303.1,NA
1979-08-14,308.8,299.8,310.9,298.5,NA
1979-08-15,309.6,309,312.9,306.6,NA
1979-08-16,310.2,306.5,310.5,305.5,NA
1979-08-17,307.3,309,311,307,NA
1979-08-20,307,305.3,308.3,305.3,NA
1979-08-21,316.2,308.8,316.7,308.4,NA
1979-08-22,320.4,320,322.7,317.5,NA
1979-08-23,324.7,319.5,324.9,318.1,NA
1979-08-24,320.7,324,326,320.5,NA
1979-08-27,323.9,322,324.5,321.1,NA
1979-08-28,326.8,326,327.5,322.5,NA
1979-08-29,326,324.8,327,324.5,NA
1979-08-30,329.2,328,330,328,NA
1979-08-31,326.7,324,327.9,321,NA
1979-09-04,330.6,334,335.4,330.5,NA
1979-09-05,340.6,340,340.6,335.9,NA
1979-09-06,339,346.5,348,330.6,NA
1979-09-07,346.3,337,347,334,NA
1979-09-10,348.9,347,349.5,342.5,NA
1979-09-11,346,346.8,349.8,345.3,NA
1979-09-12,343.3,344.5,347,341.5,NA
1979-09-13,352.9,340.5,353.3,340,NA
1979-09-14,354.4,354,359.2,352.9,NA
1979-09-17,364.4,360.5,364.4,359,NA
1979-09-18,374.4,374.4,374.4,374.4,NA
1979-09-19,384.8,379,385.5,366,NA
1979-09-20,381.5,387,396.8,375,NA
1979-09-21,384.2,378,389,370.5,NA
1979-09-24,383.2,388,391.8,381,NA
1979-09-25,381,382,388.5,377.5,NA
1979-09-26,389,379,391,378.7,NA
1979-09-27,408,396,409,396,NA
1979-09-28,404.5,409,409,403,NA
1979-10-01,424.5,416.5,424.5,414,NA
1979-10-02,421,444.5,444.5,404.5,NA
1979-10-03,402.5,413,417.5,401,NA
1979-10-04,382.5,395,395,382.5,NA
1979-10-05,393,379.5,396.2,379,NA
1979-10-08,374.5,378,383.8,373,NA
1979-10-09,399.5,390,399.5,389,NA
1979-10-10,424.5,420,424.5,414.1,NA
1979-10-11,396,400,414,394,NA
1979-10-12,404,401,407.9,396.5,NA
1979-10-15,407,410,413,402,NA
1979-10-16,396,407,407,384,NA
1979-10-17,393,389.5,394,377,NA
1979-10-18,393.5,383,394.5,381,NA
1979-10-19,400,396,405,396,NA
1979-10-22,396.8,402,403,393,NA
1979-10-23,392.5,392,394.8,387.5,NA
1979-10-24,402.5,396,405.5,396,NA
1979-10-25,394.7,394.7,394.7,394.7,NA
1979-10-26,377.7,382,382.8,375,NA
1979-10-29,379.5,377,381,375.5,NA
1979-10-30,383.5,380,387.3,380,NA
1979-10-31,385.7,385,388.5,384.5,NA
1979-11-01,372,381.5,389,365,NA
1979-11-02,378.5,375,379,373,NA
1979-11-05,383.3,384,387.3,382.7,NA
1979-11-06,397.5,388.5,399,388,NA
1979-11-07,396,401.5,403.5,392.5,NA
1979-11-08,394,395,395.8,389.5,NA
1979-11-09,391.2,394.5,399.5,391.2,NA
1979-11-12,397,396,399.5,394.5,NA
1979-11-13,387,392,392,385,NA
1979-11-14,392.4,394,395,391.5,NA
1979-11-15,388.3,389,389,385.7,NA
1979-11-16,391.2,392.5,394.3,390.3,NA
1979-11-19,388.7,393,394,388.5,NA
1979-11-20,393.5,390,397.5,388.3,NA
1979-11-21,394.2,400,400,392.5,NA
1979-11-23,394.6,392.2,395.4,392.2,NA
1979-11-26,390.8,396.5,397.5,390,NA
1979-11-27,398.2,395,398.5,393.8,NA
1979-11-28,411,407,413.5,406,NA
1979-11-29,419.5,422,426,419,NA
1979-11-30,430.5,426,432.8,425.8,NA
1979-12-03,443.7,440,444.5,439,NA
1979-12-04,438.5,441,443.3,436,NA
1979-12-05,444,435.5,444.5,435,NA
1979-12-06,436.7,446,447.8,436,NA
1979-12-07,436,438.8,443,433,NA
1979-12-10,446,440.5,447,439,NA
1979-12-11,460,457,461,453.8,NA
1979-12-12,459.3,459,463.2,455.7,NA
1979-12-13,472,467,474.5,466.5,NA
1979-12-14,474.5,470,478,464.5,NA
1979-12-17,479,480.5,483.3,478,NA
1979-12-18,492,488,492.5,485.5,NA
1979-12-19,480,500,500.3,467,NA
1979-12-20,481,485,485.5,475,NA
1979-12-21,495.5,479.5,495.5,469,NA
1979-12-26,514.3,496,515,495.8,NA
1979-12-27,523.5,522,530,517,NA
1979-12-28,525,525,527.5,512,NA
1979-12-31,541,535,543,533,NA
1980-01-02,566,566,566,566,NA
1980-01-03,591,591,591,591,NA
1980-01-04,611,589,626.5,574,NA
1980-01-07,634,627,636,618,NA
1980-01-08,609,618,623,609,NA
1980-01-09,605,607,619,604,NA
1980-01-10,603,608,610,597,NA
1980-01-11,628,620,628,620,NA
1980-01-14,653,653,653,653,NA
1980-01-15,690.5,690.5,690.5,680,NA
1980-01-16,740.5,740.5,740.5,740.5,NA
1980-01-17,790.5,722,790.5,720,NA
1980-01-18,823,815,840.5,815,NA
1980-01-21,834,873,873,815,NA
1980-01-22,784,784,784,784,NA
1980-01-23,734,734,740,734,NA
1980-01-24,684,710,723,684,NA
1980-01-25,635,688,697,634,NA
1980-01-28,639,635,645,607,NA
1980-01-29,702,700,704,664,NA
1980-01-30,681,702,726,680,NA
1980-01-31,704,681,708,658,NA
1980-02-01,704,700,715,688,NA
1980-02-04,677,691,695,673,NA
1980-02-05,702,683,702,683,NA
1980-02-06,727,727,727,727,NA
1980-02-07,710,720,728,708,NA
1980-02-08,717.5,717,722,708.5,NA
1980-02-11,726,742.5,742.5,725,NA
1980-02-12,718.5,723,727,715,NA
1980-02-13,709,717,721,699,NA
1980-02-14,690.5,706,709,684,NA
1980-02-15,680.5,691,693.5,673,NA
1980-02-19,655.5,678,678,655.5,NA
1980-02-20,673,630.5,675,630.5,NA
1980-02-21,666.5,669,683,655,NA
1980-02-22,641.5,651,656,641.5,NA
1980-02-25,659,635,666.5,617,NA
1980-02-26,635.5,654,656,634,NA
1980-02-27,639,640,657,634,NA
1980-02-28,650.5,659,660,645,NA
1980-02-29,640,645,655,637,NA
1980-03-03,641,643,647,625.5,NA
1980-03-04,651.5,638,654.5,636,NA
1980-03-05,643,655,660,640,NA
1980-03-06,618,633,636,618,NA
1980-03-07,605,607,621,599,NA
1980-03-10,567.5,599,600,567.5,NA
1980-03-11,570.5,560,575,557,NA
1980-03-12,581.5,583,591,576,NA
1980-03-13,544,555,559.5,544,NA
1980-03-14,530,523,543,516,NA
1980-03-17,480,485,495,480,NA
1980-03-18,488.5,472,494,463,NA
1980-03-19,538.5,530,538.5,513,NA
1980-03-20,538.5,556,565,536,NA
1980-03-21,565,528,569,520.2,NA
1980-03-24,549,560,572,532,NA
1980-03-25,529,548,548,523,NA
1980-03-26,504,504,509.5,504,NA
1980-03-27,463,480,481,453,NA
1980-03-28,525,500,533.5,491,NA
1980-03-31,519,505.1,530,504,NA
1980-04-01,515,525,528.5,504,NA
1980-04-02,506,516,517,499,NA
1980-04-03,501.5,495,503,483,NA
1980-04-07,526.5,505,526.5,502,NA
1980-04-08,551.5,538,551.5,535,NA
1980-04-09,550,567,570,546,NA
1980-04-10,544.5,538,556.5,535,NA
1980-04-11,544,545,547,535,NA
1980-04-14,519.5,542,542,519,NA
1980-04-15,530,505,534,501,NA
1980-04-16,516,534.5,547,514,NA
1980-04-17,522,522,527,511,NA
1980-04-18,520,526.5,527,518,NA
1980-04-21,497,512,515,495,NA
1980-04-22,510,510,516,506,NA
1980-04-23,515,515,518,512.5,NA
1980-04-24,538,523,539,522,NA
1980-04-25,547,563,563,537,NA
1980-04-28,522,535,536,522,NA
1980-04-29,529,524,535,517,NA
1980-04-30,507,525,525,504,NA
1980-05-01,520,500,521,482,NA
1980-05-02,516,515,526.5,511,NA
1980-05-05,523,524.5,524.5,516,NA
1980-05-06,510,517,517,508,NA
1980-05-07,517,508,522,506,NA
1980-05-08,512.5,519.5,521,512,NA
1980-05-09,515.7,509,516.5,504.5,NA
1980-05-12,510,514,518,509,NA
1980-05-13,520,515,523,512.7,NA
1980-05-14,524.5,525,530,522.5,NA
1980-05-15,514.5,518,521,511.2,NA
1980-05-16,514.8,517,519.5,513.5,NA
1980-05-19,511,516,516.3,505,NA
1980-05-20,512,508,512.5,502.5,NA
1980-05-21,506.5,513,516.5,505.5,NA
1980-05-22,515,500,517,495,NA
1980-05-23,510,512,515.5,509,NA
1980-05-27,524,513.6,525,513.5,NA
1980-05-28,519.2,524,527.5,516,NA
1980-05-29,537.5,529,538.5,526.5,NA
1980-05-30,555,542,562.5,541,NA
1980-06-02,576.5,580,580,566.5,NA
1980-06-03,569,564,572,560,NA
1980-06-04,592.5,582,594,581,NA
1980-06-05,597,595,611,588.5,NA
1980-06-06,616,607,617.5,604,NA
1980-06-09,633.5,634,640,630.5,NA
1980-06-10,608.5,616,617.5,608.5,NA
1980-06-11,594.5,600,616,593,NA
1980-06-12,609,593.5,611,593,NA
1980-06-13,613,619.5,621,610,NA
1980-06-16,598,606,606.5,597,NA
1980-06-17,606.5,597,608.5,597,NA
1980-06-18,603,608.5,617,602,NA
1980-06-19,613,606.5,614,603,NA
1980-06-20,609.5,614,615,608.5,NA
1980-06-23,610,603.8,611,602,NA
1980-06-24,624,606,625,606,NA
1980-06-25,623.5,631,635.5,622,NA
1980-06-26,633,631,635,627,NA
1980-06-27,657.5,647,658,643.5,NA
1980-06-30,654,665,666,652.5,NA
1980-07-01,676,670,677,665.5,NA
1980-07-02,667.5,674.5,674.5,662,NA
1980-07-03,676,664,680.5,663,NA
1980-07-07,684,671,690,670,NA
1980-07-08,678.5,694,696,677,NA
1980-07-09,666.5,682,683,662,NA
1980-07-10,672,668,674,653,NA
1980-07-11,670.5,668,676,667,NA
1980-07-14,645.5,649,656,645.5,NA
1980-07-15,620.5,620.5,624.5,620.5,NA
1980-07-16,628.5,630,632,622,NA
1980-07-17,620.2,632,632,619,NA
1980-07-18,614,609,617.1,604,NA
1980-07-21,613.5,622,622,611.5,NA
1980-07-22,638,610,638.5,609,NA
1980-07-23,631.5,634,647,627,NA
1980-07-24,639.5,635,647.5,633,NA
1980-07-25,653,651,655,648,NA
1980-07-28,648,641,650,639,NA
1980-07-29,637.5,645,651,637,NA
1980-07-30,636,658.5,660,636,NA
1980-07-31,642,639,645,625,NA
1980-08-01,640,643,645,636,NA
1980-08-04,650,645.5,652.5,645,NA
1980-08-05,649.5,657,657,643,NA
1980-08-06,654,651,655,645.5,NA
1980-08-07,656,652,657.5,647.5,NA
1980-08-08,647,651,654.9,646,NA
1980-08-11,623,633,637.5,622,NA
1980-08-12,633,623,636,620,NA
1980-08-13,635,635,637,627,NA
1980-08-14,647.4,638,648,636.5,NA
1980-08-15,635,643.5,646,634,NA
1980-08-18,640.5,625,642,622.5,NA
1980-08-19,642,644,646,638,NA
1980-08-20,667,648,667,646,NA
1980-08-21,659,661,670.5,657.5,NA
1980-08-22,658,654,662,654,NA
1980-08-25,643.3,655,656.5,642,NA
1980-08-26,651,649,652.5,647,NA
1980-08-27,653.5,654,658,652.5,NA
1980-08-28,654,658,658,650,NA
1980-08-29,656,653,657,650.2,NA
1980-09-02,660,656,664,656,NA
1980-09-03,658,657,660.5,656,NA
1980-09-04,673,661,675,661,NA
1980-09-05,670,677,678,669,NA
1980-09-08,695,690,695,689.5,NA
1980-09-09,693.5,697,698.5,689.5,NA
1980-09-10,703.5,710,716,701,NA
1980-09-11,713.5,696,717,696,NA
1980-09-12,704,718,720,702,NA
1980-09-15,685,696,696,680,NA
1980-09-16,700,688,701,685.5,NA
1980-09-17,692,702,704,691,NA
1980-09-18,693,693,696.5,688.5,NA
1980-09-19,708,693,709,693,NA
1980-09-22,733,729,733,727,NA
1980-09-23,731.5,735,748.5,728.5,NA
1980-09-24,729.5,735,736.5,723.5,NA
1980-09-25,728.5,710,730,710,NA
1980-09-26,703.5,722,724,703.5,NA
1980-09-29,678.5,703,703,678.5,NA
1980-09-30,688.5,683,689.5,678,NA
1980-10-01,696.5,699,700,693.1,NA
1980-10-02,685,689,689,673,NA
1980-10-03,684.5,675,686,669,NA
1980-10-06,693.5,688,698,686.5,NA
1980-10-07,688,689,696,686,NA
1980-10-08,690,688,692.5,686,NA
1980-10-09,699.5,700,708.5,697,NA
1980-10-10,700,698,701.5,695.5,NA
1980-10-13,691.7,696,696.5,686,NA
1980-10-14,691.5,676,692,675,NA
1980-10-15,686,687,694,685,NA
1980-10-16,677.5,684,688.5,676,NA
1980-10-17,665,679.5,682,661,NA
1980-10-20,667,668,669,653,NA
1980-10-21,668,663,671,657,NA
1980-10-22,660,670,673.5,659,NA
1980-10-23,635,648,650,635,NA
1980-10-24,639,636,642,634,NA
1980-10-27,640.5,641,644.5,633.5,NA
1980-10-28,642,640,643,635,NA
1980-10-29,645,651,652.5,644,NA
1980-10-30,647.5,649,651,646.2,NA
1980-10-31,642,638,644,627,NA
1980-11-03,655,640,658.9,640,NA
1980-11-05,643,664,665,641,NA
1980-11-06,618,638,639,618,NA
1980-11-07,607,593,611,593,NA
1980-11-10,609.5,617,618.5,607,NA
1980-11-11,617,601,618,594,NA
1980-11-12,618.5,616,626,612.5,NA
1980-11-13,611,623,626.5,610,NA
1980-11-14,621,613,622.5,608,NA
1980-11-17,617,612,620,610,NA
1980-11-18,621.5,619,624.9,618,NA
1980-11-19,634,636,636,629,NA
1980-11-20,645,634,646,630.5,NA
1980-11-21,638.5,638.5,645,636.2,NA
1980-11-24,618,631,634,614,NA
1980-11-25,628,608,630.5,608,NA
1980-11-26,622.6,627.5,631.5,617.5,NA
1980-11-28,644.5,640,645.5,636.5,NA
1980-12-01,647,656,658,645.8,NA
1980-12-02,641.5,650,650.5,638.5,NA
1980-12-03,647.3,647,649.5,644.2,NA
1980-12-04,639.5,653,653,639,NA
1980-12-05,638,635,640.5,627,NA
1980-12-08,630.4,631,635.5,628,NA
1980-12-09,608,621,624.5,606.5,NA
1980-12-10,583,608,612,583,NA
1980-12-11,558,571.5,573,558,NA
1980-12-12,587,562,590.5,560,NA
1980-12-15,587.5,582.9,596,581,NA
1980-12-16,580,576,581.5,563,NA
1980-12-17,588,585,599.5,583,NA
1980-12-18,583,586,590,580.5,NA
1980-12-19,607.5,586.5,608,584,NA
1980-12-22,604,606,615,597.5,NA
1980-12-23,616,610,619,607,NA
1980-12-24,617,614,618,611,NA
1980-12-29,595,608,610,593.5,NA
1980-12-30,595,596,599,586,NA
1980-12-31,599.5,596,604.9,593,NA
1981-01-02,594.5,593.5,595.5,587,NA
1981-01-05,601.5,600.5,612,599.5,NA
1981-01-06,605,609,610.5,600,NA
1981-01-07,580,590,593.5,580,NA
1981-01-08,577.5,578,583.5,572.5,NA
1981-01-09,581,582,585,570,NA
1981-01-12,566.5,564,567.5,559,NA
1981-01-13,565.5,570,570,563,NA
1981-01-14,573.5,557,574,555,NA
1981-01-15,562,570.5,577.8,561,NA
1981-01-16,567.5,560,574,558,NA
1981-01-19,565.5,559,573,559,NA
1981-01-20,571,564,573.5,561.5,NA
1981-01-21,568,580,581,566.5,NA
1981-01-22,557,565,567.1,551,NA
1981-01-23,552.5,552,556.5,548,NA
1981-01-26,527.5,527.5,531,527.5,NA
1981-01-27,520.5,522,528,514.5,NA
1981-01-28,507,522.5,524.8,505,NA
1981-01-29,529,508.5,530,498,NA
1981-01-30,512.5,517,527,510,NA
1981-02-02,492.5,505,508,490,NA
1981-02-03,505,496.5,509,494,NA
1981-02-04,500,518,521,494,NA
1981-02-05,510,509,512,497,NA
1981-02-06,514,513,518,505,NA
1981-02-09,527.5,524,528,519,NA
1981-02-10,517.5,529.5,530.5,517,NA
1981-02-11,507,507,510,503.5,NA
1981-02-12,504,497,505,490,NA
1981-02-13,501,499,506,494,NA
1981-02-17,507,509,516,505,NA
1981-02-18,500.5,512,513,498,NA
1981-02-19,515.5,514,517.5,506.8,NA
1981-02-20,514.5,522,522,512.5,NA
1981-02-23,505,513,514,500.5,NA
1981-02-24,511,508,511.5,505.5,NA
1981-02-25,504,508.5,510,501.5,NA
1981-02-26,499,495,500,492.2,NA
1981-02-27,486.5,491,497,485,NA
1981-03-02,465,471,472,462.5,NA
1981-03-03,476,469.5,478,468.2,NA
1981-03-04,461,474,476,453,NA
1981-03-05,466.5,457,469,455,NA
1981-03-06,467,464,474.8,461.8,NA
1981-03-09,475,475,480,472,NA
1981-03-10,485.5,490,495,481,NA
1981-03-11,478,477.5,479,472.7,NA
1981-03-12,485,479,485.5,477.5,NA
1981-03-13,488.5,494,497.3,487.5,NA
1981-03-16,495.5,502,504,493.5,NA
1981-03-17,509,498,511,490.5,NA
1981-03-18,508.5,508,516,505.5,NA
1981-03-19,512,509,513,505,NA
1981-03-20,537,511,537,510,NA
1981-03-23,527,531,541,519.5,NA
1981-03-24,536.5,531,544.5,529.5,NA
1981-03-25,532,535,536,527,NA
1981-03-26,545,534,554,532,NA
1981-03-27,529.3,541,543,524,NA
1981-03-30,524.5,538,538,518,NA
1981-03-31,525.5,525.5,527,515,NA
1981-04-01,528,524,531.5,521,NA
1981-04-02,528.5,532,532.8,525.5,NA
1981-04-03,532.5,532,536.5,531,NA
1981-04-06,538,545,545.5,536.5,NA
1981-04-07,522.5,524,526.8,517,NA
1981-04-08,524.5,518,525.5,517,NA
1981-04-09,501.5,516,517,500.5,NA
1981-04-10,496,503,505,494,NA
1981-04-13,487,479,488,476,NA
1981-04-14,492,492,495.5,488.5,NA
1981-04-15,482.3,484,485,480.5,NA
1981-04-16,495.5,490,498,488.5,NA
1981-04-20,495.7,489,497,479.5,NA
1981-04-21,497.5,488,501,487,NA
1981-04-22,496,508,509,494.5,NA
1981-04-23,498,496,501,492.5,NA
1981-04-24,491.3,500,504,490,NA
1981-04-27,491,493.5,493.5,486.5,NA
1981-04-28,489.8,486,491.5,485,NA
1981-04-29,484.5,479,485,478,NA
1981-04-30,489,487,490,481,NA
1981-05-01,496,488,497.5,487,NA
1981-05-04,486.5,486,488,481.5,NA
1981-05-05,486.5,478,487.5,478,NA
1981-05-06,484.5,489.5,489.5,483,NA
1981-05-07,487,481,487.5,480,NA
1981-05-08,496.5,489,497.5,488.6,NA
1981-05-11,488,502.5,503,487,NA
1981-05-12,491.5,488.5,492.5,482,NA
1981-05-13,482,490,490,481,NA
1981-05-14,486.5,480,487.5,475,NA
1981-05-15,479.5,486,489,478,NA
1981-05-18,485,485,486.5,477.2,NA
1981-05-19,478.5,484,484.5,477.5,NA
1981-05-20,482.5,479,483,477,NA
1981-05-21,468,474,476.3,466,NA
1981-05-22,471,471,473.3,467.8,NA
1981-05-26,465.5,465,470.3,464,NA
1981-05-27,469.7,465,472.5,464,NA
1981-05-28,494.5,488,495,486.5,NA
1981-05-29,492.5,493,494.8,490.7,NA
1981-06-01,487.5,495.5,497.5,485.5,NA
1981-06-02,487,485,489,483.5,NA
1981-06-03,481.5,487,488.2,480.5,NA
1981-06-04,476,473,478,469,NA
1981-06-05,462.5,472,473.4,461.5,NA
1981-06-08,473,472,487.5,470,NA
1981-06-09,469,474,475.5,464.8,NA
1981-06-10,477,472,478,472,NA
1981-06-11,476,473,476.5,472,NA
1981-06-12,476,480,484.8,474.5,NA
1981-06-15,472,484,485,471,NA
1981-06-16,472.5,474,475,469.5,NA
1981-06-17,469,470,473,468,NA
1981-06-18,467,467,468.5,465.5,NA
1981-06-19,467.5,465.5,469,464.5,NA
1981-06-22,472.3,470,473.5,468.8,NA
1981-06-23,471.2,474.5,475.5,469.5,NA
1981-06-24,460.5,469,469.7,460,NA
1981-06-25,451,460,460,444.5,NA
1981-06-26,447,446,451.5,443,NA
1981-06-29,432,434,435.5,429.5,NA
1981-06-30,428.5,427,432.5,427,NA
1981-07-01,419,426.5,431.5,417.5,NA
1981-07-02,416.5,418.8,421.5,412,NA
1981-07-06,404,407,409.5,398.5,NA
1981-07-07,409.5,410,412.5,406,NA
1981-07-08,407,402.5,408,397,NA
1981-07-09,415.5,409.5,417.5,407,NA
1981-07-10,422,419,423.5,418,NA
1981-07-13,409,419,419.5,408,NA
1981-07-14,414.5,406.5,416.5,402.2,NA
1981-07-15,414,413,421.5,411.5,NA
1981-07-16,417.5,421,422.5,415.5,NA
1981-07-17,420,418,426,415.5,NA
1981-07-20,411,417,417.5,409.5,NA
1981-07-21,411.5,406.5,412.5,406,NA
1981-07-22,408,410,414,407.2,NA
1981-07-23,408.7,410,411.5,406.5,NA
1981-07-24,408.2,407,409.5,406,NA
1981-07-27,402,402,415,401.3,NA
1981-07-28,406.5,402,407.7,398,NA
1981-07-29,403.5,405,409,403,NA
1981-07-30,424.4,421,425.4,419,NA
1981-07-31,423.2,424.5,426.4,421.7,NA
1981-08-03,406.5,411,412,406,NA
1981-08-04,408.5,408,409.3,405,NA
1981-08-05,409.3,410,410.5,407.8,NA
1981-08-06,418.2,411,418.5,409.7,NA
1981-08-07,414.8,414,418.2,413,NA
1981-08-10,415.5,411,417,410,NA
1981-08-11,429,417,429.5,415.5,NA
1981-08-12,423,434,439.3,422,NA
1981-08-13,429,427,429.5,422.6,NA
1981-08-14,430.5,435,438,428,NA
1981-08-17,433,432,433.8,428.5,NA
1981-08-18,455.5,442,456.5,436.2,NA
1981-08-19,456,455,463,450.5,NA
1981-08-20,448,452,453,444.5,NA
1981-08-21,452.5,449.5,455,448,NA
1981-08-24,433,446,447,432.5,NA
1981-08-25,427.5,424,430.5,423,NA
1981-08-26,430.5,435,437,430,NA
1981-08-27,436,432,439.7,427.5,NA
1981-08-28,445,444,448.5,442,NA
1981-08-31,443.5,450,450,439,NA
1981-09-01,444.7,441,446,437.5,NA
1981-09-02,452.5,449,454.5,446,NA
1981-09-03,462.5,454.5,463.3,451.5,NA
1981-09-04,455.5,458.5,460.2,453,NA
1981-09-08,448.5,458,459,447.5,NA
1981-09-09,463.5,451,466.5,450,NA
1981-09-10,464.5,466,474,462.8,NA
1981-09-11,470,466.9,472.5,463.8,NA
1981-09-14,476.4,473,477.5,463.7,NA
1981-09-15,469,473,476,468,NA
1981-09-16,466,465,472.5,462.5,NA
1981-09-17,456.5,472,476,453.5,NA
1981-09-18,465,461,465.5,459,NA
1981-09-21,482,473,482.5,472,NA
1981-09-22,475,475,478.3,471,NA
1981-09-23,469.5,470.5,470.5,466,NA
1981-09-24,459.5,462,464.8,455.5,NA
1981-09-25,441.5,461,464.2,437,NA
1981-09-28,441.8,433,443.5,428,NA
1981-09-29,441.5,444,445.5,438,NA
1981-09-30,443,439,443.5,435.8,NA
1981-10-01,440,446,448.3,438.5,NA
1981-10-02,447.5,444,450,443,NA
1981-10-05,445.5,452,454,442.5,NA
1981-10-06,461.5,449,469,445,NA
1981-10-07,453.5,458.5,458.5,451.5,NA
1981-10-08,457.5,450.5,458.5,449.5,NA
1981-10-09,457,462.5,464.5,455.8,NA
1981-10-12,452,458,459.5,451.5,NA
1981-10-13,456,452,457,448.2,NA
1981-10-14,452,451.5,456.6,449.5,NA
1981-10-15,450.2,455,455,447.5,NA
1981-10-16,447.5,450.5,452.4,447,NA
1981-10-19,442.7,445.5,445.5,441,NA
1981-10-20,437.5,443,444.3,437,NA
1981-10-21,438,438,439,433,NA
1981-10-22,439.2,439,439.5,435.5,NA
1981-10-23,436,438,438.5,433.5,NA
1981-10-26,429.8,432.5,432.5,428.5,NA
1981-10-27,435.3,432,436,430.6,NA
1981-10-28,428,436.5,437,426.5,NA
1981-10-29,433.3,431,435,427.5,NA
1981-10-30,431.2,433,436.5,429.5,NA
1981-11-02,432.5,432,436,430.5,NA
1981-11-03,434.2,431.5,434.5,430.5,NA
1981-11-04,433.3,434,435.3,431.5,NA
1981-11-05,431.2,431,432.8,430.3,NA
1981-11-06,430.9,430.5,432.2,429.8,NA
1981-11-09,423.5,433,433,421,NA
1981-11-10,414.5,423,424,413,NA
1981-11-11,412.1,412,414.5,407,NA
1981-11-12,414,414,417,409.2,NA
1981-11-13,415.2,414,416.3,412.1,NA
1981-11-16,401.4,403.5,406,400,NA
1981-11-17,405,398,406,396.5,NA
1981-11-18,398,406,406.5,397,NA
1981-11-19,400.5,401,402,395.5,NA
1981-11-20,398,401,404,397.5,NA
1981-11-23,394,396,397,392.5,NA
1981-11-24,401.8,398,402.5,397,NA
1981-11-25,412.5,407.5,413,407.5,NA
1981-11-27,419.8,419,420.5,417.3,NA
1981-11-30,413.3,421,422,411.5,NA
1981-12-01,412,407,412.5,406,NA
1981-12-02,429,410.5,429.5,410.5,NA
1981-12-03,428,425,430,420.5,NA
1981-12-04,429,431.5,437,428,NA
1981-12-07,424,423.7,427,421.2,NA
1981-12-08,415.8,421.2,427.5,415,NA
1981-12-09,416.8,414,417.5,411,NA
1981-12-10,413.5,413,416.5,408.5,NA
1981-12-11,412.5,415,418.5,411.5,NA
1981-12-14,419.5,426.5,428,419,NA
1981-12-15,423,420,423.5,418.2,NA
1981-12-16,428.3,424,429,421.6,NA
1981-12-17,422.3,423.5,426.5,421.2,NA
1981-12-18,418.2,421.3,423.6,417,NA
1981-12-21,405.8,416.1,418.5,405,NA
1981-12-22,408.4,407.5,410,402,NA
1981-12-23,408,405.5,408.5,403.2,NA
1981-12-24,406.3,409,409.4,406,NA
1981-12-28,397.2,404,405,396.5,NA
1981-12-29,399,399,399.5,397.1,NA
1981-12-30,403,399,403.8,398.5,NA
1981-12-31,402.8,403.5,406,401.8,NA
1982-01-04,407.3,399,408,395.5,NA
1982-01-05,405.6,403.5,411,403,NA
1982-01-06,403,404.6,406.2,402,NA
1982-01-07,402,397.5,403.3,396.1,NA
1982-01-08,397.5,401,404.2,396.5,NA
1982-01-11,388,389,392,386,NA
1982-01-12,390,392,392,388.3,NA
1982-01-13,379.6,381.5,383,377,NA
1982-01-14,378.6,375,379,374,NA
1982-01-15,372,382.5,382.5,371.5,NA
1982-01-18,377,370.5,378,370,NA
1982-01-19,371.2,378,379.3,370,NA
1982-01-20,374.5,370,374.9,369,NA
1982-01-21,376.5,376.5,379.8,374.2,NA
1982-01-22,378.5,377.5,384.2,374.5,NA
1982-01-25,375.6,370.5,376,370.5,NA
1982-01-26,376.4,377,379.5,375.8,NA
1982-01-27,384.2,383,385.5,380.6,NA
1982-01-28,392.4,390.5,393,390,NA
1982-01-29,391.8,395,395.8,390,NA
1982-02-01,389.2,387,390,385.3,NA
1982-02-02,384.7,386.9,389.5,384.5,NA
1982-02-03,386.8,386.5,387.3,385.2,NA
1982-02-04,393.8,391,394.4,391,NA
1982-02-05,392,392,392.6,389.2,NA
1982-02-08,386.8,388,389,385.3,NA
1982-02-09,387.6,384.5,387.9,384,NA
1982-02-10,391.3,390,392,388.3,NA
1982-02-11,384.5,387,388.7,382.7,NA
1982-02-12,384.9,383.5,385.9,383,NA
1982-02-16,381.8,382,382.8,379.3,NA
1982-02-17,381.1,382,382.5,378.6,NA
1982-02-18,374.1,374.5,375.9,373.9,NA
1982-02-19,369.3,375,375.3,368.5,NA
1982-02-22,368.8,368,371.3,367,NA
1982-02-23,367.7,366,368.5,362.7,NA
1982-02-24,372.4,369,372.8,366.6,NA
1982-02-25,369.8,371,373.1,368.2,NA
1982-02-26,364.5,367,367.7,364,NA
1982-03-01,365.8,362.5,366.3,362.5,NA
1982-03-02,361.6,366.5,366.5,360.2,NA
1982-03-03,354.2,358,358.5,353.5,NA
1982-03-04,346.8,351.5,352.5,345.5,NA
1982-03-05,336.3,343,346.6,336,NA
1982-03-08,331,335,335,323,NA
1982-03-09,336,328.5,336.5,326.8,NA
1982-03-10,338.8,337,340,332.8,NA
1982-03-11,330,335,336,329.5,NA
1982-03-12,319.6,324,326,317.5,NA
1982-03-15,326.2,317,327,312.5,NA
1982-03-16,314.5,323,328,314,NA
1982-03-17,319.3,316.5,321.5,313.7,NA
1982-03-18,325.2,325.3,326,320.8,NA
1982-03-19,317.7,316,320,314.5,NA
1982-03-22,324.6,322.5,325.2,320.3,NA
1982-03-23,327,331,332,326.2,NA
1982-03-24,334.2,333.5,335.5,331.8,NA
1982-03-25,326.7,327.5,329.2,324.9,NA
1982-03-26,322.2,322.5,324.8,320.7,NA
1982-03-29,323.2,318.5,323.8,316.4,NA
1982-03-30,326.5,331.5,333.4,326,NA
1982-03-31,334.2,327,335,325.8,NA
1982-04-01,332.8,334.5,336,328.8,NA
1982-04-02,336.8,335,337.2,332.1,NA
1982-04-05,353.3,343.5,355,341.2,NA
1982-04-06,367,352,368.5,351,NA
1982-04-07,357,361,365,355.5,NA
1982-04-08,366,359,368,358,NA
1982-04-12,357.5,364.5,365,355.8,NA
1982-04-13,362.7,360.5,366.5,359,NA
1982-04-14,376,374,377.5,370,NA
1982-04-15,371.8,370,372.7,369,NA
1982-04-16,366,370,370.8,365,NA
1982-04-19,346.5,363,363.5,342,NA
1982-04-20,350.5,348,352.5,346.5,NA
1982-04-21,349.1,352,353.2,347.5,NA
1982-04-22,349.6,349,351.5,348,NA
1982-04-23,356.7,357.5,358.5,352.5,NA
1982-04-26,356.5,365.9,365.9,355.5,NA
1982-04-27,360,355,360.5,353.2,NA
1982-04-28,359.1,362,362.5,355,NA
1982-04-29,360.5,354,362,350.5,NA
1982-04-30,346.5,364,367,335.5,NA
1982-05-03,349,351,351,345,NA
1982-05-04,346.5,346,348.5,343,NA
1982-05-05,339.8,341,342.2,338.9,NA
1982-05-06,335,337,342,334,NA
1982-05-07,336.5,335,338.5,331,NA
1982-05-10,331.5,331,333,329,NA
1982-05-11,335.8,334,336.8,333,NA
1982-05-12,335,334.5,336.2,333,NA
1982-05-13,333.5,333,334.9,332.4,NA
1982-05-14,340,333.5,341.5,333.5,NA
1982-05-17,336.2,341,341.5,335.6,NA
1982-05-18,342.1,337.5,343,337.5,NA
1982-05-19,342.5,344.5,345.8,342,NA
1982-05-20,344,344.5,345,340.5,NA
1982-05-21,337.2,343,343.8,336.5,NA
1982-05-24,328.8,328.5,330.2,327.5,NA
1982-05-25,329.5,327.5,331.5,327.5,NA
1982-05-26,324.8,330.5,331.1,324,NA
1982-05-27,326.4,323.2,327,322.9,NA
1982-05-28,329,333,333,328,NA
1982-06-01,323.8,325.5,326,322.5,NA
1982-06-02,326.4,323.5,327.7,323.5,NA
1982-06-03,323.5,328,328,321,NA
1982-06-04,325.3,324,326.8,322.5,NA
1982-06-07,342.5,330,343,329.6,NA
1982-06-08,337.3,338,341,334,NA
1982-06-09,333.2,333.5,335,331.5,NA
1982-06-10,332.6,333,334,330,NA
1982-06-11,333.2,330,333.5,329.5,NA
1982-06-14,322.5,326,326.5,321.5,NA
1982-06-15,321,319,321.5,317.5,NA
1982-06-16,321.4,321,322.9,318.5,NA
1982-06-17,312.2,315,315.5,308,NA
1982-06-18,308.5,311,313.3,308,NA
1982-06-21,305,300,305.9,297.5,NA
1982-06-22,301.5,308,312.7,301,NA
1982-06-23,311,301.5,311.5,301.5,NA
1982-06-24,307.5,313.5,315,307,NA
1982-06-25,310.2,307,311,306.8,NA
1982-06-28,313.7,306.5,314,305.5,NA
1982-06-29,318,313.5,319.5,309.8,NA
1982-06-30,317.8,320,322.5,315.6,NA
1982-07-01,316.5,314,316.8,312.5,NA
1982-07-02,315,317.5,317.7,313.8,NA
1982-07-06,311.5,314,315.4,310.3,NA
1982-07-07,313.5,309,313.8,308.3,NA
1982-07-08,324.7,314.5,326.5,314.2,NA
1982-07-09,348,327,349.7,327,NA
1982-07-12,343.5,346,348,340.2,NA
1982-07-13,359.5,346,362,345.5,NA
1982-07-14,349.2,359,359.5,348.5,NA
1982-07-15,345.7,352,355.5,342,NA
1982-07-16,351.5,346.5,356,346.2,NA
1982-07-19,346.5,352.5,353,344.5,NA
1982-07-20,360.3,346.5,363,346.3,NA
1982-07-21,356.2,367,369.7,354.5,NA
1982-07-22,359.5,356,360,352,NA
1982-07-23,361.2,366,367.2,355.5,NA
1982-07-26,355.5,354,356.5,349,NA
1982-07-27,352.2,349,355.3,349,NA
1982-07-28,339.5,347.7,347.7,338,NA
1982-07-29,351.7,355.5,356.8,347,NA
1982-07-30,355.5,355.7,357.8,353.6,NA
1982-08-02,366.1,364.5,366.5,360.8,NA
1982-08-03,358,364.5,365,357,NA
1982-08-04,363.1,356.8,364.4,356.2,NA
1982-08-05,356.8,359,359.5,354,NA
1982-08-06,355.5,356.5,359.8,354.5,NA
1982-08-09,346.5,347.5,351.4,345.5,NA
1982-08-10,343.3,348.5,350,341.5,NA
1982-08-11,344.5,342,345.8,340.2,NA
1982-08-12,348.5,343.5,350.5,343.3,NA
1982-08-13,344.9,348.5,349.8,344,NA
1982-08-16,348.4,348,353.5,347.3,NA
1982-08-17,354.5,348.5,355,346.4,NA
1982-08-18,368.9,367,372,364.5,NA
1982-08-19,384.5,366,386,365,NA
1982-08-20,396,396,401,388,NA
1982-08-23,408.7,403,411.5,397,NA
1982-08-24,413.2,418,423,409,NA
1982-08-25,417,405,418,404.5,NA
1982-08-26,437.5,425.5,441,424,NA
1982-08-27,413,430,431.5,412.5,NA
1982-08-30,419.5,409,421,405,NA
1982-08-31,418.5,418,425.5,415,NA
1982-09-01,415.5,413.5,416.5,408,NA
1982-09-02,440.5,421,440.5,419,NA
1982-09-03,465.5,462,465.5,458,NA
1982-09-07,481,500,500,478,NA
1982-09-08,497,468,509,465,NA
1982-09-09,472,481,496,472,NA
1982-09-10,452,458,471,447,NA
1982-09-13,457,447.5,458,447,NA
1982-09-14,447,461,468,443,NA
1982-09-15,454.5,455.5,458,443,NA
1982-09-16,454,460,463.4,450,NA
1982-09-17,443,452,454,441,NA
1982-09-20,436,432,437.8,428,NA
1982-09-21,447,436,448,432.5,NA
1982-09-22,445.5,454,457.8,443,NA
1982-09-23,447.3,445,454,443.3,NA
1982-09-24,424.3,446,446.5,423,NA
1982-09-27,412,419,423.5,409,NA
1982-09-28,420.5,415,423.5,414.2,NA
1982-09-29,400,420.5,421.5,396,NA
1982-09-30,404.8,403.5,406,398,NA
1982-10-01,413,408.5,415.5,406,NA
1982-10-04,392.5,400,401,390,NA
1982-10-05,398.4,397,401.5,393.5,NA
1982-10-06,403.8,409,414.5,403,NA
1982-10-07,428.8,428.8,428.8,423,NA
1982-10-08,424.5,442,444,418,NA
1982-10-11,449.5,438,449.5,433.5,NA
1982-10-12,443.5,447,452,437,NA
1982-10-13,460,434,461,432.5,NA
1982-10-14,445.5,453,465,441,NA
1982-10-15,433,442,444.7,430,NA
1982-10-18,439.5,434,442.5,431,NA
1982-10-19,427,447.5,449,426,NA
1982-10-20,437,430,439,424.5,NA
1982-10-21,427.5,441,442,422.5,NA
1982-10-22,435.5,432,438.5,428.5,NA
1982-10-25,420.5,421,423.3,414,NA
1982-10-26,426.7,419.5,427.5,415.5,NA
1982-10-27,425,426,426.5,418,NA
1982-10-28,422.7,421,424.5,419,NA
1982-10-29,423,424.5,430,422,NA
1982-11-01,432.5,431,435,428.5,NA
1982-11-03,426,432.5,438.4,423.5,NA
1982-11-04,429.3,425.5,430,421.5,NA
1982-11-05,419,424.3,424.5,416,NA
1982-11-08,407.5,410,411,405.5,NA
1982-11-09,414,411,415.8,409.8,NA
1982-11-10,405,414.5,415,401,NA
1982-11-11,406,405,406.5,399.5,NA
1982-11-12,410.5,398,411.5,398,NA
1982-11-15,406.5,404,408.5,401,NA
1982-11-16,411.5,408.5,414.5,407.1,NA
1982-11-17,408.5,414,415.7,406.5,NA
1982-11-18,413.2,408,415,408,NA
1982-11-19,414.8,418.5,420.8,413.7,NA
1982-11-22,406,412,412.5,405,NA
1982-11-23,405.3,406.5,410,405,NA
1982-11-24,411.5,407,413.3,406.3,NA
1982-11-26,427.3,416,432,416,NA
1982-11-29,440.6,436.5,444.5,433.5,NA
1982-11-30,449,441.5,449.5,439.2,NA
1982-12-01,441.7,446,448.5,439,NA
1982-12-02,449.5,451,456.4,449,NA
1982-12-03,447.8,450,450,442,NA
1982-12-06,452,451,454.5,447.1,NA
1982-12-07,458.5,462,465.5,458,NA
1982-12-08,444.5,453,453.7,442.5,NA
1982-12-09,449.2,448,450,439.5,NA
1982-12-10,441.5,443.5,445.5,440,NA
1982-12-13,449.5,443,450,441.3,NA
1982-12-14,436.8,456,457.5,435,NA
1982-12-15,443.7,440.5,445,438,NA
1982-12-16,446,448,448,439.5,NA
1982-12-17,444.2,443.5,447,439.8,NA
1982-12-20,446.9,445.5,447.8,443.8,NA
1982-12-21,455.5,446.5,456.5,446.1,NA
1982-12-22,448,453,455.5,447,NA
1982-12-23,450.8,450,454,447.3,NA
1982-12-27,462.2,454,464,454,NA
1982-12-28,460,461.5,461.8,457,NA
1982-12-29,465.5,461,468.8,460,NA
1982-12-30,453,465.5,466.5,449,NA
1983-01-03,453.4,455,457.5,450.8,NA
1983-01-04,456.7,456,457.7,449.5,NA
1983-01-05,461,459,465,456.2,NA
1983-01-06,456.5,458,460.3,455.5,NA
1983-01-07,469.5,457,471.5,456.5,NA
1983-01-10,483.2,478,489,474.7,NA
1983-01-11,482.4,485.5,490.5,479,NA
1983-01-12,492.6,481,493,480,NA
1983-01-13,490,491,495,485,NA
1983-01-14,490,484,496.5,482.5,NA
1983-01-17,492.5,496,502.1,491,NA
1983-01-18,503.8,488,505,483.8,NA
1983-01-19,489.6,501,502,485,NA
1983-01-20,492.5,491.5,497,487.5,NA
1983-01-21,485,488,489.8,481.5,NA
1983-01-24,482.5,473,486.2,473,NA
1983-01-25,490,487,493.7,486,NA
1983-01-26,491.3,488,491.8,484.5,NA
1983-01-27,496,492,499.5,491.5,NA
1983-01-28,502.8,502,503.8,497.5,NA
1983-01-31,518.2,508,519,505.5,NA
1983-02-01,511.5,517.5,518.5,511,NA
1983-02-02,515,505,518.5,504.5,NA
1983-02-03,504,513.5,516.5,503.5,NA
1983-02-04,501,507,510.3,498,NA
1983-02-07,501,497.5,503.5,496,NA
1983-02-08,499.2,505,506.5,498.5,NA
1983-02-09,498.3,497,501.3,495,NA
1983-02-10,509.5,501,511,500.5,NA
1983-02-11,510,511,513.5,507.2,NA
1983-02-14,514.2,506.5,516,506.1,NA
1983-02-15,511.5,517,520,511,NA
1983-02-16,511,511,516.3,508.5,NA
1983-02-17,508,509,513,507,NA
1983-02-18,510.5,508,511.5,507.6,NA
1983-02-22,485.5,507.5,508.8,485.5,NA
1983-02-23,471.5,474,479.5,470,NA
1983-02-24,473.7,476.5,479.8,472,NA
1983-02-25,448.7,465.5,469.5,448.7,NA
1983-02-28,423.7,423.7,423.7,423.7,NA
1983-03-01,415,416,424,412,NA
1983-03-02,436,433.5,437,426,NA
1983-03-03,433,434,437.3,430.5,NA
1983-03-04,420,419,421,408,NA
1983-03-07,429.5,425,431,418,NA
1983-03-08,424.5,425,426.5,418,NA
1983-03-09,426.3,427,429,423.8,NA
1983-03-10,433,437.5,439.5,431.5,NA
1983-03-11,429.3,424,430,420,NA
1983-03-14,438.5,430.5,442,428,NA
1983-03-15,427.8,436.5,437.8,425,NA
1983-03-16,419.5,421.5,424.5,417,NA
1983-03-17,420.8,415.5,422,414,NA
1983-03-18,416.5,422,423.7,411,NA
1983-03-21,421,414,421.5,413,NA
1983-03-22,419.5,423,424.3,418.5,NA
1983-03-23,418.5,410,420.5,406.5,NA
1983-03-24,410.5,417.5,418.5,410,NA
1983-03-25,414.5,413.5,418,408,NA
1983-03-28,412.3,408.5,414,406.5,NA
1983-03-29,415.8,411,417,411,NA
1983-03-30,419.5,424,425.3,419,NA
1983-03-31,422,421,422.7,419.2,NA
1983-04-04,433.5,422.5,434.5,422.5,NA
1983-04-05,434.8,433,439.8,432,NA
1983-04-06,435.5,436,437,431,NA
1983-04-07,431,432,434,430.5,NA
1983-04-08,427.2,426,430.8,425,NA
1983-04-11,436.8,433.5,437.3,432.3,NA
1983-04-12,437,439,439.3,434.2,NA
1983-04-13,437.4,434.5,437.8,434,NA
1983-04-14,443,441,443.5,438.3,NA
1983-04-15,442.2,441,443,439.1,NA
1983-04-18,449.8,447.5,450.8,443.8,NA
1983-04-19,437.5,445,445.5,436,NA
1983-04-20,443,437.5,443.7,436.4,NA
1983-04-21,439.7,445,445,438,NA
1983-04-22,443.3,440,444,440,NA
1983-04-25,440.8,446,446.5,440.5,NA
1983-04-26,442.3,439,442.5,438.5,NA
1983-04-27,435,440.5,440.7,432.5,NA
1983-04-28,434.2,435,435.8,429.5,NA
1983-04-29,433.5,432,434.5,428.2,NA
1983-05-02,432.3,430.7,433.4,430.7,NA
1983-05-03,436.4,434,437.5,434,NA
1983-05-04,437.7,436.5,438,434.1,NA
1983-05-05,434.8,437,437.7,433.5,NA
1983-05-06,439.5,434,440.8,433.2,NA
1983-05-09,443.8,437.5,444.8,435,NA
1983-05-10,445.3,442.5,452.5,442,NA
1983-05-11,445.7,445.5,447.1,442.5,NA
1983-05-12,440.4,441,443,439,NA
1983-05-13,442.8,441,444.3,440.8,NA
1983-05-16,440.2,440.5,441.7,436.8,NA
1983-05-17,444.3,439,446.5,438.5,NA
1983-05-18,441.2,443,446.8,441,NA
1983-05-19,439.3,442.5,445.8,436,NA
1983-05-20,438,440.5,441.7,436.8,NA
1983-05-23,439,434,441,432.5,NA
1983-05-24,437.5,438.5,440,436,NA
1983-05-25,440.1,439.5,443.5,439,NA
1983-05-26,437.3,440,441.5,437,NA
1983-05-27,435.9,437,438.2,434.5,NA
1983-05-31,418.5,445.5,446.1,417.8,NA
1983-06-01,411.5,420,422,408,NA
1983-06-02,417.8,418,420.8,415.2,NA
1983-06-03,418,418.5,419.2,415.7,NA
1983-06-06,407.5,412.5,413.8,401,NA
1983-06-07,409.9,403,411.5,402.5,NA
1983-06-08,408,407.9,409.5,406.5,NA
1983-06-09,418,413,421,411.8,NA
1983-06-10,412.4,418,418.5,409,NA
1983-06-13,418.5,418,420,414.5,NA
1983-06-14,416.2,414.8,418,411.8,NA
1983-06-15,413.9,411,415.8,411,NA
1983-06-16,419.7,417.5,423.5,416.8,NA
1983-06-17,417.8,421.5,421.8,415,NA
1983-06-20,420.3,416,425,416,NA
1983-06-21,422.8,417,423.7,417,NA
1983-06-22,424.2,421,427,421,NA
1983-06-23,425.3,423,425.5,422.2,NA
1983-06-24,426.8,427,428.3,425,NA
1983-06-27,419,426,426,416,NA
1983-06-28,417.5,419.5,421.3,414.5,NA
1983-06-29,419.3,418.8,421.5,417.3,NA
1983-06-30,418.5,420,420.2,415.8,NA
1983-07-01,421.2,419.5,421.5,418.6,NA
1983-07-05,416,412,416.3,411.5,NA
1983-07-06,415.5,415.5,416,412.5,NA
1983-07-07,432.8,434,437,409.5,NA
1983-07-08,430.3,429,434.5,427.7,NA
1983-07-11,432.7,429.3,439,429.3,NA
1983-07-12,430,432.5,433,429,NA
1983-07-13,426.5,428.5,430.8,426,NA
1983-07-14,422.3,428,429.4,421,NA
1983-07-15,421.7,423.5,433,421,NA
1983-07-18,426.3,424,426.7,422.4,NA
1983-07-19,424.8,425.7,426.5,423.8,NA
1983-07-20,430.2,430,432,429,NA
1983-07-21,423.8,431.5,432,421,NA
1983-07-22,425.7,424,428,424,NA
1983-07-25,428.3,420.5,429.8,419.5,NA
1983-07-26,426.7,427.5,428.3,425.6,NA
1983-07-27,425,426,429.5,424,NA
1983-07-28,440.2,441,441.6,438.5,NA
1983-07-29,427.4,436,437.5,424,NA
1983-08-01,426.5,427,429,420.5,NA
1983-08-02,428,427.5,429.2,425.5,NA
1983-08-03,429.2,426,430.5,424.3,NA
1983-08-04,424.4,428.5,429,423.5,NA
1983-08-05,426.8,421.5,427.5,420.8,NA
1983-08-08,425.3,424,426.3,418.5,NA
1983-08-09,423,425.9,427.5,421.8,NA
1983-08-10,424.9,421,431,420.1,NA
1983-08-11,423.6,424.5,426,422.8,NA
1983-08-12,426.2,426,428,425.1,NA
1983-08-15,432.8,429.5,433.5,428.3,NA
1983-08-16,432.2,433.5,436.3,431.5,NA
1983-08-17,434,435,436.5,432.2,NA
1983-08-18,432.7,431.5,435,431,NA
1983-08-19,430.3,431.5,432,428.6,NA
1983-08-22,437.6,433.5,438,433.5,NA
1983-08-23,436.8,438.5,441,436.4,NA
1983-08-24,433.4,436,437.5,433,NA
1983-08-25,428.7,434.7,435.9,427,NA
1983-08-26,430.8,430,431.4,427.2,NA
1983-08-29,428.5,427.5,430.2,425.5,NA
1983-08-30,428.5,429,430.2,428,NA
1983-08-31,424.8,424,428,423.2,NA
1983-09-01,425.8,426.3,427.5,425.5,NA
1983-09-02,427,428.5,429,425.3,NA
1983-09-06,422.3,428.6,429,421,NA
1983-09-07,423.9,422,425.2,421.8,NA
1983-09-08,424.3,424.3,424.5,422.5,NA
1983-09-09,422.9,425.3,425.3,422.8,NA
1983-09-12,414,426,426.5,410,NA
1983-09-13,415.7,413.5,416.5,412.8,NA
1983-09-14,416.5,414.8,418,407,NA
1983-09-15,413.2,412.5,415.5,411.8,NA
1983-09-16,418.7,414,419,413.5,NA
1983-09-19,421.5,418.5,422.4,417,NA
1983-09-20,419.2,420,421.3,418.6,NA
1983-09-21,419.1,420,420.5,417.6,NA
1983-09-22,419.5,417.5,424,414,NA
1983-09-23,423.6,420.5,426,418,NA
1983-09-26,421.9,424,424.3,420.7,NA
1983-09-27,420.2,421,421.9,418.5,NA
1983-09-28,417.6,420.8,421.7,416,NA
1983-09-29,411.5,413,416.5,407,NA
1983-09-30,407.8,411,413.5,401,NA
1983-10-03,396.4,396,398.5,391,NA
1983-10-04,398.8,399,401.4,396,NA
1983-10-05,402.3,392.5,403.4,391,NA
1983-10-06,400.5,401.7,402.8,398.3,NA
1983-10-07,405.3,402,406.5,401.5,NA
1983-10-10,408.4,407,408.8,403.8,NA
1983-10-11,403,406.3,406.5,401.5,NA
1983-10-12,401.8,398.5,404.3,397.7,NA
1983-10-13,403.7,403.5,404,401.2,NA
1983-10-14,403.7,405,405.5,402.5,NA
1983-10-17,401.6,404.3,404.5,395,NA
1983-10-18,400.3,400.5,403.2,399.7,NA
1983-10-19,394.8,397,399.5,392.5,NA
1983-10-20,397.5,394.5,398.5,392,NA
1983-10-21,396.8,397,398.4,396.3,NA
1983-10-24,401.8,399.5,402.5,397.3,NA
1983-10-25,400.8,400.3,403,399.3,NA
1983-10-26,389.3,398,398.2,388,NA
1983-10-27,389,385,389.9,383.8,NA
1983-10-28,389.8,390.5,392.3,388.3,NA
1983-10-31,378.8,384,386.3,378,NA
1983-11-01,380.8,377.8,382.5,377.2,NA
1983-11-02,385.5,385,386.7,382.5,NA
1983-11-03,385,381.7,386,377.8,NA
1983-11-04,382.3,385.5,387.7,381.2,NA
1983-11-07,383.4,380,384.5,379,NA
1983-11-08,383,384.3,385,382.6,NA
1983-11-09,383.5,384,386,382.8,NA
1983-11-10,383.4,384,384.7,382.2,NA
1983-11-11,385.7,383.5,385.9,382.7,NA
1983-11-14,384.1,384.5,385.8,382.7,NA
1983-11-15,384.2,384.5,385.4,383.6,NA
1983-11-16,376.3,384,385.2,375,NA
1983-11-17,378.2,377.5,379.5,373,NA
1983-11-18,376.3,377.4,377.4,375.2,NA
1983-11-21,376.7,374.5,377,373.8,NA
1983-11-22,376.2,377,378.1,375.9,NA
1983-11-23,375.7,376.2,376.7,375.5,NA
1983-11-25,377.2,376.2,377.4,375.7,NA
1983-11-28,395.2,383,401,382.5,NA
1983-11-29,403.8,399,404.8,397.8,NA
1983-11-30,409,413,414,407,NA
1983-12-01,406.9,405,407.5,403,NA
1983-12-02,404.1,409,409,403.5,NA
1983-12-05,404.5,406,406.5,401,NA
1983-12-06,404.4,403.5,404.8,402.6,NA
1983-12-07,408.8,405.2,410,404.2,NA
1983-12-08,394,407.3,408.2,392,NA
1983-12-09,393.4,394,396.2,391,NA
1983-12-12,395.5,395.6,397.5,394.7,NA
1983-12-13,395.3,395,395.7,393.2,NA
1983-12-14,393.4,392,395.2,392,NA
1983-12-15,385.1,393.2,394.7,383,NA
1983-12-16,377,382.4,386,376.5,NA
1983-12-19,377.3,380.1,381.5,375.5,NA
1983-12-20,383.4,380,384,379.5,NA
1983-12-21,381.7,382.5,383.3,380.6,NA
1983-12-22,385.7,383,386,380.6,NA
1983-12-23,383.6,383.5,384.2,380.6,NA
1983-12-27,382.9,384.5,385.3,378.5,NA
1983-12-28,381.6,382.2,383,380.7,NA
1983-12-29,385.5,382.5,386.5,382.4,NA
1983-12-30,388,384.2,388.5,383.8,NA
1984-01-03,381.7,385.5,386.4,378.5,NA
1984-01-04,379.7,374,380,373,NA
1984-01-05,377.7,377,380.4,376.7,NA
1984-01-06,370,377,378,369.1,NA
1984-01-09,367.7,366.5,369.2,364.5,NA
1984-01-10,370.2,373.5,373.9,369.4,NA
1984-01-11,372.9,370,373,368.3,NA
1984-01-12,371.8,370,374.5,369,NA
1984-01-13,372.5,375,376.5,370,NA
1984-01-16,371.3,370.5,371.7,367,NA
1984-01-17,370.8,369.5,371.3,368,NA
1984-01-18,370.2,370,371,368,NA
1984-01-19,375.3,374,378,373.5,NA
1984-01-20,372.4,372,373,370.5,NA
1984-01-23,366.3,372,372.8,365.2,NA
1984-01-24,366.8,365.3,367.5,363.5,NA
1984-01-25,367.5,367,367.9,366.2,NA
1984-01-26,366.3,367.7,368.2,362.5,NA
1984-01-27,369.5,366.5,372.5,365.6,NA
1984-01-30,375.8,376,376.4,374.3,NA
1984-01-31,379.2,377.5,381,377.4,NA
1984-02-01,384.9,384,385.3,382.6,NA
1984-02-02,391.8,387.5,392.3,387.5,NA
1984-02-03,391.5,391,393,388.2,NA
1984-02-06,387,385.5,387.7,384.7,NA
1984-02-07,386.2,384,388.2,384,NA
1984-02-08,387.3,391.9,395,387,NA
1984-02-09,383.6,389,389.5,380,NA
1984-02-10,382.5,383.5,384.4,380.8,NA
1984-02-13,381.8,381,382.5,380.5,NA
1984-02-14,387.8,379.5,392,379.1,NA
1984-02-15,385.7,387.5,390.7,385.5,NA
1984-02-16,387.4,389,389,386.2,NA
1984-02-17,388.7,386.5,390.5,386.1,NA
1984-02-21,392.4,393,394.5,388,NA
1984-02-22,403.5,400.5,403.7,398.6,NA
1984-02-23,402.8,404.3,404.5,399.5,NA
1984-02-24,399.5,400,401.9,398.3,NA
1984-02-27,405,397.5,406,396.6,NA
1984-02-28,398.3,403.4,403.5,397,NA
1984-02-29,398.9,400,401,396,NA
1984-03-01,397.8,398.2,398.4,394,NA
1984-03-02,403.7,400,404,399.5,NA
1984-03-05,407.3,410,410.5,407.1,NA
1984-03-06,407,405.5,408,405,NA
1984-03-07,401.2,404.6,405.1,399.5,NA
1984-03-08,405.3,398,406.5,398,NA
1984-03-09,402.8,403,405,401.5,NA
1984-03-12,398.3,398.8,401.2,397.5,NA
1984-03-13,400.4,400.4,401.8,398.2,NA
1984-03-14,395.8,402.5,402.9,395,NA
1984-03-15,394.7,395.5,397.3,393,NA
1984-03-16,395.3,393.5,396.4,393,NA
1984-03-19,395.5,394.5,396.5,393.3,NA
1984-03-20,395.3,394.5,396.5,393.4,NA
1984-03-21,394,393,394.8,391.7,NA
1984-03-22,387.8,392.8,393.1,387.5,NA
1984-03-23,386.8,389,389.5,385.5,NA
1984-03-26,388.5,388.5,389,387,NA
1984-03-27,387.3,388.8,389.7,387,NA
1984-03-28,390.3,386,391,386,NA
1984-03-29,396.7,397.4,397.8,395.5,NA
1984-03-30,394.3,396,396.2,393.5,NA
1984-04-02,385.7,394.5,394.6,385.2,NA
1984-04-03,387.5,386.8,388.1,384,NA
1984-04-04,388.2,386.5,388.8,386.5,NA
1984-04-05,385.4,387.8,388,382.8,NA
1984-04-06,387.1,385.4,387.7,385.4,NA
1984-04-09,388,388.5,389.4,386.9,NA
1984-04-10,387.9,387.3,389.8,386.7,NA
1984-04-11,388.7,389.3,390.7,387.4,NA
1984-04-12,384.7,388,388.3,382.5,NA
1984-04-13,387,384.8,387.2,383.8,NA
1984-04-16,384.5,385,385.8,384.1,NA
1984-04-17,385.6,385,386,384.8,NA
1984-04-18,392,384.8,395,381.6,NA
1984-04-19,388.8,389.9,390.3,386.3,NA
1984-04-23,390.6,389.8,392.8,389.8,NA
1984-04-24,386.1,388.6,388.9,385,NA
1984-04-25,385.9,386.8,387.2,384.3,NA
1984-04-26,381.2,383.5,384,378.5,NA
1984-04-27,381.5,382,383,380.5,NA
1984-04-30,379.6,379.5,379.9,377.8,NA
1984-05-01,380.3,379.8,381.5,379.5,NA
1984-05-02,381.3,380.3,382.5,379.7,NA
1984-05-03,381.3,380.2,383.7,380.2,NA
1984-05-04,378.5,381,382.2,377.5,NA
1984-05-07,374.5,376.8,377.6,373.5,NA
1984-05-08,375.9,374.5,376.6,372.7,NA
1984-05-09,373.3,374.5,376,372.6,NA
1984-05-10,375,374.3,376.5,373.5,NA
1984-05-11,373.3,375.5,375.9,370,NA
1984-05-14,375.5,375.7,376,374.3,NA
1984-05-15,376.4,375.1,376.9,374,NA
1984-05-16,378.1,377.8,378.8,376.6,NA
1984-05-17,376.4,377.6,380,375.5,NA
1984-05-18,379.6,376.3,380,376.3,NA
1984-05-21,380.2,381.3,382.8,380,NA
1984-05-22,380.4,380.5,381.2,378.2,NA
1984-05-23,377.2,380,380.4,377,NA
1984-05-24,379,376.5,380.5,375.5,NA
1984-05-25,390,385.5,390.5,384.1,NA
1984-05-29,385.2,385.5,387,384.5,NA
1984-05-30,391.6,393.5,394.5,390.5,NA
1984-05-31,393.6,390.5,395.5,390.3,NA
1984-06-01,397,399.3,405.3,396,NA
1984-06-04,402.2,400,402.8,396.5,NA
1984-06-05,401.1,402,403.2,399,NA
1984-06-06,398.9,398,400,396.8,NA
1984-06-07,396.4,398,399.2,396,NA
1984-06-08,389.5,393.5,393.7,389,NA
1984-06-11,378.9,389,389.5,377.5,NA
1984-06-12,379.5,380.3,380.8,375.3,NA
1984-06-13,379.2,380.3,381,377.5,NA
1984-06-14,379.9,381.3,381.8,379.5,NA
1984-06-15,375.3,377,377.3,371.5,NA
1984-06-18,375.7,372.6,375.9,371.7,NA
1984-06-19,375.8,375.2,377.9,374.7,NA
1984-06-20,376.6,375.2,376.7,373.4,NA
1984-06-21,377.6,375,380,374.8,NA
1984-06-22,376.6,381,381.4,376,NA
1984-06-25,372.5,374,374,370,NA
1984-06-26,374.5,374.5,374.6,373.2,NA
1984-06-27,373.7,372.5,375.2,372.5,NA
1984-06-28,376.9,375.1,377.9,374.6,NA
1984-06-29,376.1,377.3,378.1,375.4,NA
1984-07-02,373.6,373,374.3,372,NA
1984-07-03,372.4,371.5,372.5,370.6,NA
1984-07-05,362,366,367.5,360.5,NA
1984-07-06,347.2,356.3,356.6,339,NA
1984-07-09,349.8,336.5,350.8,336,NA
1984-07-10,345.3,348,351,343.5,NA
1984-07-11,343.3,340,346.5,338.2,NA
1984-07-12,339.5,342,344.5,339,NA
1984-07-13,345.8,342.5,349,342.5,NA
1984-07-16,349.8,353,353.5,347.5,NA
1984-07-17,347.3,348.5,349,346.1,NA
1984-07-18,350.3,347.5,350.5,345.5,NA
1984-07-19,348.3,352,353.5,347.3,NA
1984-07-20,340,344.5,345.8,338,NA
1984-07-23,337.8,334,338.3,333,NA
1984-07-24,337.8,338.5,340.4,337,NA
1984-07-25,343.7,341.5,344.5,340.7,NA
1984-07-26,333.8,344.2,345,333.2,NA
1984-07-27,342,335,343,332,NA
1984-07-30,355.1,350.5,355.5,350,NA
1984-07-31,350.3,355.3,356.3,348,NA
1984-08-01,358,350.5,359,349,NA
1984-08-02,357.1,357.3,361.5,354.1,NA
1984-08-03,363,364,365.5,359.9,NA
1984-08-06,361.5,365.5,365.5,359.4,NA
1984-08-07,356.3,355,357.3,353.1,NA
1984-08-08,356.7,358,358.9,355.7,NA
1984-08-09,361.3,356.3,361.9,355.6,NA
1984-08-10,354.8,362,362.3,354.5,NA
1984-08-13,362.7,354.5,366,353.8,NA
1984-08-14,366.8,364,369,362.5,NA
1984-08-15,365.7,364.8,368,361,NA
1984-08-16,362.2,362.5,365.3,361.7,NA
1984-08-17,362.3,362.5,364.7,361.5,NA
1984-08-20,354.8,360.1,361.2,354,NA
1984-08-21,357.1,355.5,358,353.5,NA
1984-08-22,365,356.9,368,355.7,NA
1984-08-23,360.4,363.5,365.8,358.5,NA
1984-08-24,362.3,360.8,363.1,359.5,NA
1984-08-27,358.9,361.1,361.3,357,NA
1984-08-28,358.7,359,361.8,357.7,NA
1984-08-29,360,361,361.6,359.5,NA
1984-08-30,358.2,358.5,358.9,356.7,NA
1984-08-31,358,357.5,358.8,357,NA
1984-09-04,347.3,350,351.3,346.5,NA
1984-09-05,348.8,347.5,349.8,346.8,NA
1984-09-06,352.7,348.3,354.5,348.3,NA
1984-09-07,344.3,343.3,349.1,343.3,NA
1984-09-10,347.2,346.5,349.7,345.6,NA
1984-09-11,347.7,348.2,350.8,346.8,NA
1984-09-12,346.8,348.2,348.6,346,NA
1984-09-13,346.2,345.3,347.4,344.2,NA
1984-09-14,348.1,350.8,350.8,347,NA
1984-09-17,343.5,345,345.3,341.6,NA
1984-09-18,348.3,343,349.8,342.5,NA
1984-09-19,348,348.5,349,346.7,NA
1984-09-20,349.3,346.5,354.5,344.6,NA
1984-09-21,354.3,348,356.5,348,NA
1984-09-24,352.3,355,355,351.8,NA
1984-09-25,352.4,351.2,353.3,351.2,NA
1984-09-26,348.7,353.3,356.1,348.5,NA
1984-09-27,350.3,350,352.7,348.6,NA
1984-09-28,351.3,349.5,351.5,348.3,NA
1984-10-01,350.9,352,352.5,349.8,NA
1984-10-02,353.4,351.8,354.3,351,NA
1984-10-03,351.9,354.3,355.8,350.5,NA
1984-10-04,352.8,352.5,353.1,351.6,NA
1984-10-05,347,351,351.2,346.3,NA
1984-10-08,347.8,348,348.3,346.4,NA
1984-10-09,342,346,346.5,340.8,NA
1984-10-10,343.6,343,344.2,342,NA
1984-10-11,341.3,342.8,344.4,338,NA
1984-10-12,346.3,342.4,347,342,NA
1984-10-15,345.2,342.5,345.8,342.3,NA
1984-10-16,343.2,344.2,344.8,342.4,NA
1984-10-17,340.7,345.8,345.8,339,NA
1984-10-18,344.3,341,345,340.5,NA
1984-10-19,342.4,343.8,345.3,341.2,NA
1984-10-22,342,341.6,343.1,341.1,NA
1984-10-23,343.4,343.8,344.2,342.5,NA
1984-10-24,342.9,344.3,344.5,342.7,NA
1984-10-25,340.4,341.7,345,339.5,NA
1984-10-26,340.3,340.8,342.5,340,NA
1984-10-29,338,337.5,339.3,337.5,NA
1984-10-30,336.5,338.4,339,336.3,NA
1984-10-31,336,336.8,337,333.5,NA
1984-11-01,338,335.7,339.5,335.7,NA
1984-11-02,345.4,341.7,347,341.5,NA
1984-11-05,349.8,345.8,350.5,344.5,NA
1984-11-06,347.2,347.5,349.4,346.6,NA
1984-11-07,352.5,351.5,353.5,347.3,NA
1984-11-08,349.7,349,350.5,348.3,NA
1984-11-09,347.5,347.8,349.4,347.2,NA
1984-11-12,349.2,347.8,349.5,347.5,NA
1984-11-13,347.7,351.2,353,346.2,NA
1984-11-14,347.8,348.3,348.4,346.4,NA
1984-11-15,345.8,345,346.4,344.7,NA
1984-11-16,345,346.1,346.6,344,NA
1984-11-19,343.3,344.3,344.7,342.6,NA
1984-11-20,343.8,343.8,344.4,342.8,NA
1984-11-21,342.9,342.8,343.6,340.8,NA
1984-11-23,340.5,342.8,342.8,340.2,NA
1984-11-26,331.5,339.3,339.3,331,NA
1984-11-27,327.4,333,334.4,325,NA
1984-11-28,330.8,328.2,333.5,327.5,NA
1984-11-29,335.4,335.8,336.8,334.7,NA
1984-11-30,333.5,333.2,334.3,331.8,NA
1984-12-03,336.1,332.5,336.6,332.2,NA
1984-12-04,334.1,335.8,337,334,NA
1984-12-05,334.3,334.8,335.5,333.2,NA
1984-12-06,334.7,335.4,335.8,333.7,NA
1984-12-07,330.8,333.5,333.5,328,NA
1984-12-10,329.4,330.7,331.2,328.8,NA
1984-12-11,329.3,330.5,331.5,327.5,NA
1984-12-12,329.5,328.7,333.5,327,NA
1984-12-13,327.8,328.9,329.2,327,NA
1984-12-14,325.4,324,328.2,324,NA
1984-12-17,316.9,320.3,320.7,316.3,NA
1984-12-18,311.5,311,314.2,309.5,NA
1984-12-19,311.1,312.2,313.4,310,NA
1984-12-20,309.6,307.2,311.5,306.6,NA
1984-12-21,313.2,313,315,310.6,NA
1984-12-26,314.2,313.8,315.6,313.5,NA
1984-12-27,309.2,310.5,312,307.3,NA
1984-12-28,310,310.9,311.5,309.3,NA
1984-12-31,309.7,309.5,310,309.2,NA
1985-01-02,304.2,307,307.5,303.8,NA
1985-01-03,303.2,302.5,305.2,302.5,NA
1985-01-04,299.7,304.2,305.7,299.3,NA
1985-01-07,303.7,300,304,296.7,NA
1985-01-08,298,300,305,297.5,NA
1985-01-09,305.5,300,307,298.5,NA
1985-01-10,304.3,304.5,307,303.5,NA
1985-01-11,300.3,300,307,300,NA
1985-01-14,303.9,300,305.3,298.3,NA
1985-01-15,302.3,303.5,304.2,301.4,NA
1985-01-16,304.5,303.5,304.8,302,NA
1985-01-17,308.5,306.3,309.5,305.2,NA
1985-01-18,307.2,308,309.3,306.6,NA
1985-01-21,308.4,307.8,308.8,307.1,NA
1985-01-22,303.9,307.9,308.4,303,NA
1985-01-23,301.7,300,302.4,299.5,NA
1985-01-24,299.7,300,302.6,299.5,NA
1985-01-25,300.4,300,301,297.8,NA
1985-01-28,302.9,300,303.5,296.7,NA
1985-01-29,301.8,302.7,304.3,300.5,NA
1985-01-30,307.9,305.3,308.5,305,NA
1985-01-31,307.4,309.4,311,306.5,NA
1985-02-01,306.5,306,308.1,305.5,NA
1985-02-04,305.4,304.3,306.2,303.8,NA
1985-02-05,305.5,305.1,305.9,304.2,NA
1985-02-06,305.3,306.8,307,304.8,NA
1985-02-07,302.7,305.4,305.4,301.5,NA
1985-02-08,303.4,303,303.7,301.3,NA
1985-02-11,307.5,302.4,308.3,301.8,NA
1985-02-12,304.7,305.5,306,304,NA
1985-02-13,305.7,304.5,307,304.5,NA
1985-02-14,305.9,306.7,307.7,305.5,NA
1985-02-15,306.9,307.5,308.5,306.5,NA
1985-02-19,306.4,304.7,306.9,304.3,NA
1985-02-20,306,305.7,306.1,304.6,NA
1985-02-21,301.1,303.5,303.5,299.5,NA
1985-02-22,296.5,299.8,303,296,NA
1985-02-25,284.1,287.5,288,282.6,NA
1985-02-26,290,285.5,291.3,285.3,NA
1985-02-27,289.8,293,294.3,289.3,NA
1985-02-28,288.7,291.5,291.5,288.6,NA
1985-03-01,291.6,288.7,292,288,NA
1985-03-04,291.9,289,292.5,288.9,NA
1985-03-05,287.9,289.2,289.6,287.3,NA
1985-03-06,292.9,287.8,295.5,287,NA
1985-03-07,291,291,291.4,289.8,NA
1985-03-08,288.5,291,293.3,288,NA
1985-03-11,290.1,291,292.4,289.1,NA
1985-03-12,292.3,288,292.5,287.5,NA
1985-03-13,291.9,291,297.4,290.7,NA
1985-03-14,291.8,290.8,293.2,290.6,NA
1985-03-15,295.2,291,296.3,291,NA
1985-03-18,303.8,295.6,304,295.6,NA
1985-03-19,328.8,312.5,328.8,312,NA
1985-03-20,324.3,328,335,320,NA
1985-03-21,317.5,317,324,314.5,NA
1985-03-22,316.8,318.5,319.4,314,NA
1985-03-25,316.4,316.5,317,314,NA
1985-03-26,324.4,316.5,327,316.5,NA
1985-03-27,327.8,331.5,334,326.5,NA
1985-03-28,331.4,331.8,332.9,328,NA
1985-03-29,334.1,335,337.2,331.6,NA
1985-04-01,322.7,324.5,326.2,322.5,NA
1985-04-02,326.2,321.5,327.3,321,NA
1985-04-03,320.7,325.7,326.2,319,NA
1985-04-04,324,321,327,319.1,NA
1985-04-08,329,322.5,329.5,319.7,NA
1985-04-09,327.9,327.2,330.5,325.5,NA
1985-04-10,330,328.5,333,328.4,NA
1985-04-11,336.4,336.6,337.5,333.3,NA
1985-04-12,331.6,334.5,335.2,330.5,NA
1985-04-15,333.2,336.6,338.6,332.8,NA
1985-04-16,330.8,334.5,334.5,328,NA
1985-04-17,327.9,330.4,331.8,327.5,NA
1985-04-18,330.8,332.5,333.6,327.5,NA
1985-04-19,331.3,330.2,331.5,329.2,NA
1985-04-22,330.1,330.9,332,329,NA
1985-04-23,325.6,330,330.3,323.5,NA
1985-04-24,325.3,325,326.5,323.3,NA
1985-04-25,326.2,324.5,326.7,324,NA
1985-04-26,325.2,325.5,326.5,323,NA
1985-04-29,327.2,325.8,327.9,324.3,NA
1985-04-30,316.5,326,326,315,NA
1985-05-01,315.3,317.3,317.3,312,NA
1985-05-02,316.3,314,316.8,313.2,NA
1985-05-03,313.3,314.4,315.7,312.9,NA
1985-05-06,310.5,311.5,312.8,309.7,NA
1985-05-07,316.5,314.6,317.5,313.5,NA
1985-05-08,314.2,315,315.7,313.5,NA
1985-05-09,314.3,317,317.5,313.7,NA
1985-05-10,317.5,314,318.5,313,NA
1985-05-13,326.3,319,328.5,318,NA
1985-05-14,325.8,324.5,329.8,324,NA
1985-05-15,323.9,324,325.2,322.8,NA
1985-05-16,321.5,320.5,321.8,319.7,NA
1985-05-17,321,322.5,323.8,320.5,NA
1985-05-20,314,324,324.8,312.8,NA
1985-05-21,317.9,316.8,318.9,314.3,NA
1985-05-22,316.1,319.1,319.1,315.8,NA
1985-05-23,316.1,316.7,317.5,315,NA
1985-05-24,314.8,315.2,315.8,313.8,NA
1985-05-28,310.3,314,314.5,308.6,NA
1985-05-29,315.5,311,318.5,310.7,NA
1985-05-30,316.6,317,319,315.5,NA
1985-05-31,319.5,316.1,323,316,NA
1985-06-03,320.3,320.1,322.4,316.5,NA
1985-06-04,319.1,319.3,319.9,317.6,NA
1985-06-05,318.4,318,318.9,316.6,NA
1985-06-06,318.9,318.3,319.7,317.5,NA
1985-06-07,317.7,318.2,319,315.8,NA
1985-06-10,317.2,314.5,317.5,312.5,NA
1985-06-11,316.9,316.3,318.7,316.1,NA
1985-06-12,316.7,317.2,318.2,316.5,NA
1985-06-13,317.4,317,317.6,316,NA
1985-06-14,322,322.5,324.5,319.8,NA
1985-06-17,321.8,321,323.2,320.8,NA
1985-06-18,330.5,325.8,331.3,325,NA
1985-06-19,324.8,329,329.4,324.5,NA
1985-06-20,316,322.5,322.6,314,NA
1985-06-21,316.6,315.5,318.5,314.6,NA
1985-06-24,317.9,316,318.9,315.8,NA
1985-06-25,318.3,317.1,320.2,315.3,NA
1985-06-26,317.8,318.5,320.2,317.2,NA
1985-06-27,319,318,320.1,316.7,NA
1985-06-28,317.7,319,320.8,317.4,NA
1985-07-01,310.8,317.1,317.3,310.5,NA
1985-07-02,311.4,311.8,312.5,308.3,NA
1985-07-03,311.4,311,312.5,310.8,NA
1985-07-08,316.6,312,317.8,310,NA
1985-07-09,314.5,317.8,318.5,314.3,NA
1985-07-10,316.2,316.5,317,315.2,NA
1985-07-11,315.1,314.6,316.2,313.7,NA
1985-07-12,319.2,315.7,320,314.3,NA
1985-07-15,318.4,318.2,318.7,315.2,NA
1985-07-16,321,317.8,323.5,317.4,NA
1985-07-17,324,325.8,328,322.6,NA
1985-07-18,318.8,324.3,324.8,318.5,NA
1985-07-19,318.8,319.5,320.7,317.3,NA
1985-07-22,322.3,318,322.7,317.3,NA
1985-07-23,318.3,323,324.2,318.1,NA
1985-07-24,319.3,318.8,319.4,317.5,NA
1985-07-25,319.6,319.7,320.4,316.4,NA
1985-07-26,322,317.5,322.3,316.6,NA
1985-07-29,324.2,322.5,331,322,NA
1985-07-30,332,332.2,334.5,330.8,NA
1985-07-31,335.2,336.8,337.5,332.8,NA
1985-08-01,328,332.5,332.5,326.5,NA
1985-08-02,329.7,328.8,330.2,328,NA
1985-08-05,330.6,330.7,333.5,328.5,NA
1985-08-06,328.6,328.5,329.4,327,NA
1985-08-07,330.2,329,330.4,328.9,NA
1985-08-08,329.6,331.2,331.3,327.5,NA
1985-08-09,336.3,330,337,329.1,NA
1985-08-12,334.7,335.5,336,333.5,NA
1985-08-13,334.3,336.8,337.5,333.8,NA
1985-08-14,334.2,333.5,336.4,332.8,NA
1985-08-15,340.4,338.5,342,337.3,NA
1985-08-16,345.6,343.2,348.3,342.5,NA
1985-08-19,345.8,348,350.2,344.2,NA
1985-08-20,343,342.5,343.5,340.7,NA
1985-08-21,346.2,341.8,347.4,341.7,NA
1985-08-22,340.9,346,346.4,337.5,NA
1985-08-23,342.7,341,344.2,339.8,NA
1985-08-26,342.9,342.5,345.2,342.1,NA
1985-08-27,344,342.9,344.5,341,NA
1985-08-28,347.3,348,348.9,346.3,NA
1985-08-29,341.6,344.7,345,340.5,NA
1985-08-30,339.8,341.9,342.3,338.5,NA
1985-09-03,331,335,335.8,330.5,NA
1985-09-04,331.1,333,333.1,330,NA
1985-09-05,326.3,331.8,332.2,325.7,NA
1985-09-06,326.6,322,327.2,321,NA
1985-09-09,325.2,324.3,327.1,323.7,NA
1985-09-10,327.6,326,328,325.9,NA
1985-09-11,326.7,327,327.2,324.6,NA
1985-09-12,326.3,323.5,327.5,323,NA
1985-09-13,324,327.6,328.5,323.3,NA
1985-09-16,324.5,324.5,325.8,323.3,NA
1985-09-17,321.5,323.5,324.1,320.6,NA
1985-09-18,319.8,321.2,321.5,318.2,NA
1985-09-19,324.6,321.3,325.3,320.7,NA
1985-09-20,323.8,326,326.4,322.4,NA
1985-09-23,333.7,334.5,336,330.3,NA
1985-09-24,334.8,333.7,335,331.9,NA
1985-09-25,334.3,333.7,336.5,332.5,NA
1985-09-26,332.2,334.5,334.5,331.3,NA
1985-09-27,332.9,332.5,333.5,332.4,NA
1985-09-30,327.1,330,330.4,325.6,NA
1985-10-01,327.1,326,327.7,324.9,NA
1985-10-02,328.3,327,329.7,326,NA
1985-10-03,333.9,329.5,335.7,328.1,NA
1985-10-04,332.2,334.3,334.5,330.3,NA
1985-10-07,330.5,331,331.3,329.3,NA
1985-10-08,328.6,330,330.9,328.5,NA
1985-10-09,329,330.5,331.7,328.4,NA
1985-10-10,329.1,329,329.4,327.7,NA
1985-10-11,330.7,329.3,331.2,328.9,NA
1985-10-14,329.8,330,330.4,329.2,NA
1985-10-15,329.1,330,331.4,328.8,NA
1985-10-16,326.8,327.8,328.4,325.5,NA
1985-10-17,328.4,328.2,329.8,328,NA
1985-10-18,329.7,329.5,330,328.6,NA
1985-10-21,329.4,329,329.6,327.7,NA
1985-10-22,330.1,329.4,331.7,325.5,NA
1985-10-23,329,330,330.3,328,NA
1985-10-24,328.2,328.5,329.2,327.8,NA
1985-10-25,329.4,328.2,329.8,327.5,NA
1985-10-28,328.9,328.9,329.3,328.5,NA
1985-10-29,329.3,329.5,329.7,327.9,NA
1985-10-30,327.8,328.9,329.4,327.6,NA
1985-10-31,326.7,328.2,328.4,325,NA
1985-11-01,328.1,325.7,330.3,324.5,NA
1985-11-04,327.1,327.2,327.5,326.6,NA
1985-11-05,326.2,326.4,327.4,326.1,NA
1985-11-06,325.5,326.5,326.8,325.3,NA
1985-11-07,323.1,325,325.2,322.1,NA
1985-11-08,325.6,323.3,325.8,322.9,NA
1985-11-11,324.5,324.4,324.9,323.9,NA
1985-11-12,325.8,324.8,326.4,324.1,NA
1985-11-13,326.2,325.8,328.3,325.5,NA
1985-11-14,325.8,326.5,327.3,325.3,NA
1985-11-15,324.7,325.8,326.7,323.8,NA
1985-11-18,324.7,324.8,325.3,324,NA
1985-11-19,324.7,325.2,325.7,324.1,NA
1985-11-20,326.8,325.8,327.5,325.7,NA
1985-11-21,327.4,327.1,327.5,326.1,NA
1985-11-22,327.4,326.5,329.5,326.1,NA
1985-11-25,332.7,330.2,333.4,329.8,NA
1985-11-26,331.2,331.7,332.5,330.9,NA
1985-11-27,325.7,330,330.2,325.3,NA
1985-11-29,327.3,331,331.5,326.8,NA
1985-12-02,326.5,327.8,328.5,322.8,NA
1985-12-03,326.7,326.2,327.1,325.7,NA
1985-12-04,325.7,329,329,325.5,NA
1985-12-05,326.9,325.9,327.1,325.7,NA
1985-12-06,326.2,326.3,326.8,325.7,NA
1985-12-09,319.8,322.5,322.9,318.3,NA
1985-12-10,321.2,319,321.8,318.5,NA
1985-12-11,320.1,316.5,321,315.5,NA
1985-12-12,320.4,319.1,321.4,318.7,NA
1985-12-13,322.2,321.6,322.3,320.5,NA
1985-12-16,324.9,321.5,325.8,321.2,NA
1985-12-17,323.9,325.5,325.8,323.5,NA
1985-12-18,327.3,323.4,327.6,322.2,NA
1985-12-19,327.2,326.8,330.8,326.3,NA
1985-12-20,328.7,327.8,329.4,326.8,NA
1985-12-23,328.3,329.5,331.4,327.8,NA
1985-12-24,328.2,327.8,328.4,326.6,NA
1985-12-26,327.7,327.6,328.3,327.5,NA
1985-12-27,329,328,330,327.7,NA
1985-12-30,330.6,329,331.3,328.7,NA
1985-12-31,331.1,329.5,332.4,329.4,NA
1986-01-02,328.9,329.8,331.1,328,NA
1986-01-03,330,328.4,330.3,328.1,NA
1986-01-06,330.7,330.5,330.9,329.3,NA
1986-01-07,332.8,331.6,333,331.3,NA
1986-01-08,336.1,333.5,336.5,333,NA
1986-01-09,339.9,336.5,344.5,334.8,NA
1986-01-10,343.3,341.7,343.8,338.8,NA
1986-01-13,341.5,342.5,343.2,340.7,NA
1986-01-14,341,342,344,340,NA
1986-01-15,350.7,347,351.2,346.1,NA
1986-01-16,357.6,368,369.5,355,NA
1986-01-17,358,358.5,359.5,352.6,NA
1986-01-20,355.1,352.5,355.5,350.8,NA
1986-01-21,352.8,359,359.7,350.5,NA
1986-01-22,351.5,354.3,356.1,351.2,NA
1986-01-23,351.9,352.5,353,350,NA
1986-01-24,358.4,355.4,359,353.8,NA
1986-01-27,354.3,360.3,361,353.5,NA
1986-01-28,353.7,354.2,356.2,352.5,NA
1986-01-29,356.3,354,356.7,353.3,NA
1986-01-30,359.4,360.7,364.2,358,NA
1986-01-31,352.9,357.8,358,351,NA
1986-02-03,347.4,351,352.2,347.1,NA
1986-02-04,337.4,342.5,343,335.5,NA
1986-02-05,339.3,340.5,341.3,338.4,NA
1986-02-06,340.4,339.5,341.8,337.5,NA
1986-02-07,342.5,340.5,342.8,338.8,NA
1986-02-10,340.8,344.5,344.6,339.7,NA
1986-02-11,341.6,339.9,342.8,337.9,NA
1986-02-12,340.8,341,341.2,338.7,NA
1986-02-13,335.3,336.5,337.8,334.5,NA
1986-02-14,336.2,332,337.2,331.7,NA
1986-02-18,339.7,336.2,341,336.2,NA
1986-02-19,339,344,346.7,337.2,NA
1986-02-20,341.4,340.5,341.5,338.3,NA
1986-02-21,343.3,340.8,343.4,339.7,NA
1986-02-24,351,345.5,351.3,342.4,NA
1986-02-25,350,355,357.5,349,NA
1986-02-26,338.5,348,349.9,337,NA
1986-02-27,339.2,340,340.5,335.1,NA
1986-02-28,341,340.3,341.9,338.6,NA
1986-03-03,340.5,340.5,341,336.2,NA
1986-03-04,346,346,347,338.3,NA
1986-03-05,344.5,344.3,347.2,339.3,NA
1986-03-06,344.3,344.2,347.5,342.7,NA
1986-03-07,345.7,344,346.5,343,NA
1986-03-10,343.3,342,344.5,340.8,NA
1986-03-11,344.9,343.8,345.5,343.2,NA
1986-03-12,353,346,353.3,345.1,NA
1986-03-13,349.2,351.5,352.4,348.4,NA
1986-03-14,348.9,349,350,347.4,NA
1986-03-17,350.8,349.2,354.8,349,NA
1986-03-18,350.3,351,352.9,348.5,NA
1986-03-19,350.8,349.8,351.2,347,NA
1986-03-20,352.7,351,353.5,350,NA
1986-03-21,357.4,351.8,359.6,351.6,NA
1986-03-24,351.3,352,354.6,349.5,NA
1986-03-25,344,355,355,342.7,NA
1986-03-26,344.7,344.5,345.8,341.8,NA
1986-03-27,343.1,344,344.8,342.2,NA
1986-03-31,334.8,346,346,334,NA
1986-04-01,337,336,337.8,330.8,NA
1986-04-02,339.5,337.5,340.8,337.5,NA
1986-04-03,338.4,338.7,339.1,335.5,NA
1986-04-04,338.4,337.4,339.7,336.8,NA
1986-04-07,342.5,338.2,343.3,338.1,NA
1986-04-08,342.9,343.5,344.5,336.5,NA
1986-04-09,342.2,341.8,343.3,338.6,NA
1986-04-10,341.7,339.8,342.8,339,NA
1986-04-11,347.5,342.5,348.5,342.5,NA
1986-04-14,344.2,345,345.5,342.2,NA
1986-04-15,343.4,344,346.8,341.2,NA
1986-04-16,341.9,342.5,342.9,339.5,NA
1986-04-17,341.5,342,343.4,338.2,NA
1986-04-18,346.7,344.5,352.5,344,NA
1986-04-21,345.7,344,346,343.2,NA
1986-04-22,349,346.7,350.9,346.1,NA
1986-04-23,348.1,348.4,349.5,347.1,NA
1986-04-24,347.1,347,347.4,345.3,NA
1986-04-25,346.2,346,348.2,345.8,NA
1986-04-28,345.8,346,346.7,344.2,NA
1986-04-29,346.9,344,349.5,343.6,NA
1986-04-30,348.1,347,348.8,347,NA
1986-05-01,342.8,348,348.4,340.5,NA
1986-05-02,344.7,343,345.6,342.5,NA
1986-05-05,344.2,344.5,345.2,342.8,NA
1986-05-06,344,341,344.2,339.5,NA
1986-05-07,345.8,343.5,347.7,343.3,NA
1986-05-08,345.5,346.3,347.3,343.8,NA
1986-05-09,345.5,346,348.8,344.9,NA
1986-05-12,345.5,347,347.4,344.9,NA
1986-05-13,345.1,344.5,345.5,342.5,NA
1986-05-14,343.1,344,344.2,343,NA
1986-05-15,343.4,343,343.5,342.5,NA
1986-05-16,343.8,343.5,344.4,343,NA
1986-05-19,340.7,343,343.3,340,NA
1986-05-20,339.8,339,340.1,337.7,NA
1986-05-21,339.8,339.4,340,339.2,NA
1986-05-22,342.6,339.9,343.4,339.8,NA
1986-05-23,342.4,341.1,343.4,341.1,NA
1986-05-27,341.8,341.5,342.7,341.3,NA
1986-05-28,342.5,342.3,344.7,342,NA
1986-05-29,347,346,347.4,345.5,NA
1986-05-30,347.1,346.8,347.5,346.2,NA
1986-06-02,345.1,346.2,346.7,344.6,NA
1986-06-03,345.3,345.8,346.2,344.5,NA
1986-06-04,344.8,344.8,345.4,343.6,NA
1986-06-05,344.6,344.8,345.5,344.2,NA
1986-06-06,344.8,345.2,345.4,344.4,NA
1986-06-09,354.2,344.5,355,344.2,NA
1986-06-10,351.2,352,353,350.5,NA
1986-06-11,351.7,351.3,354.2,350.5,NA
1986-06-12,349.8,352.8,353.2,348.8,NA
1986-06-13,348.8,350.2,351.4,348.7,NA
1986-06-16,337.5,339.5,348.8,336.5,NA
1986-06-17,339.3,338.5,340.2,337.2,NA
1986-06-18,340.5,341,342.1,340.3,NA
1986-06-19,340.9,340.8,342.5,339.6,NA
1986-06-20,342.7,341.1,343.4,340.3,NA
1986-06-23,343.3,342.8,344,342.5,NA
1986-06-24,345.2,343,345.7,342.8,NA
1986-06-25,347.1,345.8,347.5,345.7,NA
1986-06-26,346.6,347.5,347.8,346.4,NA
1986-06-27,346.9,346.9,347.5,345.1,NA
1986-06-30,347.7,348.5,350,346.6,NA
1986-07-01,345.8,348.2,348.2,344.5,NA
1986-07-02,344.9,345,345.4,343.3,NA
1986-07-03,345.4,345.2,346.1,344.2,NA
1986-07-07,345.9,345.5,346.8,345.1,NA
1986-07-08,351.2,349.2,352,348.3,NA
1986-07-09,349.6,351.5,351.8,348.3,NA
1986-07-10,348.6,348.7,349.3,347.7,NA
1986-07-11,347.8,349.5,349.9,347.5,NA
1986-07-14,346.4,346.8,347.4,346,NA
1986-07-15,349.1,347.3,350.5,346.9,NA
1986-07-16,348.7,349.7,350.1,347.7,NA
1986-07-17,348.7,348,348.9,347.5,NA
1986-07-18,356.5,348.3,357,348.2,NA
1986-07-21,355.6,355.5,356.3,354.2,NA
1986-07-22,353.7,354.8,355.2,353.1,NA
1986-07-23,349,351.2,351.7,344.5,NA
1986-07-24,349.3,348.6,350.6,348.3,NA
1986-07-25,348.2,349.5,350.4,348.1,NA
1986-07-28,355.1,352.7,356.3,352.7,NA
1986-07-29,352.2,353.8,354,351.6,NA
1986-07-30,358.6,358.3,359.7,358,NA
1986-07-31,369.7,367,371.3,364.8,NA
1986-08-01,367.5,367,371,364,NA
1986-08-04,367,366.5,368.2,365.1,NA
1986-08-05,366.1,365.3,369.5,364.3,NA
1986-08-06,367.5,369,370.4,366.3,NA
1986-08-07,369.3,368.5,370.6,368.1,NA
1986-08-08,382.5,376.5,383.9,373.7,NA
1986-08-11,398.5,397,404.5,393,NA
1986-08-12,392.4,391.5,394.5,390,NA
1986-08-13,391.7,398,399.5,386.5,NA
1986-08-14,393.7,391,394.8,389.9,NA
1986-08-15,390.2,393,393.2,387,NA
1986-08-18,382.8,385,385.5,381.8,NA
1986-08-19,381,380.3,385,378.5,NA
1986-08-20,385.1,385,386.8,382.9,NA
1986-08-21,390.6,385.6,391.3,384.7,NA
1986-08-22,379.5,392,393.8,377.5,NA
1986-08-25,386.5,382,387.6,382,NA
1986-08-26,385.6,385.7,388.8,383,NA
1986-08-27,386.3,383,387.4,382.5,NA
1986-08-28,392,390,394.4,389.2,NA
1986-08-29,393.3,395,395.6,387,NA
1986-09-02,411.5,399,413,397.1,NA
1986-09-03,410.3,412.5,415.5,408.5,NA
1986-09-04,415.5,407.5,422.5,407,NA
1986-09-05,428.3,422.5,430,421,NA
1986-09-08,416.4,423,426.3,413,NA
1986-09-09,414.4,417,418.8,413,NA
1986-09-10,409.8,418.6,426,403,NA
1986-09-11,413,411,413.5,403,NA
1986-09-12,421.5,424,430,416.5,NA
1986-09-15,422.3,416,422.6,415,NA
1986-09-16,420.2,425.5,425.5,417.5,NA
1986-09-17,418.8,421,421,415.8,NA
1986-09-18,422.6,420,425.8,418,NA
1986-09-19,441,434,441.5,432.5,NA
1986-09-22,445.2,443,446,438,NA
1986-09-23,436,440,442.8,435.5,NA
1986-09-24,436,439,439.4,435.1,NA
1986-09-25,438.8,434,439.3,432.8,NA
1986-09-26,431.5,437,438.1,429.5,NA
1986-09-29,427.1,433.5,433.7,422,NA
1986-09-30,429.8,426.5,431.5,425.8,NA
1986-10-01,429.2,430.3,430.5,426.2,NA
1986-10-02,441.1,432,443,431.6,NA
1986-10-03,437.5,442,444.5,435.3,NA
1986-10-06,442.8,440.3,445.5,439,NA
1986-10-07,444.8,441.3,445.5,437.8,NA
1986-10-08,442.4,443,446.5,439.8,NA
1986-10-09,433,440.5,441.4,428.5,NA
1986-10-10,434.5,432,436.5,432,NA
1986-10-13,437.2,435.8,437.5,434.7,NA
1986-10-14,430.5,435,435.7,428.1,NA
1986-10-15,428.7,426,428.7,423.2,NA
1986-10-16,427.4,429.2,429.9,427.2,NA
1986-10-17,422.2,420.5,425.7,419.5,NA
1986-10-20,428.9,422.5,431.5,422,NA
1986-10-21,427.9,428.5,430.4,426.3,NA
1986-10-22,428.7,430,431.7,424.8,NA
1986-10-23,417.5,428,428.4,416.5,NA
1986-10-24,409.7,413.5,415.5,409,NA
1986-10-27,410.3,412,414,408.3,NA
1986-10-28,413.9,412,416,411.6,NA
1986-10-29,407.3,406.5,409.4,405,NA
1986-10-30,409.9,406.5,410.9,405.2,NA
1986-10-31,405.5,401,407.3,400,NA
1986-11-03,406.8,405,409.5,404.8,NA
1986-11-04,411.1,410,412.9,409.7,NA
1986-11-05,408.5,409.5,409.9,406,NA
1986-11-06,412.4,407.5,413.2,407.4,NA
1986-11-07,410.6,410,412.6,410,NA
1986-11-10,407.5,412,413.8,404.5,NA
1986-11-11,409.3,408,409.8,405.8,NA
1986-11-12,409.4,408.5,409.7,406.5,NA
1986-11-13,409.5,410,410.8,407.2,NA
1986-11-14,398.8,411,411.5,398,NA
1986-11-17,389.3,396.5,396.5,387.5,NA
1986-11-18,394.5,391,394.8,389.7,NA
1986-11-19,388.5,393.8,395.1,386.4,NA
1986-11-20,391.7,388.2,392.5,387.5,NA
1986-11-21,379.3,391.3,392.3,376.5,NA
1986-11-24,382.4,380.5,383.4,379.8,NA
1986-11-25,385.6,381.5,386.2,379.3,NA
1986-11-26,383.1,382.3,384.5,380.3,NA
1986-11-28,394.8,394.5,396,392.7,NA
1986-12-01,397.5,402,403.5,392,NA
1986-12-02,392.9,395.5,396.7,390.3,NA
1986-12-03,395.8,389.5,398.5,389,NA
1986-12-04,391.7,395,395.9,386.5,NA
1986-12-05,392.9,392,394,390.8,NA
1986-12-08,393.7,393.3,394.4,389.5,NA
1986-12-09,390.4,392.3,392.9,388.3,NA
1986-12-10,393.1,390.5,396.7,389.9,NA
1986-12-11,393.7,391,394,389.8,NA
1986-12-12,395.8,393.2,396.3,392,NA
1986-12-15,398.4,398.5,399.5,396.6,NA
1986-12-16,396.3,398,398.5,393.6,NA
1986-12-17,395.3,397,397.4,395.2,NA
1986-12-18,397.8,395.5,398,393.7,NA
1986-12-19,395.8,397.3,398.5,394.1,NA
1986-12-22,396.3,399.7,400.8,394.6,NA
1986-12-23,391.5,396.3,396.6,390.2,NA
1986-12-24,393,392.5,393.7,392,NA
1986-12-29,391.9,394,394.9,391.2,NA
1986-12-30,392.4,391.5,392.8,390.8,NA
1986-12-31,406.9,393.8,408,393.6,NA
1987-01-02,404,406.5,410.4,403,NA
1987-01-05,405,403,405.5,400.1,NA
1987-01-06,402.2,405.4,406.7,401.8,NA
1987-01-07,404.3,400.8,404.7,400.2,NA
1987-01-08,403.9,405.4,406.2,402.3,NA
1987-01-09,407.5,403.5,408,399,NA
1987-01-12,410.2,411.5,414,409.6,NA
1987-01-13,412.3,411.2,412.7,409.9,NA
1987-01-14,419.2,417,422,416,NA
1987-01-15,417,415,418.3,414.2,NA
1987-01-16,417.3,415,418.3,414.7,NA
1987-01-19,423.3,424.5,425,421.6,NA
1987-01-20,408.2,419,419.2,405,NA
1987-01-21,408.8,408.2,409.6,406.6,NA
1987-01-22,408.9,411,412.2,408.3,NA
1987-01-23,405.3,406,406,400.4,NA
1987-01-26,411.3,405.9,412.9,405.5,NA
1987-01-27,415.7,410.3,415.8,409.5,NA
1987-01-28,410.6,417,417,407,NA
1987-01-29,416.6,414.5,417.2,412.6,NA
1987-01-30,408.9,402,409.5,400,NA
1987-02-02,404.8,409.7,412,404.5,NA
1987-02-03,407.2,405.5,408.3,402,NA
1987-02-04,406.2,407,409.2,405.4,NA
1987-02-05,408.2,405.8,409.5,401.3,NA
1987-02-06,407.4,406,407.5,405.3,NA
1987-02-09,407.2,407.2,410,404.2,NA
1987-02-10,406.2,405.8,407.8,404.7,NA
1987-02-11,405.5,406.4,406.7,403.5,NA
1987-02-12,398.3,405.8,406.2,397,NA
1987-02-13,400.7,399,401.5,398,NA
1987-02-17,394.9,399.8,400.4,393.5,NA
1987-02-18,395.3,395,396.4,391.4,NA
1987-02-19,402.7,396,403.5,394.3,NA
1987-02-20,408.7,401,409.7,400.3,NA
1987-02-23,404.6,406.1,407.2,403.2,NA
1987-02-24,404.6,403.5,405.4,401.2,NA
1987-02-25,405.2,410,410.8,404.5,NA
1987-02-26,408.5,406,409.3,403.2,NA
1987-02-27,407.4,408,409.2,406.3,NA
1987-03-02,405.6,406.6,407.4,404.8,NA
1987-03-03,409.1,405.5,409.3,405.3,NA
1987-03-04,412.2,409,412.8,407.3,NA
1987-03-05,408.8,412.5,414.4,408.7,NA
1987-03-06,407.8,408.5,409.7,406.9,NA
1987-03-09,406.5,406.5,408,405.1,NA
1987-03-10,408.3,406.5,409,405.9,NA
1987-03-11,408.3,408.3,409.8,408,NA
1987-03-12,409.9,409.8,411.8,408.3,NA
1987-03-13,405,410.2,410.7,403,NA
1987-03-16,406.6,406,407.7,405.8,NA
1987-03-17,406.8,407.5,408,403.2,NA
1987-03-18,406,406.8,407.2,404.3,NA
1987-03-19,406.1,406,406.3,404.6,NA
1987-03-20,406.3,405.8,406.7,404.8,NA
1987-03-23,410.8,407,411.2,406.9,NA
1987-03-24,414.1,411,414.5,408.6,NA
1987-03-25,413.3,415,416.2,412.8,NA
1987-03-26,411.7,411.8,412.5,410.9,NA
1987-03-27,422.7,416,424,415.7,NA
1987-03-30,425.9,428.5,429.9,425.8,NA
1987-03-31,422.7,426,427.2,422.3,NA
1987-04-01,422.5,422.5,424.8,421,NA
1987-04-02,422.2,423.2,426.6,418.5,NA
1987-04-03,423.9,422.8,424,418.8,NA
1987-04-06,422.6,426,427.2,421.4,NA
1987-04-07,426.2,425,426.5,422.3,NA
1987-04-08,424.1,424,427.4,423,NA
1987-04-09,436.5,425.3,437.8,424.6,NA
1987-04-10,436.7,438.5,440.5,434.8,NA
1987-04-13,440.8,438.5,441.9,438.3,NA
1987-04-14,454.6,445.8,455.8,444.8,NA
1987-04-15,446.5,447.5,448.9,445.3,NA
1987-04-16,447.3,447.5,447.7,439.5,NA
1987-04-20,456.8,447.5,458.7,445,NA
1987-04-21,451,457,458.5,448,NA
1987-04-22,452.5,450.5,453.4,445.8,NA
1987-04-23,463.4,454.5,466.5,451.5,NA
1987-04-24,465.5,465.2,473,462.5,NA
1987-04-27,446,480,480.5,440.5,NA
1987-04-28,454.7,453,456.8,448,NA
1987-04-29,453.5,452.5,455.5,449.2,NA
1987-04-30,456.5,454,457.8,451.3,NA
1987-05-01,459.5,455.5,461.2,455,NA
1987-05-04,465.2,460.5,466.8,459.3,NA
1987-05-05,460.8,466.5,467,456,NA
1987-05-06,460.8,457.5,461.7,456.5,NA
1987-05-07,459.6,456,461.7,455.5,NA
1987-05-08,456.7,457,458.4,454.5,NA
1987-05-11,457.7,456,458,454.4,NA
1987-05-12,461.5,461,464.8,459.3,NA
1987-05-13,460,462,466,459,NA
1987-05-14,465.6,463.3,466,461.5,NA
1987-05-15,476.2,469.5,476.6,467.2,NA
1987-05-18,472.8,475.5,477.8,468.5,NA
1987-05-19,478.3,472.5,478.8,469.5,NA
1987-05-20,473.3,481,481.5,471.8,NA
1987-05-21,470.3,471,472.8,468.7,NA
1987-05-22,464.6,472.5,472.8,462,NA
1987-05-26,451.8,448.5,458.5,445.5,NA
1987-05-27,448.5,449,451.4,446.2,NA
1987-05-28,459.5,457.5,462.4,457.4,NA
1987-05-29,456,457,458.7,454.7,NA
1987-06-01,451.6,449.5,452.2,446.8,NA
1987-06-02,461.8,454.3,464.3,454.3,NA
1987-06-03,455.5,458.5,459.7,455.2,NA
1987-06-04,458.2,455,460.4,454.5,NA
1987-06-05,458.8,459,459.8,457,NA
1987-06-08,454.3,462.8,463.7,453.8,NA
1987-06-09,462.8,457.5,463.2,457,NA
1987-06-10,461.3,462.5,464.3,457.2,NA
1987-06-11,468.3,461.5,468.8,460.5,NA
1987-06-12,458.9,462.5,462.6,457,NA
1987-06-15,456.7,452,456.9,451.2,NA
1987-06-16,451.9,457,458,451.7,NA
1987-06-17,451.8,453,456.9,451,NA
1987-06-18,454.6,453.8,456.7,453.5,NA
1987-06-19,448.7,455,455.7,448,NA
1987-06-22,440.8,446,446.8,437.6,NA
1987-06-23,443.8,442.5,445.5,439.8,NA
1987-06-24,446.4,446.5,447.3,443.7,NA
1987-06-25,443.8,442.5,445,441.9,NA
1987-06-26,450.1,444.5,452,444.5,NA
1987-06-29,449.4,448,453.4,447.5,NA
1987-06-30,452.2,449.5,452.5,447.5,NA
1987-07-01,449.4,451.5,453.5,447.8,NA
1987-07-02,448.8,450.2,451,448,NA
1987-07-06,450.3,444.5,450.8,443.8,NA
1987-07-07,446.1,447.2,448.2,442.5,NA
1987-07-08,446.8,443.5,450.3,443,NA
1987-07-09,446.8,446.5,448.3,444.5,NA
1987-07-10,446,447,449,445.3,NA
1987-07-13,448.6,446.5,449.7,445.2,NA
1987-07-14,449.5,449.7,451,447.5,NA
1987-07-15,455.3,449.5,456.7,448.6,NA
1987-07-16,455.4,454.3,455.8,453,NA
1987-07-17,449.3,453.5,453.7,448.5,NA
1987-07-20,452.3,451.6,453.2,450.8,NA
1987-07-21,453.7,453.5,454.4,452,NA
1987-07-22,455.7,454.8,457.2,453.3,NA
1987-07-23,455.7,455.1,456,454.3,NA
1987-07-24,454.5,455,455.3,453.5,NA
1987-07-27,454.2,454,454.7,452.1,NA
1987-07-28,457,455.2,458.7,454.3,NA
1987-07-29,457.6,458,460,457.2,NA
1987-07-30,473.3,468.3,473.5,467.3,NA
1987-07-31,475.1,474.5,475.7,472.2,NA
1987-08-03,488.3,486,489.5,482.8,NA
1987-08-04,488.9,485.2,490.2,483,NA
1987-08-05,477.6,480.1,482.4,477.3,NA
1987-08-06,478.6,478,480.5,477,NA
1987-08-07,464.8,471,475.2,463,NA
1987-08-10,470.6,470,472.2,467.8,NA
1987-08-11,474.2,472.5,475,469.5,NA
1987-08-12,473,471.5,474.5,470.5,NA
1987-08-13,467.8,472.5,472.9,465.5,NA
1987-08-14,461.2,467,471.3,456.9,NA
1987-08-17,463.1,463.5,464.1,461,NA
1987-08-18,467.7,465,469.5,464.5,NA
1987-08-19,467.3,464.5,467.7,463.6,NA
1987-08-20,462.2,467,467,461.4,NA
1987-08-21,465.7,463.7,465.9,460,NA
1987-08-24,469.3,464,471.3,463.7,NA
1987-08-25,465.8,467.7,468.2,463.6,NA
1987-08-26,465.8,465.8,467.7,464.8,NA
1987-08-27,463.7,466.5,467.5,461,NA
1987-08-28,461.3,463,463.5,459,NA
1987-08-31,458.7,461.2,464.7,458.7,NA
1987-09-01,462.8,462,463.8,459.4,NA
1987-09-02,473.4,466.8,473.8,466.5,NA
1987-09-03,471.7,471.5,474.8,469.6,NA
1987-09-04,470.8,472,473.8,469.2,NA
1987-09-08,465.5,466.6,467.5,463.5,NA
1987-09-09,464.5,466,466.3,462.7,NA
1987-09-10,470.6,468,472,466.7,NA
1987-09-11,464.3,467.8,470.3,463.2,NA
1987-09-14,463.8,461,464.7,460.5,NA
1987-09-15,465.9,465.5,466.7,464.5,NA
1987-09-16,465.1,466.3,466.5,462.8,NA
1987-09-17,466.9,466,468.4,465.1,NA
1987-09-18,465.3,469,469.8,465,NA
1987-09-21,469.3,464.9,470.5,463.8,NA
1987-09-22,468.9,469,470.4,467.4,NA
1987-09-23,468.7,467.5,469.7,467,NA
1987-09-24,468.7,469.5,471.5,468.5,NA
1987-09-25,466.6,467.9,468.4,466.5,NA
1987-09-28,466.4,467,468.7,465.5,NA
1987-09-29,464.4,464,466.5,463.5,NA
1987-09-30,458.8,465,466,458,NA
1987-10-01,459.7,459.8,461,457.9,NA
1987-10-02,460.3,460.3,461.2,458.5,NA
1987-10-05,462.8,461.3,462.9,461.1,NA
1987-10-06,462.7,463.2,464.5,462,NA
1987-10-07,463.4,464.5,465,462.3,NA
1987-10-08,466.5,463.3,468.5,462.6,NA
1987-10-09,466.9,467.5,467.7,465.3,NA
1987-10-12,466.7,467,467.2,466.4,NA
1987-10-13,464,464.5,465,463.6,NA
1987-10-14,465.8,464,467,463.2,NA
1987-10-15,467.8,466.8,472.5,466.5,NA
1987-10-16,476.3,469.2,476.7,468.8,NA
1987-10-19,486.8,493,496,483,NA
1987-10-20,467.5,478.5,479,459,NA
1987-10-21,471.7,471,472,467.3,NA
1987-10-22,473.2,474,479.7,472.5,NA
1987-10-23,476.7,476,478.5,471.7,NA
1987-10-26,479.4,481,482,476.2,NA
1987-10-27,478.8,476,481,475.1,NA
1987-10-28,480.5,481.5,483.5,478.3,NA
1987-10-29,468.7,472.5,475.7,464,NA
1987-10-30,471.2,469,471.5,467.5,NA
1987-11-02,472.5,472.3,473.5,469.7,NA
1987-11-03,470.6,471.8,476,463.5,NA
1987-11-04,468.2,469.2,469.8,466,NA
1987-11-05,459.2,462.2,462.2,456,NA
1987-11-06,462.1,460,463.4,459.1,NA
1987-11-09,463.3,464.5,466,463.1,NA
1987-11-10,462.4,461.2,463.8,457.8,NA
1987-11-11,463.1,462,463.7,461.6,NA
1987-11-12,464.7,463.8,465.5,462.5,NA
1987-11-13,465.6,465.5,467.5,464.5,NA
1987-11-16,464.3,461.8,465,461.5,NA
1987-11-17,465.8,465,466.2,464.8,NA
1987-11-18,464.8,464.6,465.1,463.3,NA
1987-11-19,465.8,466.3,466.5,465.2,NA
1987-11-20,470.3,466.7,470.9,464,NA
1987-11-23,476,469,477.7,468.8,NA
1987-11-24,475.4,475.8,478.2,473.4,NA
1987-11-25,476.9,476,478.3,475,NA
1987-11-27,492.3,484.8,493.5,484,NA
1987-11-30,497.2,502.5,503,496.5,NA
1987-12-01,496.2,493.5,499.6,492.5,NA
1987-12-02,493.7,497.5,498.8,493.5,NA
1987-12-03,493.8,494.3,498.3,491.8,NA
1987-12-04,487.8,492.2,494.4,483.9,NA
1987-12-07,486.5,486.5,488.2,484.9,NA
1987-12-08,488.6,488,490.3,487.8,NA
1987-12-09,489.4,490.7,490.8,488.8,NA
1987-12-10,497.2,489,498,488.6,NA
1987-12-11,502,503,503,496.2,NA
1987-12-14,500.4,506.3,507.4,499.8,NA
1987-12-15,487.2,498.8,499.2,484.5,NA
1987-12-16,490.1,491,491.9,488.8,NA
1987-12-17,489.7,490,490.1,475,NA
1987-12-18,484,488.8,488.8,482.1,NA
1987-12-21,483.7,485,485,483.1,NA
1987-12-22,487.9,485.5,488.5,485.2,NA
1987-12-23,486.5,485,487.3,483.8,NA
1987-12-24,489.6,487.3,490.1,487,NA
1987-12-28,491.1,492.9,494.7,489.5,NA
1987-12-29,489.4,493,493.5,487.8,NA
1987-12-30,485.5,488,488,484.6,NA
1987-12-31,488.9,490,491.5,485.8,NA
1988-01-04,480.5,484,484.5,479.5,NA
1988-01-05,483.2,479,485.4,476.6,NA
1988-01-06,485.3,480.5,487.4,480,NA
1988-01-07,483.1,485.2,486,482.8,NA
1988-01-08,485.5,482.5,485.7,481.8,NA
1988-01-11,483.6,486.4,486.8,483.1,NA
1988-01-12,482.3,482.5,483.9,480,NA
1988-01-13,481.6,482.5,484.4,481.5,NA
1988-01-14,488.2,481.8,488.5,481.2,NA
1988-01-15,474.5,486.2,486.7,474,NA
1988-01-18,476.8,476.5,477.3,475.2,NA
1988-01-19,478.2,477.3,478.8,476.4,NA
1988-01-20,476.8,478.2,478.9,475,NA
1988-01-21,478.8,476.3,479,475.8,NA
1988-01-22,477.8,477.7,478.5,476,NA
1988-01-25,469.5,476.5,476.9,468.2,NA
1988-01-26,469.3,469,470.9,467.1,NA
1988-01-27,467,468.2,470.5,463.5,NA
1988-01-28,471.5,471,472,470.4,NA
1988-01-29,458.5,465,466,454,NA
1988-02-01,458.4,458.5,459.2,454.2,NA
1988-02-02,458.3,460,461.9,458.1,NA
1988-02-03,442.5,447.7,449.8,442,NA
1988-02-04,448.2,443.5,448.5,442.8,NA
1988-02-05,443.2,448.5,449,439.8,NA
1988-02-08,444,445.5,447.3,443.8,NA
1988-02-09,444.9,442,446.2,440,NA
1988-02-10,443.9,446.3,448.2,443.2,NA
1988-02-11,443.2,443.7,444.5,442.3,NA
1988-02-12,448.7,443,449.5,435,NA
1988-02-16,447.6,447.5,448.5,446.3,NA
1988-02-17,449.2,448.5,450.5,448,NA
1988-02-18,445.8,450.2,451.4,445,NA
1988-02-19,448,446.5,449.4,445.1,NA
1988-02-22,447.6,447,449.7,447,NA
1988-02-23,444.3,445.5,446.7,442.8,NA
1988-02-24,434.1,436,438.7,433.8,NA
1988-02-25,434.7,435.5,436.8,429.3,NA
1988-02-26,431.1,434.5,434.9,430.2,NA
1988-02-29,431.9,427,432.3,425.1,NA
1988-03-01,432.4,430.5,433,425.9,NA
1988-03-02,432.2,431.8,433.3,428.5,NA
1988-03-03,429.1,429.5,433,428.3,NA
1988-03-04,438.8,431.3,440.5,431.2,NA
1988-03-07,438.6,436.5,438.9,436.2,NA
1988-03-08,436.6,437.5,440.5,436.4,NA
1988-03-09,437.5,437,438.8,436.8,NA
1988-03-10,444.5,444,444.8,441.5,NA
1988-03-11,442.6,445.2,445.5,441.2,NA
1988-03-14,443.1,442.8,443.5,441.7,NA
1988-03-15,447.5,443.6,448.3,442.8,NA
1988-03-16,446.5,448.5,449.2,446.3,NA
1988-03-17,444.9,447,447.5,442.1,NA
1988-03-18,445.2,444,446.2,443.4,NA
1988-03-21,450.2,446.5,452.9,446.4,NA
1988-03-22,449.6,449.5,451.2,447.6,NA
1988-03-23,452,450.2,454,449,NA
1988-03-24,454.3,456.5,457.4,451.3,NA
1988-03-25,453.3,452.5,454.2,450.9,NA
1988-03-28,455.9,454.5,456.2,453.1,NA
1988-03-29,455.6,455,457.8,454.5,NA
1988-03-30,461.3,458.8,462.3,457,NA
1988-03-31,457.9,461.5,463.2,457.5,NA
1988-04-04,459.5,461.5,462.9,459,NA
1988-04-05,456.2,457,458.2,454.3,NA
1988-04-06,451.3,453.6,454,450.4,NA
1988-04-07,452.7,450,453.4,448.8,NA
1988-04-08,453.7,452,454.8,451.7,NA
1988-04-11,454.7,450.7,455.5,450.3,NA
1988-04-12,453.7,454,455,453,NA
1988-04-13,449.6,452.2,453.7,449.4,NA
1988-04-14,456.5,450,457.8,449.8,NA
1988-04-15,458.5,456.6,461,456.6,NA
1988-04-18,461.7,463,464,461.3,NA
1988-04-19,460.4,459.7,460.7,459,NA
1988-04-20,459,462.1,463.5,458,NA
1988-04-21,457.2,457.1,458,456.7,NA
1988-04-22,452.4,453.5,453.7,451,NA
1988-04-25,450.1,452.6,453.2,449.3,NA
1988-04-26,451.3,451.5,452.7,448.2,NA
1988-04-27,454.3,451,455,450.8,NA
1988-04-28,452.6,454.2,454.8,452.5,NA
1988-04-29,452.6,452.2,453.4,450.8,NA
1988-05-02,447.2,449.5,449.5,446,NA
1988-05-03,445.1,446.6,448.7,445,NA
1988-05-04,446.6,444.2,446.9,444.2,NA
1988-05-05,447,446.8,448,445.8,NA
1988-05-06,445.3,446.8,449,443.6,NA
1988-05-09,448.8,445.8,449.2,445.5,NA
1988-05-10,451.6,449,452.7,448,NA
1988-05-11,451.2,451.2,452.4,449.7,NA
1988-05-12,453.3,450.7,454.8,449.8,NA
1988-05-13,453.7,453,454.2,450.8,NA
1988-05-16,456,455.7,458.3,455,NA
1988-05-17,456.4,456,458.5,453.3,NA
1988-05-18,458.1,456,458.6,455.5,NA
1988-05-19,458.2,462,462.3,458,NA
1988-05-20,458.7,458.2,459.2,456.5,NA
1988-05-23,462.8,461.5,463,459,NA
1988-05-24,461.1,460.5,462.4,458.7,NA
1988-05-25,454.8,455.2,456.6,453.8,NA
1988-05-26,454.1,454.6,455.6,452.3,NA
1988-05-27,450.8,453.3,453.6,450.2,NA
1988-05-31,459.8,459,461,458.7,NA
1988-06-01,462.4,461.6,463.3,460.3,NA
1988-06-02,471.5,459.8,472.5,457.8,NA
1988-06-03,469.3,470,473.8,468.5,NA
1988-06-06,468.1,469.5,470.3,467.3,NA
1988-06-07,464.8,468.5,470,464.6,NA
1988-06-08,460.7,462.8,464.4,460.5,NA
1988-06-09,461.7,459,463.3,458.8,NA
1988-06-10,453.3,463,463.4,452.1,NA
1988-06-13,453.8,453.5,454.3,452.4,NA
1988-06-14,454.6,454.8,455.4,450.3,NA
1988-06-15,455.8,455.2,457.8,454.7,NA
1988-06-16,453.9,456.7,459,453.1,NA
1988-06-17,458.3,453.7,459.8,453.2,NA
1988-06-20,454.5,457.8,458.5,453.5,NA
1988-06-21,455.4,455.7,458,454.2,NA
1988-06-22,453,452,453.4,450.6,NA
1988-06-23,450.9,450,453.1,449.6,NA
1988-06-24,446,449,449.2,443.5,NA
1988-06-27,445.9,445.3,447.2,443.9,NA
1988-06-28,440.5,447,447.7,439.8,NA
1988-06-29,438.3,437.3,439.2,432.3,NA
1988-06-30,437.7,439.5,439.9,435.2,NA
1988-07-01,439.6,438.5,440.4,436.1,NA
1988-07-05,440.3,439.5,440.6,437.6,NA
1988-07-06,440.7,440,441.1,438.5,NA
1988-07-07,441.1,441.8,443.7,440,NA
1988-07-08,441,440.6,442.2,439.5,NA
1988-07-11,436.4,441.3,441.4,435.7,NA
1988-07-12,438.7,435.5,438.8,434.2,NA
1988-07-13,441.8,437.8,443,435.3,NA
1988-07-14,439.9,441.5,443.7,439.7,NA
1988-07-15,441.3,440,443.5,438.5,NA
1988-07-18,438.8,436.5,440.2,435.1,NA
1988-07-19,447.5,438.8,449,437,NA
1988-07-20,445.7,446.5,447.8,445,NA
1988-07-21,442.7,445.2,448.8,442,NA
1988-07-22,442.9,443.5,444.3,442.2,NA
1988-07-25,426.6,441.8,442,424,NA
1988-07-26,431.7,429,434.3,428.7,NA
1988-07-27,433.5,430.9,434.1,430.6,NA
1988-07-28,443.8,442.2,445.7,440.6,NA
1988-07-29,447.3,444,449.3,444,NA
1988-08-01,445.6,447.6,448.6,443.7,NA
1988-08-02,442.5,444.6,445,442,NA
1988-08-03,444.3,442.8,446,442.3,NA
1988-08-04,443.8,443.5,445.1,442.6,NA
1988-08-05,442.6,442.5,444.4,441.2,NA
1988-08-08,440.8,442.2,443.8,440,NA
1988-08-09,437.8,439.2,439.8,433,NA
1988-08-10,439.4,437.7,439.7,436.5,NA
1988-08-11,439.2,439.4,440.5,437.4,NA
1988-08-12,441.2,438.7,445,438.5,NA
1988-08-15,442.9,440,443.3,440,NA
1988-08-16,438.8,443,445.7,437.8,NA
1988-08-17,440.9,438.8,441,437.1,NA
1988-08-18,442.1,441.7,442.6,440.1,NA
1988-08-19,441.4,442.8,443,440.8,NA
1988-08-22,443.2,440.3,444.5,439.6,NA
1988-08-23,441.8,442.8,443.5,441.5,NA
1988-08-24,444.4,442.2,446.3,442,NA
1988-08-25,442.2,445.8,446.8,441.8,NA
1988-08-26,441.4,443.3,443.9,440.2,NA
1988-08-29,438.7,441.6,442.1,438,NA
1988-08-30,437.7,438,438.1,435.8,NA
1988-08-31,439.9,436.2,440.6,435.3,NA
1988-09-01,438.7,439,439.7,438.5,NA
1988-09-02,437.4,438.5,439,432.5,NA
1988-09-06,434.8,436.6,437.9,434.7,NA
1988-09-07,435.7,434.6,436.5,434,NA
1988-09-08,436.3,435.5,436.5,435.4,NA
1988-09-09,428.5,436.5,437.7,427.5,NA
1988-09-12,428,426,428.2,425,NA
1988-09-13,428.2,427.7,429.7,426.8,NA
1988-09-14,428,429.2,430.3,426.9,NA
1988-09-15,425,427.6,427.8,422.1,NA
1988-09-16,418.2,422.2,423,415,NA
1988-09-19,415.4,414,416.1,413.2,NA
1988-09-20,411.3,416.3,417,407,NA
1988-09-21,404,405.3,408.5,402.5,NA
1988-09-22,404.6,400.5,405.5,399,NA
1988-09-23,399.3,404.8,406.5,398,NA
1988-09-26,400.3,397,401.3,395.5,NA
1988-09-27,402.5,402,403,398.8,NA
1988-09-28,403.4,402.8,403.8,399.5,NA
1988-09-29,401.6,403.4,404.3,400.7,NA
1988-09-30,399.2,402.5,403.2,396.8,NA
1988-10-03,402.2,398.8,404.5,398.1,NA
1988-10-04,402.7,401.3,404.2,401.1,NA
1988-10-05,405.3,402.2,405.6,398.8,NA
1988-10-06,408,408,409.4,406.5,NA
1988-10-07,407.3,408,409.1,406,NA
1988-10-10,412.7,411,414.2,410.3,NA
1988-10-11,408.4,412,412.3,407.9,NA
1988-10-12,412.2,409.5,416,409.5,NA
1988-10-13,410.4,411.8,413.8,408.3,NA
1988-10-14,412.5,410.5,414.8,410.2,NA
1988-10-17,415.5,414.3,418.3,413.7,NA
1988-10-18,415.1,415.3,417,413.7,NA
1988-10-19,414.7,414.2,416.7,413.2,NA
1988-10-20,415.4,415.9,416.4,414.6,NA
1988-10-21,411.5,414.6,415.1,411.1,NA
1988-10-24,408.8,408.5,410,407.1,NA
1988-10-25,409.4,409.6,410.8,409,NA
1988-10-26,411.1,411,411.8,409.5,NA
1988-10-27,410.1,410.2,410.8,409.4,NA
1988-10-28,414.9,409.8,419,409.7,NA
1988-10-31,415.1,415.1,415.6,413.1,NA
1988-11-01,414,413.7,414.7,412.6,NA
1988-11-02,424.2,415.5,425.2,415.4,NA
1988-11-03,423.7,425,427.2,422.4,NA
1988-11-04,423.5,422.4,424.5,419.8,NA
1988-11-07,424.7,423,425,422.3,NA
1988-11-08,421.2,423.7,424.3,419.5,NA
1988-11-09,424.7,421.2,425.5,420.3,NA
1988-11-10,420.5,423.8,424.2,420.1,NA
1988-11-11,423.1,422.2,423.3,419.8,NA
1988-11-14,425.2,421.6,426.8,420.9,NA
1988-11-15,425.6,425.1,428.2,424.8,NA
1988-11-16,425.6,426,428.9,424.5,NA
1988-11-17,421.1,425,425.7,420.9,NA
1988-11-18,418.1,421.5,421.7,416.8,NA
1988-11-21,416.5,417.8,418.6,416,NA
1988-11-22,418.1,418.3,421.1,417.7,NA
1988-11-23,420.1,418.3,420.7,418.1,NA
1988-11-28,423.3,424.5,426,422,NA
1988-11-29,427.1,427.5,429.3,426.5,NA
1988-11-30,429.6,426.6,429.8,425.9,NA
1988-12-01,428.6,429.8,430.8,427.8,NA
1988-12-02,436.7,429.2,438,428.3,NA
1988-12-05,434.2,435.8,436.6,433.8,NA
1988-12-06,432.6,434,434.3,430.8,NA
1988-12-07,427.7,429,430.3,425.9,NA
1988-12-08,426.7,428.5,429,426.6,NA
1988-12-09,427.6,426,428,423.6,NA
1988-12-12,424.6,425.5,426,423.8,NA
1988-12-13,424.1,425,425.6,423.3,NA
1988-12-14,425.7,424.7,426.6,422.8,NA
1988-12-15,416.6,425.7,426,415.2,NA
1988-12-16,417.6,413,418.5,413,NA
1988-12-19,418,417.5,418.7,415.8,NA
1988-12-20,417.5,416.5,418.5,416.2,NA
1988-12-21,418.8,418.5,420.2,418.2,NA
1988-12-22,421.3,419.2,421.6,418.8,NA
1988-12-23,421.6,421,422,419.6,NA
1988-12-27,420.9,421.9,422.5,420.8,NA
1988-12-28,416.6,417.5,418.8,415,NA
1988-12-29,410.5,413.5,413.8,409.5,NA
1988-12-30,412.3,412.7,415.8,410.5,NA
1989-01-03,413.4,416.1,416.3,412.3,NA
1989-01-04,411,413.5,413.5,409,NA
1989-01-05,410.1,410,410.7,409.2,NA
1989-01-06,408.1,409.6,410.2,406.4,NA
1989-01-09,406.7,404.5,406.8,403.7,NA
1989-01-10,405.6,407,407.6,404.6,NA
1989-01-11,405.2,405.3,406.4,404,NA
1989-01-12,405.8,406,406.7,404,NA
1989-01-13,403.5,404.7,408.8,402.3,NA
1989-01-16,403.3,402.8,403.8,402.3,NA
1989-01-17,404,403.5,404.3,403.3,NA
1989-01-18,403.3,403.8,405.2,401.5,NA
1989-01-19,404.5,403.3,405.8,402.9,NA
1989-01-20,409.3,405.4,409.5,405.3,NA
1989-01-23,408.5,409,409.8,408,NA
1989-01-24,406.3,409.8,411.2,406,NA
1989-01-25,406.4,406,406.7,404.6,NA
1989-01-26,403.2,406.7,407.8,402.8,NA
1989-01-27,396.1,402.7,403.7,394.5,NA
1989-01-30,399.6,399,400.4,398.5,NA
1989-01-31,395.8,399.7,400.5,393.1,NA
1989-02-01,397.2,396,399.5,395.8,NA
1989-02-02,395.9,396,397.3,395.3,NA
1989-02-03,396.3,394,397.2,392.2,NA
1989-02-06,396.9,394.8,398,389.8,NA
1989-02-07,395.5,397,397.8,394.7,NA
1989-02-08,399.1,395.5,399.5,394.7,NA
1989-02-09,398,398.5,401.2,397.4,NA
1989-02-10,391.7,398.4,399.7,390.1,NA
1989-02-13,389.7,390.2,391.4,387.3,NA
1989-02-14,389,390,391.3,387.8,NA
1989-02-15,388.2,386,389.3,384.5,NA
1989-02-16,387.1,388,388.9,385.9,NA
1989-02-17,384.3,383.5,388.1,382,NA
1989-02-21,389.4,387.3,392.5,386.2,NA
1989-02-22,390.2,389.6,391.5,389.4,NA
1989-02-23,394,393.5,396.2,391.2,NA
1989-02-24,392.6,393.3,393.6,391.6,NA
1989-02-27,389.8,394.6,395.2,389.1,NA
1989-02-28,390.4,390,391,389.7,NA
1989-03-01,387.1,388.2,389.1,386.4,NA
1989-03-02,386.6,386.5,387.8,385.8,NA
1989-03-03,389.3,389.5,390.3,388.5,NA
1989-03-06,390.5,391.3,391.5,388.2,NA
1989-03-07,395.7,389,396,388.5,NA
1989-03-08,395.4,395.9,398.8,394.3,NA
1989-03-09,397.3,395.5,398.1,394.1,NA
1989-03-10,396.5,400,400.2,394.7,NA
1989-03-13,396.4,395.2,397,394.7,NA
1989-03-14,398.1,397.5,400,396.5,NA
1989-03-15,393.8,397,397.8,393,NA
1989-03-16,391.3,393,393.7,389.8,NA
1989-03-17,395,391.5,397,391.2,NA
1989-03-20,397.4,397.5,399,396.8,NA
1989-03-21,395.6,396.5,397,394.2,NA
1989-03-22,395.1,395,396.4,394.4,NA
1989-03-23,393.4,396.6,397.6,391.7,NA
1989-03-27,391.6,392.5,392.5,389.5,NA
1989-03-28,383.5,392,392.3,383.2,NA
1989-03-29,383.5,383.8,385.3,381.8,NA
1989-03-30,386.2,388.8,390.5,385.5,NA
1989-03-31,390,387.8,390.5,387.6,NA
1989-04-03,391.1,390.3,391.7,388.8,NA
1989-04-04,390.9,391.8,392.7,389.8,NA
1989-04-05,388.6,389.5,390,387.4,NA
1989-04-06,388.7,389,389.8,388.6,NA
1989-04-07,388,389.1,390.2,386,NA
1989-04-10,390.3,386.2,392.5,385.3,NA
1989-04-11,389.9,390.2,390.6,389.2,NA
1989-04-12,392.1,389.2,393.5,388.8,NA
1989-04-13,394.2,392.8,396.9,392.7,NA
1989-04-14,389.8,394.2,394.5,387.2,NA
1989-04-17,390.1,389.5,390.2,388.9,NA
1989-04-18,387.4,390,390.5,386.3,NA
1989-04-19,387.1,387.3,389.2,385.7,NA
1989-04-20,389.3,388.2,389.6,385.8,NA
1989-04-21,388.2,388.7,388.9,386.8,NA
1989-04-24,391,387.7,391.7,386.7,NA
1989-04-25,388.8,389.5,390.7,388.6,NA
1989-04-26,388.2,389,389,387.1,NA
1989-04-27,386.1,387.8,388.4,386,NA
1989-04-28,380.5,382,383.5,379.6,NA
1989-05-01,380.7,377.8,381.9,377.5,NA
1989-05-02,380.1,380.5,381.2,379.1,NA
1989-05-03,380.4,379.5,382.9,379.5,NA
1989-05-04,379.6,380.5,381.8,379.3,NA
1989-05-05,379.3,379.5,379.8,377,NA
1989-05-08,378.4,379.5,381.4,376.5,NA
1989-05-09,380.3,377.8,380.5,376.9,NA
1989-05-10,379,380.7,381.2,378.6,NA
1989-05-11,382.1,379.9,383,379.2,NA
1989-05-12,378.9,381.8,382.1,377.9,NA
1989-05-15,376.5,376.5,376.9,375.2,NA
1989-05-16,376.2,377,377.4,375.5,NA
1989-05-17,373.9,376,376,371.7,NA
1989-05-18,370.3,372.2,373.5,369.5,NA
1989-05-19,366.6,368.9,369,366.3,NA
1989-05-22,363.7,362,364.6,360.6,NA
1989-05-23,364.3,365.5,367.5,363.8,NA
1989-05-24,364.7,364.2,365.5,363.5,NA
1989-05-25,367.2,365.5,367.9,365.2,NA
1989-05-26,365.9,368.7,369.7,364.8,NA
1989-05-30,369.7,366.7,370.5,366.5,NA
1989-05-31,366.5,369.2,369.5,366.3,NA
1989-06-01,367.3,366.3,367.5,365.5,NA
1989-06-02,371.9,367.8,372,365.8,NA
1989-06-05,370.8,372.5,372.5,369.8,NA
1989-06-06,383.2,370,384.3,369.4,NA
1989-06-07,380.8,382,384,378.5,NA
1989-06-08,378.1,380.2,381,377.3,NA
1989-06-09,362,375,376.2,360.5,NA
1989-06-12,365.8,363,367,362.8,NA
1989-06-13,366.8,365,368.4,362.5,NA
1989-06-14,367.5,366.5,368.1,364.2,NA
1989-06-15,370.7,365.2,372.8,362.7,NA
1989-06-16,368.8,369.7,372.3,367.5,NA
1989-06-19,370.6,368.5,371.5,368.1,NA
1989-06-20,369.6,371.3,372,368.8,NA
1989-06-21,375.7,369.9,376,369.7,NA
1989-06-22,374.2,375,376.2,372.8,NA
1989-06-23,381.8,376.3,384.8,373.3,NA
1989-06-26,378.3,380.5,381.1,377.1,NA
1989-06-27,379.8,378.5,381.8,378.1,NA
1989-06-28,379.2,378.1,381.5,375,NA
1989-06-29,373.9,379,383,373.1,NA
1989-06-30,377.3,375.8,379.5,373.7,NA
1989-07-03,381.1,379.5,381.5,377.2,NA
1989-07-05,388.4,382.3,390.8,381.5,NA
1989-07-06,388.6,387.5,390.3,386.9,NA
1989-07-07,385.7,387,389.7,384.4,NA
1989-07-10,386.6,387.2,387.9,385.1,NA
1989-07-11,383.3,385,385,381.8,NA
1989-07-12,380.4,383,383.7,379,NA
1989-07-13,378.5,380.2,380.4,377.2,NA
1989-07-14,372.2,377.3,377.5,370.8,NA
1989-07-17,372.2,372.6,374.1,372.1,NA
1989-07-18,373.8,371.5,374.9,371,NA
1989-07-19,369.3,373,373.6,369,NA
1989-07-20,372.2,370.2,375,369.7,NA
1989-07-21,373,374,375,371,NA
1989-07-24,373.9,373,374.8,372.1,NA
1989-07-25,374.1,374,374.8,372.2,NA
1989-07-26,375,373.3,376.4,373.2,NA
1989-07-27,373.7,375.5,376.3,373.5,NA
1989-07-28,375.4,381.5,381.5,374,NA
1989-07-31,378.7,376.5,378.9,376.1,NA
1989-08-01,378.8,378.5,379.2,376.3,NA
1989-08-02,377.8,378.3,378.6,377.3,NA
1989-08-03,381.4,377.5,382.5,376.8,NA
1989-08-04,375.4,379.5,379.9,374.2,NA
1989-08-07,373.4,375.2,375.4,372,NA
1989-08-08,373.6,374.8,374.8,372.7,NA
1989-08-09,373.9,373,374.2,371.7,NA
1989-08-10,374.2,374.2,374.9,373.5,NA
1989-08-11,371.4,372.2,372.5,368.5,NA
1989-08-14,373.2,370.4,374,370.4,NA
1989-08-15,377.5,373.7,379,372.4,NA
1989-08-16,374.7,377,378.2,374.1,NA
1989-08-17,374.6,374,375.8,371.6,NA
1989-08-18,373.9,374,375.3,372.3,NA
1989-08-21,374.5,373.6,374.9,373.3,NA
1989-08-22,374.5,374.1,375.5,373.9,NA
1989-08-23,371.9,374.7,375.4,370.5,NA
1989-08-24,370.6,371.2,371.5,369.3,NA
1989-08-25,366.7,367.5,368.4,366.5,NA
1989-08-28,366,367,367.6,365.5,NA
1989-08-29,369.3,367.3,371.8,365.4,NA
1989-08-30,367.6,368.1,369,367,NA
1989-08-31,365.4,365.8,367.4,364.6,NA
1989-09-01,366.1,365.7,366.4,364.2,NA
1989-09-05,365.1,364.8,365.9,364,NA
1989-09-06,367.4,366.5,367.5,366.2,NA
1989-09-07,366,365.5,366.5,365.1,NA
1989-09-08,365,366,366.6,363.5,NA
1989-09-11,364.6,365,366.6,363.6,NA
1989-09-12,364.8,365.5,365.7,364.3,NA
1989-09-13,365,364.9,365.3,363.9,NA
1989-09-14,365.5,366,368.5,364.5,NA
1989-09-15,368.9,365.4,370,360.6,NA
1989-09-18,366.5,366.4,367.7,365,NA
1989-09-19,366.2,366.3,367.4,366,NA
1989-09-20,370.1,366.5,374,366.4,NA
1989-09-21,370.3,369,370.6,368.8,NA
1989-09-22,370.7,371.2,373.2,370.5,NA
1989-09-25,374.6,373.5,375,372.5,NA
1989-09-26,373.1,373.3,375.3,373,NA
1989-09-27,372.3,374.9,376.7,371.2,NA
1989-09-28,372.8,371.8,373.7,371.5,NA
1989-09-29,372,374.5,374.6,370.8,NA
1989-10-02,372.1,371.2,372.5,370.7,NA
1989-10-03,371.4,371.4,371.7,370.3,NA
1989-10-04,371.5,371.5,372.2,371.1,NA
1989-10-05,367.9,371.3,373,367.2,NA
1989-10-06,368.2,367.4,369,367.3,NA
1989-10-09,367.4,367.7,368,366.3,NA
1989-10-10,365.2,367.6,367.8,364.7,NA
1989-10-11,366.1,364.8,366.7,364.3,NA
1989-10-12,367.4,367.5,367.9,366.3,NA
1989-10-13,367.3,367.3,368.7,366.6,NA
1989-10-16,371.2,373,374,369.8,NA
1989-10-17,371.2,370.2,372.8,370.2,NA
1989-10-18,372.4,372.8,373.4,371.8,NA
1989-10-19,370.6,373.5,373.9,370,NA
1989-10-20,370.6,370.5,371.2,369.3,NA
1989-10-23,370.2,369.8,370.4,369.5,NA
1989-10-24,373.4,370.3,373.5,370.2,NA
1989-10-25,372.3,372.5,373.4,371.3,NA
1989-10-26,375.4,372.8,376.3,372,NA
1989-10-27,381.2,376,381.5,375.7,NA
1989-10-30,380.8,381.6,382.3,380,NA
1989-10-31,377.6,380,380.3,376.8,NA
1989-11-01,376.9,377.7,378.1,375.7,NA
1989-11-02,382.9,377,384.8,376.8,NA
1989-11-03,381,382.5,386,379.6,NA
1989-11-06,383.8,382.3,384.4,381.2,NA
1989-11-07,388.4,388,388.9,386.8,NA
1989-11-08,390.8,389,391.1,385.5,NA
1989-11-09,389,390.8,391.4,388.4,NA
1989-11-10,388.6,389.3,389.5,386.3,NA
1989-11-13,392.7,392.5,393.8,391.5,NA
1989-11-14,394.9,393.4,395,390,NA
1989-11-15,392.8,392.5,393.9,389.3,NA
1989-11-16,392.7,390.1,395.7,389.6,NA
1989-11-17,395.8,394.5,396,392.2,NA
1989-11-20,399.3,396.3,400,395.6,NA
1989-11-21,404.4,400.3,406.2,398.6,NA
1989-11-22,411.6,411.6,411.8,407,NA
1989-11-24,419.3,415.5,419.7,414.8,NA
1989-11-27,414.1,416.3,416.3,413,NA
1989-11-28,413.5,409.5,415.7,409,NA
1989-11-29,415.5,415.3,419.2,414.2,NA
1989-11-30,417.5,412.5,419,412,NA
1989-12-01,419.3,418.2,421.5,418,NA
1989-12-04,406.6,415,415.5,406.5,NA
1989-12-05,408.9,406.6,410.7,406.6,NA
1989-12-06,410.1,407.8,410.4,406.5,NA
1989-12-07,415,410.8,416,407.5,NA
1989-12-08,416.8,413.8,419.9,411.3,NA
1989-12-11,421.8,418.5,423.9,417.8,NA
1989-12-12,422.8,421,424.2,419.6,NA
1989-12-13,412.9,421.7,421.7,412.3,NA
1989-12-14,412.8,411.9,414.2,408.2,NA
1989-12-15,418.3,414.1,419.9,413.7,NA
1989-12-18,416.1,412.3,418,409.5,NA
1989-12-19,416.1,415.5,419.2,414.3,NA
1989-12-20,417.5,416.5,418.5,415.5,NA
1989-12-21,415.5,417.1,418,415.1,NA
1989-12-22,416.7,416,417,415.8,NA
1989-12-26,410.1,416.2,416.5,408.5,NA
1989-12-27,403.8,411.8,413.2,402,NA
1989-12-28,401.4,403.2,405.1,400.1,NA
1989-12-29,405.2,405.5,406.8,402.6,NA
1990-01-02,402.1,401,404.6,400.2,NA
1990-01-03,396.4,398.5,399,394.5,NA
1990-01-04,400.8,397.8,401.1,397.1,NA
1990-01-05,408.5,404.4,409.5,402.5,NA
1990-01-08,405,406.1,407.6,404.7,NA
1990-01-09,406.2,404.7,406.3,404.3,NA
1990-01-10,414.2,408.3,415.3,408.1,NA
1990-01-11,415.6,415.1,415.8,413.2,NA
1990-01-12,414.7,417.2,419.8,414,NA
1990-01-15,415.1,417.4,418.5,412.6,NA
1990-01-16,412.2,414,415.9,409,NA
1990-01-17,413.7,411.8,413.9,410.1,NA
1990-01-18,411.2,415.1,416.4,410.9,NA
1990-01-19,410.9,411,412.8,409,NA
1990-01-22,408,408.5,409.3,404.7,NA
1990-01-23,413.7,408.9,415,408,NA
1990-01-24,417.7,417.4,425,415.5,NA
1990-01-25,416.3,416.2,418.3,413.3,NA
1990-01-26,420.3,419.8,421.3,417,NA
1990-01-29,419.2,421.7,422,416.5,NA
1990-01-30,423.9,424.5,427,422.7,NA
1990-01-31,417.8,421,422,417,NA
1990-02-01,423.3,418.8,423.5,418.7,NA
1990-02-02,423.4,423.4,424.3,421.3,NA
1990-02-05,427.5,425.2,430.3,424.8,NA
1990-02-06,426.4,426.8,427.4,425.4,NA
1990-02-07,423.1,425.7,429.7,422.2,NA
1990-02-08,423.5,422.9,424.7,421.2,NA
1990-02-09,420.6,422.7,423.8,419.5,NA
1990-02-12,423.6,420.2,424.9,419.3,NA
1990-02-13,422,424.4,425.8,421.2,NA
1990-02-14,420.7,419.8,421.3,417.5,NA
1990-02-15,416.2,421.1,422,415.5,NA
1990-02-16,420.8,418.3,421.5,416.3,NA
1990-02-20,423.6,422.3,424.7,421.3,NA
1990-02-21,421.6,424.8,426.4,421.2,NA
1990-02-22,419,421.2,422.4,418.1,NA
1990-02-23,418.2,417.8,421.1,417.5,NA
1990-02-26,411.8,415.7,416,409.6,NA
1990-02-27,411,411.9,412.5,409.7,NA
1990-02-28,408.9,412.1,412.3,407.5,NA
1990-03-01,409,409.3,410.4,407.8,NA
1990-03-02,405.6,408.3,408.7,404,NA
1990-03-05,406.6,406.1,407.5,405,NA
1990-03-06,406.1,406.9,408.3,405.7,NA
1990-03-07,402.3,402.3,404.5,400.8,NA
1990-03-08,401.9,402.7,403.9,401.8,NA
1990-03-09,401.6,399.6,401.8,399,NA
1990-03-12,401.1,402.3,403.6,400.2,NA
1990-03-13,400.7,398.2,401.2,396.7,NA
1990-03-14,399.5,400.2,401.5,398.8,NA
1990-03-15,399.6,399,401.8,398.5,NA
1990-03-16,400.9,400.2,402.6,400.1,NA
1990-03-19,401.9,402.9,404.2,401.6,NA
1990-03-20,393.3,402.1,402.7,392.5,NA
1990-03-21,392.5,391.4,393.9,390.9,NA
1990-03-22,394.7,392,394.8,391.6,NA
1990-03-23,389.4,394.3,395.2,386.3,NA
1990-03-26,366.2,373.5,374,362.5,NA
1990-03-27,369.1,368.5,370.5,367.7,NA
1990-03-28,369.1,373.2,373.5,368,NA
1990-03-29,376,376.6,377.9,375.2,NA
1990-03-30,375,376.3,376.5,371.8,NA
1990-04-02,374.5,372.3,374.6,371.8,NA
1990-04-03,380.1,381.7,382.4,378.5,NA
1990-04-04,381.8,379.1,382.1,377.8,NA
1990-04-05,379.3,382.3,383.3,378.2,NA
1990-04-06,385.2,383.1,385.4,381.1,NA
1990-04-09,380.4,380.8,381.9,378.8,NA
1990-04-10,379.3,379.8,380.3,376.2,NA
1990-04-11,378.4,378,379.5,377.1,NA
1990-04-12,379.7,379.1,379.8,378.2,NA
1990-04-16,378.9,378.9,379.2,375.9,NA
1990-04-17,378.8,377.7,379.5,376.9,NA
1990-04-18,379.7,378.4,380.8,377.7,NA
1990-04-19,380.7,380.3,381.4,379,NA
1990-04-20,379.9,380.1,380.7,377.5,NA
1990-04-23,382.1,378.8,383,378.3,NA
1990-04-24,379,381.3,382.1,377.5,NA
1990-04-25,373.6,377.3,377.8,372,NA
1990-04-26,373.3,374.1,375.9,373.1,NA
1990-04-27,374,374.2,374.9,372.6,NA
1990-04-30,371.4,370.2,372,367.7,NA
1990-05-01,372.7,372.4,374.2,370.4,NA
1990-05-02,372,372.4,372.9,371.1,NA
1990-05-03,373.7,371.1,375,371.1,NA
1990-05-04,373.1,373.2,374.6,372.6,NA
1990-05-07,374,373.8,374.7,373.5,NA
1990-05-08,372,374.2,375.2,370.5,NA
1990-05-09,373.7,371.7,374,368.6,NA
1990-05-10,371.9,373,374.3,370.8,NA
1990-05-11,370.5,369,371.2,368.5,NA
1990-05-14,369.9,369.6,372,369.6,NA
1990-05-15,372.3,367,374,366.7,NA
1990-05-16,370.3,371,371.7,369.3,NA
1990-05-17,370.6,370.4,371.4,369.7,NA
1990-05-18,375.6,371,376.7,370.4,NA
1990-05-21,374.1,374.5,375.2,373.4,NA
1990-05-22,376.4,373.5,377.6,373.5,NA
1990-05-23,364.6,361,365.8,361,NA
1990-05-24,366.9,367,367.8,366.1,NA
1990-05-25,368.4,367.5,369.1,367.1,NA
1990-05-29,367.4,369,369.5,366.6,NA
1990-05-30,368.9,370.6,371.8,368,NA
1990-05-31,368.6,367.8,369,367.2,NA
1990-06-01,363.5,367.5,368.9,362.2,NA
1990-06-04,362.4,360.7,362.5,359.6,NA
1990-06-05,363.6,362.5,364.5,361.6,NA
1990-06-06,361,364.3,365.2,360,NA
1990-06-07,358.1,356.5,358.7,355.5,NA
1990-06-08,359.2,358,359.5,356.6,NA
1990-06-11,359.7,359.3,361.8,358.4,NA
1990-06-12,359.1,359.9,360.6,358.9,NA
1990-06-13,355.1,356.5,357.1,353.9,NA
1990-06-14,349.8,348.5,350.3,348.2,NA
1990-06-15,352.3,350.5,352.5,350,NA
1990-06-18,352,352.7,353.3,350.8,NA
1990-06-19,351.8,352,352.5,350.9,NA
1990-06-20,353.1,350.1,355,349.5,NA
1990-06-21,353.1,352.7,353.5,351.8,NA
1990-06-22,352.8,351,354,350.8,NA
1990-06-25,356.2,356.5,357.1,355.9,NA
1990-06-26,352.9,353.8,354.2,351.7,NA
1990-06-27,353.2,353.1,354,352.5,NA
1990-06-28,354.1,354.1,355.8,353.7,NA
1990-06-29,359.9,355.3,361,354.5,NA
1990-07-02,360.8,359.5,361.3,359.5,NA
1990-07-03,364.1,360.5,365.5,360,NA
1990-07-05,363.3,362.1,364,361.4,NA
1990-07-06,362.9,363.3,364.7,362.7,NA
1990-07-09,359.9,362.7,363.6,358.5,NA
1990-07-10,357.1,355,357.4,354.1,NA
1990-07-11,355.6,355.7,356.7,355.2,NA
1990-07-12,359.5,354.5,360.5,352,NA
1990-07-13,365.7,360.7,369,360.2,NA
1990-07-16,364.5,363.7,365.1,363.2,NA
1990-07-17,363,362.5,364.2,361.6,NA
1990-07-18,362.5,361.1,363.9,360.5,NA
1990-07-19,362.1,362.5,364.4,362,NA
1990-07-20,362,361.6,363.5,361.5,NA
1990-07-23,369.7,365.8,371.5,365.8,NA
1990-07-24,368.4,370,371,367.3,NA
1990-07-25,372.4,370,375.5,370,NA
1990-07-26,369.6,371,371.5,368.4,NA
1990-07-27,368,369.2,370.8,365.8,NA
1990-07-30,376.8,377,377.5,375.6,NA
1990-07-31,379.2,381,382.2,377.5,NA
1990-08-01,382.4,379.3,384.3,379.2,NA
1990-08-02,385.9,394.5,394.5,385.6,NA
1990-08-03,386.4,382.5,391,382,NA
1990-08-06,393.8,390.8,394,390.1,NA
1990-08-07,393.7,394.2,394.5,388.7,NA
1990-08-08,392.2,394.3,395.8,389.6,NA
1990-08-09,394.8,393.7,395.4,392,NA
1990-08-10,405.9,397.8,406,396.8,NA
1990-08-13,414,411,424.7,411,NA
1990-08-14,414,411,424.7,411,NA
1990-08-15,411.3,410.5,414.4,406.6,NA
1990-08-16,417.9,409.5,418,409.5,NA
1990-08-17,418.3,418.5,421.5,416.3,NA
1990-08-20,418.8,419.7,420.1,414.8,NA
1990-08-21,416,421.3,425,410,NA
1990-08-22,419.3,417.9,420.3,416.5,NA
1990-08-23,420.3,424.2,425,417,NA
1990-08-24,423.2,420.2,423.5,416.7,NA
1990-08-27,396.2,413,413,394,NA
1990-08-28,392.8,398.5,399.9,386,NA
1990-08-29,392.7,394,395.3,389.5,NA
1990-08-30,393.7,391.5,397.3,391.5,NA
1990-08-31,389.2,394.5,396.4,387.5,NA
1990-09-04,390.5,390.1,391.8,386.7,NA
1990-09-05,393,389,395.5,388.5,NA
1990-09-06,396.2,393.7,396.7,392.8,NA
1990-09-07,396,394.5,396.2,388.5,NA
1990-09-10,384.8,388.7,391.6,381.6,NA
1990-09-11,386.6,383.8,389.1,382.6,NA
1990-09-12,388.1,387,389.7,385.8,NA
1990-09-13,388.8,387.5,390.4,386.9,NA
1990-09-14,391,392.5,394,389,NA
1990-09-17,395.2,393,396,392.4,NA
1990-09-18,393.3,390.5,394.7,389.7,NA
1990-09-19,391.4,391.2,392.9,390,NA
1990-09-20,394.2,392.3,394.3,390.7,NA
1990-09-21,394.5,393.9,399,392,NA
1990-09-24,408.3,396.8,409,396.1,NA
1990-09-25,407.6,410,412.3,404.5,NA
1990-09-26,412.8,405.3,414,404.1,NA
1990-09-27,410.8,406.5,412.5,406.5,NA
1990-09-28,408.1,410.7,414.3,407.7,NA
1990-10-01,391.6,402.9,404,390,NA
1990-10-02,393.9,392.5,394,390.7,NA
1990-10-03,398.5,392.8,399,392.5,NA
1990-10-04,396.9,400.2,403.4,394.2,NA
1990-10-05,398.1,399.4,400.7,396.5,NA
1990-10-08,399.3,395.5,400.6,393.6,NA
1990-10-09,394,400.3,402.2,388,NA
1990-10-10,392.2,396.5,397.2,390.1,NA
1990-10-11,393.6,387.8,395.5,387.7,NA
1990-10-12,391.3,389.2,394.6,389.1,NA
1990-10-15,378.5,385.9,385.9,375.5,NA
1990-10-16,365.1,376,376,361.5,NA
1990-10-17,369.8,368.7,370.5,366.3,NA
1990-10-18,373,370,373.6,367.8,NA
1990-10-19,375.7,374.5,377.6,371.8,NA
1990-10-22,372.4,369,375,368.7,NA
1990-10-23,373.9,373.5,376.3,372.4,NA
1990-10-24,376,372.8,376.2,372.3,NA
1990-10-25,378.3,376.3,379.4,376.1,NA
1990-10-26,373.2,379.8,380.2,370.6,NA
1990-10-29,375.8,373,376.5,372.9,NA
1990-10-30,381.7,375.5,382.3,374.3,NA
1990-10-31,381.3,383,384.3,378.3,NA
1990-11-01,383.1,383,385.8,381.6,NA
1990-11-02,378,381.6,382,376.1,NA
1990-11-05,381.1,378.3,383.3,377.8,NA
1990-11-06,388.1,382.4,388.6,379.6,NA
1990-11-07,387.9,385.8,391.5,385.5,NA
1990-11-08,388.9,388,389,385.3,NA
1990-11-09,386.3,387.3,388,383.3,NA
1990-11-12,383.3,383,384.5,381.6,NA
1990-11-13,387,384,387.5,383.8,NA
1990-11-14,378.5,385,386.4,377,NA
1990-11-15,380,379.3,381.1,378.5,NA
1990-11-16,379.8,380.6,381.5,376,NA
1990-11-19,382.3,378.2,384,377.3,NA
1990-11-20,378.5,380,381,376.3,NA
1990-11-21,379.8,378.2,381.5,376.7,NA
1990-11-23,384.5,381.3,385.2,381.3,NA
1990-11-26,386.7,387,388.7,386.5,NA
1990-11-27,385.8,383,387,382.8,NA
1990-11-28,385.7,384.5,386.7,384.3,NA
1990-11-29,391.7,388.5,393.3,388,NA
1990-11-30,385.7,388.3,389.8,383.7,NA
1990-12-03,378.5,384.9,385.9,377.5,NA
1990-12-04,380.5,380.3,381.8,378.8,NA
1990-12-05,375.8,381,381.8,374.1,NA
1990-12-06,373.2,373,374.2,369.1,NA
1990-12-07,372.1,373.7,375,370.8,NA
1990-12-10,375.9,374.5,377.8,374.4,NA
1990-12-11,373.6,373,376.7,372.2,NA
1990-12-12,374.5,374,375.1,372.7,NA
1990-12-13,376.1,373.9,376.4,373.5,NA
1990-12-14,378.6,374.6,379.5,374.1,NA
1990-12-17,379.3,379.6,380.5,378.8,NA
1990-12-18,378.4,379,381.1,378.2,NA
1990-12-19,388,379,388.4,379,NA
1990-12-20,386.7,386.5,391,386,NA
1990-12-21,384.3,386.2,387.8,380.8,NA
1990-12-24,384.3,384.3,384.3,384.3,NA
1990-12-26,387.4,385.6,388.1,384.5,NA
1990-12-27,387.6,386.5,388,384.8,NA
1990-12-28,396.2,388.3,396.5,387.5,NA
1990-12-31,396.2,394.8,396.5,394.3,NA
1991-01-02,391.1,395.1,395.5,389.5,NA
1991-01-03,388.9,388,390,385,NA
1991-01-04,387.2,389.5,390.7,386.2,NA
1991-01-07,396.2,393.2,396.8,392.2,NA
1991-01-08,392.3,392.5,392.9,389.5,NA
1991-01-09,393,387.7,394.5,379.5,NA
1991-01-10,392.1,390.6,393.5,390.6,NA
1991-01-11,393.3,393.7,395.5,392.1,NA
1991-01-14,401.6,399.5,402.5,398.5,NA
1991-01-15,400.2,399.6,403.5,399.3,NA
1991-01-16,404.5,405.8,406.9,396,NA
1991-01-17,374.4,374,380.8,374,NA
1991-01-18,375.1,377.5,379.8,371,NA
1991-01-21,379.5,379,380.9,378,NA
1991-01-22,380.1,381.6,382.2,379.7,NA
1991-01-23,378.9,378,380.5,377.8,NA
1991-01-24,373.5,376,376.5,371.5,NA
1991-01-25,376.1,374.1,377.5,374,NA
1991-01-28,377.1,374.6,378.5,374.6,NA
1991-01-29,376.4,378,378.3,375.5,NA
1991-01-30,371.5,368.5,371.7,367.8,NA
1991-01-31,368.5,371.2,372,368.3,NA
1991-02-01,368.7,371.5,372.8,366.5,NA
1991-02-04,371.6,369.5,372,369.5,NA
1991-02-05,368.9,369,370.4,368.7,NA
1991-02-06,365.2,363.5,367,363,NA
1991-02-07,370,366.5,372.4,366.2,NA
1991-02-08,372.4,370.8,373.7,370.6,NA
1991-02-11,369.1,370.7,371.3,368.5,NA
1991-02-12,370.3,365.7,372.2,365.1,NA
1991-02-13,369.5,369.8,370.8,368.8,NA
1991-02-14,370.2,369.3,371.8,369.2,NA
1991-02-15,366.1,365.7,368.5,365.6,NA
1991-02-19,366.1,364.6,367.4,362.5,NA
1991-02-20,366.1,366.2,367.6,365,NA
1991-02-21,364.1,363.1,366.6,363.1,NA
1991-02-22,358.3,361,362,357,NA
1991-02-25,360.8,359,361.4,358.7,NA
1991-02-26,360.2,361,362.9,359.7,NA
1991-02-27,363.3,361.9,364,361.1,NA
1991-02-28,369,365.5,370.3,364.5,NA
1991-03-01,368.6,368.5,369.9,367.3,NA
1991-03-04,369.5,367,370,366.7,NA
1991-03-05,366.3,365.5,367.8,365.5,NA
1991-03-06,367.5,365.5,372,365.2,NA
1991-03-07,368.5,367.3,369.3,367,NA
1991-03-08,371.2,368.3,372.8,368.3,NA
1991-03-11,366.2,370.6,371,364.8,NA
1991-03-12,366.1,364.6,366.9,364.5,NA
1991-03-13,368.1,366.6,369.5,366.6,NA
1991-03-14,366.3,367.1,367.5,365.3,NA
1991-03-15,365.8,364.7,368.2,364.7,NA
1991-03-18,363.7,363,364.9,361.9,NA
1991-03-19,364.5,362.7,367.7,362.6,NA
1991-03-20,363.6,365.5,366.4,363.4,NA
1991-03-21,363.5,362.7,364.9,361.8,NA
1991-03-22,363.5,364.1,364.7,363.2,NA
1991-03-25,359.4,361.5,362,358.3,NA
1991-03-26,357.6,359.5,360,356.4,NA
1991-03-27,356.3,355,357.5,354.5,NA
1991-03-28,359.4,357.8,359.7,357.8,NA
1991-04-01,362.4,359.1,362.7,359.1,NA
1991-04-02,360.5,359.8,361.6,359.8,NA
1991-04-03,362.2,362.6,363.4,361.8,NA
1991-04-04,361.7,361.3,362.7,361.3,NA
1991-04-05,362.1,361.3,363,359.3,NA
1991-04-08,364,362.1,364.7,361.9,NA
1991-04-09,367.2,364.7,368.2,364.7,NA
1991-04-10,366.3,366.4,367.3,365.7,NA
1991-04-11,364.8,364.5,365.7,364.3,NA
1991-04-12,362.7,365,365.6,361.5,NA
1991-04-15,363.2,363.3,363.7,362.1,NA
1991-04-16,363.1,363.5,364.4,362.7,NA
1991-04-17,363.7,363.9,364.4,363.2,NA
1991-04-18,360.2,364,364.7,359,NA
1991-04-19,359,359.2,359.9,358.1,NA
1991-04-22,359.7,357.9,360.3,357.5,NA
1991-04-23,358.9,359,359.5,356.8,NA
1991-04-24,358.1,358.2,358.7,356.3,NA
1991-04-25,355.8,355.2,356.2,354.6,NA
1991-04-26,355.5,356,356.6,355,NA
1991-04-29,354.1,353.5,354.2,352.6,NA
1991-04-30,357.7,356.2,361.3,356.1,NA
1991-05-01,357.7,358.6,358.9,357.5,NA
1991-05-02,356.7,356.3,357,355.3,NA
1991-05-03,355.5,357.8,358.7,354.6,NA
1991-05-06,356.9,355,357.2,355,NA
1991-05-07,358.1,357.3,359.5,357.1,NA
1991-05-08,358.5,357.7,359.2,357.7,NA
1991-05-09,359.3,358.2,359.4,357.6,NA
1991-05-10,358.3,357.9,358.7,357.8,NA
1991-05-13,359.8,358.4,361,357.9,NA
1991-05-14,361.2,359.8,361.8,358,NA
1991-05-15,360.9,362.3,363.2,360.8,NA
1991-05-16,357.1,360.4,360.5,356,NA
1991-05-17,356,356,357,354.9,NA
1991-05-20,358.1,355.6,358.8,355.5,NA
1991-05-21,357.9,357.9,358.4,357.4,NA
1991-05-22,356.8,358.4,358.8,356.7,NA
1991-05-23,355.5,355.6,356.5,354.8,NA
1991-05-24,356.8,356.8,357.1,355.8,NA
1991-05-28,363.7,356.7,365,354.7,NA
1991-05-29,361.2,361.8,362.8,361.1,NA
1991-05-30,366.5,363.4,367.7,362.8,NA
1991-05-31,364.8,364.6,365.2,363.2,NA
1991-06-03,366.4,366.8,367.7,366.2,NA
1991-06-04,365.8,366.1,366.6,364.5,NA
1991-06-05,365.7,366.2,366.4,365.3,NA
1991-06-06,368.1,366.7,368.8,365.9,NA
1991-06-07,369.5,369.5,371.3,369.3,NA
1991-06-10,376.6,373.5,377.9,373,NA
1991-06-11,373.9,374.5,375.3,373.7,NA
1991-06-12,373.1,373.5,376.6,372.8,NA
1991-06-13,372.9,372,373.6,371.6,NA
1991-06-14,369.8,371.2,372.1,368.4,NA
1991-06-17,370.8,370.3,371.1,369.6,NA
1991-06-18,370.9,371.5,375,368.5,NA
1991-06-19,371.1,370.3,371.3,369.5,NA
1991-06-20,370.4,370.5,370.9,369,NA
1991-06-21,368.1,369.8,370.2,367.3,NA
1991-06-24,365.2,367.8,368.3,361.5,NA
1991-06-25,366.7,365,367.3,365,NA
1991-06-26,367.9,368.1,369.6,367.5,NA
1991-06-27,367.9,367.1,368.4,366,NA
1991-06-28,370,370.3,373,368.7,NA
1991-07-01,369.9,370.2,372.2,369,NA
1991-07-02,369.4,367.8,369.8,367.8,NA
1991-07-03,371.6,371.2,372.3,370.3,NA
1991-07-08,372.1,372.1,372.6,371.5,NA
1991-07-09,370.6,370,371.1,369.9,NA
1991-07-10,371.2,372.2,373.2,371.1,NA
1991-07-11,368.9,370,370.4,368,NA
1991-07-12,369.6,369,370.2,368.3,NA
1991-07-15,370.1,370.5,370.8,368.5,NA
1991-07-16,369.8,369.5,370,369,NA
1991-07-17,370.5,370,370.8,369.6,NA
1991-07-18,370.9,371.6,372.8,369.6,NA
1991-07-19,371.2,371,371.8,370.7,NA
1991-07-22,368.1,370.8,371.1,366.3,NA
1991-07-23,368.5,368.1,368.9,367.7,NA
1991-07-24,364.7,367.2,367.4,364.1,NA
1991-07-25,364.7,365.2,365.7,363.6,NA
1991-07-26,366.3,364.4,366.5,363.9,NA
1991-07-29,363.4,365.8,366.1,362.3,NA
1991-07-30,369.8,368.8,370,367.8,NA
1991-07-31,370.8,370.7,371.6,369.4,NA
1991-08-01,370.3,370.7,370.9,370,NA
1991-08-02,362.3,366.5,366.7,360.8,NA
1991-08-05,362.7,361.3,363.2,360.2,NA
1991-08-06,363.1,363.4,363.8,362.9,NA
1991-08-07,362.8,361.9,363.4,361.8,NA
1991-08-08,363.3,363.4,364.1,362.5,NA
1991-08-09,364.4,364.8,364.9,363.3,NA
1991-08-12,363.5,363.8,364.2,363.4,NA
1991-08-13,362.2,362.8,362.9,362,NA
1991-08-14,363.6,361.8,364.6,360.6,NA
1991-08-15,362.7,363.3,366,362.6,NA
1991-08-16,363.5,362.9,364,362.3,NA
1991-08-19,364.1,368.2,368.5,362.4,NA
1991-08-20,361.3,363.7,364,357.5,NA
1991-08-21,362.1,360.3,362.5,360.1,NA
1991-08-22,359.4,361.5,361.9,359.3,NA
1991-08-23,358.6,357.8,359.2,357.1,NA
1991-08-26,360.3,359.1,360.5,359,NA
1991-08-27,359.5,359.2,360.8,358.6,NA
1991-08-28,358.9,361,361.1,357.7,NA
1991-08-29,355.7,357.5,358.2,355,NA
1991-08-30,352.9,351.2,353,350.1,NA
1991-09-03,352.9,351.3,353.4,350.6,NA
1991-09-04,353,353.2,353.5,352.7,NA
1991-09-05,351.4,351,351.9,350.8,NA
1991-09-06,353.4,351.4,353.5,350.8,NA
1991-09-09,355.2,354.5,357,354.3,NA
1991-09-10,354,355.6,356.4,353.7,NA
1991-09-11,349.4,349.1,349.8,346,NA
1991-09-12,348.2,349.7,350.7,348.1,NA
1991-09-13,348.2,347.6,349.2,347.4,NA
1991-09-16,348.3,349.2,350.1,348.2,NA
1991-09-17,350.4,350.6,351.2,349.5,NA
1991-09-18,352.3,351.9,352.8,351.3,NA
1991-09-19,352,353.6,353.8,351.7,NA
1991-09-20,352.1,351.4,352.5,351.3,NA
1991-09-23,354.3,352.5,354.4,352.4,NA
1991-09-24,357.2,355.4,358,355,NA
1991-09-25,356.3,355.9,356.9,355.4,NA
1991-09-26,354.1,355.4,355.9,353.3,NA
1991-09-27,352.4,351.7,352.5,350.8,NA
1991-09-30,357.3,355.4,359.5,355,NA
1991-10-01,357.3,357.1,357.7,356.7,NA
1991-10-02,358.6,360.3,360.6,357.7,NA
1991-10-03,360.6,359.5,361.5,359,NA
1991-10-04,361.7,359.8,362,358.6,NA
1991-10-07,362,361.1,363.4,360.5,NA
1991-10-08,360.2,360.2,361.1,359.1,NA
1991-10-09,362.1,360.4,362.2,360.2,NA
1991-10-10,361.3,362.8,363.2,361.1,NA
1991-10-11,362.4,359.9,363.5,359.8,NA
1991-10-14,361.3,363.1,363.3,360.6,NA
1991-10-15,360.1,361.1,361.5,359.7,NA
1991-10-16,360.5,358.1,360.6,357.9,NA
1991-10-17,362.3,360.9,362.6,360,NA
1991-10-18,364.4,362.6,365,361.6,NA
1991-10-21,365.9,366.1,367.4,365.6,NA
1991-10-22,366,365.2,366.1,364.7,NA
1991-10-23,364.3,364.8,365,363.8,NA
1991-10-24,364,362.6,364.2,362.4,NA
1991-10-25,362.7,364.6,365,362.5,NA
1991-10-28,360.8,361.2,361.5,359.5,NA
1991-10-29,361.1,360.5,361.2,358.2,NA
1991-10-30,360.5,361.8,361.9,360.3,NA
1991-10-31,359.5,359.3,360.2,358.8,NA
1991-11-01,356.9,359.5,359.9,356.5,NA
1991-11-04,358.1,358.1,358.3,357.4,NA
1991-11-05,355.4,358.1,358.6,355.3,NA
1991-11-06,355.8,355.4,356.3,354.7,NA
1991-11-07,354.7,356.4,356.7,354.4,NA
1991-11-08,355.2,354.4,355.7,353.6,NA
1991-11-11,356.2,355.9,356.3,355.5,NA
1991-11-12,356.7,356.2,357.5,355.7,NA
1991-11-13,357.3,357.6,358.2,356.4,NA
1991-11-14,355.7,356.6,357,355.6,NA
1991-11-15,360.1,355.8,361,355.7,NA
1991-11-18,361.5,360.7,362.5,360.1,NA
1991-11-19,364.4,361.4,365.5,361.3,NA
1991-11-20,364.7,363.7,365.8,363.3,NA
1991-11-21,368.6,364.1,370.7,363.7,NA
1991-11-22,369.6,368.7,370.2,367.9,NA
1991-11-25,368.3,368.8,370.3,367.9,NA
1991-11-26,366.3,366.9,368,365.8,NA
1991-11-27,367.9,366.9,368.6,366.8,NA
1991-11-29,371.1,369.7,371.2,369.3,NA
1991-12-02,369.9,371.6,372.4,369.6,NA
1991-12-03,366.4,367.3,368.1,365.4,NA
1991-12-04,367.9,369.1,369.6,367.5,NA
1991-12-05,370,368.7,370.2,366.6,NA
1991-12-06,371.9,370.9,373,370.2,NA
1991-12-09,371.6,374.2,374.9,371.5,NA
1991-12-10,371.1,373,373.1,370.3,NA
1991-12-11,368.6,369.6,370.2,367.7,NA
1991-12-12,359.9,368.8,369,358.2,NA
1991-12-13,361.3,360.4,361.5,359.2,NA
1991-12-16,360.9,361.9,362.2,360.6,NA
1991-12-17,359.1,359.3,359.7,357.8,NA
1991-12-18,360.8,360.7,361.3,359,NA
1991-12-19,359.1,359.9,361.2,358.9,NA
1991-12-20,360.3,357.9,361.5,356.8,NA
1991-12-23,361,361.1,362.7,360.7,NA
1991-12-24,360.7,360.8,361.2,360.3,NA
1991-12-26,355.9,358.5,359,355.3,NA
1991-12-27,355,356.1,356.2,353.5,NA
1991-12-30,353.9,354.4,354.6,352.3,NA
1991-12-31,353.9,354.4,354.6,352.3,NA
1992-01-02,353.2,351.2,353.4,350.9,NA
1992-01-03,351.5,354.1,354.7,351.4,NA
1992-01-06,350.3,351.8,352,348.5,NA
1992-01-07,350.5,350.4,351,349.7,NA
1992-01-08,351.5,351.6,352.2,350.7,NA
1992-01-09,357.5,352.3,359.2,351.6,NA
1992-01-10,356.9,357.7,360.5,356.8,NA
1992-01-13,354.5,355.2,355.8,354,NA
1992-01-14,355.2,353.4,356.5,353.3,NA
1992-01-15,354.7,356.4,357.1,354.5,NA
1992-01-16,357,354.2,359,354.1,NA
1992-01-17,354.5,357.9,358.2,354.3,NA
1992-01-20,358.2,356.6,361.5,356.4,NA
1992-01-21,358.4,357.9,359.1,356.8,NA
1992-01-22,358.3,357.7,358.6,356.5,NA
1992-01-23,354.9,354.3,356.9,354,NA
1992-01-24,354.7,353.4,355.5,352.2,NA
1992-01-27,355,356.3,357.2,354.6,NA
1992-01-28,355.9,356.5,357,355,NA
1992-01-29,356.1,355.4,357,354.7,NA
1992-01-30,355.6,358.9,359.8,355,NA
1992-01-31,358.9,355.3,361.3,354.6,NA
1992-02-03,358.4,359.5,359.8,357.8,NA
1992-02-04,357.9,358.2,358.7,357.4,NA
1992-02-05,357.3,357.1,357.5,355.3,NA
1992-02-06,357.4,358.6,358.8,356.9,NA
1992-02-07,356.5,356.5,359,356.2,NA
1992-02-10,357.4,356.5,358.2,356,NA
1992-02-11,357.8,356.8,359,356.7,NA
1992-02-12,359.6,358.6,360.5,358.4,NA
1992-02-13,357.3,358.4,359.2,356.3,NA
1992-02-14,355.1,356.9,357.5,354.4,NA
1992-02-18,354.7,354.3,355.2,353,NA
1992-02-19,354.5,354.3,355.3,353.8,NA
1992-02-20,354.7,354.9,355.3,354.2,NA
1992-02-21,352.5,352.9,353.5,351.5,NA
1992-02-24,351.1,350.3,351.5,350.2,NA
1992-02-25,350.6,351.9,352.4,350.5,NA
1992-02-26,350.8,349.9,350.9,349.4,NA
1992-02-27,355,352,356.6,351.8,NA
1992-02-28,354.1,354.4,354.7,354,NA
1992-03-02,352.5,351.3,352.6,351.1,NA
1992-03-03,351.4,352.2,353,351.2,NA
1992-03-04,351.6,351,351.8,350.3,NA
1992-03-05,352.3,350.5,352.5,350.2,NA
1992-03-06,350.3,352.4,352.5,349.2,NA
1992-03-09,349.7,349.5,350.2,348.3,NA
1992-03-10,349.8,349.4,350.3,348.8,NA
1992-03-11,351.4,350,351.5,349.6,NA
1992-03-12,348,349.4,349.8,347,NA
1992-03-13,347.3,348,348.3,347.2,NA
1992-03-16,343.9,345.9,346,342.1,NA
1992-03-17,340.6,337.7,341,337.3,NA
1992-03-18,338.8,341,341.7,338.7,NA
1992-03-19,339.1,337.1,339.9,336.3,NA
1992-03-20,338.5,338.4,339.8,338.2,NA
1992-03-23,338.5,338.4,339.2,338.3,NA
1992-03-24,339.8,338.5,339.9,338.2,NA
1992-03-25,341.3,340.9,343.3,340.9,NA
1992-03-26,341.1,340.7,341.6,340.5,NA
1992-03-27,342.5,340.6,342.8,339.8,NA
1992-03-30,343.8,345,345.5,343.6,NA
1992-03-31,345.5,344,346.9,343.5,NA
1992-04-01,344.6,346,346.9,344.5,NA
1992-04-02,342.4,341.7,343.5,341.6,NA
1992-04-03,342.7,342.6,343.4,341.8,NA
1992-04-06,341.8,341.5,342,340.7,NA
1992-04-07,340.1,340.3,341.3,339.2,NA
1992-04-08,339.3,339.8,340.7,339,NA
1992-04-09,340.9,340,341,339.6,NA
1992-04-10,342.5,343,344.2,342.1,NA
1992-04-13,340.6,342.9,343.2,340.4,NA
1992-04-14,340.8,340.2,341.1,340.1,NA
1992-04-15,337,340.8,341.4,336.2,NA
1992-04-16,338.3,337.7,338.5,337.4,NA
1992-04-20,337.7,338.6,339.1,336.9,NA
1992-04-21,341.7,339.1,343,338.5,NA
1992-04-22,339.8,339.2,340.1,339,NA
1992-04-23,339.3,339.3,340.3,338.3,NA
1992-04-24,337.5,337.3,338.1,336.7,NA
1992-04-27,337.1,337.5,337.8,336.4,NA
1992-04-28,337.2,338.3,338.5,336.7,NA
1992-04-29,336.4,335.2,337.5,334.9,NA
1992-04-30,337.9,337.1,338.1,337,NA
1992-05-01,339.3,338.1,339.4,338,NA
1992-05-04,337.6,338.3,338.5,337,NA
1992-05-05,337.8,337.2,338.1,337,NA
1992-05-06,337.5,337.5,337.9,337.3,NA
1992-05-07,335.9,336.8,337.2,335.7,NA
1992-05-08,336.3,335.4,338.2,335.3,NA
1992-05-11,337,337.3,337.8,336.6,NA
1992-05-12,335.8,336.2,336.4,335.1,NA
1992-05-13,336.1,335.6,336.5,335.2,NA
1992-05-14,338.4,337.3,338.9,337.1,NA
1992-05-15,339.1,339,340.8,338.7,NA
1992-05-18,339.3,339.3,340.1,339.1,NA
1992-05-19,338.2,340.9,341.7,337.6,NA
1992-05-20,338.4,338.3,338.5,337.3,NA
1992-05-21,337.4,337.4,337.9,336.8,NA
1992-05-22,338.1,337.6,338.5,337.5,NA
1992-05-26,338.4,337.7,338.5,337.7,NA
1992-05-27,338.2,339.1,339.4,338.1,NA
1992-05-28,339,339.3,339.5,338.2,NA
1992-05-29,338.4,339.1,339.8,338.1,NA
1992-06-01,339.6,338.7,339.7,338.2,NA
1992-06-02,341.2,340.4,341.5,340.3,NA
1992-06-03,340.6,342.3,342.9,340.5,NA
1992-06-04,340.6,340.5,341.2,340.3,NA
1992-06-05,340.7,340.9,341.4,340.4,NA
1992-06-08,340.1,340.8,341,340,NA
1992-06-09,340.2,339.7,340.3,339.6,NA
1992-06-10,339.8,340.1,340.8,339.5,NA
1992-06-11,342.3,339.9,342.4,339.7,NA
1992-06-12,344.7,343,345.8,341.3,NA
1992-06-15,344.9,344.7,345.6,344.2,NA
1992-06-16,344,343.9,344.5,343.5,NA
1992-06-17,342.9,344.6,344.8,342.8,NA
1992-06-18,344.2,342.7,345.2,342.6,NA
1992-06-19,342.4,346.2,346.9,341.8,NA
1992-06-22,345.2,344,345.5,343.7,NA
1992-06-23,346,345.6,346.6,345.2,NA
1992-06-24,344.3,345.4,345.5,343.5,NA
1992-06-25,344.6,344.7,345.2,344,NA
1992-06-26,343.9,344.9,345.5,343.5,NA
1992-06-29,345.1,343.4,345.2,342.7,NA
1992-06-30,344.4,345,345.2,344.2,NA
1992-07-01,345.6,345.1,345.8,344.3,NA
1992-07-02,347.6,346.9,349.7,346.7,NA
1992-07-06,347.5,347.7,348.2,346.9,NA
1992-07-07,347.1,346.1,347.2,345.8,NA
1992-07-08,348.4,348.5,349.2,347.7,NA
1992-07-09,349.4,348.3,349.5,347.8,NA
1992-07-10,349,351,351.2,348.9,NA
1992-07-13,349.8,349,349.9,349,NA
1992-07-14,351.8,350.8,352,350,NA
1992-07-15,354.7,351.9,354.8,351.4,NA
1992-07-16,353.2,353.9,354.7,353,NA
1992-07-17,358,353.4,360.1,353.2,NA
1992-07-20,359.6,359.3,361.2,358.1,NA
1992-07-21,358.1,358.5,359.1,357.4,NA
1992-07-22,359.3,358,360.7,357.9,NA
1992-07-23,358.9,360.9,361.2,358.5,NA
1992-07-24,359.5,359.6,359.8,356.8,NA
1992-07-27,358.1,358,358.7,357.7,NA
1992-07-28,359,359.2,360,358,NA
1992-07-29,356.5,358.1,358.5,355.5,NA
1992-07-30,360.6,360.2,361,360.1,NA
1992-07-31,361.4,361.3,362,360.9,NA
1992-08-03,356.5,360.5,360.6,355.6,NA
1992-08-04,356.5,356.3,356.9,355.7,NA
1992-08-05,352.9,353.7,354.4,351.9,NA
1992-08-06,352.7,352.6,353,351.4,NA
1992-08-07,353.9,352.6,354.8,352.3,NA
1992-08-10,354,354.3,354.4,353.4,NA
1992-08-11,350.9,351.6,352.3,350.8,NA
1992-08-12,342,349.3,351.3,340.5,NA
1992-08-13,337.2,342,342.2,335,NA
1992-08-14,337.8,338.1,338.8,337.4,NA
1992-08-17,339.9,339.2,340.4,339.2,NA
1992-08-18,338.7,338.9,339.3,337.6,NA
1992-08-19,340.8,341.1,341.3,340.3,NA
1992-08-20,340.2,339.4,340.6,339,NA
1992-08-21,340,338.9,340.1,338.7,NA
1992-08-24,344.3,344.2,345.3,343.6,NA
1992-08-25,343.3,343.1,344.5,342.7,NA
1992-08-26,340.9,342.3,343.4,340.5,NA
1992-08-27,341.7,341.3,342,341.2,NA
1992-08-28,342.4,342.6,343,341.9,NA
1992-08-31,345.3,342.8,346.7,342.6,NA
1992-09-01,343.4,345.5,345.7,342.8,NA
1992-09-02,341.1,343.2,343.4,340.3,NA
1992-09-03,343.4,341.4,344.6,340.9,NA
1992-09-04,343.8,343.3,345.3,343,NA
1992-09-08,344.6,344.1,344.8,344,NA
1992-09-09,344.2,345.2,346.1,343.5,NA
1992-09-10,344.2,344.1,344.6,343.8,NA
1992-09-11,342.9,343.1,343.2,341.5,NA
1992-09-14,348.8,346.4,351,345.9,NA
1992-09-15,348.4,347.9,348.9,347.5,NA
1992-09-16,351.7,349.8,352,349.7,NA
1992-09-17,349.8,350.2,351.1,349.6,NA
1992-09-18,353,350.1,354.5,348.9,NA
1992-09-21,349.4,350.6,351.3,348.3,NA
1992-09-22,350.7,348.2,352.9,348,NA
1992-09-23,350.4,350.4,351.9,349.3,NA
1992-09-24,351,350.2,351.1,349.4,NA
1992-09-25,351.1,350.8,352.9,350.4,NA
1992-09-28,349.4,350.9,351,349.2,NA
1992-09-29,349.9,348.8,350.6,348.3,NA
1992-09-30,349.4,350.6,351.3,349.3,NA
1992-10-01,349.1,348.9,350.1,348.8,NA
1992-10-02,349.6,349.4,350.5,348.6,NA
1992-10-05,352,350.7,353.4,350.3,NA
1992-10-06,351.4,351.7,351.8,350.9,NA
1992-10-07,352.2,350.8,352.4,350.5,NA
1992-10-08,351,351,352.2,350.7,NA
1992-10-09,351.4,350.8,352.5,350.7,NA
1992-10-12,346.1,346.9,347.8,345.8,NA
1992-10-13,344.9,344.6,345,343.3,NA
1992-10-14,343.7,344.6,345.1,343.5,NA
1992-10-15,341.9,342.6,343.4,341.6,NA
1992-10-16,343.2,342.6,343.8,342.4,NA
1992-10-19,343.4,343.2,343.8,342.8,NA
1992-10-20,344.6,343.6,345,343.5,NA
1992-10-21,344.8,344.8,345.4,344.5,NA
1992-10-22,343.7,343.9,344.2,343.2,NA
1992-10-23,344.2,343.1,344.6,342.8,NA
1992-10-26,341.7,341.7,342.4,341.2,NA
1992-10-27,338,339.7,340,336.9,NA
1992-10-28,340.1,338.9,340.3,338.4,NA
1992-10-29,340.2,340,340.5,339.7,NA
1992-10-30,340.1,339.8,340.4,339.4,NA
1992-11-02,340.6,339.9,340.8,339.7,NA
1992-11-03,338.2,339,339.4,337.4,NA
1992-11-04,337.7,337.7,339.8,337.4,NA
1992-11-05,336.8,338.2,340.2,336.5,NA
1992-11-06,336.2,337.4,338,333.7,NA
1992-11-09,333.1,335.7,335.8,332.2,NA
1992-11-10,330.1,330.7,331.5,328.9,NA
1992-11-11,332.1,331.6,333,331.1,NA
1992-11-12,333.5,333,334.1,332.2,NA
1992-11-13,335.4,334.1,337.5,333.8,NA
1992-11-16,334,335.9,336,333.7,NA
1992-11-17,334.4,333.8,334.6,333.5,NA
1992-11-18,335.2,335.2,335.5,334.6,NA
1992-11-19,335.4,333.9,335.5,333.7,NA
1992-11-20,335.3,336,337,335,NA
1992-11-23,334.4,334.2,334.4,333.8,NA
1992-11-24,334.3,334.7,334.9,334.1,NA
1992-11-25,333.5,334.8,335,332.8,NA
1992-11-27,335.5,335.1,335.6,334.5,NA
1992-11-30,335.5,335.4,335.7,334.9,NA
1992-12-01,336.1,335.8,336.2,335.3,NA
1992-12-02,336.9,336.5,337.7,336.4,NA
1992-12-03,336.4,336.9,337,336.2,NA
1992-12-04,336.6,336.6,337,336.2,NA
1992-12-07,337,336.3,337.2,335.3,NA
1992-12-08,336.3,336.1,336.7,335.8,NA
1992-12-09,334.5,334.2,335,333.9,NA
1992-12-10,335,334.6,335.2,334.2,NA
1992-12-11,336,335.8,336.1,335.4,NA
1992-12-14,335.4,336.3,336.4,335.4,NA
1992-12-15,335.3,335.6,335.8,335.3,NA
1992-12-16,338.7,336,339.3,335.9,NA
1992-12-17,339.2,339.4,340.1,338.7,NA
1992-12-18,337.7,338.3,338.6,337.2,NA
1992-12-21,334.6,337.1,337.2,332.3,NA
1992-12-22,332.8,334.1,334.3,332,NA
1992-12-23,333.4,332.8,334,332.6,NA
1992-12-24,333.4,333.3,333.5,333,NA
1992-12-28,333.4,334.2,334.8,333.3,NA
1992-12-29,332.8,332.9,333.1,332.3,NA
1992-12-30,333.3,332.6,333.7,332.3,1760
1992-12-31,333.1,333.3,333.5,333,20180
1993-01-04,328.4,329.1,329.4,326.5,14850
1993-01-05,329,329,329.5,328.5,20380
1993-01-06,330.1,329.6,330.4,329.2,18110
1993-01-07,329,329,329.7,328.4,7850
1993-01-08,329.5,328.9,329.8,328.8,14630
1993-01-11,327.8,328.8,328.9,326.9,22730
1993-01-12,328.8,329,330.7,328.1,25760
1993-01-13,327.6,327.3,328.5,326.3,13290
1993-01-14,327.3,328.2,328.5,326.9,9980
1993-01-15,327,327.3,328,326.9,7340
1993-01-18,328,327,328.2,326.9,12870
1993-01-19,328.6,328.8,329.4,328.4,21210
1993-01-20,329.8,328.4,330.4,328.2,15820
1993-01-21,329.3,329.8,330.3,328.9,15450
1993-01-22,328.6,329.3,329.7,328.5,11600
1993-01-25,328.8,328.5,329.1,328.2,33650
1993-01-26,331.1,329.4,331.5,329.3,17050
1993-01-27,329.9,330.6,331,329.8,18420
1993-01-28,331.1,330.5,331.2,330.4,16250
1993-01-29,330.7,332.6,333,330.6,7990
1993-02-01,330.7,330.2,331.2,330.1,10440
1993-02-02,330.6,330.1,331.1,330,19270
1993-02-03,329.5,330.1,330.2,329.1,14620
1993-02-04,329.2,328.9,329.3,328.5,5720
1993-02-05,328.9,328.7,329.3,328.6,10720
1993-02-08,329.1,328.3,329.4,328.3,12180
1993-02-09,329.6,329.1,329.8,329,46350
1993-02-10,333.7,330.4,333.8,330.3,23420
1993-02-11,332.7,334.3,334.6,332.2,24050
1993-02-12,330,331.7,331.8,328.8,30670
1993-02-16,333.4,330.9,334.4,330.5,19080
1993-02-17,331.5,332.7,332.9,330.8,23720
1993-02-18,331.5,329.9,332.8,329.8,13280
1993-02-19,331,332,332.5,330.8,29440
1993-02-22,328.8,330.1,332,328.7,21950
1993-02-23,331.6,330.4,331.9,330.2,17240
1993-02-24,330.4,331.2,332.2,330.1,8900
1993-02-25,330.6,330.8,331.4,330.3,20840
1993-02-26,329.1,329.1,329.8,327.8,6470
1993-03-01,329.3,329.5,329.8,329.1,9880
1993-03-02,330.5,330,330.7,329.6,9930
1993-03-03,329.7,330.5,330.9,329.5,12080
1993-03-04,329.6,329.1,329.7,328.3,15730
1993-03-05,330.4,330.7,331.3,330.2,33090
1993-03-08,327.7,329.3,329.5,327,24490
1993-03-09,327.2,327.6,328.2,326.6,14530
1993-03-10,326.9,326.9,327.5,325.8,20170
1993-03-11,327.6,327.2,328,326.8,21800
1993-03-12,328.5,327.1,329,327,25030
1993-03-15,329.8,328.8,330.5,328.5,12990
1993-03-16,329.6,329.6,330,328.7,9520
1993-03-17,329.7,329.4,330.1,329,28730
1993-03-18,331.2,330,331.7,329.9,18310
1993-03-19,332.3,332.1,332.9,331.7,23730
1993-03-22,333.3,333.3,333.9,332.4,17410
1993-03-23,332.3,332.2,332.8,332,20010
1993-03-24,332.7,331.6,332.9,331,21180
1993-03-25,332.8,333.3,333.8,332,9040
1993-03-26,332.5,333,333.4,332.3,12020
1993-03-29,332.2,331.4,332.5,331.2,13310
1993-03-30,338.8,336.3,339.6,336,42630
1993-03-31,339.3,341.4,341.7,338.4,27830
1993-04-01,340.2,338.6,340.8,338.2,45730
1993-04-02,342.3,342.2,343.7,340.8,14300
1993-04-05,341,340.6,341.5,340,19070
1993-04-06,339.3,340,340.8,338.7,14120
1993-04-07,339.7,338.3,339.7,337.9,18040
1993-04-08,338.9,340.4,340.8,337.3,13320
1993-04-12,338.2,338.4,340.2,338,12570
1993-04-13,338.8,338.1,339.1,337.9,23480
1993-04-14,340.8,339.6,342.2,339.3,30750
1993-04-15,338.3,340.5,340.9,336,25180
1993-04-16,340.2,338.8,340.9,338.7,18290
1993-04-19,341.5,341.9,342.2,340.7,34990
1993-04-20,341.1,343.4,344.4,341,13380
1993-04-21,340.7,340.3,340.9,339.8,30690
1993-04-22,341.2,339.1,342,338.9,51630
1993-04-23,347.5,343.1,348,342.6,50190
1993-04-26,353.8,352.3,354.7,350.3,26540
1993-04-27,352.1,353.7,354,351.7,45010
1993-04-28,354.4,351.2,355.8,350.1,37790
1993-04-29,357.4,356.6,358.5,355.6,42810
1993-04-30,357.2,353,357.7,352.5,32670
1993-05-03,355.3,358.8,360.1,355.2,32380
1993-05-04,355.7,355.3,358.3,354.3,23800
1993-05-05,355.5,357.5,358.9,354.6,27470
1993-05-06,358.3,356.1,358.5,355.8,32409
1993-05-07,357.4,359.1,360.6,356,20300
1993-05-10,357.2,357.4,358.7,356.8,28930
1993-05-11,357.3,356.2,358.3,356,37460
1993-05-12,361.8,357.6,362.5,356.7,65620
1993-05-13,369.3,368.5,373,367.3,28910
1993-05-14,368.3,367.4,370.1,366.7,32490
1993-05-17,368,369.2,370.5,367.5,57210
1993-05-18,376,367.9,376.5,367,72880
1993-05-19,374.2,382.5,383.5,373.5,33330
1993-05-20,374.7,372.9,375.2,372.3,43650
1993-05-21,377.9,373.9,378.6,372.8,49850
1993-05-24,374.2,380.2,381.9,372,56800
1993-05-25,378.7,373.4,379.2,373.2,44590
1993-05-26,375.3,375.7,376.8,374.2,32590
1993-05-27,381.4,378.3,382.5,374.1,5820
1993-05-28,380.3,383.6,386.5,377.5,59610
1993-06-01,371.3,379.7,380.1,367.5,39240
1993-06-02,370.8,369.7,372.7,367.7,40650
1993-06-03,376.2,374.2,377.5,373.5,31300
1993-06-04,378.5,378.3,380.2,376.8,22790
1993-06-07,375.7,375.4,376.8,373.6,23830
1993-06-08,375.6,376.2,378.3,375.5,25160
1993-06-09,373,372.3,374.5,371.7,27650
1993-06-10,371,373,373.8,370,43340
1993-06-11,367.5,371.6,373.5,364.5,41390
1993-06-14,366.6,368,368,361.7,30680
1993-06-15,370.8,366,371.3,364.7,30480
1993-06-16,371.5,371.4,371.8,368.7,26660
1993-06-17,372.2,371.3,373.9,369.7,26700
1993-06-18,372.5,371.7,374,370,16250
1993-06-21,371.1,370.7,372.7,370,21310
1993-06-22,369.7,369.8,370.6,368,43830
1993-06-23,375.5,368.2,375.9,367.5,35860
1993-06-24,376.1,376.3,376.7,374.1,35740
1993-06-25,378.1,376.2,379,375.8,31310
1993-06-28,376.1,379.2,379.4,375,35270
1993-06-29,379.5,376.1,379.8,375.4,31230
1993-06-30,379.2,380,381,378.4,67220
1993-07-01,388.2,378.9,389.1,378.1,53090
1993-07-02,386.7,390,393.6,386,36380
1993-07-06,393.1,393.3,394.5,391.1,57380
1993-07-07,397.8,397.9,398.1,393.8,31460
1993-07-08,395.6,395.7,397,394,41110
1993-07-09,392.3,392,394.7,390.8,18840
1993-07-12,394.9,394.2,395.5,393.5,32980
1993-07-13,394.5,391.9,395.5,390.2,52650
1993-07-14,391.4,396.6,396.8,388.5,41130
1993-07-15,393.9,391.6,395.8,391.5,30290
1993-07-16,392.9,394.7,394.9,391.5,34540
1993-07-19,392.4,393.5,396.5,392.1,31850
1993-07-20,392.2,392.3,393.8,391.1,43070
1993-07-21,389.5,393.1,393.5,389.2,41200
1993-07-22,391.3,388.1,391.5,387.6,37420
1993-07-23,390,392.2,393,388.5,37620
1993-07-26,393.1,390.6,394.4,390.2,39230
1993-07-27,391.2,393.4,393.8,390.8,55510
1993-07-28,393.4,391.7,395.6,391.6,23740
1993-07-29,402.2,398.7,403,396.5,55580
1993-07-30,411.3,407.5,411.7,405.5,50880
1993-08-02,410.2,410.4,414,406.6,25450
1993-08-03,407.6,408.8,409.3,406.7,38230
1993-08-04,403.3,404.5,408,403.1,117010
1993-08-05,380.7,395.9,400.8,375,60020
1993-08-06,379.9,383.2,383.5,374.5,26140
1993-08-09,386.8,384.8,387.2,383.5,29090
1993-08-10,384.4,384.5,385,381.1,46760
1993-08-11,378.7,384.8,385.8,377,80670
1993-08-12,370.7,379.1,380.8,368.5,26860
1993-08-13,372.6,372.7,373,369.3,19750
1993-08-16,376.4,375.8,377.5,375.1,14400
1993-08-17,374.9,374.7,375.7,373.7,16079
1993-08-18,377.5,374.9,377.7,374.7,17530
1993-08-19,374.4,376.3,377.1,373.9,19530
1993-08-20,376.4,374.1,377.1,373.7,14890
1993-08-23,375.5,375.3,377.3,374.6,15170
1993-08-24,374.9,375.4,377,374.8,22860
1993-08-25,375.5,374.8,376.1,373.2,40560
1993-08-26,370.8,373.8,374.6,367,15710
1993-08-27,372.1,372,373,370.8,15820
1993-08-30,373.3,372.4,375.5,372.2,24430
1993-08-31,375.7,373.4,375.9,373.3,26930
1993-09-01,372.6,374.4,375,371,49490
1993-09-02,366.3,371.6,372.4,364,21330
1993-09-03,367.1,366.6,367.9,365,58560
1993-09-07,352.5,365.7,366,352,30670
1993-09-08,353.6,353.7,354.7,352.3,25520
1993-09-09,356.5,354.4,357.5,354.3,48280
1993-09-10,352.4,357.7,358.2,350,40490
1993-09-13,344.8,348.2,349.6,343,30090
1993-09-14,346.9,344.9,348,344.4,31900
1993-09-15,349.6,347.8,351,346.8,26970
1993-09-16,354.7,353.1,356,352,24310
1993-09-17,352.8,355.9,357.5,352.3,14760
1993-09-20,355.5,356,356.8,354.7,57380
1993-09-21,365,355.5,365.5,354.6,29040
1993-09-22,356,355.5,356.8,353,27230
1993-09-23,360,356.7,361.5,356.1,18580
1993-09-24,359.4,360.1,361,358.1,25890
1993-09-27,355.7,359.1,359.4,354.3,19540
1993-09-28,357.3,356.1,358.4,355.9,32240
1993-09-29,354.7,356.2,356.8,352.2,26450
1993-09-30,357.1,354.8,358.8,354.7,13690
1993-10-01,356.9,356.4,357.5,355.7,26390
1993-10-04,354.6,357.2,357.3,350,11860
1993-10-05,354.8,355.8,356.1,354.2,30680
1993-10-06,358.2,355.9,360,355.2,18790
1993-10-07,358.5,360.4,360.8,358.3,24180
1993-10-08,361.5,360.1,362.2,358.5,18280
1993-10-11,361.7,362.3,363.7,361.2,49130
1993-10-12,369.2,361.1,370,360.6,20640
1993-10-13,367.6,367.6,368.9,367,36290
1993-10-14,366.6,368.1,370.5,365.5,12510
1993-10-15,366.2,366.4,367.2,365,31610
1993-10-18,369.6,365.9,371.4,365.4,31270
1993-10-19,370.3,370.1,370.8,365.8,33310
1993-10-20,373.8,373.3,374.9,372.5,36550
1993-10-21,372.8,373.6,376.7,371,25740
1993-10-22,371.3,370.2,371.5,367.5,19720
1993-10-25,370.5,372.4,373.2,368.7,24050
1993-10-26,370.3,369.6,370.5,367.6,25660
1993-10-27,370.7,370.6,373.7,369.5,32750
1993-10-28,370.2,369.5,372.7,368.5,14810
1993-10-29,369.6,370.6,371.8,368.8,55330
1993-11-01,362.1,368.6,368.9,360.7,26290
1993-11-02,363.6,363.1,364.7,361,32960
1993-11-03,368,363.8,369,363.2,44630
1993-11-04,372.4,371.2,374.5,371,61800
1993-11-05,377.8,375.6,381.2,375.3,27070
1993-11-08,375.5,379,379,374.9,26030
1993-11-09,376.6,377,378.4,374.7,38490
1993-11-10,377.4,376,379,373,15420
1993-11-11,376.4,377.7,378.6,376.2,27200
1993-11-12,373.6,377.6,378.5,373.3,23910
1993-11-15,375.7,373.4,376,373.3,19550
1993-11-16,374.6,376.2,376.8,374.4,47810
1993-11-17,377.2,373.9,377.5,369.6,31740
1993-11-18,376.7,376.9,379.2,376.2,37590
1993-11-19,378.3,376.2,380.4,375.8,26730
1993-11-22,378.5,379.4,379.9,377.1,35280
1993-11-23,377.3,377.8,378.4,375.5,30450
1993-11-24,377.2,376.2,377.7,375.2,38370
1993-11-29,371.5,376.7,377.5,370.5,24840
1993-11-30,371.9,372.3,373.2,371.3,50540
1993-12-01,376.6,371.4,378.5,370.4,18790
1993-12-02,375.6,376.2,377.4,374.9,39710
1993-12-03,378.6,377.7,379.6,373.9,16190
1993-12-06,377.8,378.8,379.1,377.5,26330
1993-12-07,379.3,378.1,379.7,377.2,50000
1993-12-08,385.7,380.7,386.7,380.3,20050
1993-12-09,384.4,384.4,385.7,383.5,20030
1993-12-10,384.9,385,386,383.5,29480
1993-12-13,388.6,389.3,390.4,387.7,23070
1993-12-14,388.6,389,389.4,386.8,30110
1993-12-15,389,387.6,389.8,385.2,21610
1993-12-16,387.5,388.3,389.6,386.5,19510
1993-12-17,388.9,387.3,389.1,386.8,16350
1993-12-20,390.8,391.1,392.2,390.6,13580
1993-12-21,389.3,390.4,390.5,388.5,15930
1993-12-22,387.2,387.3,388.2,386,8370
1993-12-23,387,387,387.3,385.6,6910
1993-12-27,389.1,388.1,389.4,387.7,8380
1993-12-28,388.5,389.7,390,387.9,39200
1993-12-29,391.8,386.6,392.5,384.8,18710
1993-12-30,391.9,393.3,393.9,391,29640
1994-01-03,394.7,391.9,395.5,391.4,22430
1994-01-04,395.1,396.7,396.8,394.5,46780
1994-01-05,392.1,395.5,397.8,390,49730
1994-01-06,390.1,391.9,392,385,34630
1994-01-07,387.2,392.2,393,387,55100
1994-01-10,385.7,383,386.1,380,28570
1994-01-11,388.7,385.4,388.8,383.7,23200
1994-01-12,386.9,387.4,388,385,38040
1994-01-13,390.6,385.8,391.2,385.6,31080
1994-01-14,390.1,391.7,392.2,389.6,16820
1994-01-17,392.2,393.8,393.9,392.1,36390
1994-01-18,393.6,393.5,395.5,391.3,30380
1994-01-19,392.7,393.8,394,391.3,40960
1994-01-20,387.9,392.6,394.2,387,37280
1994-01-21,381.7,385.2,386.8,381.5,42720
1994-01-24,381.4,380.5,381.7,378,20500
1994-01-25,381.6,382.4,383.2,381.4,28000
1994-01-26,384.6,381.1,385,380.1,28780
1994-01-27,377.4,384.3,384.9,377.2,27350
1994-01-28,379,379.9,380.9,377.3,33490
1994-01-31,383.6,380.3,384,377.5,34500
1994-02-01,386.1,383.6,387.5,383,26570
1994-02-02,386.5,387,388.4,385.8,31970
1994-02-03,389.1,386.2,389.4,385.9,47120
1994-02-04,388.3,390.1,392.3,386.5,34670
1994-02-07,380.7,385.6,386.5,380.5,20090
1994-02-08,384.1,381.8,384.1,381.2,23080
1994-02-09,385.7,381.5,386,380.6,24350
1994-02-10,383.7,383.7,386.4,381.3,11340
1994-02-11,381.7,381.8,383.7,381.3,18930
1994-02-14,385.6,383.6,385.8,383.5,38310
1994-02-15,385.5,385.8,388.2,383,9480
1994-02-16,385.3,385.1,385.9,384.6,36260
1994-02-17,384.3,386.6,388.9,384,45880
1994-02-18,381.6,383.2,383.4,377.7,21940
1994-02-22,379.2,380.5,381.1,377.8,45310
1994-02-23,378.9,378.6,380.5,375.7,26620
1994-02-24,377.6,377.9,379.8,376.2,19520
1994-02-25,379.8,379.1,381.1,378.6,18710
1994-02-28,382.5,381.9,383.5,381.5,30760
1994-03-01,379.4,381.8,383.6,378.8,53760
1994-03-02,378.9,377.6,380,374,8250
1994-03-03,378.3,379,379.3,376.9,16910
1994-03-04,378.6,376.4,378.8,376,10980
1994-03-07,376.9,378.2,378.7,376.7,17150
1994-03-08,377.7,376.2,377.9,376,37430
1994-03-09,380.1,376.6,381,375.8,67940
1994-03-10,388.2,380.5,388.5,380.2,33930
1994-03-11,386.1,388.9,389.9,385.7,19080
1994-03-14,387.2,386.5,388.3,386.5,20020
1994-03-15,387.6,387.5,388.5,386.6,18600
1994-03-16,385.6,386.1,386.9,385.3,22350
1994-03-17,383,383.6,384.4,382.7,19010
1994-03-18,387.6,387,387.8,386.2,13750
1994-03-21,386.3,387.8,388.6,386.1,39690
1994-03-22,389.7,387.8,390.5,386.4,29610
1994-03-23,387.4,388.6,389.7,387.3,36090
1994-03-24,391.9,391.7,392.7,390.2,28430
1994-03-25,391.2,391.9,392.2,388,25350
1994-03-28,388.1,389.4,390.8,388,30290
1994-03-29,386,386.8,388.1,385,23010
1994-03-30,388.6,389.6,390.2,387.8,37380
1994-03-31,394.3,390.5,396.5,390.5,32880
1994-04-04,388.7,394.7,395.8,388,35270
1994-04-05,386.7,388.7,389,385.8,24380
1994-04-06,387.1,386.9,389.2,385.3,17440
1994-04-07,386.1,387.1,387.9,385.4,21860
1994-04-08,386.3,387.1,388.8,385.7,53550
1994-04-11,379.9,386.1,386.3,379.5,39870
1994-04-12,380.4,379.3,380.8,377.5,26390
1994-04-13,380,380.8,381.3,378.5,28890
1994-04-14,380.3,382.4,382.5,377.8,20360
1994-04-15,379.4,378.6,379.5,378.3,26980
1994-04-18,378.5,378.8,380.7,378.4,66180
1994-04-19,373.2,376.4,376.8,372,24910
1994-04-20,373.9,373.1,374.3,372.2,16990
1994-04-21,374.7,374.4,375.3,373.6,31530
1994-04-22,372.1,373.5,373.8,369.5,16020
1994-04-25,374.9,372.1,375.3,372,15980
1994-04-26,375.3,374,376.3,373.9,23670
1994-04-28,376.8,374.3,377.2,374,23530
1994-04-29,377.8,377.6,378.3,376.4,15690
1994-05-02,377.4,377.7,378.6,375.7,20870
1994-05-03,376.8,377,377.5,375.8,27860
1994-05-04,377.7,375.6,378.1,374.8,18170
1994-05-05,374.7,375,376,374.5,83860
1994-05-06,384.5,373.4,387,373.1,24640
1994-05-09,382.3,382.3,383.5,381.5,23570
1994-05-10,379.8,382,382.5,379.3,38700
1994-05-11,382.7,379.5,384.8,379.3,31770
1994-05-12,380.8,381,382,378.4,23430
1994-05-13,381.5,382.1,382.9,380.5,24740
1994-05-16,383.7,381.3,384.5,379.6,20120
1994-05-17,382,383.5,384.2,381.1,45640
1994-05-18,382.5,380.4,384.9,379.5,27810
1994-05-19,381.8,383.5,385.3,381.5,40690
1994-05-20,386.3,382.4,386.5,382.3,45410
1994-05-23,389.9,387.9,390.2,386.3,49020
1994-05-24,387.3,388.8,389.1,385.5,41120
1994-05-25,386.8,386.9,388.7,385.5,48840
1994-05-26,383.9,385.5,386.3,382.5,23070
1994-05-27,384.7,383.3,386.3,383.2,5350
1994-05-31,390,388.2,391.4,388,41580
1994-06-01,386.3,390.4,391,383.5,17470
1994-06-02,386.8,386.3,387,384.9,28700
1994-06-03,383.2,385.4,386.8,382.3,31410
1994-06-06,382.9,382.8,383.5,380.4,21490
1994-06-07,383.5,383.9,385.2,382.1,13450
1994-06-08,384.1,384.8,385.3,383.4,18470
1994-06-09,385.3,384.3,386.4,383.7,13990
1994-06-10,385.8,385.5,386.3,384.6,17820
1994-06-13,385.6,384,385.8,383.6,12540
1994-06-14,386.4,386.7,387,385.8,36840
1994-06-15,389,386,389.9,385.8,22730
1994-06-16,387.5,389.1,389.7,386.9,51110
1994-06-17,393.7,388.6,395,388.5,38580
1994-06-20,390.9,395.2,395.4,390.5,57200
1994-06-21,396.3,391.5,397.9,390.3,46080
1994-06-22,391.4,395.3,395.5,390,24470
1994-06-23,391.5,391.6,393.4,390.5,36970
1994-06-24,392.9,392.5,394.4,390.5,57460
1994-06-27,386.4,391.7,391.9,383.9,27720
1994-06-28,387.9,387.6,388.8,387.1,21760
1994-06-29,386.3,386.6,387.8,385.2,32350
1994-06-30,387.3,386.9,390.5,386.8,23720
1994-07-01,388.1,386.8,388.6,385.2,27150
1994-07-05,386.9,389.3,389.9,386.3,40870
1994-07-06,384.6,387,387.8,383.2,18360
1994-07-07,385.7,384.4,385.8,383.3,29710
1994-07-08,385.1,384,386.3,383.2,35950
1994-07-11,388.1,385.9,390.3,385.4,23510
1994-07-12,386.3,386.5,387.9,385.3,29940
1994-07-13,384,384.4,386.3,383.8,41240
1994-07-14,384.4,384.4,385.7,382,16059
1994-07-15,386.4,385.4,386.5,384.7,11360
1994-07-18,386.2,386.7,387.3,386.2,24170
1994-07-19,387.1,384.4,387.4,383.8,27600
1994-07-20,385.6,387.1,388.3,385.2,22930
1994-07-21,384.3,385.5,387.1,384.2,16980
1994-07-22,385,384.6,385.1,383.8,14230
1994-07-25,384.9,384.9,385.5,384.7,37530
1994-07-26,387.1,386.4,387.1,385,37450
1994-07-27,387.7,387.3,389.5,386.8,21720
1994-07-28,391.2,393.6,394.1,391,43210
1994-07-29,389.2,390.7,391,388,13650
1994-08-01,389.4,390.1,390.4,388.6,55170
1994-08-02,384.4,388.6,389.1,383.6,31560
1994-08-03,383.1,383.9,384.4,382.3,28470
1994-08-04,383.1,381.8,383.8,380.5,21810
1994-08-05,382.9,383.1,384.7,382.6,9950
1994-08-08,382.3,382.6,383.1,381.9,13790
1994-08-09,383,382.1,384.2,382.1,13170
1994-08-10,382.6,383.6,384.2,382.6,30470
1994-08-11,384,381.8,384.7,381.4,29510
1994-08-12,381.5,383,384.3,380.2,15990
1994-08-15,382.4,381,382.5,381,29540
1994-08-16,382.9,381.7,383.1,380.3,14090
1994-08-17,382.3,382.7,383.7,381.8,40560
1994-08-18,385.9,382.8,387,382.8,18790
1994-08-19,386.9,385.5,387.5,385.3,18090
1994-08-22,386.7,386.6,388.1,385.9,9850
1994-08-23,386.5,386.1,386.9,385.8,42110
1994-08-24,388.6,387.1,390,386.7,13190
1994-08-25,388.1,388.5,388.7,387.5,14700
1994-08-26,388,388.3,388.6,387.2,56480
1994-08-29,391.8,386,394,385.7,18730
1994-08-30,390.8,391,391.7,390.3,28120
1994-08-31,390.8,390.2,391.4,389.2,18520
1994-09-01,391.3,390.5,391.4,389.9,15260
1994-09-02,391.4,391.6,392.2,390.4,9770
1994-09-06,392.2,391.8,392.5,391.5,27380
1994-09-07,394.4,393.3,394.8,393,38870
1994-09-08,394.6,394.4,396.3,393.9,49310
1994-09-09,395.8,394.2,396.9,392.5,18850
1994-09-12,394.9,395.5,395.9,394.6,22870
1994-09-13,394.5,394.5,395.1,393,15890
1994-09-14,392.9,394.6,395,392.3,15730
1994-09-15,391.9,391,392.4,390.6,30180
1994-09-16,393.6,392,395,392,11550
1994-09-19,393.6,393.2,394.3,392.9,63840
1994-09-20,397.2,396.2,399.1,395.5,32619
1994-09-21,397.8,399,399.7,397.4,22500
1994-09-22,399,397.1,399.2,396.9,32259
1994-09-23,399.6,399.6,400.7,399.1,22490
1994-09-26,397.8,398.5,400,397.7,43830
1994-09-27,401.4,398.3,401.8,397.9,41610
1994-09-28,397.9,400.5,401.9,397.6,21590
1994-09-29,398.7,398,399.5,397.8,25820
1994-09-30,397.6,398.4,398.7,396.3,33060
1994-10-03,398.2,396.2,399.8,395.7,31270
1994-10-04,395.7,395.5,396.2,394.3,31850
1994-10-05,395.2,395.4,397.8,394.5,17680
1994-10-06,395.1,394.7,395.2,393.6,42920
1994-10-07,393.8,396.1,397.2,392,15850
1994-10-10,393.4,394.5,395.2,393.1,64319
1994-10-11,390.2,392.2,392.5,388,15290
1994-10-12,390.6,390,391.1,390,44110
1994-10-13,388.6,391.3,391.6,388.1,19110
1994-10-14,390,389.5,390.5,389.2,16730
1994-10-17,392.1,390.7,392.3,390.7,18450
1994-10-18,391.3,392.1,392.9,391.1,22400
1994-10-19,392.3,391.8,393.7,391.8,29080
1994-10-20,393.3,392.7,394.5,392.5,17260
1994-10-21,392.8,393.5,393.8,392.2,14610
1994-10-24,391.4,391.5,392,390.6,15500
1994-10-25,391.2,391.6,392.1,390.7,31450
1994-10-26,391,390.5,391.3,389.2,24540
1994-10-27,390.2,391.5,392,389.8,35520
1994-10-28,388.7,389.5,390.6,388,59770
1994-10-31,384.9,388.3,388.7,383.7,23760
1994-11-01,385.7,384.7,386.5,384.3,19060
1994-11-02,385.5,384.7,385.7,384.2,9680
1994-11-03,384.4,385,385.4,384.2,17750
1994-11-04,384.7,384.8,385.3,383.5,14400
1994-11-07,383.3,383.8,384.2,383.1,25390
1994-11-08,384.8,384.5,386.5,384.3,21300
1994-11-09,384.5,384,385.8,383.8,24150
1994-11-10,385.9,384.5,386.4,384.3,10020
1994-11-11,385.7,385.8,386.8,385.5,12610
1994-11-14,385.3,385.3,386.2,385.1,18380
1994-11-15,387.4,387.3,387.9,386.8,21570
1994-11-16,386.8,386,387.6,385.8,16850
1994-11-17,385.9,386.9,387.7,385.8,30730
1994-11-18,384.5,384.6,385.5,383.5,36610
1994-11-21,383.6,383.8,384.2,382.4,27640
1994-11-22,383.9,383.8,384.4,383.1,34930
1994-11-23,384.7,384.7,385.5,384.5,32400
1994-11-28,382.9,384.5,384.7,382.7,27170
1994-11-29,386.1,387,387.5,386,42090
1994-11-30,384.5,386.7,387,383.7,40990
1994-12-01,382.3,383.7,384.3,380.6,40960
1994-12-02,379,382,382.9,378.8,25360
1994-12-05,379,379.7,380.2,377.8,19670
1994-12-06,379.1,379.6,380,378.1,22780
1994-12-07,379.2,380,380.5,378.1,16580
1994-12-08,379.7,378.8,379.9,377.9,17420
1994-12-09,379.9,378.2,380.1,377.7,13600
1994-12-12,380.3,379.6,380.5,379.5,15720
1994-12-13,380.3,381.3,382,380.2,25420
1994-12-14,381.5,381,383.2,381,15810
1994-12-15,382.7,381.8,382.8,381.2,18950
1994-12-16,381.1,382.2,383.6,380.7,6570
1994-12-19,381.7,381,382,380.8,21990
1994-12-20,384.2,382.5,385.2,382.5,13370
1994-12-21,383.8,384.3,384.6,383.1,12970
1994-12-22,382.9,383.5,384.1,382.8,5730
1994-12-23,382.3,382.9,383.3,382.1,4380
1994-12-27,383.3,382.8,383.5,382.7,25550
1994-12-28,385.3,383.6,385.9,383.4,23830
1994-12-29,384.1,384.4,386.8,383.9,6370
1994-12-30,384.4,383.9,384.6,383.7,24220
1995-01-03,380.9,382.4,383.4,380.7,54280
1995-01-04,375.3,379.2,379.9,375.2,26820
1995-01-05,376.6,376,376.7,374.7,28330
1995-01-06,372.2,376.5,377.1,372,25420
1995-01-09,374,373.4,374.2,372.5,16610
1995-01-10,375.1,375.2,375.9,374.2,23060
1995-01-11,377.3,376,377.4,376,55800
1995-01-12,381.4,378.2,382.7,378.1,18750
1995-01-13,379.3,380.3,380.5,379.2,12250
1995-01-16,378.3,377.6,378.4,377.6,29160
1995-01-17,380.6,378.1,381.4,377.8,42790
1995-01-18,382.6,384.2,384.9,382.5,32770
1995-01-19,383.6,384.2,384.2,381.7,36330
1995-01-20,385.4,383.5,385.6,383.1,57590
1995-01-23,381.4,385.8,386,379.9,19760
1995-01-24,381.8,381.4,382.2,380.8,28710
1995-01-25,380.9,381.8,382.5,380.6,25510
1995-01-26,381.7,380.7,382,380.7,37950
1995-01-27,376.8,380.1,380.6,375,14780
1995-01-30,379.4,379.1,379.8,378.3,26200
1995-01-31,377.7,378.9,379,376.8,21690
1995-02-01,378.7,378.7,379.7,378.5,15520
1995-02-02,379.1,377.8,379.2,377.8,18020
1995-02-03,378.8,379.3,379.4,377.7,14550
1995-02-06,378.3,378.3,378.8,377,11240
1995-02-07,377.3,377.8,378,377.1,16500
1995-02-08,378.3,377.1,378.4,377,19560
1995-02-09,378.8,378.5,379.8,378.3,15710
1995-02-10,378.4,378.8,379.3,378.2,22960
1995-02-13,377.9,377.9,378.3,376.4,11950
1995-02-14,378.4,378.2,379,378,24100
1995-02-15,378.6,379.2,379.9,378.4,17810
1995-02-16,378.6,378.6,379.5,378.5,29510
1995-02-17,380.6,378.3,381.7,378.3,11130
1995-02-21,380.6,381.2,381.5,380.5,27070
1995-02-22,381.5,381,382.4,380.8,12590
1995-02-23,381,380.8,381.9,380.8,43870
1995-02-24,378.2,381.5,381.8,376.3,22190
1995-02-27,378,378.6,378.8,377,14000
1995-02-28,378.3,377.3,378.7,377.1,35040
1995-03-01,376.2,377.4,377.8,374.5,31460
1995-03-02,378,375.9,379,375.8,22890
1995-03-03,377.8,377.3,378.9,376.9,29260
1995-03-06,380.2,378.5,380.8,378.3,107630
1995-03-07,385.4,380.9,386.1,380.9,49350
1995-03-08,380.9,384.2,384.4,380.3,31660
1995-03-09,382.4,382,383.8,381.4,28250
1995-03-10,383.1,383.1,383.8,381.8,49450
1995-03-13,386.1,384.1,388.4,384.1,21070
1995-03-14,386.7,386,386.8,385.4,26590
1995-03-15,387.2,388.2,388.9,386.8,22450
1995-03-16,385.6,385.1,385.8,383.7,33530
1995-03-17,384.2,383.3,384.8,381.8,15260
1995-03-20,383.5,382.7,384,382.4,18630
1995-03-21,382.8,383.5,384.2,382.5,17840
1995-03-22,383.5,381.8,383.7,381.6,24840
1995-03-23,384.3,383.8,384.9,383.6,30840
1995-03-24,382.7,384.2,384.5,382,18740
1995-03-27,382.3,382.7,383.3,382,23820
1995-03-28,383.2,383,383.5,382,19670
1995-03-29,382.9,383.3,384.8,382.2,14380
1995-03-30,388.6,384,391.3,384,108140
1995-03-31,394.3,389.1,402,388.2,32400
1995-04-03,394.9,395.2,397.2,394.3,30600
1995-04-04,395.1,393.2,396,393.1,36030
1995-04-05,397.2,396.6,398.2,394.2,31250
1995-04-06,396.5,396.1,398,395.3,28680
1995-04-07,395.7,395.5,397.2,393.5,29130
1995-04-10,392.6,393.6,394.8,391.4,23280
1995-04-11,393,392.2,394.3,391.9,13450
1995-04-12,392.7,392.4,393.9,392.4,18910
1995-04-13,392.4,391.5,392.8,391,28690
1995-04-17,396.5,394.7,397.4,393.7,32259
1995-04-18,397.8,396.9,398,395.1,45240
1995-04-19,397.4,399.3,400.8,396.5,26800
1995-04-20,394.7,395.2,397.5,394,25800
1995-04-21,392.7,393.2,394.8,391.7,14780
1995-04-24,393.1,393.3,394.4,392.8,23020
1995-04-25,392.3,392.5,393.4,391.3,52670
1995-04-26,388,391.3,392.5,387.5,29660
1995-04-27,389.9,388.5,390,387.9,31320
1995-04-28,388.5,391.7,392.4,387.3,15370
1995-05-01,389.8,389.9,389.9,388.1,28220
1995-05-02,390.6,391,391.7,389.1,17610
1995-05-03,391.4,390.6,391.6,389.8,33950
1995-05-04,393,392,393.9,391.4,28570
1995-05-05,392.4,392.8,393.2,390.1,10440
1995-05-08,390.9,392.5,392.5,390.8,71970
1995-05-09,384.6,390.7,391.7,383,31250
1995-05-10,384.5,384.4,385.4,383.2,21730
1995-05-11,384.4,383.6,385.7,383.6,25610
1995-05-12,384.3,385,386,383.3,14540
1995-05-15,385.6,384.8,385.8,384.5,16210
1995-05-16,385.5,384.7,385.9,384.4,22620
1995-05-17,384.2,384,385.4,383.5,23090
1995-05-18,384.2,383,384.7,382.7,18770
1995-05-19,383.1,384.3,384.8,383,27900
1995-05-22,382.8,381.5,383.7,381.5,15170
1995-05-23,383.8,382.3,383.8,382.3,27270
1995-05-24,384.7,383.8,385.2,383.6,36880
1995-05-25,385.9,384.5,387.2,384.5,32110
1995-05-26,386.6,386.1,388.8,386,18150
1995-05-30,387.9,389.5,390.2,387.8,26630
1995-05-31,387.6,387.8,388.4,386.5,34210
1995-06-01,388.3,386.6,388.9,386.5,25410
1995-06-02,387,388.1,388.8,386.8,12880
1995-06-05,387.7,386.9,387.8,386.3,15660
1995-06-06,387.8,387.5,388.4,387.2,24360
1995-06-07,389.5,388.2,389.9,387.7,17160
1995-06-08,389.5,389.2,389.7,388.1,37930
1995-06-09,391.1,389.7,392,389.2,11160
1995-06-12,390.2,390.6,391,389.7,19030
1995-06-13,389.4,390.5,390.9,389.1,31620
1995-06-14,390.6,390.1,392.3,389.4,56070
1995-06-15,393.9,390.8,394.5,390.6,24050
1995-06-16,392.7,393.9,395,392.4,11900
1995-06-19,394.2,393.3,394.5,393.2,13880
1995-06-20,393.4,393.6,394.2,392.8,16770
1995-06-21,392.5,393.3,393.9,392.1,19000
1995-06-22,391.9,392.2,392.9,390.8,11080
1995-06-23,392.1,391.7,392.5,391.1,15400
1995-06-26,391.8,391.2,392.2,390.4,11080
1995-06-27,391,391.5,392,390.8,37510
1995-06-28,388.8,391.3,391.6,388,15200
1995-06-29,389.4,388.7,389.9,388.5,45800
1995-06-30,385.6,388.8,389.2,384.2,26040
1995-07-05,385.2,385.2,386,384,16590
1995-07-06,385.2,385.5,385.7,384.6,22740
1995-07-07,386.7,385.6,387.7,385.3,6730
1995-07-10,386.6,386.7,387.3,386.5,11390
1995-07-11,386.7,385.8,396.3,385.6,55750
1995-07-12,390.2,386.8,391.8,386.6,18110
1995-07-13,389.4,390.6,391.5,389.3,22310
1995-07-14,389.6,389.1,390.6,388.8,20450
1995-07-17,389.9,388.9,390.5,388.5,15940
1995-07-18,390.1,390.3,390.8,389.1,56920
1995-07-19,388.4,390.3,392.5,386,26110
1995-07-20,386.3,388,388.8,386.2,26820
1995-07-21,386.6,386.7,387.2,384.7,15220
1995-07-24,387.3,386.8,387.6,386.2,18070
1995-07-25,386.2,387.1,387.5,385.9,20420
1995-07-26,386.5,385.7,386.7,385.7,34830
1995-07-27,383.2,386.2,386.6,383,22360
1995-07-28,389.3,389.2,389.5,388,16360
1995-07-31,388.4,389.5,389.9,388,27410
1995-08-01,388.9,388.2,389.3,387.3,13510
1995-08-02,388.9,388.7,389.2,388.1,21200
1995-08-03,390.3,389.4,390.3,388.7,11440
1995-08-04,389.3,390.3,390.5,388.9,9860
1995-08-07,389.6,389.2,390.3,389.2,13590
1995-08-08,390.4,390,391,389.6,13610
1995-08-09,390.3,390.6,391.2,390,11150
1995-08-10,390,389.6,390.3,389.4,11740
1995-08-11,389.3,389.3,389.8,388.8,12030
1995-08-14,389.9,389,390.2,388.8,41570
1995-08-15,390.9,390,393.5,389.8,48570
1995-08-16,387.9,389.3,390.7,386,33210
1995-08-17,389,389.6,391,387.5,18410
1995-08-18,389.9,389.5,390.8,388.6,26650
1995-08-21,389.7,390.8,396,389.1,18140
1995-08-22,388.1,388.8,389.6,387.8,13500
1995-08-23,388.4,388.5,388.6,387.1,15920
1995-08-24,387.9,388.5,389.4,387.6,11540
1995-08-25,387.8,387.5,388.2,387.2,6450
1995-08-28,387.8,387.5,387.8,387.4,17810
1995-08-29,386.9,387.5,387.8,386.9,23770
1995-08-30,385.8,386.6,386.9,385.8,29360
1995-08-31,386.9,386,387.6,385.4,32580
1995-09-01,384.7,386.4,387,383.2,15440
1995-09-05,384.1,384.1,384.2,383.1,16890
1995-09-06,384.2,384.1,384.7,383.3,24810
1995-09-07,386.7,385.1,386.8,384,15810
1995-09-08,385.6,386.8,387.4,385.5,10390
1995-09-11,386.6,386.2,386.8,385.8,44600
1995-09-12,389.1,387.3,389.7,386.4,32659
1995-09-13,388.2,389.5,390,387.9,23160
1995-09-14,389.5,388.5,390,388.1,22360
1995-09-15,389,389,389.7,388.3,33030
1995-09-18,389.7,388.9,390.6,388.7,25020
1995-09-19,389.3,389.5,389.8,388,17580
1995-09-20,387.7,388.6,389.5,387.3,33720
1995-09-21,388.1,386.7,389,386.3,27610
1995-09-22,386.1,388.1,388.1,385.6,9300
1995-09-25,386.3,385.7,386.7,385.2,12740
1995-09-26,386.9,386.7,387.4,386.1,19050
1995-09-27,386.5,386.7,387.5,386.1,14270
1995-09-28,386.4,386.6,387.4,386.2,11770
1995-09-29,386.5,386.3,387.1,386.3,25350
1995-10-02,384.8,385.9,386.8,384.7,11020
1995-10-03,385.2,384.8,385.5,384.8,15450
1995-10-04,385.6,385.9,386.2,385,11370
1995-10-05,385.1,385.8,386.3,385.1,15470
1995-10-06,386.1,385.4,386.5,385.1,14400
1995-10-09,387.8,387.3,388,386.2,25650
1995-10-10,387.6,387.6,388.7,387.3,13300
1995-10-11,387.4,387.4,387.7,387.1,11730
1995-10-12,387,387.4,387.4,387,14160
1995-10-13,386.4,386.6,387,386,6650
1995-10-16,386.1,386.4,386.7,386,14070
1995-10-17,386,385.8,386.3,385.4,10210
1995-10-18,385.9,386.1,386.3,385.7,45140
1995-10-19,383.8,385.3,386.1,382.6,14150
1995-10-20,384.1,383.4,384.3,383.4,6190
1995-10-23,384.2,384.7,384.7,384,5640
1995-10-24,384.2,384.2,384.5,383.8,16620
1995-10-25,384.5,384.3,385.2,384.1,14340
1995-10-26,384.3,384.5,384.9,384.1,19360
1995-10-27,383.9,384.1,384.7,383.1,7470
1995-10-30,383.8,383.7,384.1,383.5,13810
1995-10-31,384.3,384,384.3,383.9,15540
1995-11-01,383.8,384.1,384.3,383.5,15820
1995-11-02,384.2,383.6,384.3,383.4,10510
1995-11-03,383.7,384.4,384.6,383.6,6190
1995-11-06,383.7,383.5,383.9,383.2,54460
1995-11-07,386.6,383.6,387,383.6,19550
1995-11-08,386.2,386.6,386.8,386,35830
1995-11-09,387.4,386.2,387.8,385.6,102660
1995-11-10,390.5,387.9,391.5,387,50700
1995-11-13,388.1,390.5,390.7,387.2,54460
1995-11-14,386.5,387.4,388.4,384.5,32400
1995-11-15,385.6,386.5,387.6,385.5,24500
1995-11-16,386.2,385.2,386.5,385.2,18200
1995-11-17,387.5,387.1,387.7,386.2,10710
1995-11-20,387.1,386.9,387.5,386.5,31620
1995-11-21,385.4,387.5,387.8,385.3,55090
1995-11-22,382.1,385.6,386,381.5,37560
1995-11-27,384.9,384.6,385.6,382.9,27810
1995-11-28,387.9,387.5,390.5,385.1,14560
1995-11-29,389.2,388.5,390.4,388.3,23310
1995-11-30,388.6,388.4,389.3,388,16020
1995-12-01,387.4,387.6,388.8,387,14270
1995-12-04,387.3,387.1,388,386.8,20990
1995-12-05,388.7,387.5,389.1,387.2,32780
1995-12-06,390.3,389.3,391.5,388.7,31860
1995-12-07,390.5,390.1,392.4,389.1,17270
1995-12-08,391.4,390.6,391.8,390.3,17220
1995-12-11,390,391.4,392.3,389.7,14420
1995-12-12,389.8,390.1,390.2,389.7,23310
1995-12-13,387.9,389.1,390.1,387.5,20490
1995-12-14,387.3,387.9,388.1,387.3,18250
1995-12-15,387.6,387.7,387.8,386.7,18690
1995-12-18,388.6,388,388.9,387.4,18330
1995-12-19,388.4,389.4,389.7,388.3,12380
1995-12-20,389.6,388,389.9,388,15980
1995-12-21,388.7,389.7,390,388.1,4210
1995-12-22,388.2,388.7,388.7,387.8,2029
1995-12-26,388.6,388.5,388.8,388.5,16910
1995-12-27,387.7,388.3,388.7,387.5,8800
1995-12-28,387.8,387.4,388.1,387.3,9350
1995-12-29,388.1,387.6,388.3,386.7,41450
1996-01-02,391.9,392,392,388,102220
1996-01-03,396.2,392,396.3,391.6,37220
1996-01-04,395.4,396,396,394.1,49600
1996-01-05,396.5,397.8,399.2,395.5,NA
1996-01-08,396.5,396.4,397.7,396.4,27500
1996-01-09,396.9,397.8,398.4,394.8,74480
1996-01-10,400.2,397.8,403,396.8,40320
1996-01-11,399.3,400.5,401.5,398.8,45440
1996-01-12,396.7,400.2,400.9,396.2,32340
1996-01-15,396.1,394.4,397.2,393.8,28830
1996-01-16,398.8,397.3,398.9,396.3,37650
1996-01-17,400,399.5,400.3,397.1,24440
1996-01-18,397.6,397.6,400.8,397.1,46650
1996-01-19,399.9,396.8,401.3,396.3,62120
1996-01-22,403.5,402,403.7,399.9,50800
1996-01-23,403.6,403.5,405.3,402.6,36590
1996-01-24,403.5,403.8,404.5,401.5,59300
1996-01-25,406.7,402.7,408.4,402.6,48030
1996-01-26,405.8,406.8,409.5,405.2,43630
1996-01-29,405.8,405.7,406.7,404.2,36350
1996-01-30,407,408.8,410.4,405.8,38460
1996-01-31,408.5,406.5,408.8,406.1,63680
1996-02-01,413.7,409.2,414,409.1,69530
1996-02-02,417.7,415.6,419.6,415.6,35480
1996-02-05,415.9,418,418,415.6,45010
1996-02-06,414.6,415.2,415.3,412.5,83960
1996-02-07,411.4,414.6,417.6,409.5,23310
1996-02-08,411.5,410.9,412,409.3,49880
1996-02-09,407.8,411.6,411.6,406.5,63670
1996-02-12,403.3,407.9,407.9,402.1,44680
1996-02-13,405.1,404.6,406,402.7,34440
1996-02-14,406.5,406,406.8,404.3,26190
1996-02-15,405.7,407.2,407.5,404.7,30290
1996-02-16,407.5,405.5,409.2,405.5,60880
1996-02-20,401.1,407.2,407.2,399.2,62550
1996-02-21,404,401.3,404.2,397.5,35570
1996-02-22,401.5,403.9,403.9,400.9,31010
1996-02-23,399.9,400.8,400.8,398.1,21420
1996-02-26,400.6,402,402,400,32290
1996-02-27,399.6,400.8,401.7,398.7,38720
1996-02-28,402.1,399.9,402.4,398.3,24820
1996-02-29,401.2,402.1,403.6,401.1,28790
1996-03-01,400.2,401.1,401.8,399,80360
1996-03-04,395.2,400,400,393.8,31660
1996-03-05,394.6,395,395.4,393.6,17630
1996-03-06,394.4,394.6,395.3,393.6,39730
1996-03-07,396.4,394.6,396.7,392.3,55880
1996-03-08,398.2,396.7,399.7,395.1,21070
1996-03-11,396.7,397.7,397.7,396.2,29050
1996-03-12,397.5,396.8,398.4,396.8,16870
1996-03-13,397.7,397.3,398.7,397.3,19150
1996-03-14,396.5,397.6,397.6,396.2,18020
1996-03-15,396.9,396.6,397.5,395.9,25260
1996-03-18,396.3,396.4,396.4,394.6,14310
1996-03-19,396,396.4,396.4,395.6,24470
1996-03-20,396.5,396,396.8,395.2,37340
1996-03-21,398.7,396.5,399.2,395.6,28450
1996-03-22,398.9,398.6,399.5,397.6,24260
1996-03-25,399,399,399.2,398.3,42220
1996-03-26,400.5,399.7,401.8,399.7,29420
1996-03-27,400.4,400.8,401.2,399.9,30760
1996-03-28,399.7,401.2,402.5,399.4,35420
1996-03-29,398.4,399.3,400.3,396.9,18920
1996-04-01,397.7,398.1,398.1,396.9,26280
1996-04-02,396.6,397.7,397.7,395.7,32290
1996-04-03,396.8,396.5,398.3,396.3,18780
1996-04-04,397.6,396.8,397.8,395.7,32390
1996-04-08,400.7,397.8,401,397.1,43700
1996-04-09,397.1,400.4,400.4,396.2,22150
1996-04-10,397.5,396.7,397.9,396.2,46720
1996-04-11,398.3,398,399.2,396.3,22310
1996-04-12,397.1,398.1,398.1,396.1,28910
1996-04-15,395.5,395.9,395.9,394.7,48520
1996-04-16,393.5,392.5,396.3,392.5,24610
1996-04-17,393,393.6,393.8,392.7,29720
1996-04-18,392.4,393.3,394,391.8,16129
1996-04-19,392.7,392.9,393.3,391.5,18380
1996-04-22,393.6,392.7,394.1,392.7,13850
1996-04-23,393.4,393.6,394.5,393.3,14980
1996-04-24,392.7,393.5,393.6,392.4,40750
1996-04-25,395.3,393.2,396.8,393.2,41470
1996-04-26,392.2,395.6,395.6,391.6,12950
1996-04-29,392.4,392.2,393.1,392,28230
1996-04-30,393.5,392.6,394,392.5,40390
1996-05-01,394.9,393.5,396.2,393,35370
1996-05-02,395.7,394.9,395.8,393.6,33000
1996-05-03,394.1,395.7,396.8,393.8,19980
1996-05-06,395.7,394.5,396,394.4,23970
1996-05-07,395.8,395.8,395.8,394.8,49750
1996-05-08,394.8,396,398,394.4,18600
1996-05-09,394.5,394.7,395.4,393.9,39190
1996-05-10,392,394.6,395.1,391.8,19450
1996-05-13,392.7,392.2,393.1,392.2,27180
1996-05-14,392.9,393.1,393.7,391.5,22140
1996-05-15,393.5,392.9,393.9,392.9,19190
1996-05-16,393.5,393.1,393.6,392.4,23040
1996-05-17,393,393.1,393.7,392.3,23040
1996-05-20,391.3,393.1,393.3,391.1,41330
1996-05-21,391.4,391.4,392.4,389.8,24230
1996-05-22,392,391.5,392.2,391.1,15440
1996-05-23,391.8,391.3,392,391.3,17990
1996-05-24,390.9,391.4,391.4,390.6,23790
1996-05-28,391.6,390.6,392.6,390.6,26000
1996-05-29,391.2,391.7,392.2,391,28740
1996-05-30,394,394.2,394.9,393.5,37190
1996-05-31,394.4,393.7,395.5,393.1,14070
1996-06-03,393.6,394.3,394.3,393.5,50250
1996-06-04,390.8,393.2,393.9,390.2,34780
1996-06-05,388.9,390.9,390.9,388.8,42690
1996-06-06,388.4,388.6,388.6,386.2,33580
1996-06-07,387.6,388.2,389.8,387.4,13230
1996-06-10,388.5,387.8,388.6,387.8,40510
1996-06-11,386.9,387.9,387.9,385.1,17520
1996-06-12,386.8,386.9,387.7,386.5,13410
1996-06-13,386.5,386.3,387.3,386.3,25770
1996-06-14,387.1,386.5,387.6,383,11510
1996-06-17,387.3,386.9,387.6,386.3,19240
1996-06-18,387.7,387.4,388.1,386.6,23540
1996-06-19,386.5,387.8,388.7,386.4,10560
1996-06-20,386.3,386.5,386.6,385.9,27800
1996-06-21,386.8,386.1,386.9,384.6,15330
1996-06-24,386.7,386.8,387,385.5,23240
1996-06-25,385.6,387,387.4,385.5,30640
1996-06-26,384.7,385.6,386,384.6,25580
1996-06-27,383.6,384.7,385.2,383.4,30150
1996-06-28,381.6,383.6,384,381.5,18900
1996-07-01,382.7,382.3,384,382.3,13530
1996-07-02,383.3,382.9,383.5,382.5,9500
1996-07-03,382.5,383.4,383.9,382.4,21480
1996-07-08,382.1,383.5,384.4,381.5,25400
1996-07-09,383.5,383.3,385,383.3,28260
1996-07-10,383.4,383.7,385.4,383,26320
1996-07-11,384.6,383.5,385.2,383.4,22590
1996-07-12,384.4,384.8,385.3,383.7,31530
1996-07-15,385.7,384,385.8,383.6,50960
1996-07-16,384.2,385.8,387,384,14350
1996-07-17,384.2,384.6,384.8,383.6,17810
1996-07-18,384.6,384.2,385.3,384.2,26280
1996-07-19,385.3,384.6,386,384.6,28180
1996-07-22,385.5,385.4,386.6,385,35070
1996-07-23,385.5,385.5,386.6,384.2,33190
1996-07-24,386.3,385.5,386.5,385,21160
1996-07-25,385.7,386.1,386.6,385.4,23650
1996-07-26,385.7,385.6,386.5,385.3,35860
1996-07-29,385,385.7,385.7,384.6,31500
1996-07-30,390.3,390.2,391.2,390.2,32049
1996-07-31,393.1,391,393.3,391,19000
1996-08-01,392.1,392.9,392.9,391.8,21990
1996-08-02,393.2,392.4,393.6,392,39730
1996-08-05,395,394.2,396.2,394.2,10860
1996-08-06,394.4,394.8,394.8,393.9,10860
1996-08-07,394.1,394.4,394.4,393.7,10430
1996-08-08,394.4,394.2,394.4,393.4,20890
1996-08-09,393.3,394.2,394.7,392.9,15660
1996-08-12,393.4,393.5,394,392.8,19620
1996-08-13,393.2,393.2,393.5,392.9,29450
1996-08-14,391.7,392.7,392.7,391.2,14970
1996-08-15,391.7,391.6,392.5,391.1,8540
1996-08-16,391.4,391.7,391.7,390.9,16180
1996-08-19,392.4,392.4,392.7,391.2,10270
1996-08-20,392.9,392.7,393,392.2,9940
1996-08-21,391.8,392.8,392.8,391.7,17060
1996-08-22,392.5,391.8,393.4,391.7,15930
1996-08-23,393.2,392.6,393.7,392.1,17170
1996-08-26,394.5,393.3,394.6,393.3,11760
1996-08-27,394,394.4,394.4,393.6,13610
1996-08-28,393,394,394,392.9,16410
1996-08-29,392.4,393,393.1,391.7,26210
1996-08-30,391.3,392.1,392.1,390,18630
1996-09-03,390.5,391.5,391.5,390.4,25100
1996-09-04,389.7,390.4,390.4,389.4,12910
1996-09-05,389.6,389.8,390.4,389.3,23170
1996-09-06,388.8,389.5,389.9,388.6,57470
1996-09-09,387.2,389,389.1,385.8,18890
1996-09-10,386.8,387.1,387.1,386,20570
1996-09-11,386.6,386.8,387.7,386.2,32950
1996-09-12,385.8,386.2,386.2,384.6,22950
1996-09-13,385.6,386,386.7,385.5,12700
1996-09-16,386.3,385.7,386.4,385.6,12600
1996-09-17,386.1,386.4,387,386,19770
1996-09-18,386.3,386.6,386.6,385.5,18250
1996-09-19,385.6,386.3,386.6,385.4,35640
1996-09-20,383.9,385.5,385.8,383.3,9090
1996-09-23,384.4,384,384.7,383.8,15650
1996-09-24,385.7,384.8,385.8,384.8,14750
1996-09-25,385.3,385.9,385.9,385,40970
1996-09-26,383.6,384.6,384.6,382.6,34130
1996-09-27,382.8,383.3,383.7,381.9,23180
1996-09-30,380.5,381.9,381.9,380.1,30100
1996-10-01,381,380.8,381.5,379.8,25870
1996-10-02,382.3,381.6,383.3,381.6,15760
1996-10-03,382.7,382.5,382.8,381,16110
1996-10-04,382.6,382.7,383.5,382.3,16340
1996-10-07,382.6,382.3,383.8,382.2,15700
1996-10-08,383.4,382.9,384.3,382.9,27890
1996-10-09,383.5,383.3,384.4,382.6,24130
1996-10-10,384.5,383.7,385.3,383.6,16800
1996-10-11,383.4,383.9,383.9,382.8,6550
1996-10-14,383.8,383.3,384.1,383.1,9020
1996-10-15,383.3,383.6,383.6,383,18630
1996-10-16,383,384,384.3,382.8,18190
1996-10-17,382.6,382.9,382.9,382.1,10620
1996-10-18,382.1,382.3,382.3,381.6,29090
1996-10-21,383.9,382.2,384,381.8,44170
1996-10-22,386.1,384.4,386.5,384.4,10940
1996-10-23,385.9,386,386.3,385.4,16730
1996-10-24,384.9,385.7,385.7,384.5,12950
1996-10-25,384.6,384.7,384.9,384,7950
1996-10-28,384.6,384.5,384.9,384.4,12930
1996-10-29,381.6,383.9,383.9,381.5,19920
1996-10-30,381.3,381.6,381.9,380.6,45030
1996-10-31,379.1,380.8,381.3,378.5,29840
1996-11-01,379.2,378.8,379.5,377.8,7990
1996-11-04,379.6,379.3,379.9,379.3,11960
1996-11-05,379.6,379.6,380.5,379.4,20880
1996-11-06,378.7,379.5,379.5,378.3,42400
1996-11-07,379.6,378.7,382,378.7,30600
1996-11-08,380.5,379.6,380.5,378.3,27250
1996-11-11,382.8,380.9,382.8,380.4,31470
1996-11-12,383.4,382.8,383.8,382.3,46420
1996-11-13,384.2,383.6,385.8,382.8,30990
1996-11-14,381.8,384,384.4,381.4,24440
1996-11-15,381.1,382,382.1,379.8,19090
1996-11-18,379.7,380.3,380.3,379.4,21430
1996-11-19,378.4,379.9,379.9,378.2,23140
1996-11-20,379,378.7,380.4,378.5,49930
1996-11-21,376.5,378.8,379,375.8,35430
1996-11-22,376.3,376.6,377.6,376.3,33390
1996-11-25,374.5,376.5,376.5,373.4,31980
1996-11-26,374.7,374.5,374.9,373.2,9130
1996-11-27,373,374.5,375.3,372.5,2120
1996-12-02,370.9,373.9,373.9,370.7,44380
1996-12-03,370.4,370.8,371.2,367.7,37170
1996-12-04,372.5,370.5,373.5,370,42360
1996-12-05,373,372.7,374.4,369.5,41730
1996-12-06,370.8,372.8,376.1,370,12010
1996-12-09,369.7,370.6,371.1,369.6,12840
1996-12-10,370.5,369.7,371.3,369.4,21590
1996-12-11,370.6,370.7,372,369.5,18720
1996-12-12,370.8,370.7,371.1,369.7,11640
1996-12-13,370.4,370.8,371.9,370.2,11370
1996-12-16,369.9,370,370.5,369.1,32299
1996-12-17,370.5,370.2,371.8,369,13440
1996-12-18,371.3,370.4,371.6,370.4,8500
1996-12-19,371.1,371.3,371.7,370.7,11280
1996-12-20,370.5,370.7,371.4,370.2,12900
1996-12-23,370.6,370.4,371.1,370.4,3530
1996-12-24,370.6,370.7,370.8,370.3,4019
1996-12-26,371.1,370.8,371.4,370.8,8510
1996-12-27,371.1,371,371.7,370.8,7720
1996-12-30,371.2,371.2,371.7,371,15940
1996-12-31,369.2,371.3,371.5,368.5,32490
1997-01-02,366.6,369.2,369.4,366.5,42720
1997-01-03,362,366.5,366.7,361.8,38690
1997-01-06,358.7,362.4,362.5,357.6,40340
1997-01-07,359.7,358.8,360.7,358.8,43320
1997-01-08,356.8,359.9,359.9,355.3,39190
1997-01-09,358.8,356.8,359.2,355,24910
1997-01-10,360.2,359.1,360.6,358.4,35340
1997-01-13,359.7,360,361.7,359.1,42870
1997-01-14,354.7,359.6,359.6,354,44550
1997-01-15,353.2,354.8,356.5,352.6,28840
1997-01-16,355,353.3,356.5,353.1,32040
1997-01-17,356.4,355.4,357.1,355,20400
1997-01-20,354.6,356.1,356.4,353.4,36720
1997-01-21,353.8,354.6,356.3,352.7,42480
1997-01-22,351.7,353.8,353.9,349.8,59340
1997-01-23,352.5,351.8,352.8,347.3,36810
1997-01-24,353.4,352.8,355.3,352.8,38860
1997-01-27,357.3,353.5,357.8,353.2,35700
1997-01-28,354,357.4,358.2,353.2,28620
1997-01-29,351.8,354,354,351,13550
1997-01-30,347.5,353,353,347.3,32930
1997-01-31,346,347.7,348.7,345.4,28100
1997-02-03,348.5,346.3,348.8,345.6,29890
1997-02-04,346.4,348.6,349.2,346.1,22970
1997-02-05,346.4,346.2,346.7,344.3,24660
1997-02-06,345.1,346.4,347.1,344,43080
1997-02-07,344,344.5,345.1,339.4,14080
1997-02-10,343.1,343.9,345.1,342.4,26810
1997-02-11,341.9,342.9,343.4,340.3,73940
1997-02-12,345.4,341.6,348,338.5,28380
1997-02-13,343,345,346.1,342.8,64660
1997-02-14,346.7,343,348.6,342.7,19430
1997-02-18,347.7,346.2,349.5,346,28730
1997-02-19,347.6,347.7,349.1,347.3,62910
1997-02-20,352.6,347.3,354,346.5,51890
1997-02-21,354.1,352.5,356.8,352.5,18570
1997-02-24,355.2,354,357.2,353.8,26580
1997-02-25,356.1,355.2,357.1,353.9,44700
1997-02-26,356,356,358.7,354.5,92640
1997-02-27,361,355.9,364.5,355.7,52960
1997-02-28,365.1,361.1,365.5,359.8,34470
1997-03-03,363.8,365.1,366,363.5,32170
1997-03-04,360.5,363.7,364.5,360.1,54590
1997-03-05,354.4,360.5,360.6,352.5,25440
1997-03-06,353.6,354.5,355.3,353,43300
1997-03-07,349.9,353.5,354.4,349.1,27080
1997-03-10,353.1,350.3,353.3,350.3,37620
1997-03-11,355.1,353.3,355.5,351.6,29420
1997-03-12,353.2,355.2,355.4,351.9,29340
1997-03-13,354.5,353.3,355.3,352.2,15120
1997-03-14,353,354.6,355.5,352.5,37940
1997-03-17,348.3,352.6,353.3,348,50500
1997-03-18,350.4,348.3,351.1,346.3,36000
1997-03-19,352.9,350.4,354.5,349,31000
1997-03-20,352.2,352.9,354.4,351.2,35830
1997-03-21,353.5,352.2,354.8,351.3,21600
1997-03-24,350.9,353.3,353.3,349.4,41040
1997-03-25,348.2,350.8,352.5,347.8,26850
1997-03-26,351.5,348.2,352,346.4,10900
1997-03-27,350.2,351.5,351.5,348.5,2550
1997-03-31,354,352.8,356,351,25630
1997-04-01,354.7,354.3,355,352.2,21940
1997-04-02,352.1,354.7,355.1,351.7,22020
1997-04-03,351.4,351.8,352.5,350,22830
1997-04-04,351.7,351.1,352.1,349.5,19650
1997-04-07,351.1,351.4,352.3,349.4,14880
1997-04-08,351.2,350.9,352.3,350.5,10070
1997-04-09,350.4,351,351.5,349.9,9670
1997-04-10,350.9,350.5,351.1,350,34490
1997-04-11,349.3,351,351.5,348,11260
1997-04-14,348.7,349.5,349.8,348.5,65860
1997-04-15,343.9,348.4,348.4,342.3,47850
1997-04-16,343.3,344.2,344.3,339.5,33730
1997-04-17,344.3,343.3,346.2,342.1,13280
1997-04-18,343.4,344.4,345.2,343,9100
1997-04-21,344.9,343.3,345.1,342.9,11620
1997-04-22,343.4,345,345.1,342.9,9670
1997-04-23,343.3,343.4,343.5,342.3,12650
1997-04-24,342.7,343.3,344,342,12330
1997-04-25,343.9,342.5,345,342.4,19410
1997-04-28,341.4,343.6,343.7,340.5,12990
1997-04-29,341.6,341.2,342.2,340.8,22270
1997-04-30,341.2,341.6,343.2,340.8,22990
1997-05-01,341.7,341.1,342.9,340.4,7810
1997-05-02,341.6,341.7,342,340.9,24990
1997-05-05,344.3,342,344.8,341.4,32810
1997-05-06,341.5,344.4,345.5,340.5,15630
1997-05-07,342.4,341.5,343,341.4,45160
1997-05-08,344.8,342.5,346.6,342.4,36720
1997-05-09,349.3,345,349.5,344.6,39990
1997-05-12,348.7,349.5,352.2,348.2,28900
1997-05-13,350.5,348.6,350.9,348,19840
1997-05-14,348.2,350.5,350.7,347.6,25420
1997-05-15,348.4,348.5,349.8,346.7,33110
1997-05-16,344.9,348.4,348.8,344.3,33280
1997-05-19,342.2,344.8,345.3,340.7,17680
1997-05-20,343.4,342.3,344.2,341.3,16210
1997-05-21,343.7,343.9,344,342.2,26630
1997-05-22,343.2,344.2,344.2,342.7,18190
1997-05-23,343.1,343.3,344.3,341.8,29170
1997-05-27,344.7,343.4,345.3,343.1,48080
1997-05-28,345.3,344.7,345.8,343.1,19230
1997-05-29,348.6,347.4,349.2,346.5,31930
1997-05-30,347.5,348.6,350.4,346.7,9930
1997-06-02,346.5,347.3,347.4,346.2,19020
1997-06-03,345.7,346.5,347.1,345,23650
1997-06-04,343.6,345.8,346.3,343.4,42140
1997-06-05,345.6,343.5,345.7,341.5,27040
1997-06-06,345.7,345.6,347.6,345.5,8210
1997-06-09,346.3,345.8,347.3,345.5,8380
1997-06-10,346.1,346.4,346.7,345.4,8680
1997-06-11,346,346.3,346.5,345.5,14120
1997-06-12,343.6,345.9,346,343.4,17720
1997-06-13,343.1,343.4,344.4,342.8,8220
1997-06-16,344.8,343.1,345,342.9,10350
1997-06-17,343.7,344.8,344.8,343.3,35960
1997-06-18,341,343.7,344.4,340.6,33720
1997-06-19,342.4,341,342.8,340.2,31120
1997-06-20,339.4,342.3,342.7,339.1,26040
1997-06-23,341.1,339.1,341.4,338.5,16990
1997-06-24,339.5,341.2,343.2,339.4,20530
1997-06-25,339,339.1,341.2,338.7,31860
1997-06-26,339.8,339.2,340.9,338.1,47980
1997-06-27,335.9,339.9,340.1,335.2,30430
1997-06-30,335.3,335.9,336.7,334.6,28130
1997-07-01,335.1,334.9,335.8,334.6,24550
1997-07-02,332.3,334.9,335.5,332.1,42080
1997-07-03,325.2,332.5,334.1,324,56990
1997-07-07,319,325.2,325.8,314.6,46080
1997-07-08,321,318.7,323.4,318.1,34860
1997-07-09,318.9,320.9,321.3,316.2,25280
1997-07-10,320.8,319.2,322.2,319,21220
1997-07-11,322.2,320.7,323.1,319.6,20420
1997-07-14,320.8,322.1,323.4,320,26990
1997-07-15,319,320.7,322.2,318.7,29230
1997-07-16,318.7,319,322,317.6,50150
1997-07-17,324.7,318.5,325,318.4,58940
1997-07-18,329.6,324.1,330.9,323.2,35000
1997-07-21,326.2,329.8,329.8,325.9,55890
1997-07-22,326,326.2,330.2,325.4,31660
1997-07-23,323.8,326,326.1,323.7,63250
1997-07-24,323.8,323.8,329.7,321.2,26740
1997-07-25,326.5,323.7,328,323.5,50170
1997-07-28,329.5,326.5,330,325.6,37680
1997-07-29,325.8,329,329.4,325.1,17600
1997-07-30,330.6,330.1,332.8,329.7,30180
1997-07-31,328.6,331,331.8,328,27920
1997-08-01,328.9,328.9,330.1,327.3,15020
1997-08-04,328.1,328.5,329.5,327.6,44230
1997-08-05,324.6,328.1,328.2,321,20370
1997-08-06,322.5,324.5,324.8,321.5,33390
1997-08-07,325.8,322.5,327,322.1,55230
1997-08-08,330.4,325.5,332,325,31970
1997-08-11,332.5,330.8,333.4,330.3,27280
1997-08-12,330.8,332.5,332.5,328.7,50230
1997-08-13,330.7,331.5,333.2,329.7,34680
1997-08-14,328,330.5,331.4,326.6,32220
1997-08-15,329.5,327.7,329.8,327,39010
1997-08-18,324.7,330.4,330.9,324.5,16540
1997-08-19,326.5,324.8,327.2,324.8,22800
1997-08-20,324.7,326.1,326.5,323.9,22300
1997-08-21,326.6,324.9,327.9,324.4,45830
1997-08-22,329.7,326.6,331.8,325,9690
1997-08-25,328,328.6,328.8,327,22790
1997-08-26,329,328,330.7,327.2,16110
1997-08-27,328.8,329,329.6,327.3,36850
1997-08-28,327.1,328.8,330.4,326.8,13200
1997-08-29,327.4,327,328.9,326.9,25120
1997-09-02,325.8,327,328.4,325,19640
1997-09-03,325,325.4,325.9,324,17930
1997-09-04,324.3,325.1,325.3,323.6,19750
1997-09-05,325.4,324.8,325.6,323.8,16210
1997-09-08,324.6,325.4,325.4,323,10940
1997-09-09,324.1,324.6,324.9,323.6,14130
1997-09-10,324.1,324.1,324.5,323.2,55070
1997-09-11,326.6,324.4,329,323.2,32030
1997-09-12,326.2,326.5,327.2,325,36260
1997-09-15,324.7,326.2,326.2,323.4,40450
1997-09-16,322.8,324.7,324.7,321,14520
1997-09-17,322.2,324.2,324.2,321.6,17020
1997-09-18,322.7,322.2,323.7,322.1,24500
1997-09-19,323,323,325.2,322.5,9600
1997-09-22,323.1,322.9,323.6,322.2,19190
1997-09-23,324.2,323,324.4,322.6,26000
1997-09-24,325.9,324.2,326.4,324,65610
1997-09-25,329.5,325.8,330.2,325.4,36010
1997-09-26,329,329.4,329.5,327.6,35210
1997-09-29,330.4,329,331.8,328.3,107120
1997-09-30,336.9,330.4,337.9,330,84690
1997-10-01,336.1,336.6,342.1,336,37470
1997-10-02,333.5,336,336.3,332.6,36520
1997-10-03,336.9,333.5,337.2,332.7,17310
1997-10-06,334.6,336.4,336.9,334.1,18750
1997-10-07,333.3,334.6,334.9,332.8,31290
1997-10-08,335.3,333.4,336,332.6,73240
1997-10-09,329.2,335.3,336.7,327,31220
1997-10-10,331.2,329.3,331.8,328.4,10430
1997-10-13,329.8,330.9,332.2,329.6,15270
1997-10-14,329.3,329.8,330,328.5,35330
1997-10-15,328.1,329.1,329.7,326,32290
1997-10-16,326.8,328.2,329.1,326,33410
1997-10-17,326.2,326.8,327.7,324.5,21460
1997-10-20,324.8,325.8,326.1,324.5,19490
1997-10-21,323.9,324.7,325.5,323.8,27630
1997-10-22,323.6,323.9,325,323.1,32980
1997-10-23,324.7,323.6,326,323.4,129580
1997-10-24,308.6,324.5,325,308.3,48270
1997-10-27,312.3,309.6,313.5,308,42240
1997-10-28,316.5,312.4,317.1,309.7,40830
1997-10-29,314.4,316.6,317.3,312.7,51280
1997-10-30,317.2,314.4,319.3,313.4,31550
1997-10-31,312.1,316.6,317.9,310.8,29330
1997-11-03,314.4,312.1,315.5,311.8,22030
1997-11-04,314.8,313.5,316.9,313.1,17760
1997-11-05,314.5,314.6,316.1,314,24150
1997-11-06,313.2,314.4,314.5,311.8,40920
1997-11-07,311.2,313.2,314.9,308.6,19440
1997-11-10,311.1,310.6,312,309.6,38940
1997-11-11,310.6,311.1,315.7,310.5,31280
1997-11-12,308.4,310.6,311.4,308.1,23790
1997-11-13,308.8,308.3,309.6,307.9,54940
1997-11-14,304.3,309.3,309.6,300,20400
1997-11-17,304.7,304.5,305.5,303.2,35180
1997-11-18,307.6,304.3,308,303.9,52820
1997-11-19,305,307.5,308.2,304.4,24830
1997-11-20,303.8,305,305,303.5,40040
1997-11-21,305.9,303.9,306.7,303.8,40750
1997-11-24,303.9,305.6,307.1,303.4,37010
1997-11-25,300.5,303.9,304.3,300,7830
1997-11-26,296.9,300,301,295.1,2190
1997-12-01,295.7,298.5,299.1,294.8,20560
1997-12-02,295.9,295.5,297.7,294.8,29030
1997-12-03,294.5,295.9,296.3,292.4,30300
1997-12-04,288.5,294.5,294.5,288.2,22480
1997-12-05,290.5,288.5,291.7,288.2,12730
1997-12-08,290,290.5,291.5,289.4,40970
1997-12-09,284.9,290.2,290.2,283.3,47530
1997-12-10,288.6,285,290.7,284.4,18050
1997-12-11,286,288.9,290.3,285.6,18840
1997-12-12,284.8,286.3,286.5,284,23860
1997-12-15,286.4,284.7,288.4,284.5,32009
1997-12-16,285.4,286.6,287.8,285.1,26710
1997-12-17,291.1,285.5,291.7,285.5,43210
1997-12-18,289.2,291,292.9,287.6,19760
1997-12-19,291.1,289,291.6,288,14610
1997-12-22,292.7,291,293.7,291,26970
1997-12-23,295.5,292.7,296.2,292.7,13100
1997-12-24,297.9,296,298.5,295.5,6030
1997-12-26,296.2,297.5,297.8,295.8,30260
1997-12-29,292.5,296.2,296.2,291.5,15570
1997-12-30,291.6,292.3,292.6,290.4,10400
1997-12-31,289.9,291.7,291.9,288.2,6490
1998-01-02,289.4,289.4,289.9,288.6,54250
1998-01-05,282.7,289.3,289.9,281.8,33460
1998-01-06,282.3,282.5,285.5,281.5,31430
1998-01-07,284.7,282.2,284.8,281.6,49280
1998-01-08,281.8,284.8,284.9,279,33280
1998-01-09,279.1,281.7,283.3,279,26780
1998-01-12,278.9,279.1,280.4,278.3,46030
1998-01-13,283.8,278.9,284.2,277.5,37650
1998-01-14,282.4,283.8,287.3,282,35070
1998-01-15,286.4,282.5,287.3,281.9,61210
1998-01-16,291.1,286.8,296.6,286.5,29410
1998-01-20,291.3,288.1,293.5,287.2,26800
1998-01-21,293.3,291.3,294.3,290.4,46680
1998-01-22,291.3,293.4,296.3,290.4,77400
1998-01-23,300.3,291.4,301,290.3,63760
1998-01-26,297.1,300.3,306,296.7,33280
1998-01-27,300.7,297.5,301,297.5,39100
1998-01-28,306,301.5,306,297,16780
1998-01-29,304.9,308,309,304.1,37550
1998-01-30,304.6,304.9,307.4,302,14570
1998-02-02,305,304.6,306,303.2,50830
1998-02-03,297.2,305,305.8,296,28320
1998-02-04,301.2,297.2,302.5,296.5,39800
1998-02-05,300.7,301.2,310,297.5,19880
1998-02-06,300,301.7,304,299.5,15210
1998-02-09,301.6,300.8,303.5,300.7,24770
1998-02-10,302.3,301.6,303.5,300.9,30340
1998-02-11,301.8,302.5,303.2,299.8,18500
1998-02-12,300.4,302.2,302.7,299,18950
1998-02-13,301.6,300.8,301.7,299.5,30520
1998-02-17,299.5,300.5,302.3,298.6,16050
1998-02-18,299.1,299.9,300.4,298.4,14300
1998-02-19,300.4,299.1,300.6,299,22160
1998-02-20,298.7,300.3,300.7,297.8,33700
1998-02-23,294.7,298.2,298.2,293.5,21560
1998-02-24,292.7,294.1,295,291.8,16690
1998-02-25,293.1,292.7,294.2,292.4,19050
1998-02-26,295.4,292.5,295.6,292.3,46670
1998-02-27,300.1,295.6,301.2,295,20560
1998-03-02,300.5,300,301.5,298.7,22360
1998-03-03,298.5,300.5,300.6,297,20880
1998-03-04,296.8,298.5,298.8,295.8,28010
1998-03-05,294.1,296.9,297.5,293.7,19300
1998-03-06,295.2,293.9,296.3,293.8,10490
1998-03-09,295,295,295.4,294.2,21700
1998-03-10,296.5,294.8,296.6,294.8,20640
1998-03-11,295.1,296.3,296.8,294.6,14070
1998-03-12,295.1,295.1,295.3,294.3,15400
1998-03-13,295.9,295.1,296.2,294.9,18050
1998-03-16,295.1,296.1,296.4,294.4,35870
1998-03-17,292.3,295.1,296,292,52000
1998-03-18,291.6,292.7,292.9,287.3,28350
1998-03-19,292.1,291.5,293.8,290.6,21590
1998-03-20,292.2,292,293.7,291.3,47980
1998-03-23,299.5,292.3,299.8,292.3,57870
1998-03-24,299.9,298.8,302.5,297.6,32600
1998-03-25,299.4,299.8,300.6,298,41520
1998-03-26,301.8,299.4,302.1,299,26500
1998-03-27,303.1,301.7,305,301.2,10550
1998-03-30,303.9,304.9,306,303.6,20120
1998-03-31,303.3,303.8,304.9,301.7,28000
1998-04-01,301.9,303.3,304.5,301.6,32600
1998-04-02,304.2,301.9,305.4,301.2,61840
1998-04-03,310.3,303.6,310.8,303.6,69800
1998-04-06,311.4,310.3,317,309.7,33590
1998-04-07,312,311.8,312.5,308.5,24650
1998-04-08,311.1,311.7,312.5,309.4,28960
1998-04-09,310.2,311.2,312,308.8,16880
1998-04-13,312.9,311.6,313.1,311.2,22680
1998-04-14,310,312.8,312.9,309.7,23010
1998-04-15,309,310,310.7,308.1,21630
1998-04-16,309.8,308.7,310.5,307.4,19540
1998-04-17,309.4,309.8,310.5,308.3,8770
1998-04-20,309.6,309.2,310.2,308.2,37010
1998-04-21,312.6,309.8,314.3,309,42960
1998-04-22,314.9,312.6,315.9,312,26370
1998-04-23,315.8,315,316.8,313.8,14910
1998-04-24,314.2,315.9,316.5,313.5,31850
1998-04-27,311.2,313.8,314.4,310.5,32140
1998-04-28,309.4,311,311.3,308,29620
1998-04-29,311.6,309.3,312.8,308.6,43180
1998-04-30,307.9,311.4,313.3,306.5,47250
1998-05-01,303.6,308,308.5,302.5,23500
1998-05-04,305.4,304.2,306.9,304.1,22570
1998-05-05,304.6,305.5,306.4,303.7,42790
1998-05-06,301.6,304.3,304.9,300.7,60540
1998-05-07,299.6,302,302,297.8,19460
1998-05-08,300.7,299.5,301.9,299.3,24520
1998-05-11,301.2,300.4,302.1,299.1,40190
1998-05-12,298.9,301.8,301.9,297.9,34990
1998-05-13,299.2,298.9,300.7,296.1,39880
1998-05-14,299.7,299.5,299.9,295.9,31260
1998-05-15,301.9,299.7,304.4,299.5,28360
1998-05-18,300.2,301.9,302,299.3,17100
1998-05-19,299.3,300,301,299,29920
1998-05-20,299.9,299.4,301.5,298.1,19830
1998-05-21,301.1,299.9,301.6,299.8,19470
1998-05-22,300,301.3,301.9,299.4,49010
1998-05-26,295.6,299.5,299.7,294.9,35570
1998-05-27,293.7,295.2,295.4,290.6,27090
1998-05-28,295.6,296,297,295.3,27100
1998-05-29,295.1,295.6,296.7,294.3,36910
1998-06-01,290.6,295.4,295.5,290.4,35050
1998-06-02,293.2,290.2,294.3,289.2,30360
1998-06-03,295.3,293.4,296.2,292.3,16750
1998-06-04,295.6,295,295.8,293.6,24810
1998-06-05,293.6,295.5,296,292.3,42250
1998-06-08,298.4,293.2,298.8,291.4,62700
1998-06-09,295.5,298.2,301,294.4,27980
1998-06-10,295.1,295.7,297.1,290.8,47020
1998-06-11,288.7,294.8,296.1,288.5,40230
1998-06-12,287.3,288.7,290.7,286.3,18830
1998-06-15,286.6,287.4,288.2,285.7,23700
1998-06-16,290,286.3,290.2,285.6,44390
1998-06-17,294.9,290,295.6,289.3,33250
1998-06-18,294.6,294.4,297.3,292.5,50720
1998-06-19,300.8,294.3,301.6,293.8,20020
1998-06-22,297.1,298,299,295.4,14610
1998-06-23,296.4,297.1,297.7,295.4,21230
1998-06-24,294.2,296.5,296.9,293.4,19570
1998-06-25,295.1,294.3,296.7,293.6,21370
1998-06-26,295,295.1,296,293.5,8420
1998-06-29,294.9,295,295.6,293.7,28890
1998-06-30,298.1,294.9,299.4,294.7,23580
1998-07-01,297.4,297.8,299.7,296.2,17980
1998-07-02,295,297.4,297.7,294.4,10420
1998-07-06,294.3,295.3,295.5,293.5,20300
1998-07-07,295.9,294.7,296.5,294.3,34220
1998-07-08,294.2,295.8,297,292.2,22900
1998-07-09,292.5,294.2,294.5,291.7,15270
1998-07-10,291.6,292.7,292.7,290.8,20070
1998-07-13,292.4,290.8,293.3,289.7,25350
1998-07-14,294,292.2,295.3,292.2,18600
1998-07-15,294.5,294.1,295,293.1,29050
1998-07-16,294,294.5,296.1,293,10980
1998-07-17,295.1,294.2,295.3,293.5,21410
1998-07-20,296.7,295.5,296.9,294.9,16810
1998-07-21,295.5,296.9,297,295.3,20580
1998-07-22,294.6,295.5,295.9,294.5,23590
1998-07-23,293.7,294.4,295.1,292.9,43900
1998-07-24,291.2,294,295.3,290.5,24650
1998-07-27,290.2,291.4,291.4,289.6,33010
1998-07-28,291.7,289.8,291.9,289.7,38920
1998-07-29,289.9,291.7,292.2,289.1,20890
1998-07-30,293.2,294.3,295.4,293.1,29700
1998-07-31,290.5,293.1,293.9,290.1,39440
1998-08-03,287.9,291,291.1,287.5,42720
1998-08-04,292.5,287.6,293.5,286.8,22670
1998-08-05,291.8,293.2,294.8,291.1,16970
1998-08-06,291.4,291.6,292.5,290.4,14740
1998-08-07,290.5,291.5,291.6,289.4,22070
1998-08-10,291.3,290.5,291.4,289.1,27490
1998-08-11,288,291.4,291.8,287.3,36200
1998-08-12,286.8,287.7,290.2,286.2,28900
1998-08-13,289.3,286.9,289.8,286.2,20930
1998-08-14,287.9,289.3,289.5,287.2,22330
1998-08-17,289.1,287.7,289.8,286.7,17110
1998-08-18,289,289.1,289.5,288.2,37680
1998-08-19,287.2,289.2,290.9,286.9,32759
1998-08-20,289,287.5,290,287,29220
1998-08-21,288.7,289.6,289.8,287.4,10880
1998-08-24,288.5,289,289.1,288,33400
1998-08-25,286.9,288.5,288.7,286,46100
1998-08-26,285.9,287,289,284.9,60120
1998-08-27,280.1,285.7,285.8,280,41320
1998-08-28,277.9,279.9,281.9,273.8,19520
1998-08-31,278.9,278.5,280.5,277.3,31420
1998-09-01,282.2,279.3,283,279.3,18350
1998-09-02,283.4,282,284.5,281.9,62320
1998-09-03,288.3,283.4,290.5,281.7,32420
1998-09-04,290.1,288.2,290.8,287.5,22840
1998-09-08,289.2,291.5,291.7,288.2,25860
1998-09-09,287.4,289.1,290.4,286.3,80860
1998-09-10,293.8,287.3,295.2,287.3,81300
1998-09-11,296.8,293.5,300.2,293.2,21210
1998-09-14,293.4,296.3,296.3,292.1,23810
1998-09-15,293,293.4,295.7,292,28960
1998-09-16,290.6,292.7,293,290.2,28900
1998-09-17,293.9,290.6,294.6,289.6,25630
1998-09-18,294.2,294.2,296,292.2,31440
1998-09-21,291.6,294.2,296.5,290.4,19480
1998-09-22,290.5,291.6,292.6,290.4,20660
1998-09-23,292.5,290.6,292.7,290,49360
1998-09-24,296.4,292.9,297.4,292.2,57920
1998-09-25,296.2,296.7,302.2,295.8,31470
1998-09-28,298,295.7,298.4,294,33130
1998-09-29,296.9,298,299.5,295.5,38130
1998-09-30,299,296.5,299.9,295.4,69890
1998-10-01,302.1,299.1,303.4,298.1,73540
1998-10-02,302.8,302.3,305.6,301.1,41320
1998-10-05,299,302.9,302.9,297.8,26180
1998-10-06,298.3,299.3,299.3,296.1,36070
1998-10-07,302.9,298.1,304.5,298.1,62120
1998-10-08,302,303.5,306.9,301.3,31570
1998-10-09,298.5,301.6,303.9,298.3,20120
1998-10-12,298.2,299,300.1,296.6,25520
1998-10-13,298.5,298.6,299,297.3,22830
1998-10-14,297.8,298.2,298.9,296.6,30680
1998-10-15,299.2,298.1,300.9,297.7,38730
1998-10-16,301.7,300.3,302.7,299,19560
1998-10-19,297.8,301.3,302,297.7,30930
1998-10-20,297.8,297.8,298.4,296.2,23410
1998-10-21,296.8,298,298.6,296.5,41140
1998-10-22,293.6,296.7,296.9,292.9,16570
1998-10-23,294.2,293.8,295,293.2,17610
1998-10-26,293.6,294,294.2,292,17540
1998-10-27,294.8,293.8,294.9,293.4,16910
1998-10-28,294.4,294.6,296,293.6,18070
1998-10-29,294.8,294.4,295.7,294,26130
1998-10-30,293.7,294.5,295.3,292.9,31400
1998-11-02,290.9,294,294.5,290.8,52230
1998-11-03,289.7,291.1,291.7,288.7,32770
1998-11-04,291.8,290.2,292.7,290,37930
1998-11-05,294.8,292,296,291.4,30810
1998-11-06,294,294.8,295.5,292.9,11350
1998-11-09,293.4,293.7,293.9,293,21150
1998-11-10,294.2,293.9,294.9,292.6,18290
1998-11-11,293.7,294.2,295.3,293.4,45830
1998-11-12,297.5,293.8,298.2,293.6,25410
1998-11-13,296.5,297.5,298.4,295.8,14820
1998-11-16,295.6,296.1,296.5,295.1,14870
1998-11-17,294.9,295.6,295.7,294.3,40440
1998-11-18,298.2,295,299.1,294.7,34140
1998-11-19,296.1,298.1,298.9,296,17750
1998-11-20,296.4,296.3,297.4,295.6,23150
1998-11-23,297.1,296.6,297.2,295.7,22230
1998-11-24,296.4,297.3,297.3,296.1,20950
1998-11-25,296.5,296.4,297,295.5,4770
1998-11-30,295.1,298.8,298.8,294,17130
1998-12-01,295.9,295,296.7,294.8,18960
1998-12-02,295.2,295.9,296.7,294.9,22130
1998-12-03,293.7,295.1,295.5,293.3,14090
1998-12-04,294.3,293.8,294.8,293.6,39720
1998-12-07,296.9,294.3,299.5,293.9,17410
1998-12-08,295.5,296.9,296.9,294.8,13190
1998-12-09,295.8,295.5,296.9,294.5,18120
1998-12-10,295.9,296,297.4,295.7,51510
1998-12-11,292.6,296.2,297.1,291.2,11680
1998-12-14,292.8,293.3,293.8,291.9,13010
1998-12-15,294.3,292.9,294.9,292.9,34930
1998-12-16,296.5,294.3,296.6,294.3,29180
1998-12-17,292.9,296.8,297.4,292.3,37390
1998-12-18,290.4,293.2,293.9,289.8,18390
1998-12-21,290.2,290.8,292.2,289.5,31320
1998-12-22,289,290,290.7,288.1,25750
1998-12-23,288,288.4,289.3,286.5,5340
1998-12-24,287.5,287.8,288.7,286.9,7520
1998-12-28,287.8,287.6,288.2,287,16470
1998-12-29,287.1,287.7,289.1,287,13880
1998-12-30,288.1,287.1,289.1,287.1,9020
1998-12-31,289.2,288.1,289.5,287.9,25880
1999-01-04,288.3,289.6,290,287.3,24740
1999-01-05,287.8,288.3,288.6,287,26610
1999-01-06,288.5,287.8,288.9,287.4,38610
1999-01-07,292.4,288.4,292.8,288.4,34660
1999-01-08,292,292.5,293.3,291.2,33160
1999-01-11,293.6,292.3,294.3,291.6,48930
1999-01-12,289.3,293.9,293.9,288,53190
1999-01-13,287,289.3,289.7,285,15940
1999-01-14,287.4,287.1,287.6,285.8,9310
1999-01-15,287.4,287.3,287.6,285.9,21360
1999-01-19,286.8,287,288,286,20450
1999-01-20,287.5,286.8,287.7,285.8,25780
1999-01-21,288,287.7,289,287.3,25760
1999-01-22,286.7,288,288.2,286.2,44830
1999-01-25,288,286.5,288.7,286.3,48230
1999-01-26,286.3,288,288.1,285.9,48020
1999-01-27,283.4,286.3,286.5,282.5,20890
1999-01-28,286.6,285.2,287.5,284,30450
1999-01-29,288.2,286.6,289.3,286.1,39630
1999-02-01,290.9,288.5,291.3,288.4,35690
1999-02-02,290.7,290.9,292.6,290.4,30920
1999-02-03,289.3,290.6,291.1,288,25720
1999-02-04,291.2,289.5,292,288.8,20050
1999-02-05,290.5,291.6,292.3,290.3,10610
1999-02-08,291.3,290.8,291.8,290.4,20080
1999-02-09,289.2,290.9,290.9,288.5,16980
1999-02-10,288.7,289.4,290.4,288.6,10860
1999-02-11,289.3,288.7,289.8,288.5,34120
1999-02-12,291.2,289.1,292,289,55200
1999-02-16,287.4,291,291,285,16550
1999-02-17,286.3,287.2,287.9,286.1,12340
1999-02-18,287.4,286.4,287.7,286.4,32000
1999-02-19,289.5,287.5,290.2,287.1,12790
1999-02-22,288.5,289.4,289.8,287.6,13230
1999-02-23,288.7,288.5,288.9,287.7,35650
1999-02-24,289.2,288.6,289.8,287.2,23820
1999-02-25,289.2,289.3,289.5,287.6,35540
1999-02-26,288.3,288.8,289.2,286.5,21680
1999-03-01,287.7,288,288.8,286.5,49280
1999-03-02,288,288,290.5,287.4,NA
1999-03-03,288.3,288.2,288.4,287.2,32159
1999-03-04,289.5,288.5,290,287.4,20660
1999-03-05,289.5,289.4,291.1,288.5,63930
1999-03-08,292.7,289.5,293,289.1,86160
1999-03-09,293.4,292.6,295.5,292.4,28970
1999-03-10,294.2,293.4,294.4,292.7,50700
1999-03-11,295.5,294.5,296.5,294,38390
1999-03-12,293.4,295.5,296,292.1,68500
1999-03-15,287.6,293.1,293.6,287,100130
1999-03-16,283.9,287.5,288,282,33450
1999-03-17,284.1,284.2,285.7,283.8,28960
1999-03-18,283.5,284.2,284.9,282.1,14760
1999-03-19,284.5,284,284.6,283.1,9800
1999-03-22,284.8,284.6,285,284.3,35490
1999-03-23,284.7,284.8,285.6,282.6,19590
1999-03-24,284.1,284.7,285.2,283.7,29490
1999-03-25,283.1,284.2,284.3,282,42840
1999-03-26,279.7,283.4,283.5,278.5,13120
1999-03-29,280.3,279.7,281.1,279.7,5530
1999-03-30,281.3,282.5,282.5,281.1,24220
1999-03-31,281.9,281.2,282.8,280.6,12750
1999-04-01,282,281.9,283,281.7,22160
1999-04-05,280.3,281.8,282,279.1,28860
1999-04-06,281.8,280,282.8,280,11670
1999-04-07,282.3,282.3,282.6,281.6,20750
1999-04-08,282.7,282,283.5,281.3,21100
1999-04-09,283.4,282.4,284.1,281.3,26280
1999-04-12,284.5,283.6,286.2,283.6,31960
1999-04-13,285.6,284.1,286,284,28400
1999-04-14,283.2,285.5,286.1,282.4,26720
1999-04-15,285.3,283.1,285.9,283.1,27170
1999-04-16,285.6,285.5,286.7,285.2,15560
1999-04-19,286.3,285.5,286.5,284.6,19280
1999-04-20,285.9,286.4,287,285.6,18010
1999-04-21,285.5,286.1,286.3,284.6,15330
1999-04-22,285.2,285.4,285.4,284.3,12620
1999-04-23,284.9,285.2,285.7,284.3,36130
1999-04-26,282.6,285.3,285.3,281.7,20640
1999-04-27,283.5,282.9,283.9,281.6,18830
1999-04-28,284.1,283.5,284.9,283.2,62620
1999-04-29,287.3,284.7,287.9,284,49350
1999-04-30,287.8,287.4,289,286.8,9160
1999-05-03,287.6,287.9,288.2,287,15000
1999-05-04,286.9,287.6,287.8,286.2,40310
1999-05-05,288.5,287,289.2,286.5,48280
1999-05-06,290.7,288.4,291.2,288.1,48280
1999-05-07,283.7,290.7,290.9,280.3,75300
1999-05-10,278.4,282.9,283.4,276.5,39440
1999-05-11,278.8,278.4,280.4,278.1,34770
1999-05-12,277.8,278.8,279.6,277,22810
1999-05-13,278.1,277.7,279.6,277.6,33970
1999-05-14,276.2,278.3,278.9,275.8,46810
1999-05-17,274.8,276.2,277.3,274,31380
1999-05-18,274.2,274.8,275.9,273.9,23720
1999-05-19,273.5,274.4,274.5,272.4,27120
1999-05-20,274.7,273.5,275.5,273.5,38160
1999-05-21,273.3,274.7,275.5,272.5,28090
1999-05-24,272.9,273.2,274.2,271.7,71090
1999-05-25,270.8,272.8,273.7,269.6,53580
1999-05-26,269.5,270.7,271.4,269.2,28150
1999-05-27,270.5,269.7,270.7,267.9,28150
1999-05-28,272,272.3,273.8,270.4,21200
1999-06-01,269.5,271.5,272,267,25830
1999-06-02,267.1,268.6,269.8,267,26840
1999-06-03,267.6,267.1,268.6,265.2,26840
1999-06-04,267.2,267.6,268.7,265.8,14530
1999-06-07,267.2,267,269,266.2,36490
1999-06-08,263.8,267.1,267.2,262.8,47790
1999-06-09,261.1,263.9,264.6,259.2,37780
1999-06-10,260.1,261,262.4,258.5,27150
1999-06-11,262.3,260.1,262.7,259.5,23060
1999-06-14,262,261.6,263,260.2,16540
1999-06-15,261,261.9,262.3,260.6,12530
1999-06-16,259.9,260.7,260.8,259.7,16020
1999-06-17,260,259.9,260.9,259.7,22550
1999-06-18,260.9,259.9,264.8,259.4,6560
1999-06-21,260.3,261.3,261.3,260,17840
1999-06-22,259.9,260.3,261,259.2,22780
1999-06-23,261.8,260,262,259.3,21330
1999-06-24,262.4,261.9,262.8,261.5,16200
1999-06-25,260.8,262.2,262.8,260,21330
1999-06-28,262,260.8,262.6,260.6,28310
1999-06-29,262,262.2,263.5,261.7,28080
1999-06-30,263.6,262.1,263.8,261.6,32710
1999-07-01,264.4,263.5,264.7,263.2,14790
1999-07-02,264.6,264.4,264.7,263.9,69150
1999-07-06,257.8,263.6,263.6,256.5,40940
1999-07-07,258,257.8,259.6,256.5,23140
1999-07-08,257.7,259,259,256.9,22760
1999-07-09,258.1,257.7,259.9,257,25000
1999-07-12,256.5,257.8,258.1,256,31660
1999-07-13,256.7,256.5,257.3,254.6,17520
1999-07-14,255,256.7,257,254.4,22830
1999-07-15,254.8,255,255.3,253.7,21850
1999-07-16,254.5,255.1,257.3,254,19360
1999-07-19,253.9,254.6,255,253.7,31560
1999-07-20,254.1,253.9,254.5,253.2,43360
1999-07-21,256.3,254.3,257,253.3,53160
1999-07-22,256.7,256.5,258,254.3,38000
1999-07-23,255.4,256.3,256.7,255.3,23210
1999-07-26,254.7,256,256,253.8,51180
1999-07-27,254.5,254.7,255.5,254.1,36460
1999-07-28,254.5,255.4,255.4,254,22530
1999-07-29,259.7,257,260,256.4,24060
1999-07-30,258.8,259.7,260.1,257.9,19320
1999-08-02,257.8,258.8,258.8,256.6,39130
1999-08-03,258.5,257.9,259.6,257.5,44850
1999-08-04,258.6,258.3,260.8,257,24660
1999-08-05,258,259,259.8,257.5,24660
1999-08-06,258.6,258,258.8,257,23660
1999-08-09,259.3,258.5,260.1,258.1,13810
1999-08-10,259.8,259.3,260.2,258.7,52740
1999-08-11,261.5,260,262.8,259.3,31150
1999-08-12,263,261.5,263.5,261.5,22690
1999-08-13,263.2,263.2,263.9,263,21860
1999-08-16,262.7,263.5,263.5,260.8,32200
1999-08-17,264,262.3,264.3,261.5,29100
1999-08-18,262.2,264.4,264.7,261.4,21850
1999-08-19,261.2,262.4,262.6,259.8,29840
1999-08-20,259.6,261.3,261.5,259.5,62650
1999-08-23,256.2,259.6,259.9,256,35350
1999-08-24,254.7,256.5,256.9,254.6,27760
1999-08-25,254.2,254.7,255.6,253.8,21120
1999-08-26,254.6,254.4,255.8,253.9,18560
1999-08-27,255.5,255.2,256.8,254.8,7540
1999-08-30,255.8,255.5,256.6,255.2,25810
1999-08-31,257.3,256.2,258.2,255.8,17990
1999-09-01,255.6,257.5,257.8,255,23840
1999-09-02,256.7,255.8,257,255.3,23270
1999-09-03,255.5,256.8,257.4,254.8,33070
1999-09-07,257.3,255.6,257.9,255.6,16250
1999-09-08,257.7,257.3,257.8,256.7,26600
1999-09-09,258.6,257.7,258.8,257.3,15310
1999-09-10,257.9,258.6,258.9,257.2,18800
1999-09-13,257.8,258.1,258.5,257.2,23040
1999-09-14,258.2,257.9,258.3,257,20090
1999-09-15,257.3,258.4,258.7,256.9,12860
1999-09-16,257.4,257.4,257.6,256.2,25700
1999-09-17,255.9,257.2,257.4,255,11880
1999-09-20,255.8,255.5,256.5,255.3,78120
1999-09-21,261.8,255.9,261.9,255.4,74730
1999-09-22,265.5,261.5,266.5,261.5,65080
1999-09-23,267.3,265.4,267.8,263.4,80930
1999-09-24,269.8,267.2,272.4,266.4,91060
1999-09-27,283.8,269.8,287.8,269.6,173220
1999-09-28,310,283.6,329,283.6,88800
1999-09-29,302,311.1,322.4,297.1,43840
1999-09-30,299.5,303,309.9,295.1,41430
1999-10-01,305.3,299.1,310,297,47990
1999-10-04,318,305.6,319,305.6,97880
1999-10-05,326,318.5,339,318.5,69400
1999-10-06,326,326,329.9,315.2,31880
1999-10-07,324.3,326,329.8,317.1,32460
1999-10-08,321.7,324,326.5,317.5,18360
1999-10-11,320.3,321.5,322,317.5,29190
1999-10-12,318.2,320,325.3,317.8,34080
1999-10-13,321.8,318.5,325.3,316.9,47340
1999-10-14,314.2,322.1,324.9,312.3,30980
1999-10-15,316.4,314.2,318.5,314.2,31740
1999-10-18,311.7,317.2,319.2,311.1,33070
1999-10-19,309.5,311.9,312.6,306.2,23920
1999-10-20,307.3,309.5,312.2,305.8,36520
1999-10-21,305.5,307.3,307.9,302.2,23900
1999-10-22,303.3,305.6,306.4,302.1,25240
1999-10-25,300.5,303,303.9,299,58440
1999-10-26,290.4,300.5,300.5,289.6,36400
1999-10-27,294.2,290.4,295,287.6,33930
1999-10-28,300.4,294.8,303,294.8,26130
1999-10-29,300.3,300.6,302.8,298.2,38440
1999-11-01,291.5,299.7,299.7,288,20330
1999-11-02,292.4,291.5,294.4,289.7,15120
1999-11-03,293.3,292.9,294.5,291.7,10380
1999-11-04,293.7,293.2,294,291.7,23490
1999-11-05,291,293.7,294,288.5,21270
1999-11-08,291.1,291,291.3,288.1,17040
1999-11-09,293.1,291.3,293.3,291.3,NA
1999-11-10,299.1,293.3,299.8,292.3,24470
1999-11-11,294.9,299.1,300.4,294.3,23980
1999-11-12,292.1,294.8,295.5,291.9,18060
1999-11-15,292.5,292.1,293.6,290.1,17180
1999-11-16,295.3,292.3,296,292.3,19390
1999-11-17,295.7,295.3,297.6,294.5,18810
1999-11-18,295.1,295.5,296.1,294,14660
1999-11-19,295.7,295.5,296.4,293.8,26580
1999-11-22,295.6,295.4,296.6,294.8,39630
1999-11-23,298.7,295.5,299.2,295.4,NA
1999-11-24,299.4,298.6,300.4,297.3,23420
1999-11-29,293.5,299.5,299.5,292.4,21070
1999-11-30,293,293.6,294.9,292.9,17720
1999-12-01,291.9,293,294,290.8,44890
1999-12-02,287.1,291.9,292,286,28870
1999-12-03,282.1,287.3,287.4,281.9,26670
1999-12-06,278.2,282.5,282.5,276.2,23430
1999-12-07,285.4,278.7,285.9,278.6,31000
1999-12-08,284.1,286,288.5,282.9,18320
1999-12-09,280.3,283.9,284.4,280.2,16010
1999-12-10,281,280.2,283.7,279.3,12340
1999-12-13,282.1,281,282.6,280.5,15270
1999-12-14,282,281.5,283.4,281,23630
1999-12-15,284.6,282.5,285.8,281.3,21000
1999-12-16,283.8,285,285.2,281.7,23140
1999-12-17,285.5,284.1,287.5,283.3,7450
1999-12-20,286,285.4,286.7,285.3,23480
1999-12-21,288.9,286.2,289.3,284.1,10540
1999-12-22,288.7,289.3,291.9,287.3,11220
1999-12-23,288.5,289.4,289.4,287.1,5820
1999-12-27,289.8,287.9,290.1,287.9,11900
1999-12-28,291.5,289.7,292.5,289.3,11610
1999-12-29,292.4,291.8,293.6,291.5,14930
1999-12-30,289.6,292.7,292.9,289.3,30700
2000-01-04,283.7,289.5,289.5,280,21620
2000-01-05,282.1,283.7,285,281,25450
2000-01-06,282.4,281.6,282.8,280.2,19060
2000-01-07,282.9,282.5,284.5,282,11270
2000-01-10,282.7,282.4,283.9,281.8,30600
2000-01-11,284.4,282.4,285.3,281.9,13500
2000-01-12,283.7,284.5,285,282.5,17840
2000-01-13,285.1,283.5,285.9,282.9,12170
2000-01-14,284.9,285.2,285.6,284,32340
2000-01-18,289.6,286.1,289.8,285.9,28620
2000-01-19,290.3,289.6,291,287.5,24100
2000-01-20,289.3,290.3,290.7,288.4,20710
2000-01-21,289.7,289,290.3,287.4,25730
2000-01-24,288.1,289.7,289.7,286.3,32140
2000-01-25,286.6,288,291.8,286.6,36120
2000-01-26,286.5,286.8,287.5,284.7,19630
2000-01-27,287.1,286.2,287.5,285.6,14490
2000-01-28,286,289.6,290.7,283,15190
2000-01-31,286.2,286,287.4,284.9,13450
2000-02-01,285.4,286,286.5,285,18560
2000-02-02,287.7,285.4,289.2,285.3,21680
2000-02-03,289.9,287.7,290.9,287,111570
2000-02-04,313,290.2,318.5,289.9,81000
2000-02-07,304.5,318,326.9,302,41220
2000-02-08,301.7,306,308,298.5,43960
2000-02-09,308.6,301.7,314,301.7,68350
2000-02-10,318.7,308.5,319,308.5,33900
2000-02-11,313.6,318.3,320.4,311,26790
2000-02-14,311,313.6,313.6,308.3,29200
2000-02-15,304.1,310.7,311.5,303.8,26790
2000-02-16,305,304.2,306,299.7,56340
2000-02-17,303.8,305.3,312.5,300,11810
2000-02-18,307.3,303.3,307.8,302,19380
2000-02-22,307.7,307.6,309.4,304.2,25890
2000-02-23,302.4,307.7,308.2,302.3,28340
2000-02-24,300.9,302.4,303.5,300.2,50880
2000-02-25,294.6,300.9,301.2,293.5,12400
2000-02-28,294.2,294.5,295.4,293.1,19660
2000-02-29,294.2,293.8,296.5,293.5,14910
2000-03-01,293.3,294.2,296.2,292.8,28150
2000-03-02,289.7,292.9,293.3,289.4,14360
2000-03-03,290.3,289.7,292.2,289.2,11760
2000-03-06,289.4,290.6,291.7,289.2,29350
2000-03-07,293.7,289.5,295.4,289.4,23100
2000-03-08,290.4,293.8,295,289.8,20160
2000-03-09,292.7,290,293,289.6,33680
2000-03-10,290,292.7,294,289.4,15870
2000-03-13,291.5,290,292.9,290,14100
2000-03-14,289.7,291.7,292.6,289.2,10300
2000-03-15,289.6,289.6,291,289.3,39830
2000-03-16,287,289.9,290.4,286.3,22020
2000-03-17,285,286.8,287,283.6,17900
2000-03-20,286.5,285,286.9,284.5,42690
2000-03-21,290.4,286.5,292,284.2,13800
2000-03-22,288.3,290.4,291.1,288.1,36660
2000-03-23,285.4,288.4,288.6,283.8,12050
2000-03-24,285.1,285.6,286.1,284.6,51450
2000-03-27,280.5,285.4,285.4,280.2,22150
2000-03-28,279.5,280.8,281.8,279.4,17780
2000-03-29,275.9,279.5,280.2,274.8,12110
2000-03-30,279.1,279,280.2,277.9,29780
2000-03-31,281.4,279.6,283,277.5,31830
2000-04-03,280.4,281.5,282,279.7,12350
2000-04-04,286.6,280.7,291.5,278.4,44070
2000-04-05,283.8,286.7,287.1,283.2,21140
2000-04-06,282.7,283.8,284.3,281.3,13220
2000-04-07,282.5,283,283.6,281.9,7870
2000-04-10,284,281.8,285,281.5,6780
2000-04-11,283.7,284.3,286,283.1,17910
2000-04-12,283.5,283.5,285.7,281.5,19820
2000-04-13,283.2,283.5,284.8,282,11970
2000-04-14,284.6,283.4,288.5,282.5,30670
2000-04-17,284.2,285.1,287.5,282.8,17840
2000-04-18,283,284,284.8,282.4,15410
2000-04-19,282.5,283,283.9,282,11570
2000-04-20,281.5,282.4,283,280.5,13090
2000-04-24,281.2,281.5,282.9,280.9,7760
2000-04-25,279.8,281,282,279.5,13620
2000-04-26,277.1,280,280.1,276.4,27420
2000-04-27,278.4,277.3,279.1,276.8,15080
2000-04-28,274.7,278.2,279,274,25400
2000-05-01,274.8,274.8,276.1,273.6,16300
2000-05-02,277,275.1,277.9,274.7,16040
2000-05-03,279.1,277.2,279.4,276.6,22230
2000-05-04,281.2,280,284,278.1,34630
2000-05-05,280.1,282,283.8,278.5,30220
2000-05-08,277.6,279.8,279.8,277.3,15420
2000-05-09,278.2,278,278.9,276.7,18480
2000-05-10,278.7,278.4,280,277.9,14290
2000-05-11,276.5,278.7,279.3,276.1,23250
2000-05-12,276.9,276.8,277.9,276.5,10330
2000-05-15,276.4,277.2,277.8,274.8,19330
2000-05-16,276.2,276.8,278,275.7,15840
2000-05-17,273.8,276.1,276.2,272.7,18760
2000-05-18,273.7,273.8,274.8,272.1,18760
2000-05-19,274.6,274.4,274.9,273.3,20590
2000-05-22,276.2,274.3,277.5,274,30180
2000-05-23,274.7,276.2,277.2,273.8,23830
2000-05-24,273.8,275,275,273.2,15930
2000-05-25,270.7,273.8,275,269.5,56140
2000-05-26,272.2,270.7,273.3,270.1,30190
2000-05-30,275.5,275.1,277.2,275,11810
2000-05-31,274.8,275.6,275.9,274.5,12630
2000-06-01,275.4,275.4,276.4,274.8,65970
2000-06-02,284.2,275.5,285.9,275.3,33370
2000-06-05,288.2,283.8,289.1,283.2,39840
2000-06-06,291.8,287,294.5,286.6,33070
2000-06-07,290,292,292.2,286.9,34160
2000-06-08,286.8,290,290.2,286.3,18790
2000-06-09,286.4,287.2,289.3,286.1,17150
2000-06-12,289.1,286.4,289.2,285.6,44400
2000-06-13,288.1,289.3,296.5,286.8,30660
2000-06-14,294.2,288.7,294.5,288.1,23970
2000-06-15,292.1,294,295.3,289,24110
2000-06-16,291.2,291.5,294.4,290.6,14490
2000-06-19,288,291.5,291.5,287.5,13550
2000-06-20,288.1,288.2,289.7,287,12000
2000-06-21,288.1,288,289.6,287.5,29170
2000-06-22,287.2,288.2,291.1,286.5,24720
2000-06-23,284.8,287.3,288,284,12560
2000-06-26,285.5,284.8,286.5,283.6,14750
2000-06-27,287.5,285.8,287.6,284.8,39730
2000-06-28,294.3,287.7,294.8,287.4,23140
2000-06-29,290.7,294.3,294.3,289.4,16280
2000-06-30,291.5,290.5,291.7,289.1,25520
2000-07-05,285.3,289.7,289.7,285.1,22410
2000-07-06,284.6,285.3,287,283.4,15440
2000-07-07,284.6,284.5,285.7,282.6,14500
2000-07-10,284.9,284.7,286.4,284.3,17940
2000-07-11,283.3,284.6,285.2,283,22030
2000-07-12,281.4,283.3,284.5,280.6,15390
2000-07-13,280.9,281.7,282.8,280.7,15390
2000-07-14,281.9,281,282,280.6,23280
2000-07-17,284.2,281.7,284.8,281.7,17140
2000-07-18,283.1,283.7,284.2,282.6,26950
2000-07-19,279.6,281.7,282.1,278,19910
2000-07-20,280.4,278.7,281.5,278.3,13560
2000-07-21,280.6,281.2,281.7,279.2,15240
2000-07-24,279.3,280.4,280.4,279.2,26050
2000-07-25,279.3,279.2,281.7,278.8,22570
2000-07-26,279.7,280,280.5,279.3,29020
2000-07-27,278.6,280,280.1,277.7,26360
2000-07-28,284.2,285,285.2,283.7,17570
2000-07-31,283.2,283.2,283.5,282.4,8950
2000-08-01,283.2,283.4,284.4,283.2,16880
2000-08-02,282.8,283,285,282.4,32640
2000-08-03,279.5,281.1,281.9,278.4,21320
2000-08-04,278.6,278,280.5,277.8,6560
2000-08-07,279.1,279,279.6,278.4,16790
2000-08-08,278.7,279.5,279.6,277.2,15240
2000-08-09,277.3,277.8,278.5,276.5,12200
2000-08-10,277.6,277.2,278.5,276.9,14940
2000-08-11,280.3,278.4,280.5,277.7,11120
2000-08-14,279.6,280.2,281,279.1,8320
2000-08-15,279.6,279.9,280.3,278.7,22410
2000-08-16,282.3,279.8,282.8,279.7,16030
2000-08-17,282.6,282.4,283.9,281.6,11110
2000-08-18,281.7,283,283,280.3,6070
2000-08-21,280,281.5,281.7,279.2,11530
2000-08-22,278.3,280,280.2,277.9,21620
2000-08-23,275.7,278.7,278.8,275.3,12140
2000-08-24,277.5,275.7,277.8,275.7,12400
2000-08-25,278.6,277.9,279.3,276.9,6340
2000-08-28,278.5,278.9,279,277.7,16950
2000-08-29,277.5,278.6,279.5,276.7,7960
2000-08-30,278.2,277.7,278.4,276.9,34240
2000-08-31,282.1,278.5,282.7,278.4,8760
2000-09-01,280.9,281.9,282.1,280.7,13480
2000-09-05,279.7,281,281.3,278.9,17490
2000-09-06,277.9,279.5,280,277.5,17260
2000-09-07,277.7,278.2,278.6,276.3,24340
2000-09-08,276.8,278,278.4,275.1,13640
2000-09-11,276.8,276.8,277.3,275.9,24460
2000-09-12,276.6,277,279.5,276.4,11100
2000-09-13,276.5,276.5,277.4,275.9,15630
2000-09-14,276,276.7,278.1,275.5,16430
2000-09-15,275.8,275.8,276.9,274.3,17200
2000-09-18,274.9,276,278,274.7,12050
2000-09-19,275.4,275.3,276.3,274,23560
2000-09-20,272.5,275.4,275.8,272.3,13480
2000-09-21,273.5,272.7,274.2,271.7,30050
2000-09-22,275.1,273.9,279.2,273.5,13100
2000-09-25,277.3,275.2,277.4,275.2,19560
2000-09-26,277.3,277.4,278.7,276.8,42430
2000-09-27,281.6,277.4,282.5,277.1,28260
2000-09-28,278.9,281.7,282.2,278.2,22090
2000-09-29,276.9,278.8,279,275.5,11620
2000-10-02,276.3,277.3,277.6,275.6,10990
2000-10-03,274.8,276.1,276.2,274.5,15470
2000-10-04,273.2,275,275.3,272.8,16470
2000-10-05,273.4,273.5,274.7,272.3,15880
2000-10-06,272.1,273.8,273.9,271.6,8480
2000-10-09,272.9,272,273.2,272,23980
2000-10-10,275.1,273.3,275.8,271.2,23630
2000-10-11,273,275.3,277.5,272.8,38960
2000-10-12,278.8,273.4,279.3,272.8,31280
2000-10-13,274.8,278.9,279.9,273.8,11690
2000-10-16,273.9,274.6,274.8,273.4,17150
2000-10-17,273.4,273.8,274.3,271.4,28210
2000-10-18,272.6,273.4,276.1,271.8,8660
2000-10-19,272.3,272.5,273,272.1,8590
2000-10-20,273.3,272.6,273.8,272.1,11860
2000-10-23,272,273.3,274,271.8,12380
2000-10-24,272.1,272.2,272.8,271.6,30660
2000-10-25,267.9,272.5,272.6,267.7,19890
2000-10-26,266.6,268.2,268.9,265.8,30520
2000-10-27,265.9,266.5,267.9,263.5,8580
2000-10-30,265.8,266,267.8,265.7,15280
2000-10-31,266.4,265.7,267.1,265,20800
2000-11-01,265.4,266.5,267.8,264.6,15190
2000-11-02,265.9,265.5,268.2,264.9,15630
2000-11-03,266.1,266,268.1,265.1,16120
2000-11-06,266,266.1,267.4,265.6,20020
2000-11-07,265.4,266.4,268,264.5,11020
2000-11-08,266.1,265.5,266.8,264.8,18040
2000-11-09,266.9,266.4,267.6,265,12750
2000-11-10,265.5,267,267.2,265.1,17700
2000-11-13,265.3,265.5,266.8,264.9,9980
2000-11-14,265.4,265.3,266.2,264.9,8020
2000-11-15,265.6,265.5,266.6,265.2,36130
2000-11-16,266.3,265.7,269.2,265.3,16020
2000-11-17,266.2,266.6,267.5,265.6,11730
2000-11-20,266.8,266.5,267.4,266.3,27610
2000-11-21,266.1,266.1,266.1,266.1,NA
2000-11-22,266.7,266.2,267.7,265.9,59200
2000-11-27,270.3,266.6,271,266,37180
2000-11-28,269.8,270.7,271.2,268.8,28700
2000-11-29,269.6,272.5,272.9,269.5,305050
2000-11-30,273.3,269.8,273.5,269.5,23520
2000-12-01,271.9,273.2,275.4,271.6,15580
2000-12-04,273.8,272.5,275,272.3,12710
2000-12-05,273.3,274,274.7,272.6,35880
2000-12-06,277.3,273.3,277.5,273,19390
2000-12-07,276.1,277.2,278.5,275.4,12360
2000-12-08,275.1,276.5,276.5,274.7,20090
2000-12-11,273.1,275,275.5,272.3,10110
2000-12-12,273.2,273,273.9,272.5,20420
2000-12-13,271.2,273.5,273.6,270.3,15910
2000-12-14,271.5,271.3,272.4,270.6,12330
2000-12-15,272.9,271.5,273,271.5,7930
2000-12-18,272,272.9,272.9,271.7,10070
2000-12-19,272,271.9,272.3,271,26420
2000-12-20,274.7,272,275.7,272,21290
2000-12-21,275.7,275.3,276.7,274.2,6970
2000-12-22,275.5,275.8,276.4,275,4870
2000-12-26,275.9,275.7,276.5,275.6,15530
2000-12-27,276.9,275.5,277.5,275.5,23760
2000-12-28,273.7,277,277.2,272.6,10410
2000-12-29,273.6,273.3,274.4,272.3,41620
2001-01-02,270,273.8,275,269,37300
2001-01-03,269.3,270,271,267.6,22280
2001-01-04,268.4,269.8,269.8,267.8,27340
2001-01-05,269,268.5,269.7,267.5,9830
2001-01-08,269,269.2,270.3,268.6,10860
2001-01-09,268.5,269,269.3,267.7,24350
2001-01-10,265.6,268.4,268.4,265.5,25570
2001-01-11,264.8,265.6,266.3,263.9,13990
2001-01-12,264.6,264.5,265.3,264,24180
2001-01-16,263.9,264.6,266.1,263.4,23880
2001-01-17,263.8,264,264.5,263,17300
2001-01-18,264.8,264.3,265.9,263.7,14890
2001-01-19,264.9,265,266.8,264.5,32800
2001-01-22,267,265.5,268.6,265.5,23490
2001-01-23,266.7,267,269.1,265.5,35560
2001-01-24,264.6,266.3,266.9,263.9,18690
2001-01-25,264.8,264.8,265.3,263.2,40360
2001-01-26,262.9,264.7,265.2,262,21050
2001-01-29,262.8,262.9,263.6,262.2,15490
2001-01-30,268,265.2,269,265.1,20540
2001-01-31,268,268.3,268.5,266.2,28510
2001-02-01,270.7,267.8,270.9,267.8,13830
2001-02-02,269.3,270.9,270.9,268.5,10830
2001-02-05,267.4,269.2,269.4,266.7,27760
2001-02-06,265.4,267.3,267.4,263.8,11710
2001-02-07,264.9,265.5,266.1,264.3,27400
2001-02-08,262.2,265.1,265.4,262.1,22490
2001-02-09,262,262,262,262,NA
2001-02-12,262.7,262.7,262.7,262.7,NA
2001-02-13,262.2,263,263.2,261.5,11160
2001-02-14,261.2,262.2,262.5,261.1,29320
2001-02-15,256.9,261.7,261.8,256.3,32409
2001-02-16,259.8,257.1,260.5,255.1,14100
2001-02-20,257.6,260.5,260.8,257.3,18410
2001-02-21,259.4,257.3,260.3,257.2,21760
2001-02-22,259.8,259.6,261.7,258.4,21430
2001-02-23,262.1,259.9,262.7,259.3,37270
2001-02-26,266.8,262.1,267,261.3,42030
2001-02-27,268.4,267,269.7,266.5,36050
2001-02-28,267.8,268.3,268.4,265.1,22320
2001-03-01,266.2,267.7,268.6,265.5,26190
2001-03-02,263.1,266,266,262.7,8530
2001-03-05,263.5,266,266,262.1,14710
2001-03-06,260.9,263.7,263.7,260.2,28600
2001-03-07,262.4,261.3,263,260.1,28680
2001-03-08,266.1,262.4,266.5,262.2,53480
2001-03-09,271.5,266.5,271.7,266.5,35130
2001-03-12,272.3,271.7,274.7,269,29970
2001-03-13,267.5,272.5,272.7,267.3,33660
2001-03-14,262.9,267.4,269,262.6,28760
2001-03-15,260.3,262.8,263.6,259.5,21690
2001-03-16,258.4,258.4,258.4,258.4,NA
2001-03-19,260.1,258.4,261.4,258.4,20190
2001-03-20,260.8,260.1,262.5,260.1,28580
2001-03-21,262.2,261.5,262.9,260.4,13610
2001-03-22,261.4,262.5,262.6,260.5,26040
2001-03-23,261.7,262.1,263.5,261.3,17860
2001-03-26,262.1,261.8,262.7,260.8,26310
2001-03-27,261.1,262,262.7,260.6,30150
2001-03-28,259.7,261.3,261.4,259.1,22990
2001-03-29,260.4,261.5,262.2,259.8,21130
2001-03-30,259.2,260.5,260.9,258.5,33080
2001-04-02,256.6,259.1,259.5,255.8,16129
2001-04-03,257.9,256.6,259.4,256.6,20370
2001-04-04,259.4,258.7,261.5,258,10370
2001-04-05,259.1,260.2,260.2,258.4,15360
2001-04-06,260.9,259.3,261.1,258.4,14790
2001-04-09,259.2,260.9,261.9,259,13680
2001-04-10,258.2,259.2,259.6,257.2,18560
2001-04-11,259.6,258.8,260.6,257.6,17120
2001-04-12,260.9,259.7,261.7,259.5,35170
2001-04-16,264.1,260.6,265,260.2,15510
2001-04-17,261.8,264.2,264.7,260.8,24260
2001-04-18,262,262,262,262,NA
2001-04-19,266,261.8,266.1,261.8,22690
2001-04-20,265.4,266.2,266.8,264.2,11840
2001-04-23,264.3,265.4,265.8,263.1,22270
2001-04-24,264.7,264.3,265.7,263.5,17510
2001-04-25,262.6,264.5,265,262.2,17490
2001-04-26,264.5,262.8,264.9,262.7,23770
2001-04-27,264.3,264.6,267.5,264.1,11000
2001-04-30,264.4,264.3,264.5,263.5,7100
2001-05-01,264.8,264.3,265,264.1,15900
2001-05-02,265.8,265,266,264.3,22530
2001-05-03,266.7,266,268,265.5,21820
2001-05-04,266.5,267.2,267.9,266.2,5290
2001-05-07,266.5,266.5,267,265.9,10630
2001-05-08,265.5,266.8,266.8,265.3,48200
2001-05-09,270.4,265.3,271,265,30850
2001-05-10,269.5,270.5,271.1,268.5,21090
2001-05-11,268.3,269.6,270.2,268.2,12220
2001-05-14,268.7,268.3,269.1,267.8,26090
2001-05-15,268.5,268.6,268.8,266.6,28670
2001-05-16,272.4,268.6,272.8,268.3,39250
2001-05-17,274,272.3,274.9,271.8,59360
2001-05-18,287.8,274,288.5,272.5,74580
2001-05-21,285.8,287.4,298.6,283.1,42380
2001-05-22,285.5,286.5,287.9,282.2,32890
2001-05-23,284,285.6,286,282.8,57300
2001-05-24,279.4,284.4,288.5,276,33320
2001-05-25,278.2,279.5,281.7,275.5,35770
2001-05-29,273.9,278.1,278.3,273.4,28780
2001-05-30,267.4,275.2,276.2,266,23490
2001-05-31,266.9,267.9,269.6,266.5,18170
2001-06-01,268,266.8,268.7,266.2,14690
2001-06-04,266.5,267.9,268.5,266.2,14000
2001-06-05,267.1,266.9,267.5,265.5,16360
2001-06-06,267,267.1,268.4,266.3,6580
2001-06-07,267.3,267,267.6,266.6,29040
2001-06-08,274.5,267.6,275.5,267.1,28480
2001-06-11,268.9,275,275.2,267.5,24210
2001-06-12,272.6,269,273.4,267.8,26230
2001-06-13,273.1,272,274.5,270.2,31760
2001-06-14,276.4,273.2,277.9,271.5,24520
2001-06-15,272.3,277.1,277.2,270.8,19130
2001-06-18,273.4,271.6,275.1,271.6,16350
2001-06-19,274.4,273.6,275.8,272.6,16180
2001-06-20,273.4,274.6,274.7,271.8,12850
2001-06-21,273.6,273.2,274.7,272.1,22090
2001-06-22,273.3,273.8,276.7,272.5,13030
2001-06-25,274.7,273.2,275.9,273.1,26440
2001-06-26,277,274.5,279.8,274,23390
2001-06-27,272.8,277,278,272.2,36820
2001-06-28,270,272.9,273.2,268.4,17400
2001-06-29,271.3,270.5,272.7,270,17620
2001-07-02,270.1,271.5,271.5,268.5,18330
2001-07-03,268.3,270,270.2,268.1,24570
2001-07-05,265.8,267.7,268.8,265.3,24570
2001-07-06,266.6,266,267.7,264.8,13510
2001-07-09,267,267.1,267.5,265.9,13220
2001-07-10,266.7,267,268.1,266.5,26150
2001-07-11,268.8,266.5,270.2,266.1,17670
2001-07-12,267.1,269,269.2,266,14020
2001-07-13,267.6,267.4,267.9,266.3,16940
2001-07-16,267.4,267.6,269.6,267,10910
2001-07-17,268.6,267.6,268.7,267.2,25410
2001-07-18,270.8,268.7,271.5,268.2,23640
2001-07-19,269.7,271.4,272.1,268,18570
2001-07-20,270.2,269.8,271.1,269,6410
2001-07-23,269.1,270.4,270.4,268.8,15960
2001-07-24,270,269.1,270.3,268.6,36180
2001-07-25,267.8,270,270.2,267.3,37010
2001-07-26,266.3,267.8,268.3,265.4,25740
2001-07-27,267.4,266.3,267.5,265.4,17980
2001-07-30,267.6,270.6,270.6,267.3,11930
2001-07-31,269.2,267.6,269.5,267.3,20270
2001-08-01,270.3,269.2,271.2,268.9,8910
2001-08-02,270.3,270.3,270.7,269.2,15400
2001-08-03,270.8,270,271.4,268.9,7420
2001-08-06,269.9,270.8,271,269.3,12900
2001-08-07,269.9,270.1,270.3,268.4,14470
2001-08-08,270.7,269.8,271.2,268.7,57180
2001-08-09,276.2,270.8,276.6,270.5,48330
2001-08-10,276.8,276.2,279.8,275.2,22920
2001-08-13,278.6,275.8,280.2,275.8,27370
2001-08-14,279.1,278.8,279.4,276.1,30500
2001-08-15,278.4,279.3,280.5,277.2,28660
2001-08-16,277.9,278.7,279.4,277.5,41750
2001-08-17,282,277.5,283.8,277.4,18330
2001-08-20,278.6,282,282,278.4,21600
2001-08-21,277.4,278.9,280.2,276.2,17550
2001-08-22,277.3,278.2,280.8,277,10570
2001-08-23,277.7,277,278.4,276.7,22500
2001-08-24,274.9,277.9,278.2,274.3,14130
2001-08-27,274.9,274.9,275.5,273.5,15760
2001-08-28,274.4,274.2,275.1,272.6,16270
2001-08-29,275.8,274.3,276.4,274,19510
2001-08-30,277.5,275.9,277.7,274.3,18650
2001-08-31,276.5,276.9,278.4,274.5,18860
2001-09-04,273.7,276.1,276.1,273.3,12620
2001-09-05,274.1,273.5,274.8,273.2,16900
2001-09-06,275,274,275.6,273.5,20600
2001-09-07,275.1,275,276.6,274.4,22210
2001-09-10,273.7,273.7,273.7,273.7,NA
2001-09-11,280,273.7,290,273.1,4520
2001-09-14,292.3,292,300,289,32280
2001-09-17,291.5,291,293,287,15840
2001-09-18,289.7,291,292,287.7,25790
2001-09-19,292.3,289.7,294,288.6,15310
2001-09-20,289.8,292,292.3,289,24550
2001-09-21,292.9,291.8,296,290.3,14970
2001-09-24,290.9,293,294,288,17480
2001-09-25,291.8,291.5,292,288.8,20940
2001-09-26,294.8,291.8,295.2,290.1,17780
2001-09-27,293.2,295,295.3,290.5,16680
2001-09-28,294,292.9,295.5,291.5,11050
2001-10-01,293.5,293.7,294.1,291.9,23000
2001-10-02,290.9,293.5,294,290.3,18660
2001-10-03,291,291.3,292.8,290.7,20130
2001-10-04,291.6,291,293.3,290.1,18690
2001-10-05,292.5,291.6,293.8,291.6,14740
2001-10-08,293.4,293.8,295.9,292.1,25540
2001-10-09,289.7,293.5,293.8,289.3,32110
2001-10-10,286.7,290,290.8,285.1,26660
2001-10-11,282.6,285.8,286.9,281.3,22260
2001-10-12,285.7,282.6,286.5,282.6,17950
2001-10-15,282.7,285.3,286.8,282.5,12100
2001-10-16,282.9,282.7,283.6,282,18020
2001-10-17,284,282.8,284.8,282.4,34260
2001-10-18,279.8,284.2,284.9,279.2,22960
2001-10-19,280.7,280.2,281.4,278.8,24330
2001-10-22,276.1,280.9,280.9,275.8,16390
2001-10-23,276.5,276.3,277.4,275.5,11210
2001-10-24,276.3,276.4,277.4,276.1,17170
2001-10-25,278.2,276.3,278.4,276.1,14310
2001-10-26,278.3,277.7,279,277.5,12810
2001-10-29,279.7,278.4,280.3,278.1,12670
2001-10-30,281.2,279.8,282,279.5,18530
2001-10-31,280.5,281.2,282.4,279.1,13200
2001-11-01,280.7,280.5,282.3,279.6,8610
2001-11-02,280.8,280.7,281.7,280.4,10490
2001-11-05,279.5,280,280.8,278.5,17540
2001-11-06,280.2,279.8,280.7,279,12910
2001-11-07,281.3,281,281.9,280.2,28390
2001-11-08,277.1,281.2,281.3,276.8,22430
2001-11-09,277.7,277.7,278.2,277.1,23280
2001-11-12,278.6,277.7,282.5,277.7,25190
2001-11-13,278,278.9,279.5,276.2,17150
2001-11-14,278,277.6,279.5,277.4,26450
2001-11-15,275.3,277.8,278.1,274.6,17810
2001-11-16,274.9,275.1,275.7,273.8,18740
2001-11-19,272.9,274.9,274.9,272.3,19450
2001-11-20,273.2,273,274,272.5,16270
2001-11-21,273.1,273.3,273.7,271.9,18620
2001-11-26,272.5,272.6,273.2,272.2,26480
2001-11-27,273.4,272.5,273.9,272.4,22970
2001-11-28,274.1,273.3,275,273.3,22400
2001-11-29,274.7,275.4,276.4,274.5,19360
2001-11-30,274.9,274.9,276.6,273.7,22150
2001-12-03,277.9,275.2,278.7,275.2,11460
2001-12-04,276.3,278.2,278.2,276.1,20400
2001-12-05,274.6,276.4,276.4,274.1,11500
2001-12-06,275,274.7,275.5,274,14510
2001-12-07,274.7,275.4,275.9,274.1,31420
2001-12-10,273,274.7,274.9,271.7,14070
2001-12-11,272.9,273.1,273.4,272.1,12710
2001-12-12,274.5,273.2,274.8,272.8,7450
2001-12-13,274.6,274.5,275,274.3,44610
2001-12-14,278.6,274.7,279.2,273.8,15540
2001-12-17,278.3,278.4,278.9,277,27030
2001-12-18,280.9,278.2,281.4,278.1,34900
2001-12-19,276,280.9,281,275.6,11080
2001-12-20,276.5,276,277,275.8,11080
2001-12-21,278.3,276.6,279.4,276.6,6710
2001-12-26,279.6,278.8,279.9,278.2,12950
2001-12-27,277.7,279.9,280.8,277.4,11410
2001-12-28,276.8,277.5,278.1,276.3,10580
2001-12-31,279,276.9,279.5,276.5,12420
2002-01-02,279.2,279.5,279.8,278.2,18030
2002-01-03,278.5,279,280.4,277.2,14010
2002-01-04,279.2,278.7,279.8,277.6,17100
2002-01-07,278.9,279.5,280.5,278,17460
2002-01-08,279.2,279.2,279.2,278.5,65410
2002-01-09,283.7,279.3,285,279,42010
2002-01-10,287.4,283.7,289.6,283.3,38790
2002-01-11,287.7,287.6,288.4,285.7,16920
2002-01-14,285.7,287.6,287.6,285.5,20660
2002-01-15,284.7,285.5,285.6,283,34100
2002-01-16,287.6,284.5,289.9,283.5,20920
2002-01-17,284.7,287.5,288.6,284.1,14390
2002-01-18,283.4,284.6,284.8,282.8,26640
2002-01-22,281.8,282.5,283.9,281.2,35900
2002-01-23,278.9,281.6,282.4,278.2,25330
2002-01-24,278.4,278.9,279.7,277.5,14390
2002-01-25,279.1,278.7,279.6,278.2,18750
2002-01-28,278.5,279,279.8,278,25740
2002-01-29,281.4,278.4,281.6,277.2,23820
2002-01-30,282.9,282.6,284.3,281.4,16770
2002-01-31,282.9,282.4,283.7,281.8,30040
2002-02-01,286.8,283,287.9,282.4,39490
2002-02-04,290.1,287,290.5,286,65220
2002-02-05,299.1,290,299.8,290,63380
2002-02-06,298.3,299,309,297,35210
2002-02-07,300.6,298.1,302.3,296.5,40510
2002-02-08,304.4,301.1,309.4,300.6,20040
2002-02-11,300.8,303.5,304.4,298.5,18550
2002-02-12,301.3,300.8,302.4,297.8,28150
2002-02-13,300,301.1,301.8,296,16890
2002-02-14,300.2,300.1,301.1,298.5,17760
2002-02-15,298.9,300.5,302.5,298.5,30820
2002-02-19,293.6,298.5,299.5,293,26660
2002-02-20,292.6,293.9,294.6,291.1,23480
2002-02-21,293.5,292.1,294.5,290.5,20000
2002-02-22,293.5,293.6,295,292,17410
2002-02-25,292.9,292.7,293.3,291.1,30180
2002-02-26,298.2,291.6,298.5,291.6,23750
2002-02-27,296.6,298.2,299.9,296.1,19390
2002-02-28,297.1,296.9,298.5,296.3,25420
2002-03-01,298.4,297.4,300,295.5,19020
2002-03-04,297.1,298.3,300.5,297,30010
2002-03-05,294.4,297.1,299.4,294.2,18000
2002-03-06,293.9,294.4,295,292.6,32479
2002-03-07,290.5,293.8,294.2,289.5,24680
2002-03-08,290.3,290.5,290.5,288.3,11440
2002-03-11,291.3,289.9,293,289.8,29750
2002-03-12,293.8,291.1,295,290.5,12470
2002-03-13,293.8,293.4,295.1,293.1,26760
2002-03-14,291.2,294,294,290.7,19850
2002-03-15,290.1,291.1,291.6,289.3,17860
2002-03-18,292.5,292.5,292.5,292.5,14860
2002-03-19,293,292.5,294,291.9,15060
2002-03-20,292.4,293,293.3,291.6,19850
2002-03-21,293.1,292.4,293.6,291.9,39730
2002-03-22,297.6,293,297.8,293,50320
2002-03-25,297.7,298,298.6,296.9,31660
2002-03-26,296.8,297.6,298.4,295.8,24900
2002-03-27,302.2,296.8,303.1,296.3,4100
2002-03-28,303.7,303.9,305.8,301.5,16480
2002-04-01,304.2,304,304.8,301.9,28770
2002-04-02,307,304.5,307.8,301.8,29250
2002-04-03,303.5,306.9,308,302.1,28090
2002-04-04,302,303.4,304,300,22380
2002-04-05,301,301.1,303.2,299,15290
2002-04-08,301.3,300.7,302.3,299.3,14730
2002-04-09,299.5,301.4,301.7,299.2,27910
2002-04-10,302.5,299.4,302.9,298,25190
2002-04-11,303,302.3,304.2,301.9,14110
2002-04-12,302.9,303,303.5,301.1,22160
2002-04-15,300.7,302.9,303.7,300.4,24420
2002-04-16,299.5,300.5,300.9,298.3,23500
2002-04-17,302.8,299.4,303.4,298.6,33730
2002-04-18,305.2,303,307,302.8,15530
2002-04-19,303,305.2,305.3,301.9,12250
2002-04-22,303.6,302.8,305.2,302.5,15990
2002-04-23,304.6,303.7,305.2,302.7,17430
2002-04-24,304.8,304.6,306.2,304.3,35900
2002-04-25,308.6,304.9,309.8,304.8,42330
2002-04-26,312.1,308.6,312.5,306.7,20570
2002-04-29,311.5,311.8,312.9,310,26950
2002-04-30,309.2,311.6,312.2,307.5,38280
2002-05-01,309.4,309.1,311.6,307.5,22030
2002-05-02,308.6,309.1,309.9,307.1,31560
2002-05-03,312.5,308.3,313.8,308,18250
2002-05-06,311.5,312.3,312.8,310.9,46240
2002-05-07,311.9,311.5,314.5,309.3,54710
2002-05-08,308.5,311.9,313.5,308.3,18810
2002-05-09,309.8,308.6,310.6,308.4,19960
2002-05-10,311.3,309.9,312.2,309.9,18480
2002-05-13,310.9,311.5,312,309.5,40420
2002-05-14,307.6,310.9,311.3,307.1,28540
2002-05-15,309,307.7,309.3,306.5,27610
2002-05-16,310.1,309,310.8,308.8,32210
2002-05-17,310.9,310.3,312.4,309.4,40600
2002-05-20,316,310.9,316.7,310.4,46890
2002-05-21,316.1,316,317.3,314,32020
2002-05-22,318.3,316,319.8,315.6,55960
2002-05-23,322.8,318.4,323.3,315.6,40910
2002-05-24,320.7,322.5,322.5,319.3,60780
2002-05-28,324.1,320.2,325.8,319.8,61740
2002-05-29,325.5,324.1,327.3,323,22050
2002-05-30,326.7,326.8,327.9,324.7,32580
2002-05-31,327.5,326.7,330.2,325.2,25120
2002-06-03,327.7,327.5,329.5,325.9,27470
2002-06-04,328.8,328.8,328.8,328.8,NA
2002-06-05,322.1,328.5,328.5,321.1,34140
2002-06-06,325.8,322.1,326.6,321.3,31180
2002-06-07,325.4,326.1,328.8,324.3,44650
2002-06-10,319.5,324.5,325.1,318.5,41630
2002-06-11,320.5,319.5,320.9,316.6,30290
2002-06-12,321.1,320.8,322.7,319.6,26810
2002-06-13,318.5,321,321.1,317.6,30160
2002-06-14,319.8,318.5,324,318.5,15130
2002-06-17,318.1,319.6,319.8,317.7,17990
2002-06-18,319.7,317.8,320.2,317.2,23070
2002-06-19,320.3,320,323,319.8,39500
2002-06-20,323.7,321.3,325.4,321.1,22240
2002-06-21,325.1,324,325.8,322.8,29990
2002-06-24,324.7,325.4,327.7,324.3,54100
2002-06-25,320.5,323.3,324.2,318.3,47770
2002-06-26,320.8,321.4,326.4,320.1,44270
2002-06-27,319.6,321.2,321.5,316.9,42800
2002-06-28,313.9,319.2,321.8,310.5,34020
2002-07-01,314.4,314.5,315.5,311.6,28980
2002-07-02,313.2,313.2,313.2,313.2,NA
2002-07-03,311.3,313.1,314.3,310.5,26060
2002-07-08,312.5,310.5,313.8,309,36010
2002-07-09,316.5,313.1,316.7,312.3,33360
2002-07-10,315.1,316.7,317.9,314.2,39830
2002-07-11,317.6,315.9,318.3,313.7,33270
2002-07-12,315.9,317,317.3,315.2,37160
2002-07-15,319.9,316,320.3,316,32030
2002-07-16,317.5,320,321.3,316.8,26620
2002-07-17,317.7,317.5,318.8,315.7,13360
2002-07-18,317.1,317.5,318.1,316.4,49140
2002-07-19,323.9,317.2,326,317.2,30190
2002-07-22,323.5,324,326.1,322.2,68240
2002-07-23,312.6,323.4,323.5,311.5,51760
2002-07-24,311.4,312.9,314.1,306.7,35260
2002-07-25,309.7,311.5,312.4,308.9,53400
2002-07-26,303.3,310.6,310.6,300.5,28150
2002-07-29,302.4,303.2,303.5,301.6,23830
2002-07-30,306,304.4,307.5,303.5,24030
2002-07-31,305.2,306.4,307.9,303.8,37180
2002-08-01,306,305.2,306.8,300.3,23220
2002-08-02,309,306,309.8,305.8,20920
2002-08-05,309.6,309.1,311.5,308.5,18990
2002-08-06,307.3,309.7,310.4,306.5,44970
2002-08-07,316.1,307.4,317.2,307.4,31140
2002-08-08,312.2,315.9,316.5,311.9,25980
2002-08-09,316,311.9,316.7,309.8,28990
2002-08-12,315.8,315.5,319.7,315,14010
2002-08-13,315.9,315.8,316.9,315.1,37980
2002-08-14,313.5,316.1,319.2,312.5,26600
2002-08-15,316.1,313.2,317.8,312.8,15310
2002-08-16,315.4,316.1,317.3,313.8,43300
2002-08-19,307.7,315.4,315.4,306,22120
2002-08-20,310.4,307.7,311.2,307.7,15050
2002-08-21,309.3,310.3,311,307.5,22030
2002-08-22,308.3,309.5,310.1,306.1,16780
2002-08-23,308.3,308.1,308.7,305.6,18320
2002-08-26,311,308.3,312,307.7,27490
2002-08-27,313.9,311,314.5,309.6,18090
2002-08-28,310.9,313.9,314.1,310.7,23620
2002-08-29,314.4,311.3,314.8,310.8,14070
2002-08-30,313.9,314.4,316,313.3,19530
2002-09-03,315,313.8,315.9,312.6,18270
2002-09-04,316.5,315.2,317.1,313.8,37720
2002-09-05,319.8,316.1,320.8,315.4,32350
2002-09-06,321.5,319.9,322.9,319.2,29180
2002-09-09,322.8,321.5,325.5,321.2,24670
2002-09-10,319.4,322.6,322.9,318.2,10200
2002-09-11,318.1,319.2,319.3,316,22680
2002-09-12,320.4,318.1,321.3,318,27680
2002-09-13,318.1,320.5,321.5,317,21670
2002-09-16,318.5,317.8,319.4,316.4,27480
2002-09-17,318.2,318.6,318.6,314.7,39330
2002-09-18,321.8,318.2,322.5,318,35780
2002-09-19,323.9,321.3,325,320.6,29650
2002-09-20,323.2,324,325.3,321.6,29790
2002-09-23,324.1,323.5,326,322.6,49420
2002-09-24,327.2,324.1,329.3,323.2,30490
2002-09-25,323.6,327.5,328,323.4,40760
2002-09-26,321.7,323.5,324.6,319.8,25880
2002-09-27,321.1,321.6,323.1,320.1,27460
2002-09-30,325.2,321.7,326.2,321.2,25370
2002-10-01,322.2,324.3,325,321.6,26220
2002-10-02,322.8,322.1,323.6,320.8,30470
2002-10-03,322.4,322.8,325.5,322,32140
2002-10-04,323.3,322.1,323.6,320,16580
2002-10-07,323.1,323.4,324.3,322.2,36510
2002-10-08,319.4,323.1,323.9,318.8,24850
2002-10-09,320.8,319.1,321.3,318.8,38780
2002-10-10,317.4,320.8,321.6,316.8,33570
2002-10-11,317.2,317.3,318.5,316.6,11440
2002-10-14,318.6,317.2,319.3,317.2,49260
2002-10-15,313.4,318.5,319.3,313,21130
2002-10-16,314.7,313.8,315.6,313.3,42480
2002-10-17,312.2,314.7,315.4,310.1,19550
2002-10-18,313.3,312.4,313.8,311.1,20420
2002-10-21,311.5,313.4,314.3,310.9,20290
2002-10-22,313.6,311.6,313.9,311.2,21230
2002-10-23,312.6,313.9,314,312.2,34530
2002-10-24,311.2,312.6,313,309.1,30370
2002-10-25,313.9,311.8,314.8,311.7,20890
2002-10-28,315.6,313.8,315.9,313.5,32780
2002-10-29,318.1,315.7,318.8,315.7,18230
2002-10-30,316.9,318.2,318.2,316.4,24540
2002-10-31,318.4,317.2,318.7,316,38930
2002-11-01,319.2,318.3,322,317.9,22700
2002-11-04,318.7,319.2,319.3,317.1,15190
2002-11-05,318.6,318.8,320.2,318.3,14490
2002-11-06,317.9,318.6,318.9,317.2,45940
2002-11-07,320.9,318.2,321.5,318.2,33790
2002-11-08,321.7,321.1,323.5,320.6,19660
2002-11-11,321.6,321.7,322.2,320.1,39960
2002-11-12,324.7,321.8,325,321,58900
2002-11-13,318.9,324.7,325.4,317,25600
2002-11-14,318.1,319,319.7,317.2,34940
2002-11-15,320.9,318.1,321.3,318.1,20850
2002-11-18,319.4,320.6,321,318.1,19550
2002-11-19,318.8,319.5,320.6,318.6,21840
2002-11-20,317.6,319,319.7,317.5,41330
2002-11-21,317.6,317.6,318.7,317.2,43610
2002-11-22,320.9,317.8,322,316.5,45980
2002-11-25,317.9,320.3,321.2,316.9,50900
2002-11-26,317.7,317.7,317.7,317.7,NA
2002-11-27,316.8,318,318.5,316.7,3640
2002-12-02,318.5,319.1,319.4,316.6,31050
2002-12-03,321.2,318.4,321.7,318.1,34660
2002-12-04,323.1,321,324.5,320.6,35620
2002-12-05,325.6,322.8,325.8,321.7,53090
2002-12-06,327.1,325.3,330,324.7,21730
2002-12-09,326.5,327,327.4,325.5,34050
2002-12-10,324.2,326.7,327.1,323.1,20600
2002-12-11,325.5,324.4,326,323.6,52400
2002-12-12,332.1,325.6,333.5,325,50610
2002-12-13,333.8,332.2,336.7,330.7,31090
2002-12-16,337.6,333.6,338,333.1,57490
2002-12-17,338,337.4,343,336.3,43780
2002-12-18,342.7,338,342.8,336.5,55580
2002-12-19,346.5,343.3,355.7,343.3,38720
2002-12-20,341,347,348.9,339,16500
2002-12-23,345.6,340.1,345.8,340.1,10910
2002-12-24,347.3,345.3,349.3,345.1,14240
2002-12-26,349.4,347.3,350.6,344.8,21410
2002-12-27,349.7,350,352,347.3,25320
2002-12-30,344.1,350,350.8,342.5,20780
2002-12-31,348.2,344.4,348.5,341.7,34840
2003-01-02,346.5,347.6,348.2,342.8,39510
2003-01-03,351.6,346,353.5,343.6,37930
2003-01-06,352.1,351.6,357,350.5,39840
2003-01-07,347.7,351.9,352,345,52450
2003-01-08,354.3,347.3,356,345.2,43300
2003-01-09,353.7,354.6,357.5,351.5,42150
2003-01-10,354.9,353,356.5,350.5,22390
2003-01-13,355.1,354.4,355.4,351.6,37770
2003-01-14,352.4,354.9,355.1,351.5,41400
2003-01-15,351.1,352.2,353.4,348.7,41790
2003-01-16,358.1,351,359,350.6,31630
2003-01-17,356.8,358,358.7,355.3,43860
2003-01-21,357.5,356.1,358.1,353.4,37420
2003-01-22,359.9,357.9,360.4,357.8,62860
2003-01-23,364.7,360.1,367.7,360,53970
2003-01-24,368.4,364.6,370.2,362.8,61850
2003-01-27,369.4,368,373.7,367.8,41580
2003-01-28,370,369.4,370.2,365.5,57100
2003-01-29,366.3,369.5,371.2,365.5,830
2003-01-30,369.7,367,371.2,363.5,30470
2003-01-31,369.1,369.8,372.7,368,25070
2003-02-03,371.6,368.9,372.7,368.7,40280
2003-02-04,379.9,372,380,371.9,76850
2003-02-05,377.2,380.2,390.8,373,60720
2003-02-06,370.7,376.5,377.3,369,50700
2003-02-07,370.5,369.9,375.6,367.6,40670
2003-02-10,364.2,370.4,373.7,363.5,51900
2003-02-11,363,363.8,366.2,361,77080
2003-02-12,353,363.7,366.4,352.5,51410
2003-02-13,357.7,353,359.1,348.5,41020
2003-02-14,352.2,357.7,358.6,349,39740
2003-02-18,344.3,348.1,349,343,39630
2003-02-19,350,343.6,350.3,342.4,36700
2003-02-20,353.1,350.4,355,349.8,21110
2003-02-21,351.8,353.3,355,351,30940
2003-02-24,356.4,351.9,358.1,350.4,45350
2003-02-25,352.4,356.9,360.6,351,27580
2003-02-26,354.1,352,356.5,351.3,47160
2003-02-27,346.2,354.5,357,345.7,34860
2003-02-28,350.3,346.4,351.5,345.3,30650
2003-03-03,349.3,349.8,349.9,345.2,25920
2003-03-04,353.3,349.5,354.9,349.5,37680
2003-03-05,353.2,353.4,358.8,352.3,27350
2003-03-06,356.9,353.5,357.4,352.6,52450
2003-03-07,350.9,356.9,358.7,347,22740
2003-03-10,354.8,353.7,355.5,353.2,32520
2003-03-11,350.6,354.9,355.5,348.7,34780
2003-03-12,346.6,351,351.3,345.9,60960
2003-03-13,336,346.3,346.7,332,30780
2003-03-14,336.6,335,339.5,332.4,39420
2003-03-17,337.2,338.4,345.3,334.8,35980
2003-03-18,337.7,337.5,340.5,334.3,29390
2003-03-19,336.2,339.4,341,334.3,32670
2003-03-20,333,336,338,331.8,49560
2003-03-21,326.1,332.8,334.5,325.8,24460
2003-03-24,329.5,327.7,330.7,326.3,38850
2003-03-25,328.3,330,334.5,327.3,43110
2003-03-26,330.1,328.7,331.4,328.3,53770
2003-03-27,328.4,330.1,333,328.3,26790
2003-03-28,332.4,331,333.5,329.4,35160
2003-03-31,336.9,333.4,337.5,333.1,23160
2003-04-01,335.2,335.7,339.4,334.6,24540
2003-04-02,330.4,330.3,331.5,328,37220
2003-04-03,325.7,325.6,330.9,324,33050
2003-04-04,326,323.6,326.4,323.6,23430
2003-04-07,322.2,320.8,324,320,23530
2003-04-08,322.9,321.7,324.9,319.8,28190
2003-04-09,326.2,323,327.7,321.7,40110
2003-04-10,327.3,326,327.9,324.9,32780
2003-04-11,328.5,325.5,329,323.5,30630
2003-04-14,324.9,326.1,328.1,324.6,16370
2003-04-15,325.5,324.6,326.8,322.6,28630
2003-04-16,326.3,324.8,327,323.2,30330
2003-04-17,327.6,326.8,328.7,326.5,22050
2003-04-21,333.9,327.6,334.5,327.6,36090
2003-04-22,334.8,333.7,336.8,332.4,31730
2003-04-23,331.9,334.1,335.6,331.5,32259
2003-04-24,335.1,331.9,335.5,331.4,29600
2003-04-25,333.7,333.4,335.1,332.8,17330
2003-04-28,334.8,333.7,335.6,329.5,34080
2003-04-29,334,334.3,334.7,331.3,21850
2003-04-30,339.4,334.4,340.4,334,42100
2003-05-01,342.4,339.2,343.8,338.5,43540
2003-05-02,341.3,342.2,344,339.2,30520
2003-05-05,342.6,341.8,343.6,341,18350
2003-05-06,342.8,344.5,345.4,341.6,25750
2003-05-07,342.2,344.4,345.2,339.6,39820
2003-05-08,348.7,343.7,350,341.2,53160
2003-05-09,348.9,349,349.5,347,25850
2003-05-12,351.9,349.4,352.8,348.5,1620
2003-05-13,350.2,351.8,352.1,349.1,21740
2003-05-14,352.5,350.1,355.1,348.7,41630
2003-05-15,352.8,352.5,356.4,351.2,37630
2003-05-16,354.9,352.4,357.4,351.6,35350
2003-05-19,364.4,358,365,356.8,49910
2003-05-20,366.5,364,370.5,364,53320
2003-05-21,372.2,366.8,373.5,364,57500
2003-05-22,368.1,372.5,373,366.7,49120
2003-05-23,368.8,367.9,371.2,365.5,39690
2003-05-27,367.8,370.7,374.9,365.6,68840
2003-05-28,365.2,367,367.3,358.6,57230
2003-05-29,370.7,366.4,371,361.1,58390
2003-05-30,365.6,370.7,370.8,361.5,40340
2003-06-02,367.1,364,368.3,361.2,36820
2003-06-03,366.3,366.1,368.1,364.3,24850
2003-06-04,363.6,366.9,367.1,362.7,28080
2003-06-05,369.5,362.8,370.5,361.8,49030
2003-06-06,364.5,369.5,369.5,362.2,38680
2003-06-09,362.6,364.7,366.8,361.8,25000
2003-06-10,352.8,362.6,362.9,352,73300
2003-06-11,356.2,353,358,352.8,34080
2003-06-12,353.9,356.3,356.6,351.5,31080
2003-06-13,357.2,354.1,357.7,351.9,28870
2003-06-16,359.7,358,361.9,356.5,30690
2003-06-17,363.8,359.8,365.7,359,47840
2003-06-18,357.8,363.8,364.9,357,36610
2003-06-19,361.8,358.3,363.6,355.5,36730
2003-06-20,356.7,361.8,363,355.8,24140
2003-06-23,353.4,357.7,358.3,351,42230
2003-06-24,346.7,353.4,355.4,346.3,58540
2003-06-25,349.6,346.9,350.3,346.9,29760
2003-06-26,344.2,348.5,348.7,343.5,33500
2003-06-27,345.5,344,347.3,343.3,24970
2003-06-30,346.3,345.5,348.1,344.5,23510
2003-07-01,351.7,346.4,353.8,346.1,38720
2003-07-02,351.6,351.4,353.3,350.3,24430
2003-07-03,351.3,351.6,352.4,349.3,19670
2003-07-07,348.4,348.8,352.6,347.8,22420
2003-07-08,344.4,348.1,348.8,342.6,33390
2003-07-09,343.9,344.4,346.3,343.5,29380
2003-07-10,344.6,344.4,346,342.1,38710
2003-07-11,345.1,342.3,345.7,342.3,24410
2003-07-14,347.8,345.2,348.2,344.1,22030
2003-07-15,342.2,347.5,349.4,341,21310
2003-07-16,343.2,342.4,344.5,340.6,25590
2003-07-17,344.3,343.4,345.5,340.8,30900
2003-07-18,347.3,343.5,347.8,342.9,34320
2003-07-21,351,347,352.3,346.8,36900
2003-07-22,350.7,351.3,353,349.6,33590
2003-07-23,359,350.4,359,350.3,59970
2003-07-24,362.3,358.7,363.9,356,66250
2003-07-25,362.8,361.9,364.5,359.6,63270
2003-07-28,364.9,362.6,367.7,360.1,58360
2003-07-29,361.7,363.9,365.4,360.9,48030
2003-07-30,358.1,363,363.6,356.6,59690
2003-07-31,355.8,358.1,359.4,355,41080
2003-08-01,347.8,356,356.9,346,59010
2003-08-04,350.9,348.7,351.8,348,40700
2003-08-05,351.2,351,352.4,349.3,18660
2003-08-06,352.4,351.2,354.6,350.2,33050
2003-08-07,354.1,352.3,355,351,24290
2003-08-08,357.9,354.1,359,353.4,36970
2003-08-11,363.3,357.7,363.5,357.5,28290
2003-08-12,360,362.9,363.4,359.7,23750
2003-08-13,363.7,360,366,357.2,41250
2003-08-14,367.5,363.7,368.8,362.3,41250
2003-08-15,364.7,367.3,367.5,364.3,12420
2003-08-18,359.9,364.7,364.8,359,25580
2003-08-19,363,360,363.8,357.3,34140
2003-08-20,367,362.8,368.2,362.1,38270
2003-08-21,361.8,367,368,359.5,43110
2003-08-22,364.3,361.8,365.3,359.3,32420
2003-08-25,362.4,364.4,365.3,361.6,19390
2003-08-26,366.8,362.5,367.1,360.3,47390
2003-08-27,374.1,366.4,375.4,364.4,64560
2003-08-28,371.6,374,374.2,370,37880
2003-08-29,376.8,371.8,379,370.6,39490
2003-09-02,374.3,376.8,380.4,373.5,43910
2003-09-03,375,374.8,376.7,370.9,39950
2003-09-04,374,375,376,370.7,31050
2003-09-05,378.7,374,380.9,371.9,49930
2003-09-08,376.2,378.7,378.8,374.7,30120
2003-09-09,382.8,376,384.8,376,45490
2003-09-10,381.1,383,384.2,379.6,35690
2003-09-11,380.8,381.3,382.7,375.7,43900
2003-09-12,376.9,381,383,376.2,47070
2003-09-15,375.6,376.6,378,373.5,32910
2003-09-16,374.6,375.4,377.4,372.5,38390
2003-09-17,377.3,374.5,378,373.4,34740
2003-09-18,377.7,377.8,381,376.2,39770
2003-09-19,382.9,377.4,384.5,376.2,48740
2003-09-22,388.3,384,389.1,384,50680
2003-09-23,387,388.1,388.9,384.3,38920
2003-09-24,388.4,386.7,388.5,384.8,35140
2003-09-25,385.5,389,394.8,385.5,72420
2003-09-26,381.8,385.7,387.5,380.1,57250
2003-09-29,383.2,381.6,386.1,380.2,46080
2003-09-30,386.1,383.6,389.4,382.8,49620
2003-10-01,385,385.9,387.4,383.6,30990
2003-10-02,383.7,385.2,387.9,382,34440
2003-10-03,370,383.2,387,367,111840
2003-10-06,373.3,371.8,374.3,370.5,41340
2003-10-07,377.8,373.6,378.2,373.3,42460
2003-10-08,376,377.5,378.5,375.3,27750
2003-10-09,369.8,376.1,377.7,368.6,62880
2003-10-10,374.1,370.7,374.5,370.3,33880
2003-10-13,375.7,374.4,375.8,370.1,32509
2003-10-14,376.2,375.6,377.4,372.8,35630
2003-10-15,373.1,376.2,376.5,372,33350
2003-10-16,373.2,373.4,375.6,371.2,40460
2003-10-17,372.2,372.3,373.1,366.5,43610
2003-10-20,374.4,372.9,375.1,370.4,28210
2003-10-21,382,374.3,382.5,373.4,55030
2003-10-22,386.8,381.5,388,380.9,50420
2003-10-23,385,387.2,388.1,383.3,35110
2003-10-24,389.2,384.8,393,384.3,54520
2003-10-27,388.2,388.6,389,386,25120
2003-10-28,383.4,388,388.7,383,39450
2003-10-29,387,383.4,388.2,380.3,50790
2003-10-30,384.4,386.9,392,382.5,56380
2003-10-31,384.6,384,389.8,382.2,47910
2003-11-03,377.1,384.7,385.7,376.5,56040
2003-11-04,380,377.5,381.4,377.2,39000
2003-11-05,382.7,380,384.9,379.1,38810
2003-11-06,380.7,382.8,384.1,379.7,28840
2003-11-07,383.4,380.4,384,376.5,48140
2003-11-10,386.7,383.6,387.8,383.1,36290
2003-11-11,388.2,386.7,389.3,386,32650
2003-11-12,395,388.1,397,387.8,78850
2003-11-13,394.3,394.6,398.4,393.4,67080
2003-11-14,398,394.4,399.4,394.2,69050
2003-11-17,391.5,399.5,399.9,386,77980
2003-11-18,397.6,391.5,398.6,390.4,72160
2003-11-19,394.9,397.6,400.7,392.7,52520
2003-11-20,393.7,395,397.5,392,59920
2003-11-21,396,394.1,398.2,392.7,75040
2003-11-24,391.5,396.2,396.5,390.2,77380
2003-11-25,391.1,391.5,393.2,389.5,74330
2003-11-26,396.8,390.7,402,390.6,12660
2003-12-01,403.8,398.9,404,397.8,51900
2003-12-02,404.6,403.7,407,400.3,41750
2003-12-03,404.8,404.7,405.4,402.2,25860
2003-12-04,404.2,405,406.2,400.8,42590
2003-12-05,407.3,404.2,407.5,400.5,46820
2003-12-08,407.5,407.3,410.6,405.7,37700
2003-12-09,408.9,407.6,410.5,406.4,36920
2003-12-10,407,409,413.3,406.5,51990
2003-12-11,405.4,406.5,407.4,403.3,42340
2003-12-12,410.1,406,410.4,405.8,33490
2003-12-15,409.9,405,411.9,402.1,44010
2003-12-16,408.4,410,411.4,408.1,29700
2003-12-17,412.7,408.8,412.8,402.6,35400
2003-12-18,411.1,413.2,414.6,408.5,37180
2003-12-19,409.9,411.4,412,408.3,28660
2003-12-22,411.3,409.3,412.5,409,22580
2003-12-23,411.6,411.1,411.9,409.6,18160
2003-12-24,412.8,411.6,413.5,411.3,15180
2003-12-29,415.3,413.2,416.5,412.8,24850
2003-12-30,417.2,415.5,417.9,415.2,22640
2003-12-31,416.1,417.3,418.4,414.9,20370
2004-01-05,424.8,416.8,425.7,416.6,56430
2004-01-06,423.2,424.2,431.5,421.5,59540
2004-01-07,422.3,423.1,425.4,420.5,49670
2004-01-08,424.4,421.7,426,417.7,56250
2004-01-09,426.8,424.4,428,421.1,48250
2004-01-12,426.6,427.3,429.7,423.6,43640
2004-01-13,424,425.8,427.2,423,35890
2004-01-14,422,424.7,425.4,418,56770
2004-01-15,408.7,421,421,408,96400
2004-01-16,407,409,411.2,405.7,54130
2004-01-20,412.9,407,413.4,405.8,52900
2004-01-21,411.2,412.9,413.6,407.5,52720
2004-01-22,410.1,410.8,413.3,408.3,64879
2004-01-23,408,410,413,406.5,72210
2004-01-26,406.7,407.6,409.3,405.5,54960
2004-01-27,410.1,405.9,412.4,403.1,99310
2004-01-28,414.6,410.3,415,408.2,76520
2004-01-29,399.4,412,412.5,397.5,116450
2004-01-30,402.9,399.9,403.3,399.4,50150
2004-02-02,399.3,403.1,404.3,395,53270
2004-02-03,399.9,398.7,404.5,398.6,38110
2004-02-04,401.7,400.7,401.8,399.4,25040
2004-02-05,398.8,401.3,401.9,397.8,45910
2004-02-06,404.2,398.4,410.2,395.6,64450
2004-02-09,407.4,403.4,408.4,403,27860
2004-02-10,407,407.4,411.1,406.8,38110
2004-02-11,410.7,407.2,412.5,405.5,46640
2004-02-12,414.2,412.2,414.4,410.3,39580
2004-02-13,410.8,413.3,418,407.1,39580
2004-02-17,416.5,414.5,417,413.2,39580
2004-02-18,412.8,414.8,416.6,411.6,39580
2004-02-19,410.3,411.5,412.6,408.6,38640
2004-02-20,398,410.4,412,394.5,83900
2004-02-23,399.3,399.5,400.8,396.1,35340
2004-02-24,404.8,399,405,396.1,34360
2004-02-25,396.1,404.7,404.8,393,70850
2004-02-26,395.5,396.1,398.1,391,59320
2004-02-27,396.8,395.6,398.4,392.3,37270
2004-03-01,399.6,397.5,403.5,397.4,41380
2004-03-02,393.8,400,401.9,391.2,57560
2004-03-03,392.7,393.5,393.9,388.2,51180
2004-03-04,393.2,393,396,391.7,36930
2004-03-05,401.6,393.3,402,392.7,59420
2004-03-08,400.9,401.2,401.7,398.8,23020
2004-03-09,404.5,401.2,406.4,400.5,42620
2004-03-10,400.3,403.5,404.7,397.7,50110
2004-03-11,401,400.3,401.5,397.2,35280
2004-03-12,395.6,401.6,403.9,395.1,52720
2004-03-15,399.6,396,401,396,36830
2004-03-16,402.6,399.6,404.7,399.2,40780
2004-03-17,407.1,402.7,407.5,401.9,43250
2004-03-18,411.3,407.5,414.4,406.3,78930
2004-03-19,412.7,411.2,413.6,409.1,39780
2004-03-22,417.6,412.3,419,411.5,68520
2004-03-23,420,417.4,420.8,415.6,63090
2004-03-24,417.4,419.8,420.3,414.9,68490
2004-03-25,416.9,416.4,418.5,415,68520
2004-03-26,422.2,416.1,424,415.1,73270
2004-03-29,417.1,421.9,422.9,416.6,64300
2004-03-30,422.8,418,423.4,417.7,65190
2004-03-31,428.3,422.8,428.5,421.6,55140
2004-04-01,428.8,427.5,433,425.9,53590
2004-04-02,422.5,428.5,430.5,418.5,71520
2004-04-05,416.3,423,423,414.5,54210
2004-04-06,419.8,416.7,420.7,416.4,31550
2004-04-07,423.7,420,425.1,418.5,38240
2004-04-08,420.7,423.3,424.7,419.5,29750
2004-04-12,420.9,421.5,423.1,418,27560
2004-04-13,407.7,421,422.2,405.5,109740
2004-04-14,400.5,407.9,408.7,397,92740
2004-04-15,398.3,400.9,402.6,396.2,71900
2004-04-16,401.6,399.5,403.3,397.5,52520
2004-04-19,401.2,402.3,406.5,400.9,33550
2004-04-20,398.3,400.8,401.9,396.3,47230
2004-04-21,391.4,397.8,398,390.2,79200
2004-04-22,393.9,390.9,394.5,390.2,38070
2004-04-23,395.7,394.5,397.1,393.2,28050
2004-04-26,396.6,395.5,398.8,394.3,21070
2004-04-27,399.1,396.8,399.8,396.3,32299
2004-04-28,385.9,399.4,400,384,97650
2004-04-29,387.1,386.2,388.5,377,65610
2004-04-30,387.5,388,391.3,386,44290
2004-05-03,387.5,388.9,390,386.1,25700
2004-05-04,391.8,387.6,394,386.9,41440
2004-05-05,393.8,392.5,395.3,390.5,39430
2004-05-06,388.4,394.1,394.9,387,41910
2004-05-07,379.1,388.4,391,377.7,69420
2004-05-10,378.7,379.1,379.8,371.3,55910
2004-05-11,377.2,378.7,380.2,374.6,45650
2004-05-12,377.7,378.4,384.5,377.5,53950
2004-05-13,374.9,377.6,379.2,373,48580
2004-05-14,377.1,375,377.9,373.2,38030
2004-05-17,379.6,378.1,383.7,376.8,44340
2004-05-18,375.9,379.8,379.9,375.5,31430
2004-05-19,383,376.2,383.5,376.1,45800
2004-05-20,378.5,382.8,383,378.2,39050
2004-05-21,384.9,379,387.3,379,67110
2004-05-24,385.7,385.3,386.8,383.2,51330
2004-05-25,388.4,385.9,390,385.2,68370
2004-05-26,388.3,388.3,392.1,387.6,81920
2004-05-27,394.9,388.2,395.9,388.1,53050
2004-05-28,394.9,396.4,398,393.5,43690
2004-06-01,395.4,396,399.8,394.3,51840
2004-06-02,392.5,395.8,398,391,55680
2004-06-03,388.9,392.3,393.7,388.2,40170
2004-06-04,391.7,389.5,392.5,385.5,38390
2004-06-07,394.5,392.2,395.2,392.1,30190
2004-06-08,391.8,394.7,396.1,391.1,31290
2004-06-09,385.2,391.7,392.7,383.8,50310
2004-06-10,386.6,385.3,388.4,383.2,33760
2004-06-14,384.2,383.5,386.9,383.2,31290
2004-06-15,388.7,384.1,390,382.5,46080
2004-06-16,385.2,389.4,390.3,383.9,33390
2004-06-17,389.5,385.8,389.9,384.4,37710
2004-06-18,395.7,389.5,396.9,387.2,60320
2004-06-21,394.5,395.7,397.9,393.2,36800
2004-06-22,395.5,395.2,397.4,393.7,34280
2004-06-23,395.5,395.8,397.7,393.5,25920
2004-06-24,403.5,395.3,404,394.8,60610
2004-06-25,403.2,403,403.9,401.5,28160
2004-06-28,401.3,403.2,405.6,400.2,42170
2004-06-29,392.8,401.3,402.2,391,58820
2004-06-30,393,393.1,397.3,392,37990
2004-07-01,396.4,393.3,396.7,393.2,26480
2004-07-02,398.7,396.6,401.5,392.6,34500
2004-07-06,393,398.5,399.8,389,60820
2004-07-07,402.7,393.2,404,392.4,59360
2004-07-08,408.2,403,409.6,400.3,77150
2004-07-09,407.9,408,409,406,46060
2004-07-12,408.4,408.2,409.4,406,39520
2004-07-13,402.3,408,408.3,400.8,48610
2004-07-14,405.6,402.5,407,402.3,40330
2004-07-15,404.4,405.5,406.3,401.8,39610
2004-07-16,406.8,404.2,408.1,403,35610
2004-07-19,405.8,406.8,408.4,404.8,27720
2004-07-20,402.1,406,407.1,399.7,56850
2004-07-21,397.3,402.2,402.4,395,66800
2004-07-22,395.3,397,398.8,394.6,36980
2004-07-23,390.5,395,396.5,387.4,73550
2004-07-26,390.3,390.8,392.8,389.5,66050
2004-07-27,387,390.2,393.8,385.8,78210
2004-07-28,389,387.3,390.3,385.5,69180
2004-07-29,389.8,391.5,394,387.5,69130
2004-07-30,393.7,389.9,394.9,389.7,33880
2004-08-02,394.4,395,397.3,393.5,22180
2004-08-03,396.5,394.2,397.2,391.2,40490
2004-08-04,394.7,396.5,396.7,393,28340
2004-08-05,394.8,394.7,395.9,393.1,16800
2004-08-06,402.1,395,404,394.1,61520
2004-08-09,403,402,403.2,400.3,19130
2004-08-10,402.3,402.9,403.4,401,18320
2004-08-11,397.9,402.2,403.4,395.3,46050
2004-08-12,396.6,397.1,400.5,396.1,31420
2004-08-13,401.2,396.5,402,394.6,43700
2004-08-16,405.2,401.9,406.3,400.6,45220
2004-08-17,406.7,405,407.7,402.6,42000
2004-08-18,406.6,406.8,407.6,403.8,33500
2004-08-19,409.3,406.7,410.4,406.4,43090
2004-08-20,415.5,409.4,416.8,407.5,78740
2004-08-23,412.8,414.8,414.9,411,38160
2004-08-24,405,412.6,412.6,404.6,54080
2004-08-25,410,405.6,410.4,405,40970
2004-08-26,409.6,409.9,411.8,406.6,48570
2004-08-27,405.4,409.3,411,403.3,44770
2004-08-30,410,406.8,411.4,405.2,36890
2004-08-31,412.4,410,413.3,408.8,44740
2004-09-01,410.8,412.1,412.5,409.1,33010
2004-09-02,408,410.4,411.2,407.8,23670
2004-09-03,402.5,408.3,408.7,401,67240
2004-09-07,399.4,403.8,404.5,398.7,56530
2004-09-08,401.4,399.3,402.6,396.9,45250
2004-09-09,400.4,401.8,402.6,399.2,31270
2004-09-10,403.8,400.7,404.9,400.7,38010
2004-09-13,406,403.5,406.8,400.9,38920
2004-09-14,407.5,406,409,404.4,42180
2004-09-15,406.8,407.6,407.9,404.7,31540
2004-09-16,406.5,406.4,407.8,404.2,30480
2004-09-17,407.6,406.5,409,405,37470
2004-09-20,407,407.6,407.6,405.3,13530
2004-09-21,410.1,406.9,412,406.2,40190
2004-09-22,409,410.2,412,405.8,41630
2004-09-23,412.6,408.9,414,408.4,48600
2004-09-24,409.7,412.6,413.7,408.5,44570
2004-09-27,410.7,409.2,412,408.8,26450
2004-09-28,414.2,410.6,414.9,410,53250
2004-09-29,414.7,414.2,416.2,412.7,60300
2004-09-30,420.4,414.1,420.8,413.3,76930
2004-10-01,421.2,420.4,423,418.5,46680
2004-10-04,415.6,420.9,420.9,413.3,50060
2004-10-05,419.8,415.5,421.5,414.5,46950
2004-10-06,420,419.9,422.2,417.5,50610
2004-10-07,419.5,420,421.7,418.8,30890
2004-10-08,424.5,419.6,426,418.9,61650
2004-10-11,423.4,424,424.9,422.5,23560
2004-10-12,416.6,423.6,424.2,414.2,74090
2004-10-13,414.6,416.6,417.3,410.5,56530
2004-10-14,419.5,415.9,420.5,415.6,52370
2004-10-15,420.1,419.3,423,418.7,46990
2004-10-18,417.6,420.1,421.7,417.5,36820
2004-10-19,421.6,418,422.2,416.1,43790
2004-10-20,424.8,421.7,427.3,421,55850
2004-10-21,425.6,424.9,427.5,423,43660
2004-10-22,425.6,425.3,426.5,423.2,31940
2004-10-25,429.9,426.6,432,426.6,54650
2004-10-26,427.6,429.9,430.6,425.7,44730
2004-10-27,425.6,427.7,430.1,424.2,58990
2004-10-28,426.1,425.5,428.4,421.7,57980
2004-10-29,429.4,425.8,429.8,425,41040
2004-11-01,428.2,430.5,431.6,427,44100
2004-11-02,420.8,428.2,428.8,418,80600
2004-11-03,425.4,421.1,426.4,419.4,49370
2004-11-04,430.8,425.4,434,425.4,80630
2004-11-05,434.3,430.1,434.9,425.5,75730
2004-11-08,433.4,435,436.1,431.9,41560
2004-11-09,436.2,433.8,437.5,431.9,57060
2004-11-10,434.5,435.9,438.3,432.8,60670
2004-11-11,435.4,434.1,436.2,432.5,30760
2004-11-12,438.3,435,439.5,434.5,55080
2004-11-15,437.3,439,440.6,436.3,49420
2004-11-16,440.5,437,441.4,436.2,74590
2004-11-17,445.1,440.5,445.4,439.3,49410
2004-11-18,442.9,444.8,446.4,440.2,81480
2004-11-19,447,443.4,448.5,441.9,78000
2004-11-22,449,446.4,449.1,446.1,103110
2004-11-23,447.9,448.8,449.9,446.1,91740
2004-11-24,449.3,447.6,449.5,447,110730
2004-11-29,455.8,452.8,457,451.5,87150
2004-11-30,453.2,455.9,456.1,450,65489
2004-12-01,455.9,453.4,457.7,452.4,52420
2004-12-02,452.3,456,458.7,448.7,72100
2004-12-03,457.8,452.4,458.2,450.1,62060
2004-12-06,455.9,457.4,458.3,452.7,37250
2004-12-07,453.7,455.6,456.9,452,32600
2004-12-08,438.7,453.3,453.7,435,132630
2004-12-09,437.2,438.9,443,434,68210
2004-12-10,435.3,439,439.7,432.9,53760
2004-12-13,440.3,436.2,441.6,435.7,49010
2004-12-14,437.3,440.3,441.3,436.5,33700
2004-12-15,442.2,437.3,443.2,436.7,49420
2004-12-16,438.2,442.3,444.4,437.3,56520
2004-12-17,442.9,437.2,443.6,437.2,40720
2004-12-20,443.6,443,445.6,442.3,28930
2004-12-21,442.9,443.7,444.8,441.7,24140
2004-12-22,441.4,443.1,444.2,440.1,23360
2004-12-23,442.9,441.6,444,440.8,22430
2004-12-27,446.2,443.4,446.7,443.4,22080
2004-12-28,445.3,446.2,446.6,444,19770
2004-12-29,437,444.8,445.7,434.4,67910
2004-12-30,438.4,437.2,439.8,434.7,32950
2005-01-03,429.7,438.9,438.9,427.8,82850
2005-01-04,429.2,430.4,431.3,424.8,54830
2005-01-05,427.3,429,429.3,425.9,43720
2005-01-06,421.6,427,428.3,421.1,65180
2005-01-07,419.5,422.1,425.8,417.2,97970
2005-01-10,419.7,419.9,422.3,418.4,34180
2005-01-11,422.4,419.6,423.3,419.6,46900
2005-01-12,426.6,423,428.3,421.1,64040
2005-01-13,425.1,426.6,427.3,423.6,35090
2005-01-14,423.3,422.9,423.3,422.7,30930
2005-01-18,423.5,422,424.2,421.4,27490
2005-01-19,423.3,423.5,427.2,422.6,40270
2005-01-20,422.6,423.1,423.4,420.3,40730
2005-01-21,426.9,422.7,428.5,421.3,58180
2005-01-24,427.1,426.7,428.2,426.7,50720
2005-01-25,422.1,427.1,428.1,421,86020
2005-01-26,426.9,422.3,427.8,421.4,90240
2005-01-27,426.3,426.7,428.1,424,66920
2005-01-28,428.1,428.6,429.7,426.1,66140
2005-01-31,424.1,428.3,428.9,421.5,65840
2005-02-01,422.9,424.3,424.6,421.4,38340
2005-02-02,423,422.7,424.7,421.9,22300
2005-02-03,418.5,422.8,423.9,416.2,55310
2005-02-04,415.9,418.6,419.5,415.5,49620
2005-02-07,415.4,415.9,417.7,414,35110
2005-02-08,414.3,415.7,415.8,412,0
2005-02-09,414.5,414,415.3,411.5,37360
2005-02-10,418.7,414.4,420.1,413.1,69240
2005-02-11,422,419,423.4,417.7,44840
2005-02-14,427.3,422,427.7,422,50150
2005-02-15,427.3,427.4,428.7,425,46360
2005-02-16,426.9,427.1,427.4,423.4,43800
2005-02-17,428.6,427.1,429.8,425.5,47760
2005-02-18,428.4,427.5,429.4,427,30010
2005-02-22,435.8,428.3,436.4,427.4,65940
2005-02-23,436.1,435.9,437.4,433,59730
2005-02-24,435.7,435.7,438.2,433.5,44580
2005-02-25,436.1,435.5,436.9,432.5,43080
2005-02-28,437.6,435.9,439.3,435.9,41650
2005-03-01,433.9,437.5,437.6,432,54260
2005-03-02,433.8,433.6,435,429.8,42900
2005-03-03,430.8,433.8,434.6,430.1,40750
2005-03-04,435.1,431,436.3,430.4,48370
2005-03-07,435.8,435.6,436.6,433.3,28990
2005-03-08,441.1,435.8,441.3,435.2,60700
2005-03-09,442.9,441.3,443.5,439.9,48980
2005-03-10,443.4,442.8,443.7,440.7,50
2005-03-11,446.8,443.5,448,441.1,90580
2005-03-14,441.6,446.7,446.7,440.7,53040
2005-03-15,441.4,441.7,444.9,440.3,50170
2005-03-16,444.2,441.8,444.7,440.6,47790
2005-03-17,439.1,444.4,444.5,437.7,70800
2005-03-18,439.7,439.4,440.4,436.1,40750
2005-03-21,431.4,440,440.3,429.2,92660
2005-03-22,431.6,431.5,432.8,430.3,55760
2005-03-23,425.4,431.7,432.4,424.5,86850
2005-03-24,424.8,424.9,426.5,424.3,53560
2005-03-28,426,425.3,426.5,423.4,72810
2005-03-29,426,425.9,427.6,425.6,58980
2005-03-30,429.5,428.8,430.7,428,45450
2005-03-31,431.1,429.5,431.4,428.5,32250
2005-04-01,428.3,431.1,431.2,427.1,50190
2005-04-04,426,428.2,428.9,424.7,40530
2005-04-05,426.6,425.6,427.8,424.8,27400
2005-04-06,429.2,426.6,429.6,426.3,30220
2005-04-07,428.4,429.3,430.5,427.3,31650
2005-04-08,428.8,428.4,429.4,426.4,26480
2005-04-11,430.4,428.8,431.7,428.2,27960
2005-04-12,429.3,430.5,432.4,428.3,37870
2005-04-13,431,429.3,431.5,428.8,33880
2005-04-14,425.6,431.1,431.3,423.5,54760
2005-04-15,426.5,425.2,427.8,424.1,30690
2005-04-18,429,426.3,429.7,424.7,38310
2005-04-19,434.4,428.9,435.2,428.1,57430
2005-04-20,436.7,434.6,437.4,433,50910
2005-04-21,434.4,436.6,436.8,433.6,40420
2005-04-22,435.6,434.4,437,433.5,21380
2005-04-25,435.8,435.6,436.6,434,29980
2005-04-26,439,435.8,439.1,435.7,45660
2005-04-27,434.1,438.7,438.8,433.2,56230
2005-04-28,432.4,434.2,435.3,432.2,41960
2005-04-29,436.1,432.6,438,431.9,44910
2005-05-02,430.5,435.7,436,429.5,47220
2005-05-03,427.7,430.8,431.4,427.3,52610
2005-05-04,430,427.7,430.9,427.6,34460
2005-05-05,430.7,430.1,432.5,428.8,35690
2005-05-06,426.9,430.7,432,424.5,77330
2005-05-09,426.9,427,427.4,425.4,23000
2005-05-10,427.9,426.8,428.8,426.6,25870
2005-05-11,427.9,428,429.3,426,42420
2005-05-12,422.2,428.1,428.2,420.9,81320
2005-05-13,420.7,422.3,423,419.3,60170
2005-05-16,419.3,421,421,418.2,45240
2005-05-17,419.8,419.5,421.5,419.2,37620
2005-05-18,421.9,420,422,418.8,49370
2005-05-19,420.8,421.8,423.3,419.5,33000
2005-05-20,417.7,420.9,421.1,416.8,50410
2005-05-23,416.9,417.7,418.5,416.8,40530
2005-05-24,417.7,417.1,419.4,416.2,70350
2005-05-25,418.9,417.8,419,417.1,79860
2005-05-26,418,419,420,417.1,72620
2005-05-27,419.8,417.8,420,417.4,51360
2005-05-31,418.9,421.5,421.5,415.8,65640
2005-06-01,417.7,418.7,419.9,416.7,79130
2005-06-02,424.8,417.8,425.8,417.2,95850
2005-06-03,425.8,424.6,427,423.8,51380
2005-06-06,428.4,424.6,429.5,424.3,44810
2005-06-07,426.7,428.2,429.6,426.2,49120
2005-06-08,426.6,426.7,428.7,426.4,28100
2005-06-09,426.1,426.2,427.1,423,38080
2005-06-10,429.3,425.9,430.5,424.1,58590
2005-06-13,431.1,428.8,432.6,426.3,63250
2005-06-14,429.3,431.1,431.1,428.3,34890
2005-06-15,430.9,429,431.8,428,35200
2005-06-16,437.9,430.9,438.5,430,110700
2005-06-17,440,437.7,441.3,437.1,71860
2005-06-20,440,439.2,443.2,438.5,47250
2005-06-21,440.5,440.1,440.8,435.9,53630
2005-06-22,439.7,440.7,441.1,438,28690
2005-06-23,443.2,439.8,444.2,437.5,70900
2005-06-24,442,443.1,445.4,440,55330
2005-06-27,441.7,441,442,440.1,27960
2005-06-28,437.7,441.5,441.6,437.2,38330
2005-06-29,438.6,437.6,439.6,435.3,45910
2005-06-30,437.1,438.5,440.3,436.7,42080
2005-07-01,428.8,436.5,438.2,428,91900
2005-07-05,423.9,428.4,428.5,422.6,83910
2005-07-06,424.5,424,425.9,424,37980
2005-07-07,424.2,424.7,430.1,422.5,59940
2005-07-08,423.8,424.4,425.8,422.3,46000
2005-07-11,426.3,424.5,427.4,423.8,32570
2005-07-12,427.1,426.2,428.5,425.5,36330
2005-07-13,424.6,427.1,428,424,35370
2005-07-14,420.2,424.7,425.1,419.2,70710
2005-07-15,421.3,420,421.5,418.2,48540
2005-07-18,421,421.7,422.8,420.4,31930
2005-07-19,420.2,421.1,422.4,418.9,40720
2005-07-20,422.1,420.9,423.3,420,41340
2005-07-21,425.7,422.5,426,422.5,64390
2005-07-22,425,426,426.9,424.5,46410
2005-07-25,425.9,425,426.4,424.3,60720
2005-07-26,423.5,426,426.1,422.2,68160
2005-07-27,424.8,423.4,426,421.8,70260
2005-07-28,433.3,430.9,434.7,430.3,70590
2005-07-29,435.8,433.7,436.5,432.9,42170
2005-08-01,437.7,435.4,438.3,434.7,37170
2005-08-02,437.7,437.4,438.8,436.6,38330
2005-08-03,442.7,437.8,443,436.4,64550
2005-08-04,443.7,442.5,445,441.2,65160
2005-08-05,442.8,443.6,444.8,442.3,53380
2005-08-08,440.3,442.7,443.3,439.6,42180
2005-08-09,439.8,440.3,441.3,438.4,30540
2005-08-10,442,439.8,442.9,439.6,30250
2005-08-11,450.9,442.1,452.7,442.1,98430
2005-08-12,451.4,450.4,455.3,449.1,62360
2005-08-15,447.6,451.5,452.1,446.3,45610
2005-08-16,451.5,447.1,451.8,445.7,52430
2005-08-17,445.2,451.6,452.1,443.4,60140
2005-08-18,444.7,445.3,447.7,443.1,50820
2005-08-19,442.2,444.8,446,441,43710
2005-08-22,443,441.4,445.7,440.8,34650
2005-08-23,444.3,443.2,445.5,443.2,23920
2005-08-24,442.2,444.1,445.7,440.6,53750
2005-08-25,443.1,442.2,444.6,440.6,27130
2005-08-26,442.1,443.3,444.8,440.5,36330
2005-08-29,441.4,442.8,445.3,441.1,31800
2005-08-30,435.5,441.3,441.9,433.5,117870
2005-08-31,438.1,435.6,438.8,435.3,55270
2005-09-01,446.5,438.4,449.5,438.3,88440
2005-09-02,448.5,446.5,451.4,445.8,46130
2005-09-06,448.6,449.4,450.3,447,32060
2005-09-07,449,448.7,450.2,447,37860
2005-09-08,450.7,448.6,453.9,447.8,65900
2005-09-09,453,450.6,453.6,449.7,41510
2005-09-12,453.7,453.7,455.8,451.2,34500
2005-09-13,450,453.7,453.9,448.3,53310
2005-09-14,453.7,450.1,454.4,449.9,50510
2005-09-15,459.3,453.8,459.7,452.4,94300
2005-09-16,463.3,459.3,464,457.8,68970
2005-09-19,470.4,463,472.4,462,80360
2005-09-20,470,470,474.9,467.2,61600
2005-09-21,472.6,470,473.6,467.4,54420
2005-09-22,470.3,473.3,479,466.8,88680
2005-09-23,467.2,470.2,470.2,464.3,55000
2005-09-26,469.5,466.4,470.5,462.3,61120
2005-09-27,466.2,469.5,470.9,461.2,76190
2005-09-28,473.1,466,473.7,464.7,75380
2005-09-29,475.8,473.1,477,471.4,60670
2005-09-30,472.3,476.1,477.8,471.1,58950
2005-10-03,469.3,471.5,472.2,467.2,44950
2005-10-04,469.3,469,472.7,467.4,43500
2005-10-05,469.3,469.4,470.1,465.9,44640
2005-10-06,475,469.2,475.9,467.5,69310
2005-10-07,477.7,475,479.1,472.5,64580
2005-10-10,478,477.9,482,475.2,40460
2005-10-11,479.8,477.9,481.5,477.4,38890
2005-10-12,476.6,479.6,483.1,474.3,69560
2005-10-13,473.8,475.8,477,470.3,57420
2005-10-14,471.8,474.1,474.8,468.3,62120
2005-10-17,476.6,471.6,478,471.1,43350
2005-10-18,474.6,476.2,477,472.8,31490
2005-10-19,465.8,474.4,474.5,464,78690
2005-10-20,463.2,465.8,467.4,462,59340
2005-10-21,469.1,463.5,469.6,462.7,50880
2005-10-24,467,468.4,470.8,465.2,44590
2005-10-25,474.7,467.2,475.8,466.3,56510
2005-10-26,473,475,476.1,472.7,40260
2005-10-27,475.6,473.1,477.8,471.9,52350
2005-10-28,474.8,475.6,476.6,471.2,43020
2005-10-31,466.9,474.7,475.6,466.5,64709
2005-11-01,460.6,466.5,468.3,459.5,96590
2005-11-02,464.6,460.8,465.5,460.2,45200
2005-11-03,461.9,464.6,466.6,460.2,56540
2005-11-04,457.9,462.2,465.7,456.1,67070
2005-11-07,460.4,458,460.6,457.2,45720
2005-11-08,462.3,460.4,463.8,457.7,44240
2005-11-09,467.5,462.3,469,461.1,61760
2005-11-10,467.7,467.5,470.9,466,51280
2005-11-11,469.4,467.6,470,465.7,31700
2005-11-14,469.1,469.6,471.8,467.5,41790
2005-11-15,469,469,470.8,467.2,39990
2005-11-16,479.1,469,479.4,468.3,90220
2005-11-17,486.9,479.3,487.8,478,90610
2005-11-18,486.2,486.8,489.6,484.3,73750
2005-11-21,489.5,485.2,490.5,485,109640
2005-11-22,492.9,489.5,495.9,489.4,98160
2005-11-23,492.3,492.9,495.3,487.5,74570
2005-11-28,498.3,496.4,499.3,493.2,109050
2005-11-29,503.5,503,506.7,498.6,80650
2005-11-30,498.7,504.1,504.4,496,48510
2005-12-01,506.3,498,506.6,494.3,60350
2005-12-02,507,506.7,510.8,503.8,49560
2005-12-05,512.6,507.9,512.9,506.8,41290
2005-12-06,513.8,512.5,514.8,507.7,45850
2005-12-07,517.8,514,520.3,512.1,58800
2005-12-08,522.7,517.9,523.9,515.8,48170
2005-12-09,530.2,523.1,534.3,522.5,68850
2005-12-12,531.5,530.5,544.5,528.7,82020
2005-12-13,524.1,530.6,533,522.9,82130
2005-12-14,509.5,524.9,525.2,508.5,86220
2005-12-15,506.6,509.1,512.5,502.7,75290
2005-12-16,505.9,507.1,510.5,496.2,63070
2005-12-19,506.1,505.7,512.1,503.6,6700
2005-12-20,497,506.9,511.4,496.7,64110
2005-12-21,495.3,497.5,497.7,492.2,10390
2005-12-22,505,495.8,507.3,495.6,51690
2005-12-23,505.2,505.9,508.8,502.2,28820
2005-12-27,510.1,506.8,510.7,505.3,26600
2005-12-28,516.3,510.4,520.2,509.7,49530
2005-12-29,517.5,516,520.1,512.8,32729
2005-12-30,519.7,518.1,520.4,514.7,28160
2006-01-03,532.5,519.9,532.8,517.6,64870
2006-01-04,535.6,532.7,537.7,527,69330
2006-01-05,527.8,536.3,536.8,524,68730
2006-01-06,541.2,527.8,541.8,524.5,70070
2006-01-09,550.5,541.8,551.3,536.5,88710
2006-01-10,545.7,552.4,553.1,540.7,76660
2006-01-11,550.1,545.1,550.8,541,66050
2006-01-12,549.3,550.1,551.2,543.2,58110
2006-01-13,557,549,558.5,545.2,58880
2006-01-17,554.3,561,565.5,552.5,69800
2006-01-18,544.5,554.3,558.3,543.1,69500
2006-01-19,559,544.6,559.3,540.5,74270
2006-01-20,554,559.2,568.5,552.7,101040
2006-01-23,558.7,554,561,549.3,81130
2006-01-24,558.1,558.8,560.1,553.1,105360
2006-01-25,562.5,558.3,566.9,556.7,106910
2006-01-26,559.9,562.8,563.7,554.4,81790
2006-01-27,558.8,560.1,564.5,555.6,79960
2006-01-30,570.6,563.7,571,562.5,67810
2006-01-31,575.5,571,577.3,570,62880
2006-02-01,574,575.1,576.4,567.6,62820
2006-02-02,576.8,574.5,579.5,572,52100
2006-02-03,571.6,576,578,569,61120
2006-02-06,574.3,573.5,578,570.7,38270
2006-02-07,554.8,574.3,574.9,553.7,96400
2006-02-08,553.8,554.6,556.5,548.5,68200
2006-02-09,568.1,553.2,568.4,552.3,59050
2006-02-10,553.5,568.1,572.3,550,72750
2006-02-13,542.1,553.5,555.4,541.8,73740
2006-02-14,548.9,541.5,550.5,537.8,55970
2006-02-15,542.7,548.8,551,539,59700
2006-02-16,548.8,542.6,549.2,538.6,53000
2006-02-17,554.6,548.1,557,546.5,43960
2006-02-21,556.6,557.7,559.5,553.9,42090
2006-02-22,556.6,556.9,557.7,549.8,45840
2006-02-23,550.9,556.1,558.4,550.3,42150
2006-02-24,561.2,551.5,562,549.6,58720
2006-02-27,557,561,561.7,554.8,35160
2006-02-28,563.9,557.2,564.1,555.1,54200
2006-03-01,565.8,563.1,569,562.4,60190
2006-03-02,570.4,565.6,570.8,563.7,49550
2006-03-03,568,570.6,572.5,566.2,44150
2006-03-06,556.8,567.5,570.2,553.5,64519
2006-03-07,554.5,556.5,559.8,549.6,72670
2006-03-08,544.3,554,555.4,539.5,89860
2006-03-09,547,543.9,551.7,540.7,56950
2006-03-10,541.3,546.8,548.2,534.5,107180
2006-03-13,547.5,542.2,547.8,541.4,52690
2006-03-14,553,547.8,553.6,543.5,58670
2006-03-15,554.4,553,558.3,551.3,49740
2006-03-16,555.4,554.3,557.6,548.1,68410
2006-03-17,555.1,555.4,558.6,552.5,39790
2006-03-20,556.1,555.2,557.2,550.5,47710
2006-03-21,553.2,555.7,556,547.6,73600
2006-03-22,551.7,553.1,554,547.3,52000
2006-03-23,550.8,551.9,551.9,545.1,62520
2006-03-24,560.5,551.5,561.4,549,99490
2006-03-27,567.4,560.4,568.6,558.9,86620
2006-03-28,567,567.4,569.7,563.4,82360
2006-03-29,573.3,566.5,574.5,560.2,64190
2006-03-30,591.8,578,592,576.5,110120
2006-03-31,586.7,590.7,594.6,584,63560
2006-04-03,594.3,587.8,596.8,586.3,53860
2006-04-04,590.6,594.1,595.3,589.5,48700
2006-04-05,592.5,591.3,594.7,586.8,49110
2006-04-06,599.7,592.6,601.9,592,57790
2006-04-07,592.7,599.2,603.1,589.5,64870
2006-04-10,601.8,593.5,602.8,592.6,46160
2006-04-11,599.4,601.5,608.4,597.1,67230
2006-04-12,601.3,599.4,604,597.1,43700
2006-04-13,600.1,601.1,603,594,43140
2006-04-17,618.8,603,619.5,600.3,54540
2006-04-18,623.3,618.8,623.8,615.9,59570
2006-04-19,636,624,636.5,622.1,68840
2006-04-20,623.1,639.1,649,610.5,117490
2006-04-21,635.5,620,636,613.2,75200
2006-04-24,623.9,642.3,644.6,622.1,56480
2006-04-25,634.2,623,638,621,58470
2006-04-26,642,633.2,642.9,631,54190
2006-04-27,636.3,642.6,646.3,627,70590
2006-04-28,654.5,636.8,658.2,634,66840
2006-05-01,660.2,656.8,664,653,42590
2006-05-02,667.4,660.2,669.3,655.2,58730
2006-05-03,668.5,667.1,679.8,660,85190
2006-05-04,676.5,669,679.8,662.8,68740
2006-05-05,684.3,676.6,687,675.5,55100
2006-05-08,679.9,684.4,688.2,673,54690
2006-05-09,701.5,680,701.8,679.5,77700
2006-05-10,705.7,701.9,706.8,695.5,64260
2006-05-11,721.5,704.6,728,701.2,85400
2006-05-12,711.8,722.9,732,709.5,79680
2006-05-15,685,715.7,721.5,679,88040
2006-05-16,692.9,684.1,693.8,675.5,90570
2006-05-17,691.8,693.1,720,686.1,90570
2006-05-18,680.9,691.5,695,679.1,57120
2006-05-19,657,680.2,688.9,651,101590
2006-05-22,657.7,658,661.5,636.8,64370
2006-05-23,673.7,657.7,674,651.5,81570
2006-05-24,637.5,674.1,675,636.5,106510
2006-05-25,648.5,637.2,650.5,637.2,79300
2006-05-26,651,648.1,655.7,640.5,80560
2006-05-30,660.5,659.9,671.5,654.7,80290
2006-05-31,649,660,666,644,53420
2006-06-01,633.5,649.8,651.3,625,62880
2006-06-02,641,633.9,644,624,42020
2006-06-05,648.7,642.1,650.9,640.5,46660
2006-06-06,634.7,648.2,649.4,630.4,42800
2006-06-07,632.6,634.5,635.5,621.3,51070
2006-06-08,613.8,632.6,636,612.8,54330
2006-06-09,612.8,615,622,608,56280
2006-06-12,611.3,610.4,616.4,605,42020
2006-06-13,566.8,610,611.7,565.5,93900
2006-06-14,566.5,569.4,575.5,546.4,68730
2006-06-15,570.3,562,580.2,557.1,52630
2006-06-16,581.7,571.6,589,570.3,43950
2006-06-19,572.4,583.7,588,569.1,27360
2006-06-20,580.5,572.5,581,564.3,39960
2006-06-21,591,580,591.8,573.5,43920
2006-06-22,585.4,591.5,598.3,584.5,42920
2006-06-23,588,584.2,589,574.5,33710
2006-06-26,587.7,587.4,590.2,580,24000
2006-06-27,584.4,587.6,599,583.7,47780
2006-06-28,581,584.8,589.5,579.1,34320
2006-06-29,588.9,581.1,595,581,37710
2006-06-30,616,589.5,618,587.8,58020
2006-07-05,629.7,627,632.5,619.5,46710
2006-07-06,636.3,629.3,637,623.9,41860
2006-07-07,634.8,636.1,639.5,629.5,37800
2006-07-10,626.1,631.9,634.7,621.8,37440
2006-07-11,642.9,625.5,644,623.1,52100
2006-07-12,651.2,642,657,640.8,1470
2006-07-13,654.4,649,656.5,646,59720
2006-07-14,668,655.1,669,655.1,59320
2006-07-17,651.9,668.3,677.5,646,53970
2006-07-18,629.5,651.3,655.5,629,64970
2006-07-19,642.8,631,647.5,618.9,61910
2006-07-20,632.5,643.1,646.5,629.6,41700
2006-07-21,620.2,632.9,638,616,67470
2006-07-24,613.2,620.9,623.3,602.5,79990
2006-07-25,618,612.6,624.2,610,74530
2006-07-26,621.9,618,622.5,613,79190
2006-07-27,632.5,621.7,641,621.6,66410
2006-07-28,647.8,646,649.9,638,48920
2006-07-31,646.8,647.2,651.5,640.5,22950
2006-08-01,658.8,646.5,659.3,642.2,41110
2006-08-02,664.1,658.5,668.2,657,36870
2006-08-03,657,664,664.6,650.5,31860
2006-08-04,656,657.5,666,655,32180
2006-08-07,659.5,655.8,663.5,655.8,20480
2006-08-08,657.3,659,660.8,652.3,21050
2006-08-09,662,657,666.5,646.3,38510
2006-08-10,646,663,665.1,645.5,46890
2006-08-11,644.4,645.7,655.7,636.5,45750
2006-08-14,639.3,643.6,643.6,634.1,33220
2006-08-15,632.9,637.4,638.3,630.5,36100
2006-08-16,639,632.9,643,632.1,30890
2006-08-17,625.3,638.4,642,623.5,43980
2006-08-18,621.7,625,628.8,616.5,37750
2006-08-21,635.2,624.5,636.5,621.6,26440
2006-08-22,634,636,639.2,629.5,25230
2006-08-23,633,633,639.8,630.5,31940
2006-08-24,628.5,632.8,635.5,627.5,26990
2006-08-25,630.8,629.3,633.5,626.8,16630
2006-08-28,623.9,631.9,632.7,621,24710
2006-08-29,619.1,623.4,626.3,615.5,32060
2006-08-30,626.1,619.7,629.7,619.5,29920
2006-08-31,634.2,626.6,635,626,30180
2006-09-01,632.6,633.6,634.5,632.1,17210
2006-09-05,646.9,635.5,648.7,634.1,46940
2006-09-06,641.8,646.9,648.5,641,28320
2006-09-07,624.9,641,644,621,58720
2006-09-08,617.3,625.7,626.7,612,44170
2006-09-11,597.3,617.7,619,589.6,59000
2006-09-12,594.3,597.6,607,591.5,45260
2006-09-13,596.3,593.2,600.5,585.6,38210
2006-09-14,586,596.2,601.8,584,50290
2006-09-15,583,585.5,588.5,576.5,38620
2006-09-18,592.8,586,594.4,583,28320
2006-09-19,583.2,593.7,597.6,583,30320
2006-09-20,586.2,582.6,592.5,578.3,32369
2006-09-21,588.3,586.5,590.8,579.9,33690
2006-09-22,595.4,589.5,598.2,586.5,28530
2006-09-25,595.9,595.5,597,587.5,27490
2006-09-26,597.1,595.7,599.5,591.6,30990
2006-09-27,603.3,596.1,604.8,595.4,41110
2006-09-28,610.9,604.5,612.4,604,47150
2006-09-29,604.2,605.7,611.5,599.5,34710
2006-10-02,603.3,606.2,609.5,602,20540
2006-10-03,581.5,602.9,605.3,580.5,47120
2006-10-04,566.7,584.5,585.7,563,65099
2006-10-05,575.5,575.5,578.8,567,39770
2006-10-06,576.8,573.5,578.5,564.5,34720
2006-10-09,582.8,580,586,572.5,19900
2006-10-10,576.2,582.6,585.5,573,24200
2006-10-11,576.5,576.4,583.4,574.5,25110
2006-10-12,580.3,576.6,583,574.5,25060
2006-10-13,592.7,588.6,594.5,579.4,35040
2006-10-16,598.5,595.5,599.5,592.5,24250
2006-10-17,593.5,599.2,601.6,588.5,34880
2006-10-18,592.6,596.5,598.8,591.7,24850
2006-10-19,602.5,592.5,604.5,589.2,43640
2006-10-20,596.4,601.8,606,594.5,23830
2006-10-23,582.9,588.5,596.4,582.5,32659
2006-10-24,587.6,583.5,589,576,36370
2006-10-25,590.8,587.2,594.5,582.5,31450
2006-10-26,599.8,590.5,601.8,589.8,34610
2006-10-27,601,599.1,603,594.5,25380
2006-10-30,607.4,602.6,613.2,601,46190
2006-10-31,606.8,606.5,609.3,600.5,44440
2006-11-01,619.3,607.5,619.8,607.5,57420
2006-11-02,627.8,620.4,628.3,616.5,49630
2006-11-03,629.2,627,631.4,619.5,42870
2006-11-06,627.9,628.7,632.2,624.5,23650
2006-11-07,627.9,625.8,631.2,623.7,32240
2006-11-08,618.3,628.5,629.2,617.8,47670
2006-11-09,636.8,623,637.2,614.5,48630
2006-11-10,630.1,632.5,638,626.5,47550
2006-11-13,625.8,628.7,633.9,621.5,34040
2006-11-14,625.3,626.7,630.5,619.5,45970
2006-11-15,623.8,624.2,625.8,616,36750
2006-11-16,621.7,623.9,629.5,621.1,28330
2006-11-17,622.5,621.7,622.9,614.5,31280
2006-11-20,622.1,622.8,627.5,620.5,39260
2006-11-21,628.7,621.3,629,621.3,45650
2006-11-22,629,630,635,626.4,48070
2006-11-24,629,639.9,641.8,629,48070
2006-11-27,640.6,629.9,641.8,629.5,59680
2006-11-28,637.3,640.6,641.9,632.5,82650
2006-11-29,641.8,644.7,646.8,640.6,39760
2006-11-30,652.9,646.5,654.5,641.2,32100
2006-12-01,650.6,655,655.8,649.2,26300
2006-12-04,650.9,651.2,651.7,645.7,36340
2006-12-05,647.9,651.5,654.2,643.7,44390
2006-12-06,635.9,647.5,648.8,631.5,49430
2006-12-07,637,635.7,639,629.2,56360
2006-12-08,631,638.5,642.8,628.2,55280
2006-12-11,634.8,629.5,635.2,627.3,38950
2006-12-12,631.7,634.9,635.5,630.9,29180
2006-12-13,632.4,632.5,634.8,627.5,40180
2006-12-14,630.9,631.8,634,629,25490
2006-12-15,619.1,629.4,633.2,617.5,65370
2006-12-18,617.9,619.1,621.9,615,46690
2006-12-19,625.4,618.8,626.5,618.3,36740
2006-12-20,624.3,626.4,627.9,622.1,37330
2006-12-21,621.6,623.8,625.4,620.6,26420
2006-12-22,622.3,620.9,624.6,620.9,12830
2006-12-26,626.9,625,632.4,624.7,29420
2006-12-27,630.3,627.1,632,626.5,22880
2006-12-28,636.9,629.4,638.2,629.2,39660
2006-12-29,638,637.1,639.1,634.5,39660
2007-01-02,638,639.2,643.5,638,19380
2007-01-03,629.8,643,647.3,627,98490
2007-01-04,626.2,629.3,632.8,622.4,58930
2007-01-05,606.9,623.6,627.9,603,117670
2007-01-08,609.4,609.3,612.4,605,54980
2007-01-09,615,611,617.4,607,59250
2007-01-10,613.4,614.8,615.1,606.2,58880
2007-01-11,613.9,612,617,609.9,54230
2007-01-12,626.9,611.5,628.8,610.7,81170
2007-01-16,625.9,626.9,629,623.2,66440
2007-01-17,633.3,625.4,634.8,620.6,70100
2007-01-18,628.1,633,637.4,626.8,63540
2007-01-19,636.4,627.5,637,627,51080
2007-01-22,634.1,635.8,640.3,632,62240
2007-01-23,645.9,633.7,648.2,632.3,109520
2007-01-24,648.2,646.1,649.3,638.9,85580
2007-01-25,648.1,648,654.8,644.9,87210
2007-01-26,644.7,645.2,648.1,640.6,75730
2007-01-29,643.2,645.7,648.2,640.8,71050
2007-01-30,650.2,648.5,653.4,646.8,47550
2007-01-31,657.9,651.8,660.7,647.5,83730
2007-02-01,663,658.5,667.2,657.4,71270
2007-02-02,651.5,662.4,665.3,648,82680
2007-02-05,656.1,653.1,657.5,651.2,38430
2007-02-06,658.7,653.1,663.7,653,56140
2007-02-07,657.3,658.2,662,655,41930
2007-02-08,662.8,656.5,666.1,652.5,74080
2007-02-09,672.3,665.1,673.9,661.6,77430
2007-02-12,667.3,673.4,673.5,664.1,61300
2007-02-13,668.5,666.1,673.9,665.1,58890
2007-02-14,672,669,676.6,668,60620
2007-02-15,671.4,673.7,675,666.5,57660
2007-02-16,672.8,674.1,674.1,666.7,57660
2007-02-19,674.3,673.2,677.8,671.6,50430
2007-02-20,661,673.2,677.8,659,76160
2007-02-21,684,660.8,686.4,660.5,102640
2007-02-22,683,682.7,684.7,678.7,66380
2007-02-23,686.7,681.2,691.9,676.2,80190
2007-02-26,689.8,684.6,691.8,684.6,57620
2007-02-27,687.2,689.9,692.5,660,131910
2007-02-28,672.5,669.4,680.5,664,106580
2007-03-01,665.1,672.8,680.2,664.2,104440
2007-03-02,644.1,666.8,668.2,641.3,131590
2007-03-05,639.2,645.6,647,635.1,109410
2007-03-06,646.2,638.4,650,634.5,79080
2007-03-07,652.9,649.1,653.7,644.5,86280
2007-03-08,655.5,651.2,657.7,649,65450
2007-03-09,652,653.7,659.8,648.8,79720
2007-03-12,650.3,650.9,655.4,646.8,69070
2007-03-13,649.4,652.2,653.8,642.8,60390
2007-03-14,642.5,644,647,637.6,90430
2007-03-15,647.1,645.1,651.3,644.5,53680
2007-03-16,653.9,647.2,656.5,646.8,57860
2007-03-19,654.3,653.9,657.1,652.5,39800
2007-03-20,659,654.4,662,653.3,74040
2007-03-21,660,659,665.6,657.5,52150
2007-03-22,664.2,665.2,667.6,662.3,74290
2007-03-23,657.3,664.4,665.3,655.2,75340
2007-03-26,663.9,657.5,666.5,657.1,82320
2007-03-27,662.5,664,666,661.7,73180
2007-03-28,666.8,664.8,669.8,663.3,10240
2007-03-29,667.6,672.5,672.5,660.8,86890
2007-03-30,669,667.4,673.8,666.5,63500
2007-04-02,671.5,671.1,672.3,661.7,67910
2007-04-03,669.7,670,673.4,667.5,64010
2007-04-04,677.4,670.3,681.1,668.8,100920
2007-04-05,679.4,679.4,681,676.6,48940
2007-04-09,676.9,677.8,683.1,675.6,40550
2007-04-10,681.5,676.2,686.8,675.8,55010
2007-04-11,681.7,682.4,686.2,679,51090
2007-04-12,679.7,682.2,684.6,675.5,64239
2007-04-13,689.9,680.7,690.5,680.1,75850
2007-04-16,694.5,690.6,695.8,687.4,68760
2007-04-17,692.5,694.7,695.5,690.2,50450
2007-04-18,693.3,691,695.4,689,61390
2007-04-19,688.3,693.9,695.9,682.5,80140
2007-04-20,695.8,687.7,698,686.7,67590
2007-04-23,694.2,696.2,697.7,690.5,50750
2007-04-24,687.7,693.3,695.7,684.3,85950
2007-04-25,687.4,687.4,690.6,685.8,52010
2007-04-26,678,689,690.3,674.4,103490
2007-04-27,681.8,677.7,684.9,673.8,66970
2007-04-30,683.5,684.2,684.9,678.8,46770
2007-05-01,677.3,681.2,682.3,674.6,67240
2007-05-02,675.1,676.7,677.9,670,78270
2007-05-03,684.4,675.4,685.2,674.5,71010
2007-05-04,689.7,684.2,693.2,682.6,77220
2007-05-07,690.4,691,693.3,689,40340
2007-05-08,687.4,690.9,691.3,684.1,64200
2007-05-09,682.5,687.1,688.9,677.5,75100
2007-05-10,667,682.2,683.2,665.9,132430
2007-05-11,672.3,667.6,674.3,666.3,86060
2007-05-14,670.1,673,676.4,667.5,67320
2007-05-15,674.5,670.5,675,666,69830
2007-05-16,661.5,673.1,674.4,660.6,109110
2007-05-17,657.2,663.2,665.3,654.1,97420
2007-05-18,662,658.4,664,656.4,75400
2007-05-21,663.8,662.5,664.6,657.5,61250
2007-05-22,659.9,663.5,665.9,658.7,70310
2007-05-23,662.6,659.7,665.3,657.5,64170
2007-05-24,653.3,661.6,663.2,651.5,131080
2007-05-25,655.3,653.8,656.9,653.3,64260
2007-05-29,657.2,655.2,662,654.5,100720
2007-05-30,659.3,662.3,664.6,657.7,83430
2007-05-31,666.7,658.7,667.5,658.6,68750
2007-06-01,676.9,666.5,677.5,666.2,84640
2007-06-04,676.3,676.9,679.5,674.2,56180
2007-06-05,675.1,676.4,678.8,674.2,48050
2007-06-06,674.6,675.3,677.3,670.2,76730
2007-06-07,665.2,675.5,678,662.5,96070
2007-06-08,650.3,663.9,665.9,647.8,125760
2007-06-11,659,653.3,659.4,653.2,53930
2007-06-12,653.1,657.8,658.8,649.5,58510
2007-06-13,652.7,652.6,656.9,647,67600
2007-06-14,655.9,655.4,658.2,649.5,62370
2007-06-15,658.7,655.8,659.5,653.6,53930
2007-06-18,659.9,658.7,662.9,658,39220
2007-06-19,664.7,659.4,665.8,657.1,63850
2007-06-20,660,664.6,665.4,655.5,60160
2007-06-21,654.2,656.7,659.7,650.5,77890
2007-06-22,657,655,659.5,653.5,48950
2007-06-25,654.7,657.4,657.7,651.6,47610
2007-06-26,645.3,654.4,654.7,642.8,106270
2007-06-27,644.8,643.1,647.5,641.1,64510
2007-06-28,650.4,646.2,652.5,645.5,57910
2007-06-29,650.9,651,655,648.8,46880
2007-07-02,659.2,651.6,661.3,650.6,72670
2007-07-03,655.4,659.2,660.3,654,72670
2007-07-04,656.3,656.1,657.2,655.3,61220
2007-07-05,650.6,656.1,658.7,647.4,84070
2007-07-06,654.8,651.5,658,646.7,79430
2007-07-09,662.5,657.6,666,655.3,83840
2007-07-10,664.4,662.1,667,660.3,77460
2007-07-11,662.1,665,667.8,661.3,61060
2007-07-12,668.3,661.9,671,661.8,83470
2007-07-13,667.3,668,669.9,664.4,69740
2007-07-16,666.3,667.3,670.5,664.5,42190
2007-07-17,665.9,666.2,668.4,663,50740
2007-07-18,673.7,665.4,675.3,665.2,90980
2007-07-19,678.1,673.6,678.5,672,75280
2007-07-20,684.7,678.5,687.6,675.8,103820
2007-07-23,681.5,684.7,685.8,680.5,55400
2007-07-24,684.8,682,688.4,681,111820
2007-07-25,673.8,681.6,682.5,670.5,122680
2007-07-26,662.8,675.3,677.4,652.8,167330
2007-07-27,660.1,662.8,666.8,656.6,95750
2007-07-30,676.6,673,677.8,671.8,56250
2007-07-31,679.3,677.3,680.9,675,52270
2007-08-01,675.9,675.3,679,670.6,71660
2007-08-02,676.6,679.1,679.4,674,40020
2007-08-03,684.4,676.8,687.1,676.2,78920
2007-08-06,683.3,684.2,687.4,680,49920
2007-08-07,682.3,683,683.9,677.4,52630
2007-08-08,686.3,683.1,688.1,680.8,54060
2007-08-09,672.8,686,686,669.8,108760
2007-08-10,681.6,672.1,687.4,668.8,111760
2007-08-13,680.9,682.7,683.7,679.1,40450
2007-08-14,679.7,680,682.2,676.3,55770
2007-08-15,679.7,680,681.8,672.5,76380
2007-08-16,658,677.8,678.5,651.6,169660
2007-08-17,666.8,660.8,674.5,655.5,94330
2007-08-20,666.5,667,670.6,662.3,54000
2007-08-21,666.2,667.6,669.8,663.9,58170
2007-08-22,668.7,667,671.6,664.2,55490
2007-08-23,668.4,670.1,674.5,667.4,57080
2007-08-24,677.5,669.3,679,666.7,67680
2007-08-27,676.2,677.5,677.8,674.9,24130
2007-08-28,673.5,676,677.7,671,53510
2007-08-29,675.4,671.1,678.2,670.2,53620
2007-08-30,673.9,676.5,676.8,671.8,46160
2007-08-31,681.9,673.3,683.9,673,46160
2007-09-03,680.9,681.9,682.8,680.1,69730
2007-09-04,691.5,681.9,692.5,680.1,89770
2007-09-05,690.7,691,692.3,687.3,63440
2007-09-06,704.6,691,707.3,690.2,127690
2007-09-07,709.7,705.5,716.6,701.5,129180
2007-09-10,712.2,709.5,716.3,708,67170
2007-09-11,721.1,711.8,723.8,711.5,99930
2007-09-12,720.7,721.2,723.6,714.5,78050
2007-09-13,717.9,720,721.2,712,75140
2007-09-14,717.8,717,726.5,712.7,94360
2007-09-17,723.8,715.8,728.9,714.8,78800
2007-09-18,723.7,726.2,735.5,720,100840
2007-09-19,729.5,732.3,735,727.7,98070
2007-09-20,739.9,729.6,746.5,728.9,140150
2007-09-21,738.9,741.6,747.1,734,100860
2007-09-24,739.3,738.6,743.9,733.5,80780
2007-09-25,738.8,737.6,741.7,729.2,101360
2007-09-26,735.5,738.5,744.2,733.4,104090
2007-09-27,739.9,734.9,743.2,733.9,83510
2007-09-28,750,740.8,752.8,740,101860
2007-10-01,754.1,750.6,755.7,747.8,68810
2007-10-02,736.3,753.9,754,730.7,125570
2007-10-03,735.7,738.4,742.5,732.3,86470
2007-10-04,743.8,734.8,744.7,726.3,132490
2007-10-05,747.2,743.8,750.7,732.7,111760
2007-10-08,738.7,747.5,748.5,736.7,48490
2007-10-09,743.1,739,746.5,732.2,99310
2007-10-10,746,743.5,751.9,742.8,82200
2007-10-11,756.7,746.1,759.3,745.8,120320
2007-10-12,753.8,753.2,757.6,750,79550
2007-10-15,762.2,754,765.5,752.7,97580
2007-10-16,762,763.7,772,758.2,126970
2007-10-17,762.3,765.6,769.8,756.4,132690
2007-10-18,768.7,760.2,774.9,759.2,93600
2007-10-19,768.4,772.5,776.9,762.4,110420
2007-10-22,760,770.9,772.8,749,148680
2007-10-23,763.1,758.8,765.5,756.8,83120
2007-10-24,765.6,763.3,768,757.7,85620
2007-10-25,771,767.1,773.5,765.5,84790
2007-10-26,787.5,772.9,789.5,771.8,98810
2007-10-29,792.6,792.5,798.3,788.7,111980
2007-10-30,787.8,794.2,795.6,782.2,97800
2007-10-31,795.3,784.8,800.8,780,113910
2007-11-01,793.7,799.4,802.5,786.6,113670
2007-11-02,808.5,790.5,811,790,125970
2007-11-05,810.8,810.6,814.2,803.5,90030
2007-11-06,823.4,809,828,808.6,116220
2007-11-07,833.5,826.9,848,824.8,195010
2007-11-08,837.5,832,847.8,825.6,175790
2007-11-09,834.7,835.4,840.7,828.5,122790
2007-11-12,807.7,831.5,833.6,792.8,180910
2007-11-13,799,795.7,810.4,791.7,156360
2007-11-14,814.7,802.3,817.4,800,113580
2007-11-15,787.3,813.2,819.4,783,181660
2007-11-16,787,789,798.4,784.5,124290
2007-11-19,778,788.3,794.9,775.7,117460
2007-11-20,791.4,782.1,806.7,773.4,156530
2007-11-21,798.6,802.9,808,795,156530
2007-11-22,804,801.2,805.9,798.4,115800
2007-11-23,824.7,804.5,826.1,798.4,106720
2007-11-26,826.5,823.5,837.2,820,170840
2007-11-27,814,823.9,829.4,807.4,188880
2007-11-28,800.3,812.6,815.9,791,165340
2007-11-29,802.3,811.2,814.9,798.8,115040
2007-11-30,789.1,799.6,806.2,785,117060
2007-12-03,794.7,789.4,800.9,783,73120
2007-12-04,807.6,800.3,811.7,792.6,92930
2007-12-05,803.7,808.7,813,797,89000
2007-12-06,807.1,801,811.5,790.9,105670
2007-12-07,800.2,807.3,811.1,796.4,91660
2007-12-10,813.5,806.5,818,799.5,77880
2007-12-11,817.1,811.5,819.3,801.5,85570
2007-12-12,818.8,804.5,822.8,802.2,104700
2007-12-13,804,812.9,819,796.8,117080
2007-12-14,798,801.7,808.5,792.3,93430
2007-12-17,799.3,798.8,803.6,789.6,67020
2007-12-18,807.4,798.9,811.4,794.7,80780
2007-12-19,805.4,807.6,809.4,802.2,58500
2007-12-20,803.2,807.3,807.6,797.2,63780
2007-12-21,815.4,800,816.7,799.5,74030
2007-12-24,816.5,815.5,819.7,812.2,23740
2007-12-26,829.5,816.3,830.2,811.6,55510
2007-12-27,831.8,828.1,835.5,825.2,68250
2007-12-28,842.7,829.6,844.6,828.3,61730
2007-12-31,838,843.2,847.4,833,48300
2008-01-02,860,837.5,864.9,837.5,137800
2008-01-03,869.1,861.5,872.9,856.5,136250
2008-01-04,865.7,866.1,871.8,857,122760
2008-01-07,862,862.8,867.8,857.8,89730
2008-01-08,880.3,860.7,884,859.4,125470
2008-01-09,881.7,880.3,894.4,873.8,137270
2008-01-10,893.6,881,897.3,867.8,180840
2008-01-11,897.7,896.8,900.1,888.8,125400
2008-01-14,903.4,899.4,915.9,893.1,135000
2008-01-15,902.6,904.6,916.1,888.6,166330
2008-01-16,882,890.6,901,875,203120
2008-01-17,880.5,878.1,891.5,875.2,127240
2008-01-18,881.7,879.8,889.4,870.6,113550
2008-01-22,890.3,882,895.6,849.5,274250
2008-01-23,883.1,893.5,896.5,876.6,166820
2008-01-24,905.8,892.2,914.2,889.4,165390
2008-01-25,910.7,914.1,924.3,906,155340
2008-01-28,927.1,912.5,929.8,912.5,169890
2008-01-29,925.1,928.5,933.3,919.6,157690
2008-01-30,926.3,930.1,942.2,921.1,130240
2008-01-31,928,933.1,934,923,101350
2008-02-01,913.5,929.8,941.8,908,186320
2008-02-04,909.4,910.5,917.4,896.1,123840
2008-02-05,890.3,907.5,911.3,888.4,152820
2008-02-06,905,892.9,912,890,124140
2008-02-07,910,904.4,916,900.1,123220
2008-02-08,922.3,914.8,927.3,911.3,98050
2008-02-11,926.7,924.1,931,919.6,87880
2008-02-12,911.1,926,928.5,906,122520
2008-02-13,910.2,909.8,914.5,899.5,108820
2008-02-14,910.8,909.5,917.3,904.8,90860
2008-02-15,906.1,911.2,919,900.6,93910
2008-02-19,929.8,905.1,934.4,903.2,133500
2008-02-20,937.8,930.6,949.2,916.1,131900
2008-02-21,949.2,947,958.4,941,128009
2008-02-22,947.8,948.5,953,938.1,102150
2008-02-25,940.5,948,954.9,935.5,120120
2008-02-26,948.9,940.3,953.2,928.9,111100
2008-02-27,961,951.8,967.7,951.8,128039
2008-02-28,967.5,961.2,975,955.5,120560
2008-02-29,975,973.1,978.5,966.2,118010
2008-03-03,984.2,975.6,991.9,975.5,125170
2008-03-04,966.3,985.7,990.3,958.3,165210
2008-03-05,988.5,966.9,995.2,960.7,154170
2008-03-06,977.1,991,994.3,966.5,171610
2008-03-07,974.2,977.5,990.7,971,144060
2008-03-10,971.8,975.3,982.8,961.9,126790
2008-03-11,976,974.9,987.8,966,157010
2008-03-12,980.5,974.1,985,969.5,111270
2008-03-13,993.8,984.9,1001.5,982.7,142870
2008-03-14,999.5,997.2,1009,991.7,160290
2008-03-17,1002.6,1004.5,1033.9,994.1,225440
2008-03-18,1004.3,1003.7,1013.4,976.8,169340
2008-03-19,945.3,982.9,997.8,937.5,295220
2008-03-20,920,942.9,943.8,904.7,230120
2008-03-24,918.7,918.3,927.5,906.2,94060
2008-03-25,935,915.4,939.5,911.9,158060
2008-03-26,949.2,939.1,954.9,934.7,175120
2008-03-27,948.8,954.2,955.2,940.1,145630
2008-03-28,936.5,952.8,956.3,928,123560
2008-03-31,921.5,936.4,945.7,917.1,118960
2008-04-01,887.8,920.5,925.7,876.3,190150
2008-04-02,900.2,888,911.5,885.1,121640
2008-04-03,909.6,906.6,913.2,892,118280
2008-04-04,913.2,907.7,919,903,92600
2008-04-07,926.8,917,933.7,914.4,95880
2008-04-08,918,923.9,929.7,911.4,96190
2008-04-09,937.5,919.1,939.6,906.6,128860
2008-04-10,931.8,937.5,943.4,925.4,122170
2008-04-11,927,932.7,935.8,920.5,89350
2008-04-14,928.7,924.2,935.4,917.5,80120
2008-04-15,932,928,939.8,926.1,88690
2008-04-16,948.3,931.3,952.7,927.3,122100
2008-04-17,942.9,948.5,956.2,940.3,102950
2008-04-18,915.2,944.1,949.8,907.3,149070
2008-04-21,917.6,920.1,931.9,914,116790
2008-04-22,925.2,919,928.5,914.4,94210
2008-04-23,909,919.4,925.7,899.2,157100
2008-04-24,889.4,906.9,909.3,885.4,143700
2008-04-25,889.7,888.7,899,880,115030
2008-04-28,895.5,890,898.1,888.8,83080
2008-04-29,876.8,895.6,895.8,870.3,118110
2008-04-30,865.1,872.2,880.8,864.1,133210
2008-05-01,850.9,879,883.6,848.5,142830
2008-05-02,858,853.8,860.9,846.4,103600
2008-05-05,874.1,859.2,876,858.7,83720
2008-05-06,877.7,875.4,884.5,872.6,108030
2008-05-07,871.2,877.4,883.3,864.4,99980
2008-05-08,882.1,870.1,887,866.4,123110
2008-05-09,885.8,885.5,890.8,871,116620
2008-05-12,884.9,884.3,890.8,878.5,89450
2008-05-13,869.6,884,887.2,861.4,141560
2008-05-14,866.5,867.2,871.7,860,94940
2008-05-15,880,865.6,888.5,862.3,149380
2008-05-16,899.9,882.9,905.6,880.5,139910
2008-05-19,905.8,903.2,914.2,900.8,97210
2008-05-20,920.2,906.2,924.1,903.1,133350
2008-05-21,928.6,921,933,916.5,141230
2008-05-22,918.3,932.9,935.4,917.1,143900
2008-05-23,925.8,921.2,929.5,914.7,143900
2008-05-26,929,924.8,929,923.2,108720
2008-05-27,907.9,924.8,930.6,903.3,197900
2008-05-28,900.5,906.2,909.2,888.3,149890
2008-05-29,881.7,906.2,907.8,876.6,167420
2008-05-30,891.5,881.7,892.8,873,90630
2008-06-02,897,891.3,901.2,884.4,90580
2008-06-03,885.5,894.2,900.6,878.4,123860
2008-06-04,883.8,883.9,890.1,879.2,95360
2008-06-05,875.5,881.8,883.3,867.7,146540
2008-06-06,899,881,905.6,880,130729
2008-06-09,898.1,906.1,912.5,893.2,119590
2008-06-10,871.2,894.5,897.9,866.7,159440
2008-06-11,882.9,871.2,885.9,870,103590
2008-06-12,872,883.5,884.9,859.6,144910
2008-06-13,873.1,871,876.7,861.5,89870
2008-06-16,886.3,872.6,897.3,868.7,104890
2008-06-17,886.9,884.7,891,876.2,97080
2008-06-18,893.5,884.9,898.1,882.5,103370
2008-06-19,904.2,896.8,911,888.8,151920
2008-06-20,903.7,900.4,910.1,897.8,90240
2008-06-23,887.2,903.7,909.7,877.4,130320
2008-06-24,891.6,885.5,896.5,884.4,94220
2008-06-25,882.3,891.7,892.9,875.2,107940
2008-06-26,915.1,888,920.3,886.6,148400
2008-06-27,931.3,919,933,912.2,128280
2008-06-30,928.3,930.9,937.7,920.2,112670
2008-07-01,944.5,928,948.3,923.8,149450
2008-07-02,946.5,941.6,947.9,933.5,125040
2008-07-03,933.6,946.6,950,928.5,125040
2008-07-04,935.7,935.9,938.3,930.8,128419
2008-07-07,928.8,934.9,935.1,916.3,127970
2008-07-08,923.3,927,935.3,913,135710
2008-07-09,928.6,921.7,930.5,917.2,116800
2008-07-10,942,929.8,949.2,926.4,140160
2008-07-11,960.6,946.1,969.1,942.6,165470
2008-07-14,973.7,966.8,976.4,954.2,159780
2008-07-15,978.7,974.2,989.6,968.7,223410
2008-07-16,962.7,978.5,982.5,958.2,173590
2008-07-17,970.7,960.6,980,953.1,231440
2008-07-18,958,958.4,965,950.2,124020
2008-07-21,963.7,957.3,969,955.7,96670
2008-07-22,948.5,966.1,977,942.1,193290
2008-07-23,922.8,945.9,949.3,917.5,203970
2008-07-24,922.3,920.8,931.4,915.9,174080
2008-07-25,926.8,927.6,935.2,918.5,157770
2008-07-28,927.7,929,932.9,922.4,148630
2008-07-29,916.5,930,933,913.1,147310
2008-07-30,912.3,927.8,929,902.7,155390
2008-07-31,922.7,917,934.5,915.3,130539
2008-08-01,917.5,922.9,926,910.3,110570
2008-08-04,907.9,919,924.1,902.1,121040
2008-08-05,886.1,903.7,903.9,880.7,150030
2008-08-06,883,881.7,894.6,880.5,112610
2008-08-07,877.9,887.6,892.6,874.8,123700
2008-08-08,864.8,879.4,881.3,857.5,142750
2008-08-11,828.3,863.4,872.7,824.5,199730
2008-08-12,814.6,829.1,833.6,808.6,197570
2008-08-13,831.5,818.4,836.4,811.5,157640
2008-08-14,814.5,833,842.9,810.5,161420
2008-08-15,792.1,812.3,812.6,777.7,155270
2008-08-18,805.7,795.5,809.9,795.1,105800
2008-08-19,816.8,804.9,822.9,787.5,137360
2008-08-20,816.3,819.4,824.5,805.2,126540
2008-08-21,839,818.6,845,816.6,130539
2008-08-22,833.5,841.1,843.6,826.1,98410
2008-08-25,825.7,831.1,831.9,821.1,79940
2008-08-26,828.1,827.3,836,812,140260
2008-08-27,834,829.3,841.4,826,103840
2008-08-28,837.2,832,849.7,830.5,133620
2008-08-29,835.2,838.9,844.2,834,84370
2008-09-02,810.5,842.2,842.8,795.2,197500
2008-09-03,808.2,810.2,813.5,793.7,126780
2008-09-04,803.2,806.4,819.5,798.1,132050
2008-09-05,802.8,801,824.2,794.8,176920
2008-09-08,802.5,815.6,822.9,800.8,145820
2008-09-09,792,806.9,809.5,779.7,208820
2008-09-10,762.5,780.7,787.7,755.1,208450
2008-09-11,745.5,755.8,762,739.8,185680
2008-09-12,764.5,752.7,770.5,749.2,150630
2008-09-15,787,773.2,791.4,767.4,169090
2008-09-16,780.5,791.3,793.6,775.2,170040
2008-09-17,850.5,781.5,872.9,777.5,317200
2008-09-18,897,866.5,926,836,312280
2008-09-19,864.7,856,881.4,828.5,170960
2008-09-22,909,874.6,913.8,866.2,189780
2008-09-23,891.2,906,915.2,885,152410
2008-09-24,895,896.4,907.8,880.4,132780
2008-09-25,882,889.5,903.5,868.8,165180
2008-09-26,888.5,882.5,920.1,871.2,167400
2008-09-29,894.4,878,932,872.2,181990
2008-09-30,880.8,911,920.2,860.1,143010
2008-10-01,887.3,876.9,898.7,869.6,118410
2008-10-02,844.3,876.2,881.6,833.5,154810
2008-10-03,833.2,841,852.7,822.5,136410
2008-10-06,866.2,836,879,828.4,133330
2008-10-07,882,859.1,893.7,858,120380
2008-10-08,906.5,890.9,924.9,880.1,171460
2008-10-09,886.5,910.2,929,882.9,105010
2008-10-10,859,915.2,936.3,829,214110
2008-10-13,842.5,855.8,875,824.5,107710
2008-10-14,839.5,835.2,857.4,833.6,94690
2008-10-15,839,837.9,859.2,833.1,94980
2008-10-16,804.5,851,852.1,786.7,140790
2008-10-17,787.7,807.4,816.9,772.2,104710
2008-10-20,790,784.6,811.8,782.8,76840
2008-10-21,768,798,805,766.4,101810
2008-10-22,735.2,773.6,777.9,720,147820
2008-10-23,714.7,730,735.2,695.2,148940
2008-10-24,730.3,724.7,750.4,681,143870
2008-10-27,742.9,735.1,747.8,707,106840
2008-10-28,740.5,731.2,756.1,724.1,98870
2008-10-29,754,747.1,775.3,736,117900
2008-10-30,738.5,757.5,778.3,733,114340
2008-10-31,718.2,737.4,742.5,717.1,96730
2008-11-03,726.8,727,739.5,721.8,70310
2008-11-04,757.3,723.9,769.3,721.8,114500
2008-11-05,742.4,770,770,735.7,112650
2008-11-06,732.2,738.4,761.3,727.5,120930
2008-11-07,734.2,734.5,744.9,725.5,82890
2008-11-10,746.5,739.8,768.9,738.4,119400
2008-11-11,732.8,745,749.9,725.5,107770
2008-11-12,718.3,732.3,738.4,708.3,115260
2008-11-13,705,708.4,739.2,698.2,138220
2008-11-14,742.5,734,754,724,132640
2008-11-17,742,740,748.7,729.6,85040
2008-11-18,732.7,736.9,745.6,730.3,95170
2008-11-19,736,737.8,764.8,731.4,143010
2008-11-20,748.7,735.2,753.4,732.6,118160
2008-11-21,791.8,745.8,802.8,742.5,178810
2008-11-24,819.5,802,830.1,786.2,153810
2008-11-25,818.5,821.7,833.5,803,158860
2008-11-26,808.5,819.1,822,806.8,52370
2008-11-28,819,812.3,822,810.6,41000
2008-12-01,776.8,819,820,768,100420
2008-12-02,783.3,768.8,788.2,761.8,78050
2008-12-03,770.5,783.6,784,764.1,80380
2008-12-04,765.5,775,790,763,90620
2008-12-05,752.2,766.7,773.3,741.2,104920
2008-12-08,769.3,755.2,782.8,754.1,79720
2008-12-09,774.2,775.6,780.7,762.5,71760
2008-12-10,808.8,776.7,813.9,774.2,112530
2008-12-11,826.6,809.6,835.3,802.5,104530
2008-12-12,820.5,820,829.7,807.5,91990
2008-12-15,836.5,825,843.7,821,93680
2008-12-16,842.7,838.2,860.8,830.2,94900
2008-12-17,868.5,860,883.6,847.2,149540
2008-12-18,860.6,866.1,879.6,848.8,116590
2008-12-19,837.4,853.6,854.9,830.1,73520
2008-12-22,847.2,839.4,853,836.7,54710
2008-12-23,838.1,849,849.8,829.8,48850
2008-12-24,848,840.5,849.6,835.4,20520
2008-12-26,871.2,847.5,874,843.4,23560
2008-12-29,875.3,873,892,873,73960
2008-12-30,870,882.6,885.9,864.7,54340
2008-12-31,884.3,874.7,886,857.3,55000
2009-01-02,879.5,883,889.1,868.1,46090
2009-01-05,857.8,880.7,885.5,843.5,95450
2009-01-06,866,843.5,871.4,838.8,101200
2009-01-07,841.7,864.2,867.8,836,119840
2009-01-08,854.5,843.2,865.3,836.7,111880
2009-01-09,855,857.8,869.3,845,106500
2009-01-12,821,856.1,857.5,815.1,132310
2009-01-13,820.7,821.5,831.4,814,98870
2009-01-14,808.8,821.8,829.9,806.6,117220
2009-01-15,807.3,810.3,822.1,801.5,134940
2009-01-16,839.9,817.3,843.6,815.7,105210
2009-01-19,855.2,844.1,866.6,823.6,169400
2009-01-21,850.1,857.3,864.6,843,123210
2009-01-22,858.8,854,863.2,843.5,107560
2009-01-23,895.8,857.2,903.8,852.1,197170
2009-01-26,908.8,898.9,916.3,889,148370
2009-01-27,899.5,902.9,907.6,892.2,113680
2009-01-28,888.2,899.5,903.4,882,137270
2009-01-29,906.5,890,911.3,875.7,126380
2009-01-30,928.4,911,931.3,903.1,129070
2009-02-02,907.2,924.6,929,902.1,96270
2009-02-03,892.5,904.4,914.3,890.3,107990
2009-02-04,902.2,901.1,910.9,896.2,75620
2009-02-05,914.2,906.4,926.3,903.4,100190
2009-02-06,914.3,915.2,921.9,905.4,77400
2009-02-09,892.8,913.4,913.4,891.9,81740
2009-02-10,914.2,895.9,919.7,892,114810
2009-02-11,944.5,937.4,949,912,172830
2009-02-12,949.2,939.4,954,936.5,124890
2009-02-13,942.2,946.6,946.9,933,77270
2009-02-16,967.5,942.8,975.4,937.3,137890
2009-02-18,978.2,964.8,988.7,961.6,117780
2009-02-19,976.5,987,987.9,969.5,116160
2009-02-20,1002.2,973.2,1007.7,971.5,163170
2009-02-23,995,994.3,999.6,976.2,111090
2009-02-24,969.5,992.1,997,960.2,156170
2009-02-25,966.2,962.5,979.7,945.2,140320
2009-02-26,942.6,953.6,957.6,932.2,133180
2009-02-27,942.5,947,964,927,148530
2009-03-02,940,940.3,959.5,921,124350
2009-03-03,913.6,928,933.5,905.7,130259
2009-03-04,906.7,916.5,923.7,900.4,102120
2009-03-05,927.8,906.8,937.5,906.2,105850
2009-03-06,942.7,934.2,945.5,930.6,107510
2009-03-09,918,941.2,942.8,911.1,108000
2009-03-10,895.9,922.9,923.2,891.1,138510
2009-03-11,910.7,896.1,913.8,892.6,95710
2009-03-12,924,906.7,931.6,906.3,123790
2009-03-13,930.1,927.4,941.1,919.6,98230
2009-03-16,922,928.3,930.6,915.3,84780
2009-03-17,916.8,924.5,925.3,912.4,70710
2009-03-18,889.1,915.2,954,882.7,226080
2009-03-19,958.8,941.6,963.5,926,181060
2009-03-20,956.2,959.2,967.8,946.7,108940
2009-03-23,952.5,950.5,958.1,936,104400
2009-03-24,923.8,938.4,944.6,916.9,154380
2009-03-25,935.8,927.6,942,916,162940
2009-03-26,940,934.9,946.6,932,122920
2009-03-27,923.2,934.4,936.7,919,106870
2009-03-30,917.7,926,934.7,910.4,114010
2009-03-31,925,919.3,926.9,913.6,93010
2009-04-01,927.7,920,935.8,918.6,84430
2009-04-02,908.9,929.1,931.8,896.1,154080
2009-04-03,897.3,905,911.8,892.5,100970
2009-04-06,872.8,898,899.5,865,123650
2009-04-07,883.3,870.1,886.9,870.1,68270
2009-04-08,885.9,884.6,891.7,879.2,79890
2009-04-09,883.3,882.6,887.8,876,53690
2009-04-13,895.8,882.9,901.2,882.9,47870
2009-04-14,892,894.2,899.7,887.1,57460
2009-04-15,893.5,891.2,902.1,886.2,56030
2009-04-16,879.8,893,895,873,80700
2009-04-17,867.9,876.9,877.9,865.6,75750
2009-04-20,887.5,870.2,889.7,865.6,75860
2009-04-21,882.7,886.5,896.4,879.5,73220
2009-04-22,892.5,884.8,894.8,882.8,59580
2009-04-23,906.6,891.3,910.4,890.5,90670
2009-04-24,914.1,905.5,915.4,904.2,74410
2009-04-27,908.2,915,919.7,905.8,59470
2009-04-28,893.6,907.2,907.7,884.6,81050
2009-04-29,900.5,894,904,888.3,69350
2009-04-30,891.2,898.6,900.8,880.1,81600
2009-05-01,888.2,888.9,890.8,880.5,46710
2009-05-04,902.2,887.5,908.3,885.6,83810
2009-05-05,904.3,903.4,916.7,893.2,88100
2009-05-06,911,897.3,913.5,895.4,85610
2009-05-07,915.5,912.5,926.5,908.9,124790
2009-05-08,914.9,911.7,921,905.5,86340
2009-05-11,913.5,917,918.4,908.8,57350
2009-05-12,923.9,913.9,924.9,912.4,88790
2009-05-13,925.9,923.3,931.4,917.8,116790
2009-05-14,928.4,927,929.4,920.5,76200
2009-05-15,931.3,926.9,934.8,924.1,88900
2009-05-18,921.7,930.5,934.1,915.2,97050
2009-05-19,926.7,918.2,929.9,917.6,87160
2009-05-20,937.4,925.6,941,925.3,128000
2009-05-21,951.2,938.5,957,935.8,130919
2009-05-22,958.9,955.1,963.1,950.1,117820
2009-05-25,953.3,957.6,960.1,936.6,166710
2009-05-27,953.3,953.3,959.6,946.2,151330
2009-05-28,963.2,950.2,966.7,945.8,121230
2009-05-29,980.3,960.8,982,960.4,102470
2009-06-01,980,981,990.2,974.1,94730
2009-06-02,984.4,976.9,988.3,970.5,88680
2009-06-03,965.6,983.2,992.1,961.5,127900
2009-06-04,982.3,966,983.4,962,115370
2009-06-05,962.6,981.4,985,953.8,150850
2009-06-08,952.5,956.3,961.1,943.8,95710
2009-06-09,954.7,951.8,964.5,948.3,88840
2009-06-10,954.7,955.8,966.7,947.5,107070
2009-06-11,962,955.6,963.2,942.5,111280
2009-06-12,940.7,956.3,959.2,936.2,103110
2009-06-15,927.5,940.3,940.3,926.5,91530
2009-06-16,932.2,928.8,940.6,927.7,76590
2009-06-17,936,935.4,941.1,928.4,87650
2009-06-18,934.6,940,944,930.5,78320
2009-06-19,936.2,934,939.7,931.5,57560
2009-06-22,921,935.1,935.6,918.3,96760
2009-06-23,924.3,922.5,927.4,913.2,91900
2009-06-24,934.4,926.4,944.4,922.8,116250
2009-06-25,939.5,932,940.4,930.3,76940
2009-06-26,941,940.1,949,936.6,73580
2009-06-29,940.7,940.7,943.2,933.6,57110
2009-06-30,927.4,938.1,945.4,922.7,102290
2009-07-01,941.3,926.1,947,926.1,97420
2009-07-02,931,940.9,942.1,926.6,101810
2009-07-03,924.3,932,932.4,920.3,79790
2009-07-07,929.1,924.6,932.4,921,78420
2009-07-08,909.3,917.7,925.9,904.8,131009
2009-07-09,916.2,909.3,918.9,906.2,91680
2009-07-10,912.5,912.1,915.2,906.6,72830
2009-07-13,922.5,912.3,923.4,907.4,100040
2009-07-14,922.8,921.2,927.8,917.8,82440
2009-07-15,939.4,925.4,942.3,924.5,122620
2009-07-16,935.4,939.3,940.5,932.6,60370
2009-07-17,937.5,937.8,939.8,931.6,62040
2009-07-20,948.8,938.5,955.4,937,102850
2009-07-21,946.9,949.8,953.8,944.3,79090
2009-07-22,953.3,948.9,955,944.6,89850
2009-07-23,954.8,952.7,957.5,947.2,124920
2009-07-24,953.1,948,954.4,946.6,70920
2009-07-27,953.5,951.4,960,947.8,101950
2009-07-28,939.1,953.6,956.8,933.8,169540
2009-07-29,927.2,937.8,940.9,925.2,129090
2009-07-30,937.3,931.9,939.4,930.9,62130
2009-07-31,955.8,937.1,960,933.8,98490
2009-08-03,958.8,954.5,966.9,954.3,95460
2009-08-04,969.7,960,972.7,953.1,94660
2009-08-05,966.3,970.3,970.8,961.1,80720
2009-08-06,962.9,965,974.3,958.2,108950
2009-08-07,959.5,965.2,968,955.5,87110
2009-08-10,946.9,956.6,959.3,944.2,78340
2009-08-11,947.6,948.4,951.9,943.6,50680
2009-08-12,952.5,948.6,954.4,942.1,64430
2009-08-13,956.5,950,963.1,949.8,70230
2009-08-14,948.7,956.7,961.4,943.7,78110
2009-08-17,935.8,949.2,950.4,931.3,93510
2009-08-18,939.2,935,941.6,935,52980
2009-08-19,944.8,940.2,946.8,933.3,80900
2009-08-20,941.7,944.2,947.3,938.5,52320
2009-08-21,954.7,941.9,959.9,939.2,85720
2009-08-24,943.7,954.8,958.5,935.7,74590
2009-08-25,946,943.8,956.3,943.1,76990
2009-08-26,945.8,946.2,951.7,941.2,68600
2009-08-27,947.3,946.9,952.3,942.6,60460
2009-08-28,958.8,949.5,964.6,949.5,87230
2009-08-31,953.5,957.4,962.1,944.3,73130
2009-09-01,956.5,952,958.7,947.5,93240
2009-09-02,978.5,958.1,982.4,952.5,155930
2009-09-03,997.7,979.4,999.5,976.1,163800
2009-09-04,996.7,994.3,998.4,987,117550
2009-09-07,999.8,996.9,1009.7,992.6,165000
2009-09-09,997.1,998.8,1005,988.8,126490
2009-09-10,996.8,993.5,1000.5,983.2,129180
2009-09-11,1006.4,998.5,1013.7,996.3,133410
2009-09-14,1001.1,1007.7,1010.8,994.4,93920
2009-09-15,1006.3,1000.9,1011.5,993,114630
2009-09-16,1020.2,1009,1023.3,1007.9,124440
2009-09-17,1013.5,1018.3,1025.8,1010.6,118140
2009-09-18,1010.3,1014.5,1019.5,1007.4,102950
2009-09-21,1004.9,1006.8,1008.3,996.3,102950
2009-09-22,1015.5,1005,1021.5,1004.2,96170
2009-09-23,1014.4,1016.1,1020.4,1007.2,114890
2009-09-24,998.9,1008.7,1021,991.3,182500
2009-09-25,991.6,992.8,1000.5,985.5,129030
2009-09-28,994.1,993.1,998,986.7,88770
2009-09-29,994.4,992.6,997.2,986.1,105190
2009-09-30,1009.3,994,1010.8,992.7,142140
2009-10-01,1000.7,1008.3,1011.1,998.6,113350
2009-10-02,1004.3,999,1008.8,987,141250
2009-10-05,1017.8,1004,1018.9,1001.6,103250
2009-10-06,1039.7,1017.8,1045,1016.6,223540
2009-10-07,1044.4,1042.7,1049.7,1037.8,140680
2009-10-08,1056.3,1045.7,1062.7,1043.8,204450
2009-10-09,1048.6,1055.9,1056.7,1044.7,122700
2009-10-12,1057.5,1050,1060.5,1048,74330
2009-10-13,1065,1055,1069.7,1052.2,141180
2009-10-14,1064.7,1065.3,1072,1056.5,134280
2009-10-15,1050.6,1063.3,1066.8,1046.2,151360
2009-10-16,1051.5,1051,1057.9,1043.7,121670
2009-10-19,1058.1,1053.5,1065.8,1048.6,94790
2009-10-20,1058.6,1065,1069,1052.6,122570
2009-10-21,1064.5,1050,1065.7,1048.1,140360
2009-10-22,1058.6,1059.5,1062.7,1052,110650
2009-10-23,1056.4,1061.1,1068.8,1050.4,153870
2009-10-26,1042.8,1055.5,1060.8,1038.1,162320
2009-10-27,1035.4,1038.5,1044.3,1032.9,153190
2009-10-28,1030.5,1040,1042.6,1026.9,152920
2009-10-29,1047.1,1027.7,1048.4,1026.9,130080
2009-10-30,1040.4,1047.1,1049.2,1035.4,129460
2009-11-02,1054,1043.4,1063.4,1042.2,132630
2009-11-03,1084.9,1060.4,1088.5,1055.5,208680
2009-11-04,1087.3,1085.6,1098.5,1080.5,190850
2009-11-05,1089.3,1094.1,1095.2,1084.3,111070
2009-11-06,1095.7,1090.6,1101.9,1086.5,159850
2009-11-09,1101.4,1098,1111.7,1096,137530
2009-11-10,1102.5,1103.7,1109.7,1097.2,146660
2009-11-11,1114.6,1106,1119.1,1105.6,153620
2009-11-12,1106.6,1117.2,1123.4,1102.7,168530
2009-11-13,1116.7,1103.3,1119.7,1101.2,149130
2009-11-16,1139.2,1119.6,1144.2,1119.5,188590
2009-11-17,1139.4,1140.1,1142,1127.8,143710
2009-11-18,1141.2,1140.9,1153.4,1136,180280
2009-11-19,1141.9,1144,1146.5,1130,194980
2009-11-20,1146.8,1145,1151.5,1132.5,173740
2009-11-23,1164.7,1152,1174,1151.6,227820
2009-11-24,1165.8,1164.4,1171.7,1157.7,254520
2009-11-25,1187,1169.6,1192.8,1166.8,205510
2009-11-26,1175.5,1194.6,1196.8,1135.8,275930
2009-11-30,1182.3,1182,1185,1165,174370
2009-12-01,1200.2,1181.4,1204,1176.4,173620
2009-12-02,1213,1197,1218.4,1196.5,191900
2009-12-03,1218.3,1216.5,1227.5,1205.2,222900
2009-12-04,1169.5,1208.7,1213.9,1147.4,366080
2009-12-07,1164,1160.3,1166.2,1136.1,276340
2009-12-08,1143.4,1159.8,1170.2,1125.3,239290
2009-12-09,1120.9,1129.5,1148.4,1117,263930
2009-12-10,1126.2,1130.1,1137.7,1121.8,164030
2009-12-11,1119.9,1133.3,1143.4,1110.2,215760
2009-12-14,1123.8,1114.6,1128.9,1111.7,133520
2009-12-15,1123,1128.2,1130,1112,154050
2009-12-16,1136.2,1125.7,1142.5,1122.4,159460
2009-12-17,1107.4,1138.7,1142.9,1095.7,236020
2009-12-18,1111.5,1099,1118.1,1097.4,171600
2009-12-21,1096,1111.9,1120.8,1090.8,137630
2009-12-22,1086.7,1092.7,1098.2,1075.2,182490
2009-12-23,1094,1085.1,1096.8,1080.1,99750
2009-12-24,1104.8,1088.6,1106.9,1088.3,56910
2009-12-28,1107.9,1108,1114.5,1102.1,73190
2009-12-29,1098.1,1108.9,1109.2,1097.1,97220
2009-12-30,1092.5,1098.5,1098.7,1086.6,91650
2009-12-31,1096.2,1094.1,1107.6,1093.1,64590
2010-01-04,1118.3,1099,1124.6,1093.8,155480
2010-01-05,1118.7,1122,1129.6,1115.5,156410
2010-01-06,1136.5,1118.5,1141,1116.8,176900
2010-01-07,1133.7,1139,1139.5,1128.7,121150
2010-01-08,1138.9,1131.5,1140,1119.5,212620
2010-01-11,1151.4,1139,1163,1139,173770
2010-01-12,1129.4,1152,1158.3,1124.3,233120
2010-01-13,1136.8,1129,1138.9,1118.5,217630
2010-01-14,1143,1137.9,1146.7,1130.7,165710
2010-01-15,1130.5,1142,1146,1126.5,144700
2010-01-18,1140,1130.7,1140.7,1127.5,188030
2010-01-20,1112.6,1138.5,1141.7,1106.8,232580
2010-01-21,1103.2,1112.4,1117.4,1088,271810
2010-01-22,1089.7,1095.4,1098.9,1081.9,214200
2010-01-25,1095.7,1093.5,1104,1092.2,155360
2010-01-26,1098.3,1097.9,1103.2,1085.2,230150
2010-01-27,1084.5,1097.4,1102.1,1083,206690
2010-01-28,1084.8,1087,1096.9,1074.4,211380
2010-01-29,1083.8,1087,1091.4,1075,182590
2010-02-01,1105,1081.9,1108.8,1077.2,162340
2010-02-02,1118,1107.3,1119.9,1099.5,154490
2010-02-03,1112,1115.8,1126.4,1107.5,158610
2010-02-04,1063,1110.1,1112,1059,280750
2010-02-05,1052.8,1065.7,1069.4,1044.5,253580
2010-02-08,1066.2,1068.3,1074.3,1061.8,142160
2010-02-09,1077.2,1062.4,1083.8,1062.1,184390
2010-02-10,1076.3,1078.6,1083,1063.1,163920
2010-02-11,1094.7,1073.8,1098.4,1072.9,188050
2010-02-12,1090,1094.6,1097.7,1078.1,153310
2010-02-15,1119.8,1093.7,1121.9,1092,179060
2010-02-17,1120.1,1119.8,1128.7,1105.5,172890
2010-02-18,1118.7,1108.3,1124.8,1098.1,188710
2010-02-19,1122.1,1108.4,1127.4,1099.3,170950
2010-02-22,1113.1,1122.1,1131.5,1110,137550
2010-02-23,1103.2,1114.1,1121.7,1099.6,161290
2010-02-24,1097.2,1103.5,1108.8,1090.2,176130
2010-02-25,1108.5,1096.2,1110,1088.5,206760
2010-02-26,1118.9,1108,1119.5,1104.6,129610
2010-03-01,1118.3,1119,1123.9,1112.1,124680
2010-03-02,1137.4,1118,1138.3,1115,193280
2010-03-03,1143.3,1134.5,1145.8,1132.8,159130
2010-03-04,1133.1,1139.8,1142.3,1125.9,154140
2010-03-05,1135.2,1132.9,1141.2,1127.5,150030
2010-03-08,1124,1136,1138,1118.5,140540
2010-03-09,1122.3,1123.8,1125.1,1108.2,153990
2010-03-10,1108.1,1121.5,1128.3,1103.1,201370
2010-03-11,1108.2,1108.9,1111.7,1100.5,136650
2010-03-12,1101.7,1110,1119.5,1097.3,159860
2010-03-15,1105.4,1101.7,1110.5,1101,130830
2010-03-16,1122.5,1108.3,1129.3,1108.1,141800
2010-03-17,1124.2,1126.3,1133.9,1118.2,130320
2010-03-18,1127.5,1124.5,1129.5,1118.2,123990
2010-03-19,1107.6,1125.8,1127.5,1101,176490
2010-03-22,1099.5,1108,1108.6,1092.1,159060
2010-03-23,1103.7,1102.5,1108,1094,146150
2010-03-24,1088.8,1102.2,1106,1084.8,178060
2010-03-25,1092.9,1087.4,1095.6,1085.5,159340
2010-03-26,1104.3,1091.6,1109.8,1088.5,177740
2010-03-29,1110.3,1110.4,1114.7,1103.1,158730
2010-03-30,1105.7,1110.6,1114.2,1102.4,109920
2010-03-31,1114.5,1105.1,1119.9,1103.1,108480
2010-04-01,1126.1,1114.6,1129.1,1112.3,118740
2010-04-05,1133.8,1122,1134.3,1120.8,75640
2010-04-06,1136,1131.9,1139.6,1123.5,126660
2010-04-07,1153,1135.2,1154.2,1133.3,163440
2010-04-08,1152.9,1150.2,1154.7,1144.4,119680
2010-04-09,1161.9,1151.8,1165.8,1150.4,134640
2010-04-12,1162.2,1166.3,1170.7,1154.8,122400
2010-04-13,1153.4,1156.2,1158.1,1145.4,133640
2010-04-14,1159.6,1152,1162.8,1151,123130
2010-04-15,1160.3,1155.8,1162.3,1150.7,99310
2010-04-16,1136.9,1159.4,1161.2,1130,202670
2010-04-19,1135.8,1137,1138.5,1124.3,124330
2010-04-20,1139.2,1136.6,1146.8,1134,120350
2010-04-21,1148.8,1140.1,1151.2,1138.1,112320
2010-04-22,1142.9,1147,1149.8,1132,138490
2010-04-23,1153.7,1141.8,1158.5,1135.2,144450
2010-04-26,1154,1158.5,1160.7,1151.1,88290
2010-04-27,1162.2,1154.2,1173.4,1146.6,182680
2010-04-28,1171.8,1168.7,1175.3,1161,167710
2010-04-29,1168.8,1165.4,1171.8,1162.2,109660
2010-04-30,1180.7,1168,1182.5,1167.8,120950
2010-05-03,1183.3,1181,1188.4,1177.1,87370
2010-05-04,1169.2,1182.9,1192.8,1166.9,190150
2010-05-05,1175,1171.2,1177.7,1156.2,180540
2010-05-06,1197.3,1176,1211.9,1173,271240
2010-05-07,1210.4,1208.4,1214.9,1193,255300
2010-05-10,1200.8,1207,1207,1184.4,176640
2010-05-11,1220.3,1201.8,1235.2,1201.5,206840
2010-05-12,1243.1,1232,1249.2,1227.2,205850
2010-05-13,1229.2,1238.3,1243.7,1227.5,163430
2010-05-14,1227.8,1233.3,1249.7,1217.6,242400
2010-05-17,1228.1,1232,1242.8,1219.1,166750
2010-05-18,1214.6,1223.9,1229.6,1206.6,185970
2010-05-19,1193.1,1223.8,1228.2,1186.6,225810
2010-05-20,1188.6,1191,1198.2,1175,217740
2010-05-21,1176.1,1183,1188,1166,164810
2010-05-24,1194,1178.1,1197.3,1176.8,181600
2010-05-25,1198,1192.4,1204.5,1185.2,218490
2010-05-26,1213.4,1203.8,1216.9,1201,237500
2010-05-27,1214.4,1213.5,1220.6,1207.4,138270
2010-05-28,1215,1213.4,1217.3,1203.8,96000
2010-05-31,1226.9,1216.7,1230.6,1211.6,107410
2010-06-02,1222.6,1227.7,1228.9,1215,90250
2010-06-03,1210,1225.2,1226.5,1202.4,115430
2010-06-04,1217.7,1208.5,1222,1198.1,139930
2010-06-07,1240.8,1221.1,1246.7,1212.1,154990
2010-06-08,1245.6,1242.6,1254.5,1235,143920
2010-06-09,1229.9,1237.1,1242.6,1223.1,125490
2010-06-10,1222.2,1234.4,1236,1216.2,118690
2010-06-11,1230.2,1218.8,1232.4,1218.1,80170
2010-06-14,1224.5,1229.3,1235.9,1217.5,97230
2010-06-15,1234.4,1223,1238.5,1221.1,104400
2010-06-16,1230.5,1236.1,1239.5,1228.3,83670
2010-06-17,1248.7,1231.6,1252.8,1231,140090
2010-06-18,1258.3,1247.6,1263.7,1243.1,115420
2010-06-21,1240.7,1261.2,1266.5,1231.6,154610
2010-06-22,1240.8,1233.3,1244,1233,122710
2010-06-23,1234.8,1240.6,1247.4,1225.2,138830
2010-06-24,1245.9,1237.6,1249.5,1228,130030
2010-06-25,1256.2,1244.5,1259.5,1241.6,91010
2010-06-28,1238.6,1255.8,1263.7,1235.9,146270
2010-06-29,1242.4,1239,1246,1227.6,148820
2010-06-30,1245.9,1241.6,1248.8,1235.1,110720
2010-07-01,1206.7,1243,1244.8,1196,257839
2010-07-02,1207.7,1199,1214,1198.8,119620
2010-07-05,1195.1,1212.2,1215.1,1189.5,148110
2010-07-07,1198.9,1194,1204.4,1185,126920
2010-07-08,1196.1,1202.9,1208.2,1187.3,123080
2010-07-09,1209.8,1198.5,1214.1,1194.6,110470
2010-07-12,1198.7,1212.3,1213.5,1196.1,96040
2010-07-13,1213.5,1197.7,1218.8,1196.5,110460
2010-07-14,1207,1212,1218.2,1202.5,107460
2010-07-15,1208.3,1208.1,1217.3,1203.7,102200
2010-07-16,1188.2,1209,1210.9,1185.8,145700
2010-07-19,1181.9,1193.7,1194.7,1176.9,119210
2010-07-20,1191.7,1183.2,1193.7,1175.1,144270
2010-07-21,1191.8,1191.8,1198,1183,146980
2010-07-22,1195.6,1184.1,1201.2,1180.7,134690
2010-07-23,1187.8,1195.1,1203.9,1183.4,137640
2010-07-26,1183.1,1188,1194.8,1178.6,193660
2010-07-27,1158,1182.7,1186.5,1156.9,235880
2010-07-28,1160.4,1161.1,1165,1155.6,206830
2010-07-29,1171.2,1165.8,1172,1161.6,113130
2010-07-30,1183.9,1170.8,1185.8,1168,119040
2010-08-02,1185.4,1183.8,1193.9,1176.7,89850
2010-08-03,1187.5,1184.8,1193,1181.6,67040
2010-08-04,1195.9,1188.1,1205.5,1187,119100
2010-08-05,1199.3,1197,1202.8,1192,76530
2010-08-06,1205.3,1197.4,1213.3,1194.5,105720
2010-08-09,1202.6,1206.3,1212.1,1201.1,69570
2010-08-10,1198,1203.3,1209.9,1192.5,101150
2010-08-11,1199.2,1206.9,1210.2,1194.2,117460
2010-08-12,1216.7,1200.6,1218.5,1199.5,124750
2010-08-13,1216.6,1216.1,1219.8,1212.3,73010
2010-08-16,1226.2,1216.5,1229.5,1216.2,79250
2010-08-17,1228.3,1227,1231.1,1224.3,59880
2010-08-18,1231.4,1226.8,1234.4,1218.9,100670
2010-08-19,1235.4,1231,1239.5,1229.5,86560
2010-08-20,1228.8,1234.2,1235.6,1223.6,74830
2010-08-23,1228.5,1229.2,1234,1223.5,56770
2010-08-24,1233.4,1227.3,1237.5,1211.7,136560
2010-08-25,1241.3,1232.1,1243.4,1230.9,107820
2010-08-26,1237.7,1242.4,1246,1235.1,78450
2010-08-27,1237.9,1239.1,1244.2,1233.5,86010
2010-08-30,1239.2,1238.9,1240.4,1235,38820
2010-08-31,1250.3,1238.7,1251.8,1233.5,109430
2010-09-01,1248.1,1250.3,1256.6,1244.1,109810
2010-09-02,1253.4,1245.6,1255.2,1245.3,73900
2010-09-03,1251.1,1253.2,1255.6,1239.2,107020
2010-09-06,1259.3,1250.3,1261.6,1246.4,109660
2010-09-08,1257.5,1257.3,1264.7,1254.6,107210
2010-09-09,1250.9,1256.7,1260.5,1243.5,119780
2010-09-10,1246.5,1245.8,1253,1237.9,103130
2010-09-13,1247.1,1247.3,1251,1242.3,77440
2010-09-14,1271.7,1246.6,1276.5,1246,170220
2010-09-15,1268.7,1270.2,1273.5,1264.5,102680
2010-09-16,1273.8,1269.1,1279.5,1266.1,99890
2010-09-17,1277.5,1276.8,1284.4,1273,99450
2010-09-20,1280.8,1277.7,1285.2,1275.6,81220
2010-09-21,1274.3,1280.4,1292.4,1272,147880
2010-09-22,1292.1,1288.7,1298,1287.5,124140
2010-09-23,1296.3,1292.7,1297.5,1288.2,106550
2010-09-24,1298.1,1293.8,1301.6,1290.6,110500
2010-09-27,1298.6,1299.2,1301.3,1295.2,76830
2010-09-28,1308.3,1296.8,1311.8,1276.2,205180
2010-09-29,1310.3,1310.8,1314.8,1306.1,118740
2010-09-30,1309.6,1310.8,1317.5,1297,166310
2010-10-01,1317.8,1309.6,1322,1307.3,114680
2010-10-04,1316.8,1319.7,1321.3,1313.4,76020
2010-10-05,1340.3,1316.1,1342.9,1313.3,148410
2010-10-06,1347.7,1341.3,1351,1340,136380
2010-10-07,1335,1350.5,1366,1326.5,267430
2010-10-08,1345.3,1334.2,1350.8,1325.6,190660
2010-10-11,1354.4,1348.9,1356.3,1341.1,107010
2010-10-12,1346.7,1354.9,1356.3,1341.4,135280
2010-10-13,1370.5,1351.5,1375.7,1350,182480
2010-10-14,1377.6,1372.6,1388.1,1371.1,184980
2010-10-15,1372,1381.7,1386.4,1362.7,196830
2010-10-18,1372.1,1371,1375.6,1353.2,134150
2010-10-19,1336,1370.6,1371.7,1328.4,252500
2010-10-20,1344.2,1334.4,1348.1,1331.1,162770
2010-10-21,1325.6,1345.2,1349.6,1318.2,209170
2010-10-22,1325.1,1325.8,1328.8,1315.6,147230
2010-10-25,1338.9,1329.3,1349.5,1329.3,149220
2010-10-26,1338.6,1340.3,1343.8,1328.1,156540
2010-10-27,1322.6,1340.4,1343.7,1318.6,160010
2010-10-28,1342.5,1325.3,1346.2,1322.9,148660
2010-10-29,1357.6,1344.5,1359.8,1335.2,167820
2010-11-01,1350.6,1359.7,1366.4,1349.1,126690
2010-11-02,1356.9,1351.6,1359.9,1350.2,116110
2010-11-03,1337.6,1357.3,1364.8,1325.5,258029
2010-11-04,1383.1,1349,1393.4,1346.7,241400
2010-11-05,1397.7,1392.5,1398.7,1371.9,241400
2010-11-08,1403.2,1397,1410.4,1386.6,176900
2010-11-09,1410.1,1410,1424.3,1382.2,310220
2010-11-10,1399.3,1392.9,1410,1383.4,281250
2010-11-11,1403.3,1403,1417.6,1396.5,178470
2010-11-12,1365.5,1408.3,1410,1359.3,301690
2010-11-15,1368.5,1371,1376.6,1354.8,199640
2010-11-16,1338.4,1359.8,1364.3,1329,296970
2010-11-17,1336.9,1341,1344.6,1330.1,174180
2010-11-18,1353,1336,1359,1334,197600
2010-11-19,1352.3,1353.8,1362.9,1341,166010
2010-11-22,1357.8,1357,1367.4,1347.9,182130
2010-11-23,1377.6,1365.8,1382.9,1355.6,249520
2010-11-24,1373,1377.1,1381,1368.7,189890
2010-11-25,1362.4,1372,1374.9,1350.1,138420
2010-11-29,1367.5,1365,1370.7,1354.5,184840
2010-11-30,1386.1,1368.5,1391.1,1364,169680
2010-12-01,1388.3,1387.7,1398.3,1383,163760
2010-12-02,1389.3,1387.6,1399.7,1383.8,134390
2010-12-03,1406.2,1387.1,1417,1385.3,159640
2010-12-06,1416.1,1415.1,1429.4,1409.8,144120
2010-12-07,1409,1426,1432.5,1396.7,206640
2010-12-08,1383.2,1401.3,1405.4,1372.1,218900
2010-12-09,1392.8,1383,1395.6,1381.1,125990
2010-12-10,1384.9,1388.3,1393,1372.7,133230
2010-12-13,1398,1385,1400.2,1380.8,112380
2010-12-14,1404.3,1395.2,1408.9,1392.4,134950
2010-12-15,1386.2,1396.7,1398,1378.2,151370
2010-12-16,1371,1378.9,1387.3,1361.6,179530
2010-12-17,1379.2,1370.4,1379.8,1365.4,104810
2010-12-20,1386.1,1378.9,1388.9,1376.6,96160
2010-12-21,1388.8,1386.1,1393,1381.4,83430
2010-12-22,1387.4,1386.3,1391.7,1383.5,61950
2010-12-23,1380.5,1386.1,1389,1372.6,81030
2010-12-27,1382.9,1378.9,1387,1372.7,44350
2010-12-28,1405.6,1384.2,1407.5,1383.1,105800
2010-12-29,1413.5,1406.9,1414.9,1401.5,75100
2010-12-30,1405.9,1412.2,1415.4,1403.5,64920
2010-12-31,1421.4,1405,1422,1404.6,44810
2011-01-03,1422.9,1420.4,1424.4,1413.1,77200
2011-01-04,1378.8,1414.8,1417.8,1375,211910
2011-01-05,1373.7,1380.7,1385.2,1364,202340
2011-01-06,1371.7,1376.4,1380,1364.3,173240
2011-01-07,1368.9,1371.7,1379,1352.7,223830
2011-01-10,1374.1,1369.8,1376.4,1365,118860
2011-01-11,1384.3,1375.7,1386.8,1372.4,152150
2011-01-12,1385.8,1381.1,1389,1376.3,147500
2011-01-13,1387,1387.1,1392.9,1369.1,202000
2011-01-14,1360.5,1373.6,1377.8,1354.6,200390
2011-01-17,1368.2,1361.2,1376,1356.8,165110
2011-01-19,1370.2,1367.8,1378.9,1365.5,137090
2011-01-20,1346.5,1369.9,1370.9,1342.4,242890
2011-01-21,1341,1345.5,1349.7,1337,161570
2011-01-24,1344.5,1343,1352.4,1331.8,182110
2011-01-25,1332.3,1333.8,1338,1321.9,227630
2011-01-26,1333,1331.5,1346.4,1324.3,208000
2011-01-27,1318.4,1345.9,1347.5,1309.7,210700
2011-01-28,1341.7,1314.9,1348,1309.1,251010
2011-01-31,1334.5,1338.8,1347.2,1323.6,156130
2011-02-01,1340.3,1334,1344.1,1326,146590
2011-02-02,1332.1,1343.5,1345.6,1327.3,109740
2011-02-03,1353,1336,1356.6,1325.4,189230
2011-02-04,1349,1356.4,1361,1345.5,141180
2011-02-07,1348.2,1348.1,1354.5,1344.1,79090
2011-02-08,1364.1,1352.9,1368.7,1348.9,135350
2011-02-09,1365.5,1363.8,1367.7,1358.3,109180
2011-02-10,1362.5,1364.2,1366.8,1351.4,120570
2011-02-11,1360.4,1364,1369.7,1354.3,128130
2011-02-14,1365.1,1358.2,1367.5,1354.4,102410
2011-02-15,1374.1,1362.1,1377.5,1361.3,111110
2011-02-16,1375.1,1374.3,1382.7,1368.3,133590
2011-02-17,1385.1,1376.5,1385.8,1374.6,97400
2011-02-18,1388.6,1385.4,1392.6,1382,113560
2011-02-21,1401.1,1390.1,1411.5,1390.1,222810
2011-02-23,1414,1399.4,1417.3,1396,153790
2011-02-24,1415.8,1412.1,1418.8,1392.2,187390
2011-02-25,1409.3,1401.9,1412.4,1400.1,120510
2011-02-28,1409.9,1411.2,1417,1405.2,115320
2011-03-01,1431.2,1411.6,1435.6,1409.8,169540
2011-03-02,1437.7,1434.9,1441,1428.2,160580
2011-03-03,1416.4,1436.5,1436.9,1410.6,202800
2011-03-04,1428.6,1415.7,1434,1413.8,141350
2011-03-07,1434.5,1435,1445.7,1428.3,170660
2011-03-08,1427.2,1432.3,1437.2,1423.6,129910
2011-03-09,1429.6,1429.7,1436.8,1423.2,126010
2011-03-10,1412.5,1431.1,1431.8,1403,204140
2011-03-11,1421.8,1411.8,1424.6,1404.8,171580
2011-03-14,1424.9,1421.9,1433.5,1418.2,107160
2011-03-15,1392.8,1428.9,1429,1380.7,248090
2011-03-16,1396.1,1394.8,1406.6,1392.3,151890
2011-03-17,1404.2,1400,1405.4,1386.8,109180
2011-03-18,1416.1,1404.9,1424.1,1402.2,135870
2011-03-21,1426.4,1424.2,1435.1,1423.5,129780
2011-03-22,1427.6,1427.3,1432.3,1419.5,124760
2011-03-23,1438,1428.9,1441.2,1425.8,138330
2011-03-24,1434.9,1438,1448.6,1423.7,187090
2011-03-25,1426.2,1433.5,1438.1,1422,182740
2011-03-28,1419.9,1428.5,1430,1410.1,178880
2011-03-29,1416.2,1421,1423.5,1411,135790
2011-03-30,1424.9,1420.2,1431.7,1413.1,160220
2011-03-31,1439.9,1424.4,1441,1421.7,129310
2011-04-01,1428.9,1433.8,1437.8,1413.5,165280
2011-04-04,1433,1430,1440.3,1429.1,83870
2011-04-05,1452.5,1435.6,1458.6,1431,166360
2011-04-06,1458.5,1458.2,1463.7,1452.5,131980
2011-04-07,1459.3,1460.1,1466.5,1453.7,109290
2011-04-08,1474.1,1459.8,1476.4,1457.7,123690
2011-04-11,1468.1,1476.3,1478,1460.2,110660
2011-04-12,1453.6,1465.2,1468.5,1445,186450
2011-04-13,1455.6,1454,1463.7,1452,121240
2011-04-14,1472.4,1458.1,1476.7,1453.2,166790
2011-04-15,1486,1476.6,1489.1,1472.2,160620
2011-04-18,1492.9,1488,1498.6,1477.8,199120
2011-04-19,1495.1,1496.6,1500.5,1488.2,131690
2011-04-20,1498.9,1496.1,1506.5,1493.8,147870
2011-04-21,1503.8,1502,1509.6,1500.4,127270
2011-04-25,1509.1,1510.7,1519.2,1502.2,123690
2011-04-26,1503.5,1507.2,1508.5,1492,145620
2011-04-27,1517.1,1506.9,1530.7,1503.3,170040
2011-04-28,1531.2,1527.8,1538.8,1523.9,183540
2011-04-29,1556.4,1535.3,1569.8,1532.1,157180
2011-05-02,1557.1,1566.8,1577.4,1540.3,211660
2011-05-03,1540.4,1545.2,1551.4,1516.2,206730
2011-05-04,1515.3,1537.7,1543.5,1505.5,242220
2011-05-05,1481.4,1517,1522.1,1462.5,334050
2011-05-06,1491.6,1475.9,1498.5,1471.1,264800
2011-05-09,1503.2,1496.6,1513.9,1489,153910
2011-05-10,1516.9,1512.5,1520,1505.2,149350
2011-05-11,1501.4,1515.9,1526.8,1495.4,198030
2011-05-12,1506.8,1499.2,1509.7,1477.6,207430
2011-05-13,1493.6,1506.5,1516.4,1482,184880
2011-05-16,1490.6,1494.6,1504.3,1486,127100
2011-05-17,1480,1490,1497.5,1471.1,190080
2011-05-18,1495.8,1486.5,1499.7,1484.6,145020
2011-05-19,1492.4,1495.5,1499.6,1485.8,162310
2011-05-20,1508.9,1493.5,1515.8,1486.4,194400
2011-05-23,1515.4,1512.8,1519,1503.7,191250
2011-05-24,1523.3,1517.2,1529,1513.2,234390
2011-05-25,1526.7,1526.2,1532.5,1521.3,194950
2011-05-26,1522.8,1526,1531.1,1514.6,186990
2011-05-27,1537.3,1520.2,1539.5,1520,138120
2011-05-30,1536.8,1538.1,1541.9,1533.1,114700
2011-06-01,1543.2,1536.6,1551.6,1530.4,153610
2011-06-02,1532.7,1542.2,1545.5,1520.4,151690
2011-06-03,1542.4,1535,1548.4,1524.9,153260
2011-06-06,1547.2,1544.5,1555,1541.6,100190
2011-06-07,1544,1545,1551.4,1537,113970
2011-06-08,1538.7,1545,1547.4,1531.8,111690
2011-06-09,1542.7,1538.3,1550.8,1534,108430
2011-06-10,1529.2,1545.1,1546.5,1526.7,129479
2011-06-13,1515.6,1530.7,1533.9,1511.4,117010
2011-06-14,1524.4,1516.5,1527.6,1512.8,115380
2011-06-15,1526.2,1525.1,1535.7,1514.5,152880
2011-06-16,1529.9,1531,1534,1522,113360
2011-06-17,1539.1,1529.1,1543,1523.2,119740
2011-06-20,1542,1541.3,1548.2,1533.6,95170
2011-06-21,1546.4,1541.1,1549,1539.3,95540
2011-06-22,1553.4,1547.9,1559.3,1542,140560
2011-06-23,1520.5,1548.5,1549.6,1511.5,238420
2011-06-24,1500.9,1522.7,1526.5,1498.5,182170
2011-06-27,1496.4,1500.9,1506.1,1490.8,128940
2011-06-28,1500.2,1496.8,1507,1495.5,101390
2011-06-29,1510.4,1502.5,1513.8,1500.8,101480
2011-06-30,1502.8,1512.3,1514.8,1499.1,134200
2011-07-01,1482.6,1501.5,1503,1478.3,145350
2011-07-04,1512.7,1486.8,1518,1486.2,137180
2011-07-06,1529.2,1516.2,1534.5,1510.3,142650
2011-07-07,1530.6,1529.7,1534.9,1522.2,117620
2011-07-08,1541.6,1532.5,1546,1525,159730
2011-07-11,1549.2,1545,1557.6,1542.1,147080
2011-07-12,1562.3,1554.8,1574.3,1541.1,176610
2011-07-13,1585.5,1568,1588.9,1564.6,210280
2011-07-14,1589.3,1584.2,1594.9,1579.4,189980
2011-07-15,1590.1,1587.6,1594.5,1576,123380
2011-07-18,1602.4,1594.3,1607.9,1591.4,139690
2011-07-19,1601.1,1606.1,1610.7,1582.7,194070
2011-07-20,1596.9,1587.7,1602.6,1581.1,153920
2011-07-21,1587,1601.9,1605,1584.9,189180
2011-07-22,1601.5,1589.7,1607.7,1583.2,158420
2011-07-25,1612.2,1607.9,1624.3,1603.8,209060
2011-07-26,1616.8,1614.8,1620.8,1607.8,211470
2011-07-27,1615.1,1619.8,1628.8,1608.9,232220
2011-07-28,1616.2,1616.2,1622.8,1605,164000
2011-07-29,1631.2,1619.5,1637.5,1613,153050
2011-08-01,1621.7,1622.2,1634.5,1608.2,156240
2011-08-02,1644.5,1622.6,1664.5,1618.8,173570
2011-08-03,1666.3,1662.5,1675.9,1654.4,204440
2011-08-04,1659,1662.9,1684.9,1642.2,310250
2011-08-05,1651.8,1649.7,1673,1644.2,218360
2011-08-08,1713.2,1681.7,1723.4,1681.7,278270
2011-08-09,1743,1719.9,1782.5,1717.7,398590
2011-08-10,1784.3,1747.4,1801,1740.2,296970
2011-08-11,1751.5,1798,1817.6,1734.5,347100
2011-08-12,1742.6,1767.5,1770.9,1725.8,210580
2011-08-15,1758,1747.1,1769.3,1730.8,127710
2011-08-16,1785,1768.5,1790,1763.6,168060
2011-08-17,1793.8,1788.5,1797.6,1781.6,137240
2011-08-18,1822,1792.2,1832,1786.8,223990
2011-08-19,1852.2,1827.1,1881.4,1824.5,281310
2011-08-22,1891.9,1862.9,1904,1858,253910
2011-08-23,1861.3,1900.2,1917.9,1826,366700
2011-08-24,1757.3,1831.5,1856.8,1751.6,440830
2011-08-25,1763.2,1753,1777.5,1705.4,384690
2011-08-26,1797.3,1776.4,1832.5,1759.5,265240
2011-08-29,1791.6,1840,1841.5,1778.1,186020
2011-08-30,1829.8,1791.3,1845.1,1786.2,184590
2011-08-31,1831.7,1837.6,1842.7,1813.6,165620
2011-09-01,1829.1,1826.2,1833.6,1815.5,138080
2011-09-02,1876.9,1827.9,1887.4,1826.9,180280
2011-09-05,1873.3,1879.9,1923.7,1861.8,414590
2011-09-07,1817.6,1876,1883.2,1793.8,316260
2011-09-08,1857.5,1819.5,1873.3,1816.2,218500
2011-09-09,1859.5,1871.9,1889.1,1825.5,274000
2011-09-12,1813.3,1862.2,1865.2,1804,226770
2011-09-13,1830.1,1816.8,1847.5,1794.8,186090
2011-09-14,1826.5,1837.3,1848.2,1811.5,172650
2011-09-15,1781.4,1824,1829.7,1775,237740
2011-09-16,1814.7,1790.5,1825,1765.4,190160
2011-09-19,1778.9,1820,1832.9,1771,189060
2011-09-20,1809.1,1780.9,1814.3,1772,174850
2011-09-21,1808.1,1806,1819.4,1781,190870
2011-09-22,1741.7,1782.3,1789,1723.2,278040
2011-09-23,1639.8,1739,1757.9,1631.7,359500
2011-09-26,1594.8,1660,1666.3,1535,373460
2011-09-27,1652.5,1629.2,1679.2,1616.8,228890
2011-09-28,1618.1,1653.1,1672,1600.5,218350
2011-09-29,1617.3,1609.3,1637.9,1585,193520
2011-09-30,1622.3,1618.3,1642.5,1607.8,152880
2011-10-03,1657.7,1625.1,1667,1620,141400
2011-10-04,1616,1662.5,1681.5,1597.6,200940
2011-10-05,1641.6,1626.8,1648.9,1596.6,154700
2011-10-06,1653.2,1643.5,1657,1633.2,124280
2011-10-07,1635.8,1653.4,1668,1627.6,129500
2011-10-10,1670.8,1640.5,1679.7,1639.9,92090
2011-10-11,1661,1678.3,1686.7,1655.4,110060
2011-10-12,1682.6,1664.7,1693.9,1662,112770
2011-10-13,1668.5,1677.3,1686.1,1654.3,115590
2011-10-14,1683,1669,1685.5,1662.5,95600
2011-10-17,1676.6,1683.8,1696.8,1665.4,114500
2011-10-18,1652.8,1672.5,1678.2,1628.2,195660
2011-10-19,1647,1656.4,1666.9,1641.1,118150
2011-10-20,1612.9,1645.3,1646.5,1604.7,188360
2011-10-21,1636.1,1620.9,1649.8,1612.8,127050
2011-10-24,1652.3,1643,1663.3,1636.6,110140
2011-10-25,1700.4,1654.1,1710.7,1644.6,195640
2011-10-26,1723.5,1707.1,1728,1696.5,151510
2011-10-27,1747.7,1726.9,1751.3,1707.2,156350
2011-10-28,1747.2,1746.2,1754,1733,107440
2011-10-31,1725.2,1743.1,1746.5,1705.5,122240
2011-11-01,1711.8,1715.7,1725.6,1681.2,174290
2011-11-02,1729.6,1721.5,1745.6,1715.5,148070
2011-11-03,1765.1,1738.9,1769.5,1724,162550
2011-11-04,1756.1,1766.5,1766.5,1749.8,88470
2011-11-07,1791.1,1756.1,1799.9,1754,150460
2011-11-08,1799.2,1795.8,1804.4,1778.3,133690
2011-11-09,1791.6,1787.4,1801.1,1765.1,161800
2011-11-10,1759.6,1771,1776.9,1736.6,172530
2011-11-11,1788.1,1759.6,1791.1,1745,106880
2011-11-14,1778.4,1789.4,1797.6,1774.2,87590
2011-11-15,1782.2,1782,1787.8,1760.9,132680
2011-11-16,1774.3,1782.3,1784.8,1753.9,172660
2011-11-17,1720.2,1764.7,1768,1711,229940
2011-11-18,1725.1,1721.5,1738.5,1711.4,147930
2011-11-21,1678.6,1725.1,1727.4,1667.1,209400
2011-11-22,1702.4,1678.5,1706.4,1667.5,182850
2011-11-23,1695.9,1699.9,1710.8,1677.1,173330
2011-11-24,1685.7,1693.4,1702.7,1672.6,139440
2011-11-28,1710.8,1685.4,1722.4,1684,175530
2011-11-29,1718.9,1715.3,1724.1,1707.2,158260
2011-11-30,1750.3,1722.7,1754.7,1704.3,187240
2011-12-01,1739.8,1752.5,1758,1737.2,113560
2011-12-02,1751.3,1748.5,1767.1,1741.7,107010
2011-12-05,1734.5,1751,1758.8,1721.1,117520
2011-12-06,1731.8,1727.2,1736.9,1705.7,133430
2011-12-07,1744.8,1733,1747,1723.6,105730
2011-12-08,1713.4,1746.8,1760.5,1707.8,173370
2011-12-09,1716.8,1708.9,1727.9,1704.9,105580
2011-12-12,1668.2,1716.8,1718.6,1660.3,165100
2011-12-13,1663.1,1668,1681.7,1625.5,182890
2011-12-14,1586.9,1631.6,1645.8,1565.7,283560
2011-12-15,1577.2,1580,1596.5,1562.5,189920
2011-12-16,1597.9,1573.3,1603.5,1572.1,137430
2011-12-19,1596.7,1603.5,1611.5,1585.5,121280
2011-12-20,1617.6,1595.5,1620.8,1594.1,101150
2011-12-21,1613.6,1617.2,1643.7,1607.7,125150
2011-12-22,1610.6,1617.1,1618.6,1599.1,96550
2011-12-23,1606,1607.8,1615.6,1604,40680
2011-12-27,1595.5,1609.2,1609.2,1591.1,46350
2011-12-28,1564.1,1593.9,1595,1550.9,114260
2011-12-29,1540.9,1557.1,1562.8,1523.9,132780
2011-12-30,1566.8,1547.3,1582.8,1546.2,94320
2012-01-03,1600.5,1571,1608.7,1566.8,112940
2012-01-04,1612.7,1604.9,1619.8,1593.8,154220
2012-01-05,1620.1,1614.4,1626.8,1597.7,176470
2012-01-06,1616.8,1622.4,1632.3,1609,155210
2012-01-09,1608.1,1617.7,1624.6,1605.7,134390
2012-01-10,1631.5,1612.3,1641.4,1609.2,168410
2012-01-11,1639.6,1632.4,1648,1630.8,144550
2012-01-12,1647.7,1643.5,1662.9,1640.9,146830
2012-01-13,1630.8,1649.8,1650.7,1625.7,177530
2012-01-16,1655.6,1635.8,1668,1631.9,193660
2012-01-18,1659.9,1651.5,1662.9,1642.1,157220
2012-01-19,1654.5,1660.7,1670.6,1649.2,130750
2012-01-20,1664,1657,1667.3,1645.2,127010
2012-01-23,1678.3,1665.2,1681.8,1663,131460
2012-01-24,1664.5,1677.1,1680,1661,137340
2012-01-25,1700.1,1666.5,1713.2,1649.2,240480
2012-01-26,1726.7,1710.9,1731.5,1703,226660
2012-01-27,1732.2,1720.7,1739.8,1714.2,175020
2012-01-30,1734.4,1739.6,1742.8,1718.8,133370
2012-01-31,1740.4,1734.4,1750.6,1727,157880
2012-02-01,1749.5,1739.8,1754,1735.4,124540
2012-02-02,1759.3,1747.3,1764,1743.3,142030
2012-02-03,1740.3,1761.7,1765.9,1726.2,191910
2012-02-06,1724.9,1731,1740.9,1714,137270
2012-02-07,1748.4,1722.5,1752.6,1712.6,161620
2012-02-08,1731.3,1747.7,1754.8,1726,151080
2012-02-09,1741.2,1734.4,1755.5,1728.1,163240
2012-02-10,1725.3,1731.1,1737.2,1706.4,178130
2012-02-13,1724.9,1727.4,1735.4,1717.7,103510
2012-02-14,1717.7,1724,1729.9,1713.8,148110
2012-02-15,1728.1,1723,1739.2,1720.3,140860
2012-02-16,1728.4,1730.1,1731.6,1706.7,166950
2012-02-17,1725.9,1730.4,1737.5,1718.6,116800
2012-02-20,1758.5,1728.4,1761.9,1727,202410
2012-02-22,1771.3,1761.4,1783.4,1750.7,176270
2012-02-23,1786.3,1778.3,1789.5,1773.3,153930
2012-02-24,1776.4,1782,1784.4,1771.3,139750
2012-02-27,1774.9,1776.8,1781,1762.6,132500
2012-02-28,1788.4,1770.2,1792.7,1767,158910
2012-02-29,1711.3,1786.2,1792.3,1688.4,343490
2012-03-01,1722.2,1695.6,1727.3,1695.1,239500
2012-03-02,1709.8,1719.7,1725.4,1705.4,147090
2012-03-05,1703.9,1712.4,1718,1694.4,158940
2012-03-06,1672.1,1707.4,1709.8,1663.4,237110
2012-03-07,1683.9,1675,1688.7,1671.7,157560
2012-03-08,1698.7,1685.7,1704.8,1683.6,156220
2012-03-09,1711.5,1700.5,1716.5,1677,206570
2012-03-12,1699.8,1715,1717.4,1692.5,152100
2012-03-13,1694.2,1700.8,1706.2,1662.1,209910
2012-03-14,1642.9,1675.2,1682.8,1634.7,279270
2012-03-15,1659.5,1643.2,1667.4,1636.2,180720
2012-03-16,1655.8,1657.8,1664.9,1639.7,160610
2012-03-19,1667.3,1659,1670.1,1652.3,135040
2012-03-20,1647,1664.6,1664.9,1641.2,154430
2012-03-21,1650.3,1650.8,1661.9,1646.3,139650
2012-03-22,1642.5,1649.6,1656.6,1627.5,175720
2012-03-23,1662.4,1644.1,1666.3,1641.5,144590
2012-03-26,1685.6,1662.2,1693.4,1655.1,195610
2012-03-27,1684.9,1690.2,1696.9,1678.6,175340
2012-03-28,1657.9,1679.3,1684.5,1654,193110
2012-03-29,1654.9,1664.6,1666.9,1646.7,163880
2012-03-30,1671.9,1663.2,1672.7,1661.2,111160
2012-04-02,1679.7,1671.5,1685.4,1664.4,110020
2012-04-03,1672,1678.6,1682.7,1640.2,156000
2012-04-04,1614.1,1645.8,1649.5,1613,201940
2012-04-05,1630.1,1622,1634.8,1620.7,128050
2012-04-09,1643.9,1641,1649.9,1636.7,83340
2012-04-10,1660.7,1643,1664.8,1632.5,177500
2012-04-11,1660.3,1660.7,1663.9,1653.5,102790
2012-04-12,1680.6,1660.3,1681.3,1651,141530
2012-04-13,1660.2,1676.6,1679.2,1649.7,127470
2012-04-16,1649.7,1658.7,1659.6,1642,114470
2012-04-17,1651.1,1653.7,1658.4,1635.2,142000
2012-04-18,1639.6,1650.8,1655.2,1638.1,106990
2012-04-19,1641.4,1643,1654.9,1631.2,161300
2012-04-20,1642.8,1643.2,1648.2,1638.6,87030
2012-04-23,1632.6,1642.8,1644.2,1623.6,125010
2012-04-24,1643.8,1639.6,1650.1,1634.6,107790
2012-04-25,1642.3,1642.2,1647.6,1625,166070
2012-04-26,1660.5,1644.5,1662,1642.5,130310
2012-04-27,1664.8,1657.3,1668.4,1651.1,97630
2012-04-30,1664.2,1663,1667,1645.1,115410
2012-05-01,1662.4,1666.1,1672.3,1657.5,105170
2012-05-02,1654,1663,1663.9,1646,129800
2012-05-03,1634.8,1654,1654.3,1631.3,151920
2012-05-04,1645.2,1636.4,1648,1626.8,144960
2012-05-07,1639.1,1643.3,1644,1632.2,91450
2012-05-08,1604.5,1638.9,1639.5,1595.5,218710
2012-05-09,1594.2,1605.9,1607,1578.5,210610
2012-05-10,1595.5,1589.7,1602.2,1585,138240
2012-05-11,1584,1593.5,1595.2,1572,151010
2012-05-14,1561,1585.5,1585.8,1555,162290
2012-05-15,1557.1,1557.2,1564.4,1541.2,159330
2012-05-16,1536.6,1544.9,1552.2,1526.7,252560
2012-05-17,1574.9,1538.6,1579.8,1538.4,211540
2012-05-18,1591.9,1574.5,1597.5,1567.8,176040
2012-05-21,1588.7,1590.2,1599,1584.5,140540
2012-05-22,1576.6,1593,1594.4,1561,175860
2012-05-23,1548.4,1567.4,1568.5,1532.8,259190
2012-05-24,1557.5,1560.8,1577.7,1551,197530
2012-05-25,1568.9,1557.6,1573.7,1550.7,157340
2012-05-28,1548.7,1573.6,1583.5,1545.7,259050
2012-05-30,1565.7,1555.8,1571,1532.1,273700
2012-05-31,1564.2,1564.1,1574.6,1553,177330
2012-06-01,1622.1,1561.8,1632,1545.5,307040
2012-06-04,1613.9,1626.8,1629.7,1610,135240
2012-06-05,1616.9,1619.9,1624.8,1612.5,96220
2012-06-06,1634.2,1618.5,1642.4,1614.4,184610
2012-06-07,1588,1621.4,1630.7,1579.4,254780
2012-06-08,1591.4,1590.3,1596.3,1556.4,158610
2012-06-11,1596.8,1602.8,1609.3,1582.7,116640
2012-06-12,1613.8,1597.6,1618.9,1586.4,149670
2012-06-13,1619.4,1611.1,1626,1607,128380
2012-06-14,1619.6,1619,1629,1610.4,153140
2012-06-15,1628.1,1624,1635.4,1620.4,130139
2012-06-18,1627,1630,1631.3,1606.9,120680
2012-06-19,1623.2,1627.3,1634.3,1618.1,124750
2012-06-20,1615.8,1619.3,1623.6,1590.5,210740
2012-06-21,1565.5,1607.7,1608.2,1564.8,214300
2012-06-22,1566.9,1565.7,1574.1,1558.6,120470
2012-06-25,1588.4,1572.6,1589,1566.9,114460
2012-06-26,1574.9,1588.4,1588.4,1568.2,103440
2012-06-27,1578.4,1572.6,1584.6,1563.1,115530
2012-06-28,1550.4,1574.6,1579.6,1547.6,139960
2012-06-29,1604.2,1551.8,1607.8,1551.3,190840
2012-07-02,1597.7,1599.6,1603.6,1587.4,98940
2012-07-03,1621.8,1597.5,1625.7,1595.3,112150
2012-07-04,1609.4,1617.6,1624.5,1597.5,172550
2012-07-06,1578.9,1605.2,1610.6,1576.4,161740
2012-07-09,1589.1,1582.4,1593.1,1576,98070
2012-07-10,1579.8,1589.1,1602,1564.4,151160
2012-07-11,1575.7,1565.8,1583.4,1565.5,140490
2012-07-12,1565.3,1576.3,1577.9,1554.4,171190
2012-07-13,1592,1571.2,1596.5,1565.6,129990
2012-07-16,1591.6,1591.5,1594.6,1577.2,101750
2012-07-17,1589.5,1588.6,1598.8,1571,141890
2012-07-18,1570.8,1583,1585.7,1567.2,133070
2012-07-19,1580.4,1573,1591.5,1572.1,134870
2012-07-20,1582.8,1581,1586.7,1572.6,122590
2012-07-23,1577.4,1581.6,1582.4,1562,141480
2012-07-24,1576.2,1575.9,1584,1567.8,158540
2012-07-25,1608.1,1580.2,1610,1577.9,212740
2012-07-26,1615.1,1604.5,1621.5,1600.2,188620
2012-07-27,1618,1614.6,1628.6,1610.7,197980
2012-07-30,1624,1627.5,1630,1617.6,111650
2012-07-31,1614.6,1625.6,1631.6,1614.2,124770
2012-08-01,1607.3,1617.5,1621.8,1595,156110
2012-08-02,1590.7,1602.8,1618.8,1586.3,158560
2012-08-03,1609.3,1592.3,1609.9,1588.5,126860
2012-08-06,1616.2,1607.7,1618.4,1605.3,79350
2012-08-07,1612.8,1614.5,1621.3,1611,86450
2012-08-08,1616,1614.7,1619.5,1605.9,84410
2012-08-09,1620.2,1615.1,1621,1612.2,69240
2012-08-10,1622.8,1620.2,1629.7,1606.6,112190
2012-08-13,1612.6,1624.7,1628.2,1609.7,96670
2012-08-14,1602.4,1612.6,1618.9,1593.6,118540
2012-08-15,1606.6,1601.2,1608.8,1592.1,101680
2012-08-16,1619.2,1605.8,1622,1603,107460
2012-08-17,1619.4,1616.7,1623,1613.3,77290
2012-08-20,1623,1618.5,1624.7,1611.8,69470
2012-08-21,1642.9,1623.1,1643.6,1620.8,128720
2012-08-22,1640.5,1640.2,1658.2,1636.3,138500
2012-08-23,1672.8,1654.5,1677.5,1654.5,157050
2012-08-24,1672.9,1672.6,1676.3,1665.1,102660
2012-08-27,1675.6,1673.2,1679.3,1665.5,76960
2012-08-28,1669.7,1666,1674.9,1659.1,105050
2012-08-29,1663,1668.8,1672.5,1654.4,112440
2012-08-30,1657.1,1658.7,1666.7,1652.3,96790
2012-08-31,1687.6,1657.8,1695.5,1647.1,195810
2012-09-03,1696,1693.4,1701.6,1687.6,179170
2012-09-05,1694,1697.6,1698.4,1689.6,101570
2012-09-06,1705.6,1695.7,1716.9,1693.7,176800
2012-09-07,1740.5,1703.7,1745.4,1691.3,216530
2012-09-10,1731.8,1738,1742.3,1727,111150
2012-09-11,1734.9,1728.7,1740.5,1728,109350
2012-09-12,1733.7,1734.5,1749.5,1727.3,182990
2012-09-13,1772.1,1733.1,1775,1720,260339
2012-09-14,1772.7,1769.4,1780.2,1767.7,195520
2012-09-17,1770.6,1773.5,1778.9,1756.2,118560
2012-09-18,1771.2,1764.2,1775.9,1753.2,163630
2012-09-19,1771.7,1773.4,1781.8,1764.2,162960
2012-09-20,1770.2,1772.4,1774.9,1757.7,144570
2012-09-21,1778,1770.2,1790,1769.1,185290
2012-09-24,1764.6,1774.7,1775.3,1757.9,159190
2012-09-25,1766.4,1766.2,1777.9,1761,157680
2012-09-26,1753.6,1762.7,1768.4,1738.3,196370
2012-09-27,1780.5,1756.3,1782.9,1753.2,181480
2012-09-28,1773.9,1780,1785.9,1769.5,156930
2012-10-01,1783.3,1773.7,1794.4,1765.7,190610
2012-10-02,1775.6,1780,1786.6,1772.3,119800
2012-10-03,1779.8,1776.2,1784,1773,119090
2012-10-04,1796.5,1780,1797.7,1779.9,161990
2012-10-05,1780.8,1792.6,1798.1,1774.5,158450
2012-10-08,1775.7,1782,1782.5,1768.2,95900
2012-10-09,1765,1777.8,1781.6,1762,140490
2012-10-10,1765.1,1766,1770,1758.5,129539
2012-10-11,1770.6,1764.9,1776.6,1760.2,117570
2012-10-12,1759.7,1769.7,1775,1753.5,130389
2012-10-15,1737.6,1755.2,1755.5,1729.7,172770
2012-10-16,1746.3,1738,1749.6,1736.1,105630
2012-10-17,1753,1750,1755,1744,112840
2012-10-18,1744.7,1750.9,1753.4,1739,106130
2012-10-19,1724,1742.4,1744.7,1716,158720
2012-10-22,1726.3,1722.7,1730.8,1714.4,108140
2012-10-23,1709.4,1729.8,1731.2,1704.6,153970
2012-10-24,1701.6,1709,1715.2,1698.7,140580
2012-10-25,1713,1702.8,1718.9,1702.3,141160
2012-10-26,1711.9,1712.1,1719.9,1701.4,126510
2012-10-29,1708.7,1712.2,1717.8,1706.2,57610
2012-10-30,1712.1,1710.3,1715.7,1705.2,57250
2012-10-31,1719.1,1710.3,1726.6,1709.8,120010
2012-11-01,1715.5,1720.4,1727.5,1713.8,121500
2012-11-02,1675.2,1715.6,1717.2,1674.8,223440
2012-11-05,1683.2,1676.7,1686.2,1672.5,120550
2012-11-06,1715,1685.4,1720.9,1683.5,187220
2012-11-07,1714,1715.8,1733,1703,265680
2012-11-08,1726,1717.9,1735.1,1712.6,165870
2012-11-09,1730.9,1731.5,1739.4,1726.9,148670
2012-11-12,1730.9,1731.8,1738,1725.2,107180
2012-11-13,1724.8,1729,1733.3,1717.6,142500
2012-11-14,1730.1,1725.3,1734.1,1720.5,143230
2012-11-15,1713.8,1727.2,1727.9,1704.5,181710
2012-11-16,1714.7,1715.5,1717.2,1705.6,136950
2012-11-19,1734.4,1714.4,1735.5,1713.4,125530
2012-11-20,1723.6,1731.5,1736,1721.8,128070
2012-11-21,1728.2,1727.8,1732,1718.4,129039
2012-11-22,1751.4,1729.1,1755,1727.6,165900
2012-11-26,1749.6,1751.5,1752.3,1746,165970
2012-11-27,1742.3,1749.3,1751.9,1740.4,198870
2012-11-28,1716.5,1741.5,1743.1,1705.5,276140
2012-11-29,1729.5,1722.4,1731.2,1720.1,178270
2012-11-30,1712.7,1728.3,1733.7,1710.2,142070
2012-12-03,1721.1,1715.5,1724.9,1714.2,104840
2012-12-04,1695.8,1717.7,1719.2,1692.6,197020
2012-12-05,1693.8,1697.7,1708.3,1686,157790
2012-12-06,1701.8,1695.7,1704.8,1687.1,145850
2012-12-07,1705.5,1701.3,1706.9,1684.1,145930
2012-12-10,1714.4,1705.4,1718.8,1703.3,84330
2012-12-11,1709.6,1713.9,1715.8,1706,81040
2012-12-12,1717.9,1712,1725,1708.5,167090
2012-12-13,1696.8,1712.8,1712.8,1690.7,171360
2012-12-14,1697,1699.6,1701.9,1694,85240
2012-12-17,1698.2,1698.4,1701,1687.5,93930
2012-12-18,1670.7,1699.1,1704.4,1662,180400
2012-12-19,1667.7,1671.7,1677.8,1664.2,157440
2012-12-20,1645.9,1667.9,1672.8,1636,189980
2012-12-21,1660.1,1648.5,1660.5,1636.3,136090
2012-12-24,1659.5,1658,1666.5,1652.7,44010
2012-12-26,1660.7,1657.4,1668.7,1650.6,52720
2012-12-27,1663.7,1659.8,1666.1,1653.1,95880
2012-12-28,1655.9,1664,1667,1654.1,75140
2012-12-31,1675.8,1655.9,1681,1655.9,85220
2013-01-02,1688.8,1676.4,1695.4,1670.9,132830
2013-01-03,1674.6,1686.2,1690.5,1661.2,143790
2013-01-04,1648.9,1663.8,1664.5,1626,252730
2013-01-07,1646.3,1656.3,1663,1642.6,140820
2013-01-08,1662.2,1647.6,1662.7,1646.8,146840
2013-01-09,1655.5,1659.9,1666,1651.3,131710
2013-01-10,1678,1658,1678.8,1653.8,159320
2013-01-11,1660.6,1674.1,1676.9,1653.1,176080
2013-01-14,1669.4,1659.5,1674.8,1659.5,126860
2013-01-15,1683.9,1667.8,1684.9,1666.2,149770
2013-01-16,1683.2,1679.7,1684.7,1673,137530
2013-01-17,1690.8,1680.5,1697.8,1666.4,202940
2013-01-18,1687,1687.4,1695.1,1683.3,115540
2013-01-21,1693.2,1686.5,1695.9,1684.8,165130
2013-01-23,1686.7,1691.7,1694.8,1683.1,141430
2013-01-24,1669.9,1683.8,1685.8,1664.2,179960
2013-01-25,1656.6,1667,1671.6,1655,162110
2013-01-28,1652.9,1657.9,1661.6,1651,184380
2013-01-29,1660.8,1653.9,1665,1653.5,145860
2013-01-30,1681.6,1664.1,1685,1663.5,183220
2013-01-31,1662,1677,1681.7,1658.4,159620
2013-02-01,1670.6,1665.2,1683,1660.6,177050
2013-02-04,1676.4,1669.1,1678.6,1661.8,112530
2013-02-05,1673.5,1675.5,1687,1667.2,154150
2013-02-06,1678.8,1673.4,1680.5,1668.8,97160
2013-02-07,1671.3,1678,1683.9,1663.4,183510
2013-02-08,1666.9,1671.8,1674.3,1665.8,94740
2013-02-11,1649.1,1667.9,1670.3,1644.1,161670
2013-02-12,1649.6,1648.6,1653.8,1639.5,137080
2013-02-13,1645.1,1652.5,1655,1640.5,130850
2013-02-14,1635.5,1642.5,1650,1632.8,174430
2013-02-15,1609.5,1634.2,1636,1596.7,258380
2013-02-18,1604.2,1610,1618.8,1600.2,220230
2013-02-20,1578,1604.2,1609.2,1558.1,260410
2013-02-21,1578.6,1564.8,1584.4,1554.3,223530
2013-02-22,1572.8,1577,1587,1569.3,142210
2013-02-25,1586.6,1579.7,1596.5,1574.7,164110
2013-02-26,1615.5,1592.7,1619.7,1583.7,254860
2013-02-27,1595.7,1613.6,1614.4,1591.4,172160
2013-02-28,1578.1,1596.3,1602.5,1574.3,190160
2013-03-01,1572.3,1578.5,1586.9,1564,193690
2013-03-04,1572.4,1578,1584.3,1568.7,122910
2013-03-05,1574.9,1574.2,1585.8,1571.1,146720
2013-03-06,1574.9,1574.9,1584.3,1566.4,169870
2013-03-07,1575.1,1583.8,1584.9,1574,141570
2013-03-08,1576.9,1577.4,1583.1,1560.4,213960
2013-03-11,1578,1578.3,1582.5,1574.5,101210
2013-03-12,1591.7,1580.4,1597.6,1578.8,150410
2013-03-13,1588.4,1592,1598.8,1584.4,141800
2013-03-14,1590.7,1586.7,1592.2,1575.2,144160
2013-03-15,1592.6,1589.4,1597.9,1587.3,98990
2013-03-18,1604.6,1597,1610.4,1589.6,176070
2013-03-19,1611.3,1603.7,1615,1599,165890
2013-03-20,1607.5,1611.9,1613.9,1599.6,127570
2013-03-21,1613.8,1605.7,1616.5,1603.6,130590
2013-03-22,1606.1,1614,1615.3,1602.6,138730
2013-03-25,1604.5,1608.8,1612.8,1588.4,234090
2013-03-26,1595.7,1604.5,1605,1593.4,165480
2013-03-27,1607.2,1601,1609,1591.9,179890
2013-03-28,1595.7,1605.6,1608.3,1594.3,123530
2013-04-01,1600.9,1598.1,1601.6,1595.2,62180
2013-04-02,1575.9,1600.1,1604.3,1574,165690
2013-04-03,1553.5,1576.4,1577.3,1549.7,209510
2013-04-04,1552.4,1557.7,1559.3,1539.4,188530
2013-04-05,1575.9,1554,1581.8,1549,190800
2013-04-08,1572.5,1580.8,1582.9,1566.6,111700
2013-04-09,1586.7,1572.4,1590.1,1570,126550
2013-04-10,1558.8,1585,1588.5,1555.3,176370
2013-04-11,1564.9,1559,1568.1,1553,137760
2013-04-12,1501.4,1560.3,1564.2,1476,374340
2013-04-15,1361.1,1481,1495,1335.1,700340
2013-04-16,1387.4,1355,1404.2,1321.5,424780
2013-04-17,1382.7,1371.4,1395.2,1365,255300
2013-04-18,1392.5,1376.1,1402,1335.6,246910
2013-04-19,1395.6,1393,1424.7,1385.4,199700
2013-04-22,1421.2,1408.3,1438.8,1403.5,186680
2013-04-23,1408.8,1425.4,1432.8,1404,215910
2013-04-24,1423.7,1412.5,1433.6,1411.5,142300
2013-04-25,1462,1430.3,1468.6,1426.3,197320
2013-04-26,1453.6,1467.3,1484.8,1447.3,239660
2013-04-29,1467.4,1466.2,1478.3,1461.6,122510
2013-04-30,1472.1,1476.6,1479.5,1460.5,154100
2013-05-01,1446.2,1475.6,1477.4,1439.7,170190
2013-05-02,1467.6,1457,1473.3,1448.1,152830
2013-05-03,1464.2,1466.2,1487.2,1455.4,175030
2013-05-06,1468,1470,1478.4,1463.8,80800
2013-05-07,1448.8,1469.1,1470,1440.4,192500
2013-05-08,1473.7,1451.6,1475.8,1446.7,158960
2013-05-09,1468.6,1473,1476,1452.1,162470
2013-05-10,1436.6,1457.5,1461.2,1418.5,231400
2013-05-13,1434.3,1447.7,1448.3,1424.7,151010
2013-05-14,1424.5,1429.5,1444.9,1419.7,173070
2013-05-15,1396.2,1424.5,1429.4,1386.4,229800
2013-05-16,1386.9,1392.5,1397,1368,222530
2013-05-17,1364.7,1385.2,1391.3,1353.6,229040
2013-05-20,1384.1,1361.3,1397.9,1336.3,258370
2013-05-21,1377.6,1392.4,1399.9,1358,225020
2013-05-22,1367.4,1374.5,1413.3,1353.1,328640
2013-05-23,1391.8,1367.9,1397.1,1355,220700
2013-05-24,1386.6,1389.9,1397.1,1381.1,136510
2013-05-27,1378.9,1386.3,1401,1372.1,295010
2013-05-29,1391.3,1379.9,1394.9,1379.1,168670
2013-05-30,1412,1392.9,1417.7,1388.4,202830
2013-05-31,1393,1412.9,1421.6,1384.2,167850
2013-06-03,1411.9,1388.8,1416.5,1388.3,141770
2013-06-04,1397.2,1411.2,1414.8,1388.1,117530
2013-06-05,1398.5,1398.8,1410.3,1395.1,139660
2013-06-06,1415.8,1401.8,1423.3,1391.2,177140
2013-06-07,1383,1412.7,1417.7,1377.1,199050
2013-06-10,1386,1383,1388.5,1375.1,109060
2013-06-11,1377,1385.9,1387.2,1364.5,146060
2013-06-12,1392,1377.7,1394,1372.2,112200
2013-06-13,1377.8,1387.4,1394.4,1373,127780
2013-06-14,1387.6,1384.8,1391.8,1377.8,100910
2013-06-17,1383.1,1390.1,1391.4,1379.8,78350
2013-06-18,1366.9,1384.3,1385.4,1360.2,128780
2013-06-19,1374,1367.3,1376,1348.3,136470
2013-06-20,1286.2,1351.2,1351.2,1275.4,368870
2013-06-21,1292,1277.6,1301.7,1268.7,190150
2013-06-24,1277.1,1296.3,1300.7,1275.1,160330
2013-06-25,1275.1,1281.7,1289,1270.7,161800
2013-06-26,1229.8,1277,1277.5,1221,318400
2013-06-27,1211.6,1225.5,1244.2,1196.1,261390
2013-06-28,1223.7,1199.5,1234.8,1179.4,309350
2013-07-01,1255.7,1232.9,1261.7,1224.1,204050
2013-07-02,1243.4,1252.7,1267,1238.8,169740
2013-07-03,1251.9,1241.9,1259.3,1236,152850
2013-07-04,1212.7,1252.7,1257.1,1206.9,227040
2013-07-08,1234.9,1221.1,1237.4,1214.4,140570
2013-07-09,1245.9,1235.2,1258.7,1232,166680
2013-07-10,1247.4,1249.1,1265.6,1242.2,190150
2013-07-11,1279.9,1265.7,1297.2,1262.1,207150
2013-07-12,1277.6,1284.9,1287.4,1266.4,136400
2013-07-15,1283.5,1283.9,1293.6,1272.5,116680
2013-07-16,1290.4,1281.6,1294.7,1275.6,127630
2013-07-17,1277.5,1291.2,1299.7,1269.3,223430
2013-07-18,1284.2,1274.4,1287.9,1273.3,123910
2013-07-19,1292.9,1282.4,1297.1,1281.4,134150
2013-07-22,1336,1296.2,1339.1,1295.4,191740
2013-07-23,1334.7,1334.3,1348.7,1325.6,159440
2013-07-24,1319.5,1347.5,1348.7,1312.7,182160
2013-07-25,1328.8,1321.2,1337.5,1308.4,176490
2013-07-26,1321.5,1333.3,1340.5,1311.9,169770
2013-07-29,1328.4,1333.6,1338.1,1322.6,134360
2013-07-30,1324.8,1328.2,1330.4,1317,126110
2013-07-31,1313,1326.4,1339.7,1305.3,218790
2013-08-01,1311.2,1323.4,1330.7,1306.6,157370
2013-08-02,1310.5,1307.7,1318,1282.4,194680
2013-08-05,1302.4,1312.2,1320.3,1296.7,97860
2013-08-06,1282.5,1303.3,1306.4,1278.1,145490
2013-08-07,1285.3,1281.2,1289,1271.8,122050
2013-08-08,1309.9,1285.9,1313.8,1282,147830
2013-08-09,1312.2,1311.4,1316.5,1304.1,96810
2013-08-12,1334.2,1313.5,1343.7,1313.5,141630
2013-08-13,1320.5,1336,1341,1317.8,146210
2013-08-14,1333.4,1320.3,1335.8,1315.1,120610
2013-08-15,1360.9,1335.8,1369.6,1317.9,226650
2013-08-16,1371,1365.6,1379.2,1357,177730
2013-08-19,1365.7,1377.1,1384.1,1362,123420
2013-08-20,1372.6,1364.9,1378,1351.6,137480
2013-08-21,1370.1,1371,1378.9,1359.2,150240
2013-08-22,1370.8,1365.6,1381.4,1354.5,147580
2013-08-23,1395.8,1376.1,1399.9,1367.8,161580
2013-08-26,1393.1,1399,1407,1388.4,103040
2013-08-27,1420.2,1404.8,1424,1395.2,160390
2013-08-28,1418.8,1416.1,1434,1413.2,167020
2013-08-29,1412.9,1418.2,1418.6,1402.1,147100
2013-08-30,1396.1,1396.1,1396.1,1396.1,NA
2013-09-02,1412,1394,1416.4,1373.6,206000
2013-09-04,1390,1411.6,1415,1384.6,138420
2013-09-05,1373,1391.2,1400,1364.7,175230
2013-09-06,1386.5,1366.7,1393.6,1358.8,161530
2013-09-09,1386.7,1391.1,1395,1381.9,80510
2013-09-10,1364,1387.1,1391.4,1357.6,131860
2013-09-11,1363.8,1364.2,1368.7,1356,100130
2013-09-12,1330.6,1366.1,1366.2,1320.4,185080
2013-09-13,1308.6,1322.7,1330.8,1304.6,170250
2013-09-16,1317.8,1333.5,1336,1302.7,158190
2013-09-17,1309.4,1313.6,1324.7,1305.8,137000
2013-09-18,1307.6,1309.5,1367.8,1291.5,243780
2013-09-19,1369.3,1365,1375.4,1358.5,180030
2013-09-20,1332.5,1366.2,1368.4,1324.9,190860
2013-09-23,1327,1327,1332,1313.4,139640
2013-09-24,1316.3,1321.5,1329.4,1305.5,155020
2013-09-25,1336.2,1323.5,1338.3,1316.6,145960
2013-09-26,1324.1,1333.1,1340,1319.2,159100
2013-09-27,1339.2,1323.7,1345.2,1320,133970
2013-09-30,1327,1343.5,1353.8,1322,119080
2013-10-01,1286.1,1328.2,1337.8,1282.4,212830
2013-10-02,1320.7,1287.5,1324.2,1276.9,176120
2013-10-03,1317.6,1316.5,1322.8,1302,129120
2013-10-04,1309.9,1317.4,1326,1305.1,107570
2013-10-07,1325.1,1312.3,1329.5,1307.9,95950
2013-10-08,1324.6,1323,1330.8,1315.4,123180
2013-10-09,1307.2,1319.6,1323.3,1294.6,158400
2013-10-10,1296.9,1307,1312,1281,141170
2013-10-11,1268.2,1286.4,1294.8,1259.6,186260
2013-10-14,1276.6,1275.5,1291.6,1268.4,110180
2013-10-15,1273.2,1273.6,1287.7,1251,204030
2013-10-16,1282.3,1281.4,1289.2,1268.6,165640
2013-10-17,1323,1281.4,1324.2,1273.7,216150
2013-10-18,1314.6,1318.8,1328.9,1311.2,104100
2013-10-21,1315.8,1316,1323.9,1312,74390
2013-10-22,1342.6,1315.5,1344.7,1309.5,159790
2013-10-23,1334,1340.1,1342.2,1328.5,99060
2013-10-24,1350.3,1332.5,1352.3,1330.2,138230
2013-10-25,1352.5,1346.9,1356.4,1335.3,120210
2013-10-28,1352.2,1352.7,1361.8,1346.1,118920
2013-10-29,1345.5,1352.6,1360.4,1339.8,127170
2013-10-30,1349.3,1344.6,1359.6,1334.5,156600
2013-10-31,1323.7,1341.7,1343,1318.7,151970
2013-11-01,1313.2,1323.1,1327.3,1305.6,136960
2013-11-04,1314.7,1313,1322.4,1310.8,78540
2013-11-05,1308.1,1313.9,1320.6,1305.2,99660
2013-11-06,1317.8,1312.3,1322,1308.9,97110
2013-11-07,1308.5,1317.5,1326,1296,188110
2013-11-08,1284.6,1307.8,1313.4,1280.5,182700
2013-11-11,1281.1,1288.3,1288.8,1278.1,98950
2013-11-12,1271.2,1281.4,1285.4,1260.5,146540
2013-11-13,1268.4,1265.3,1283.7,1265,133470
2013-11-14,1286.3,1281.4,1293.8,1277.3,159300
2013-11-15,1287.4,1286.8,1290.8,1279.6,93190
2013-11-18,1272.3,1288.9,1289.2,1269.2,112200
2013-11-19,1273.5,1275,1278.2,1268,105150
2013-11-20,1258,1274.5,1275.7,1240.2,224190
2013-11-21,1243.6,1241.8,1250,1235.8,197770
2013-11-22,1244.1,1242.3,1248.3,1240.3,135220
2013-11-25,1241.2,1241.6,1254,1225.7,195440
2013-11-26,1241.4,1250.9,1257.8,1239.2,178420
2013-11-27,1237.9,1241.1,1254.8,1235.5,154820
2013-11-28,1250.4,1237.9,1254.5,1234.1,113090
2013-12-02,1221.9,1250.6,1251.2,1217.1,146100
2013-12-03,1220.8,1219.5,1225.8,1214.6,118420
2013-12-04,1247.2,1223,1251.5,1210.8,182240
2013-12-05,1231.9,1243.1,1243.2,1216.3,154230
2013-12-06,1229,1225,1245,1210.1,174950
2013-12-09,1234.2,1229.9,1242.6,1224.6,77730
2013-12-10,1261.1,1239.5,1267.5,1237.4,148580
2013-12-11,1257.2,1261,1263.2,1250.6,120450
2013-12-12,1224.9,1252.3,1256.5,1222.6,153610
2013-12-13,1234.6,1226.1,1238.2,1219.5,113540
2013-12-16,1244.4,1237.3,1251.7,1227.2,121810
2013-12-17,1230.1,1239.5,1247.6,1226.5,134930
2013-12-18,1235,1230.3,1244,1215.2,160630
2013-12-19,1193.6,1217.8,1226,1186,206500
2013-12-20,1203.7,1188.8,1206.9,1188,138710
2013-12-23,1197,1202.5,1205.6,1191.8,84980
2013-12-24,1203.3,1197.8,1205.1,1195.5,43490
2013-12-26,1212.3,1203.8,1215.4,1200.5,54650
2013-12-27,1214,1210.9,1218.9,1208.5,83760
2013-12-30,1203.8,1213.8,1215.8,1193.3,79940
2013-12-31,1202.3,1197.4,1214,1181.4,123140
2014-01-02,1225.2,1204.5,1230.8,1202.5,136920
2014-01-03,1238.6,1222.3,1239.6,1221.3,114980
2014-01-06,1238,1237,1247.7,1212.6,152190
2014-01-07,1229.6,1237,1244.7,1224.2,128639
2014-01-08,1225.5,1231,1231.8,1217.7,157110
2014-01-09,1229.4,1224.9,1230.9,1222.8,123280
2014-01-10,1246.9,1227.1,1248.5,1226.6,161260
2014-01-13,1251.1,1247.7,1255.3,1243,116650
2014-01-14,1245.4,1252.7,1254.9,1241.1,138190
2014-01-15,1238.3,1244.3,1244.6,1233.5,105110
2014-01-16,1240.2,1241.8,1244.9,1235.8,111670
2014-01-17,1251.9,1241.7,1254.6,1237.3,112720
2014-01-20,1241.8,1252.5,1262,1235.1,174690
2014-01-22,1238.6,1240.5,1243.5,1235.5,86790
2014-01-23,1262.3,1235.8,1267,1230.8,209350
2014-01-24,1264.3,1263.7,1273.2,1256.8,161720
2014-01-27,1263.4,1270.1,1279.8,1251.9,167220
2014-01-28,1250.8,1255.6,1262.3,1248.2,156000
2014-01-29,1262.2,1255.9,1270.6,1248.5,137030
2014-01-30,1242.5,1267.2,1267.8,1237.5,163620
2014-01-31,1239.8,1244,1254.8,1238.2,116150
2014-02-03,1259.9,1242,1266.1,1240.4,124750
2014-02-04,1251.2,1257.9,1260.7,1246.8,93150
2014-02-05,1256.9,1254.2,1274.5,1251.8,127060
2014-02-06,1257.2,1257.7,1267.5,1252.5,87890
2014-02-07,1262.9,1256.9,1272,1255.5,136030
2014-02-10,1274.7,1265.4,1277.8,1264.7,94770
2014-02-11,1289.8,1274.2,1294.4,1273.5,154730
2014-02-12,1295,1290.1,1296.4,1283.9,111440
2014-02-13,1300.1,1290.8,1303,1286.2,126050
2014-02-14,1318.6,1302.2,1321.5,1299.9,150660
2014-02-17,1324.4,1318.6,1332.4,1312.3,184500
2014-02-19,1320.4,1322,1323,1308.9,112260
2014-02-20,1316.9,1311,1325.3,1307.1,129020
2014-02-21,1323.6,1323,1328.8,1315.9,110100
2014-02-24,1338,1325.5,1339.2,1318.7,129770
2014-02-25,1342.7,1336.4,1343.8,1331.2,125980
2014-02-26,1328,1341.3,1345.6,1322.3,149700
2014-02-27,1331.8,1329.5,1336.4,1324,120170
2014-02-28,1321.6,1331.3,1333.6,1319.3,132780
2014-03-03,1350.3,1332.4,1355,1330.7,159740
2014-03-04,1337.9,1350,1352.9,1331.2,135600
2014-03-05,1340.3,1334.8,1342,1332.7,97110
2014-03-06,1351.8,1337,1353.9,1331.3,142470
2014-03-07,1338.2,1350.7,1353.2,1326.6,178470
2014-03-10,1341.5,1340.8,1344.9,1327.5,126040
2014-03-11,1346.7,1339.5,1353,1337.8,150520
2014-03-12,1370.5,1348.8,1371.3,1345.6,223880
2014-03-13,1372.4,1367.8,1375.7,1364.9,175110
2014-03-14,1379,1370.9,1388.4,1368.2,185260
2014-03-17,1372.9,1383.1,1392.6,1361.9,154350
2014-03-18,1359,1367.1,1367.9,1351.1,157500
2014-03-19,1341.3,1356.1,1360.2,1327.8,194620
2014-03-20,1330.5,1331.7,1335.3,1320.8,167020
2014-03-21,1336,1329.3,1343,1328,148310
2014-03-24,1311.2,1335,1335.7,1308.5,178480
2014-03-25,1311.4,1309.7,1318,1306,158350
2014-03-26,1303.4,1312.1,1317.1,1299.3,151500
2014-03-27,1294.7,1305.5,1307.6,1289.6,185020
2014-03-28,1294.3,1292.3,1299.4,1286.1,171320
2014-03-31,1283.8,1295,1299.3,1282.7,133250
2014-04-01,1280,1284.6,1288.4,1277.4,112920
2014-04-02,1290.8,1279.6,1294.9,1278.9,124470
2014-04-03,1284.6,1290.4,1294.2,1281.9,98670
2014-04-04,1303.5,1286.6,1307.5,1284.4,145500
2014-04-07,1298.3,1304,1304.8,1295.8,80280
2014-04-08,1309.1,1296.8,1314.7,1296.8,119230
2014-04-09,1305.9,1308.5,1315.5,1301.1,125580
2014-04-10,1320.5,1311.9,1324.9,1311,126710
2014-04-11,1319,1318.1,1324.2,1314,91860
2014-04-14,1327.5,1321,1331.4,1318.7,100330
2014-04-15,1300.3,1326.5,1328.4,1284.4,188990
2014-04-16,1303.5,1303.2,1307.1,1293.5,117470
2014-04-17,1293.9,1302.1,1304.4,1292.8,95710
2014-04-21,1288.5,1294.9,1302.5,1281.8,101890
2014-04-22,1281.1,1290.3,1293.1,1275.8,118730
2014-04-23,1284.6,1284,1289.1,1280.8,98440
2014-04-24,1290.6,1283.9,1299,1268.4,189290
2014-04-25,1300.8,1293.8,1305.2,1290.4,107960
2014-04-28,1299,1303.2,1306.6,1292.1,102410
2014-04-29,1296.3,1296,1302,1286.1,103820
2014-04-30,1295.9,1295.6,1298.4,1284.9,139270
2014-05-01,1283.4,1291.9,1293,1277.3,115440
2014-05-02,1302.9,1284.7,1304.9,1272,171950
2014-05-05,1309.3,1300.9,1315.8,1299.7,115630
2014-05-06,1308.6,1309.7,1314.3,1304.4,103410
2014-05-07,1288.9,1307.9,1315,1286.6,173800
2014-05-08,1287.7,1289.8,1295.5,1284.8,118110
2014-05-09,1287.6,1289.6,1294.5,1285.5,110470
2014-05-12,1295.8,1289.8,1304.5,1277.7,130810
2014-05-13,1294.8,1296,1299,1289.1,120870
2014-05-14,1305.9,1293.9,1309.2,1291.6,120330
2014-05-15,1293.6,1305.5,1307.3,1290.9,147390
2014-05-16,1293.4,1296.4,1298.3,1287.7,116840
2014-05-19,1293.8,1293,1305.7,1289.5,108500
2014-05-20,1294.6,1293,1297.2,1286,129490
2014-05-21,1288.1,1294.2,1296.3,1282.9,126010
2014-05-22,1295,1292,1304.1,1290.1,128240
2014-05-23,1291.7,1294.3,1295.7,1286.6,146980
2014-05-26,1265.5,1293.6,1294.8,1263.2,252100
2014-05-28,1259.3,1264,1267.3,1255.8,168830
2014-05-29,1257.1,1258.9,1261.5,1251.4,140230
2014-05-30,1246,1255.9,1260.6,1242.2,136540
2014-06-02,1244,1250.5,1251,1241.1,91400
2014-06-03,1244.5,1244.1,1247.9,1240.2,90050
2014-06-04,1244.3,1244.9,1249.5,1242.8,76990
2014-06-05,1253.3,1244.3,1257.9,1241.2,125570
2014-06-06,1252.5,1253.7,1258.2,1245.7,112940
2014-06-09,1253.9,1253,1257.3,1251.6,53770
2014-06-10,1260.1,1252.7,1263.8,1250.1,107080
2014-06-11,1261.2,1260.3,1265.5,1257.9,77040
2014-06-12,1274,1261.1,1275.1,1260,117420
2014-06-13,1274.1,1273.4,1278.1,1270.9,83630
2014-06-16,1275.3,1276.8,1285.1,1270.5,98250
2014-06-17,1272,1271.8,1273.5,1258,112830
2014-06-18,1272.7,1272.1,1279.2,1266.5,87910
2014-06-19,1314.1,1278.2,1322,1276.2,237990
2014-06-20,1316.6,1320.3,1322.5,1307.1,167790
2014-06-23,1318.4,1314.9,1319.2,1310.4,109390
2014-06-24,1321.3,1318.1,1326.6,1314.5,123880
2014-06-25,1322.6,1318.9,1325.6,1305.4,136620
2014-06-26,1317,1318.7,1320.6,1306.8,134790
2014-06-27,1320,1317.1,1323.1,1313.2,104660
2014-06-30,1322,1316.8,1330.4,1311,127610
2014-07-01,1326.6,1327.5,1334.9,1324,121100
2014-07-02,1330.9,1327.1,1333.2,1322.1,114090
2014-07-03,1320.6,1328.4,1329,1309.4,149380
2014-07-04,1317,1321.4,1321.7,1312.1,113070
2014-07-08,1316.5,1320.8,1325.7,1314.3,130080
2014-07-09,1324.3,1320.4,1333.4,1318.7,163180
2014-07-10,1339.2,1325,1346.8,1325,179490
2014-07-11,1337.4,1336.5,1340.4,1334.6,97170
2014-07-14,1306.7,1339.5,1340.9,1302.2,208860
2014-07-15,1297.1,1309.1,1314.4,1292.6,175880
2014-07-16,1299.8,1295.2,1304.2,1293.5,119720
2014-07-17,1316.9,1300.3,1325.9,1298.1,176740
2014-07-18,1309.4,1319.1,1325.5,1305,121620
2014-07-21,1313.9,1311.3,1319,1307.9,85370
2014-07-22,1306.3,1312.4,1316.8,1302.2,127490
2014-07-23,1304.7,1308,1311.8,1303.5,86760
2014-07-24,1290.8,1304.3,1305.6,1287.5,178770
2014-07-25,1303.3,1294.2,1308.9,1291,131240
2014-07-28,1303.3,1307.9,1309.4,1301.1,136980
2014-07-29,1298.3,1303.3,1312.1,1295.5,181550
2014-07-30,1296.9,1300.5,1305.2,1293.2,130870
2014-07-31,1282.8,1297,1298.8,1281.3,143360
2014-08-01,1294.8,1284.2,1298.4,1281,144990
2014-08-04,1288.9,1295.4,1296.4,1287,67870
2014-08-05,1285.3,1289.2,1295,1283.3,105680
2014-08-06,1308.2,1288.9,1311,1288.5,160370
2014-08-07,1312.5,1306.6,1316.4,1303,122430
2014-08-08,1311,1314.5,1324.3,1305.7,147900
2014-08-11,1310.5,1310.4,1312.9,1306.4,63070
2014-08-12,1310.6,1309.2,1319.3,1306.8,98610
2014-08-13,1314.5,1309.6,1316.4,1306,98470
2014-08-14,1315.7,1313.4,1321.8,1310,103420
2014-08-15,1306.2,1313.4,1316.5,1293,192110
2014-08-18,1299.3,1304.2,1304.9,1296.5,76110
2014-08-19,1296.7,1298.6,1303.7,1294.7,78240
2014-08-20,1295.2,1297.2,1299.3,1288.7,83300
2014-08-21,1275.4,1291.9,1292,1273.4,145350
2014-08-22,1280.2,1278.2,1283.9,1274.6,91730
2014-08-25,1278.9,1280.8,1281.6,1275,53710
2014-08-26,1285.2,1277.4,1291.9,1275.7,103850
2014-08-27,1283.4,1281.6,1288.2,1280.9,67240
2014-08-28,1290.4,1283.7,1297.6,1283,110170
2014-08-29,1287.4,1290.4,1292.5,1284.1,76390
2014-09-01,1265,1288.5,1290.9,1263.1,190580
2014-09-03,1270.3,1266.7,1272.4,1261.9,107910
2014-09-04,1266.5,1269.8,1279.2,1261.3,151580
2014-09-05,1267.3,1261.7,1274.8,1258,106170
2014-09-08,1254.3,1269.5,1272.6,1252.1,112680
2014-09-09,1248.5,1257.1,1258.9,1248.1,128250
2014-09-10,1245.3,1256.2,1258.5,1244.5,140720
2014-09-11,1239,1249.8,1251,1235.3,160680
2014-09-12,1231.5,1240.9,1242.3,1228.1,140800
2014-09-15,1235.1,1228.3,1239.2,1226.3,100040
2014-09-16,1236.7,1233.2,1243.2,1232.2,123280
2014-09-17,1235.9,1235.3,1240.5,1222,132080
2014-09-18,1226.9,1223.1,1228.7,1216.3,151110
2014-09-19,1216.6,1225.6,1229.2,1214.2,173500
2014-09-22,1217.9,1216.4,1221,1208.8,138050
2014-09-23,1222,1214.9,1237,1214.7,153200
2014-09-24,1219.5,1223.2,1226.7,1216.2,131420
2014-09-25,1221.9,1217.3,1225.3,1206.6,186350
2014-09-26,1215.4,1222.1,1232.7,1212.8,149450
2014-09-29,1218.8,1219.1,1223.9,1215.3,105760
2014-09-30,1211.6,1215.7,1220.7,1204.3,182520
2014-10-01,1215.5,1209.4,1220,1205,146540
2014-10-02,1215.1,1213.4,1224,1209.1,148820
2014-10-03,1192.9,1213.9,1215.7,1190.3,186090
2014-10-06,1207.3,1192,1209.9,1183.3,147760
2014-10-07,1212.4,1207.8,1214.1,1203,142510
2014-10-08,1206,1209.8,1224.5,1205.1,192010
2014-10-09,1225.3,1221.1,1234,1219.3,165360
2014-10-10,1221.7,1224,1225.7,1217.6,121360
2014-10-13,1230,1224.8,1238,1223.6,119920
2014-10-14,1234.3,1237.3,1238.6,1231.1,113550
2014-10-15,1244.8,1233.3,1250.3,1222,258100
2014-10-16,1241.2,1242.2,1245.6,1235.2,180590
2014-10-17,1239,1239.5,1242.1,1232,117550
2014-10-20,1244.7,1239.1,1249.3,1234.9,96270
2014-10-21,1251.7,1246.8,1255.6,1245.7,151080
2014-10-22,1245.5,1248.9,1250.2,1240.7,113410
2014-10-23,1229.1,1241.7,1244.9,1226.3,140070
2014-10-24,1231.8,1233.5,1234.7,1228.7,93370
2014-10-27,1229.3,1230.6,1232.1,1225.2,86310
2014-10-28,1229.4,1225.8,1235.5,1222.2,124200
2014-10-29,1224.9,1227.8,1230.4,1208.2,131450
2014-10-30,1198.6,1211.2,1216.5,1195.5,210420
2014-10-31,1171.6,1199.5,1202.4,1160.5,300190
2014-11-03,1169.8,1171.1,1173.4,1161,129440
2014-11-04,1167.7,1164.6,1175,1163.4,134880
2014-11-05,1145.7,1168.4,1169.3,1137.1,261120
2014-11-06,1142.6,1140.8,1149,1137.2,168560
2014-11-07,1169.8,1141.2,1179,1130.4,298010
2014-11-10,1159.8,1176.8,1177.5,1146.7,198950
2014-11-11,1163,1151.5,1172.5,1145.5,187310
2014-11-12,1159.1,1163,1169.4,1156.5,183580
2014-11-13,1161.5,1161.1,1167.4,1153,187700
2014-11-14,1185.6,1161.8,1192.9,1146,293650
2014-11-17,1183.5,1185.5,1193.6,1180.8,199520
2014-11-18,1197.1,1185.6,1204.1,1182.7,170800
2014-11-19,1193.9,1196.5,1201.7,1173.9,265860
2014-11-20,1190.9,1183.1,1196.6,1176.2,187480
2014-11-21,1197.7,1194,1207.6,1186.1,199910
2014-11-24,1195.7,1199.9,1203.8,1192.2,158690
2014-11-25,1197.1,1197.7,1202.2,1189,210750
2014-11-26,1197.5,1201.6,1201.6,1194.6,121780
2014-11-27,1175.5,1197.8,1199.3,1163.9,254470
2014-12-01,1218.1,1159.4,1221,1141.7,342310
2014-12-02,1199.4,1212.6,1212.6,1191.4,169350
2014-12-03,1208.7,1197.6,1215,1193.5,145110
2014-12-04,1207.7,1209.3,1213.5,1201.1,117720
2014-12-05,1190.4,1205.9,1208.5,1186.4,157200
2014-12-08,1194.9,1191.2,1209.3,1187.3,107510
2014-12-09,1232,1203.8,1239,1199.5,241260
2014-12-10,1229.4,1231.2,1238.9,1225.2,143320
2014-12-11,1225.6,1226.2,1233.4,1216.4,143670
2014-12-12,1222.5,1227.9,1228.9,1214.8,121180
2014-12-15,1207.7,1222,1225,1191.3,152380
2014-12-16,1194.3,1195.4,1223.9,1187.8,231510
2014-12-17,1194.5,1195.3,1203.1,1182,169510
2014-12-18,1194.8,1189.4,1213.9,1188.5,137340
2014-12-19,1196,1198,1201.5,1193.2,73330
2014-12-22,1179.8,1196,1203.6,1170.7,132150
2014-12-23,1178,1176.1,1184.9,1172.4,105530
2014-12-24,1173.5,1176.8,1181.2,1172.7,43630
2014-12-26,1195.3,1175.2,1199.1,1175.2,67180
2014-12-29,1181.9,1194.9,1197.5,1178.6,85910
2014-12-30,1200.4,1182.9,1210.9,1180.5,141720
2014-12-31,1184.1,1199.8,1203.9,1179.5,70520
2015-01-02,1186.2,1184,1194.9,1167.3,120680
2015-01-05,1204,1187.8,1207.5,1177.8,149110
2015-01-06,1219.4,1204,1223.3,1201.6,190360
2015-01-07,1210.7,1219,1219.4,1209.1,117090
2015-01-08,1208.5,1211,1216.8,1204.2,122490
2015-01-09,1216.1,1208.9,1224,1207,155980
2015-01-12,1232.8,1223,1236,1217.5,138520
2015-01-13,1234.4,1233.1,1244.5,1227.4,179650
2015-01-14,1234.5,1231.2,1244.6,1224.9,193110
2015-01-15,1264.8,1229.7,1267.2,1226.1,288790
2015-01-16,1276.9,1263.5,1282.4,1255.2,219410
2015-01-19,1294.2,1280.7,1297.2,1272.1,249780
2015-01-21,1293.7,1295.3,1307,1284.6,210390
2015-01-22,1300.7,1293.7,1307.8,1279.1,214910
2015-01-23,1292.6,1301.5,1302.9,1284.3,149210
2015-01-26,1279.4,1292.8,1299.2,1275.6,168890
2015-01-27,1291.7,1280.7,1297.4,1272,186950
2015-01-28,1285.9,1292,1293.3,1279,180390
2015-01-29,1255.9,1284,1286.6,1252.1,243650
2015-01-30,1279.2,1259,1285.4,1257.5,163880
2015-02-02,1276.9,1283,1283.9,1266.5,119880
2015-02-03,1260.3,1275.6,1286.5,1255.8,181990
2015-02-04,1264.5,1261.5,1273.3,1256.9,136180
2015-02-05,1262.7,1270.4,1274.6,1256.1,113830
2015-02-06,1234.6,1266.4,1269,1228.2,205100
2015-02-09,1241.5,1235.9,1243.6,1234.4,92650
2015-02-10,1232.2,1238.3,1245.9,1230.6,97140
2015-02-11,1219.6,1234.1,1238.7,1216.5,116280
2015-02-12,1220.7,1218.3,1232.8,1218,109410
2015-02-13,1227.1,1223,1234.9,1222.5,96370
2015-02-16,1208.6,1227.5,1236.7,1203.3,181840
2015-02-18,1200.2,1209.3,1213.4,1197.2,121130
2015-02-19,1207.6,1212.5,1222.9,1205.2,115720
2015-02-20,1204.9,1208,1215.3,1197.7,109250
2015-02-23,1200.8,1203.5,1210.3,1190.6,115220
2015-02-24,1197.3,1201.9,1204.4,1190,116610
2015-02-25,1201.5,1200.8,1211.7,1200.7,106080
2015-02-26,1210.1,1203.9,1219.9,1203.4,137280
2015-02-27,1213.1,1208.8,1219.2,1204.1,113770
2015-03-02,1208.2,1213.8,1223,1204.2,133100
2015-03-03,1204.4,1206.1,1214.4,1194.6,155660
2015-03-04,1200.9,1203.8,1208.4,1197.7,107560
2015-03-05,1196.2,1200.2,1208.9,1195.8,131860
2015-03-06,1164.3,1197.5,1200,1162.9,214800
2015-03-09,1166.5,1169.6,1174.4,1164.8,123610
2015-03-10,1160.1,1165.6,1169.6,1153.8,178080
2015-03-11,1150.6,1161.1,1164.3,1146.5,161560
2015-03-12,1151.9,1153.7,1165.7,1147.5,159540
2015-03-13,1152.4,1152.6,1160.9,1150.4,122680
2015-03-16,1153.2,1157.9,1163.3,1149.3,123260
2015-03-17,1148.2,1153.7,1159.3,1141.6,159620
2015-03-18,1151.3,1148.1,1175.1,1144.9,188480
2015-03-19,1169,1166.1,1177,1158.6,157060
2015-03-20,1184.6,1170.4,1187.4,1167.9,167530
2015-03-23,1187.7,1183.2,1191,1178.6,162530
2015-03-24,1191.4,1188.5,1194.5,1184.7,162920
2015-03-25,1197,1192.5,1199.3,1186.1,185930
2015-03-26,1204.8,1195.4,1219.5,1193.8,245370
2015-03-27,1199.8,1203.8,1205.6,1191.7,172260
2015-03-30,1185.3,1198.6,1199.6,1182.2,131450
2015-03-31,1183.2,1185.5,1190.6,1178.2,114970
2015-04-01,1208.2,1183.2,1208.7,1180.5,151140
2015-04-02,1200.9,1204.3,1207.4,1194.8,115650
2015-04-06,1218.6,1212.6,1224.5,1212.6,106010
2015-04-07,1210.6,1214.7,1215.9,1207.5,85860
2015-04-08,1203.1,1208.7,1212.5,1197.4,116320
2015-04-09,1193.6,1202.6,1203.3,1192.4,110160
2015-04-10,1204.6,1193.8,1210.6,1192.9,124840
2015-04-13,1199.3,1207.2,1209.3,1196.1,109550
2015-04-14,1192.6,1198.8,1201.3,1183.5,161060
2015-04-15,1201.3,1192.2,1204.4,1188.3,129199
2015-04-16,1198,1201.8,1208.8,1194.3,157420
2015-04-17,1203.1,1198.6,1207.8,1197,111550
2015-04-20,1193.7,1204.4,1209,1190.8,137020
2015-04-21,1203.1,1195.8,1203.7,1192.5,104710
2015-04-22,1186.9,1202.2,1204.4,1185,152180
2015-04-23,1194.3,1186.9,1197.4,1183.6,118110
2015-04-24,1175,1193,1195.4,1174.1,156380
2015-04-27,1203.2,1179.3,1206.7,1177.6,207200
2015-04-28,1213.9,1201.6,1214.9,1198.6,157580
2015-04-29,1210,1211.4,1213.5,1200.7,141080
2015-04-30,1182.4,1204.5,1207.4,1176,212930
2015-05-01,1174.5,1183.7,1184.4,1168.4,118480
2015-05-04,1186.8,1176.6,1192.1,1176.6,107750
2015-05-05,1193.2,1187.5,1199.3,1184.9,109750
2015-05-06,1190.3,1192.5,1196.9,1187.4,105950
2015-05-07,1182.2,1191.3,1192,1177.9,134940
2015-05-08,1188.9,1183.7,1193,1180.5,143610
2015-05-11,1183,1189,1190.9,1178,128100
2015-05-12,1192.4,1182.5,1196.3,1179.7,139260
2015-05-13,1218.2,1192.5,1218.5,1190.4,241720
2015-05-14,1225.2,1215,1227.7,1211.9,177840
2015-05-15,1225.3,1220.9,1225.8,1210.6,133240
2015-05-18,1227.6,1222.8,1232,1221.2,120820
2015-05-19,1206.7,1225.4,1225.5,1205.1,178960
2015-05-20,1208.7,1207.7,1213.2,1202.7,127890
2015-05-21,1204.1,1209.4,1212.4,1200.8,139670
2015-05-22,1204,1206,1214.6,1201,142930
2015-05-25,1186.9,1205.2,1208.2,1184.8,244620
2015-05-27,1185.6,1186.7,1190.4,1183,200220
2015-05-28,1188.8,1188,1192.8,1180.2,150000
2015-05-29,1189.8,1188.1,1194.4,1186,102170
2015-06-01,1188.7,1189.8,1204.7,1184,171250
2015-06-02,1194.4,1189.5,1196.4,1185.8,111470
2015-06-03,1184.9,1193.8,1195.6,1179.1,124180
2015-06-04,1175.2,1185.8,1186.6,1172.4,155460
2015-06-05,1168.1,1176.5,1178,1162.1,150680
2015-06-08,1173.6,1170.8,1177.1,1168.5,107090
2015-06-09,1177.6,1173.2,1182.3,1171.8,91630
2015-06-10,1186.6,1175.8,1191.8,1174.3,124680
2015-06-11,1180.4,1185.7,1187.4,1174.8,114930
2015-06-12,1179.2,1180.8,1183.7,1175.6,86350
2015-06-15,1185.8,1180,1190.2,1171.9,129830
2015-06-16,1180.9,1185.3,1187.4,1175.4,100200
2015-06-17,1176.8,1181.1,1188.8,1173.9,101550
2015-06-18,1202,1184.2,1205.7,1183.1,190690
2015-06-19,1201.9,1201.8,1203.9,1198,86060
2015-06-22,1184.1,1199.7,1200.8,1181.6,127150
2015-06-23,1176.6,1185.3,1187.7,1175.6,122250
2015-06-24,1172.9,1177.6,1179.7,1168.1,118450
2015-06-25,1171.8,1174.1,1177.3,1170.5,88850
2015-06-26,1173.2,1172.5,1178,1167.1,107920
2015-06-29,1179,1182.5,1187.6,1173.2,145710
2015-06-30,1171.8,1179.8,1180,1165.4,148190
2015-07-01,1169.3,1172.4,1174.4,1166.7,95180
2015-07-02,1163.5,1167.7,1169.2,1155.8,144730
2015-07-03,1173.2,1173.2,1174.4,1161.9,141900
2015-07-07,1152.6,1168.8,1170,1146.8,198530
2015-07-08,1163.5,1154,1163.8,1145.9,168010
2015-07-09,1159.2,1157.5,1166.9,1155.1,130009
2015-07-10,1157.9,1158.7,1164.5,1156.4,112570
2015-07-13,1155.4,1162.3,1163.9,1149.8,126730
2015-07-14,1153.5,1157,1159.1,1151.8,109140
2015-07-15,1147.4,1153.9,1155.8,1141.9,150650
2015-07-16,1143.9,1146.2,1148.2,1140.6,125700
2015-07-17,1131.9,1144.3,1144.5,1129.6,161000
2015-07-20,1106.8,1132.4,1132.5,1080,261350
2015-07-21,1103.5,1098,1108.8,1095.9,172520
2015-07-22,1091.5,1100.1,1102.3,1085.6,182180
2015-07-23,1094.1,1093.4,1104.9,1086.1,204070
2015-07-24,1085.5,1089.5,1100.9,1072.3,249020
2015-07-27,1096.4,1098.6,1104.4,1087.7,191960
2015-07-28,1096.2,1094.1,1098.2,1090.7,176080
2015-07-29,1092.6,1094.5,1100.9,1088.9,159140
2015-07-30,1088.7,1096.6,1098.2,1081.5,169100
2015-07-31,1095.1,1087.7,1103,1079.2,174130
2015-08-03,1089.4,1095.1,1098,1085.1,105920
2015-08-04,1090.7,1085.3,1094.4,1080.2,114100
2015-08-05,1085.6,1087.3,1091.7,1082,116050
2015-08-06,1090.1,1084.1,1093.3,1082.7,94610
2015-08-07,1094.1,1088.8,1098.9,1081.4,172490
2015-08-10,1104.1,1094,1108.5,1089,148930
2015-08-11,1107.7,1103.8,1119.1,1093.3,191830
2015-08-12,1123.6,1108.2,1125.5,1101.1,193700
2015-08-13,1115.6,1125.2,1126.3,1112.8,129210
2015-08-14,1112.7,1114.6,1120.4,1111.1,102230
2015-08-17,1118.4,1113.5,1122.2,1112.9,92580
2015-08-18,1116.9,1117.2,1120.4,1108.5,119950
2015-08-19,1127.9,1117.2,1134.3,1115.5,154350
2015-08-20,1153.2,1133.3,1153.7,1132.1,187180
2015-08-21,1159.6,1153.3,1167.9,1148.5,196060
2015-08-24,1153.6,1160.2,1169.8,1145.1,264140
2015-08-25,1138.3,1155.7,1156.3,1134,199690
2015-08-26,1124.6,1139.9,1146,1116.9,207120
2015-08-27,1122.6,1125,1128.5,1117,143050
2015-08-28,1134,1124.4,1140.3,1123.1,152110
2015-08-31,1132.5,1132.7,1136.3,1125,98950
2015-09-01,1139.8,1133.8,1147.3,1133.8,128870
2015-09-02,1133.6,1139,1141.9,1131.2,111570
2015-09-03,1124.5,1133.2,1133.8,1121,106470
2015-09-04,1121.4,1124.5,1133.1,1115.7,113530
2015-09-07,1121,1123,1126,1114.7,142510
2015-09-09,1102,1121,1124.7,1100.1,178300
2015-09-10,1109.3,1105.7,1114.1,1102.5,121430
2015-09-11,1103.3,1110.2,1111.9,1097.7,119500
2015-09-14,1107.7,1107,1109.8,1102.6,74180
2015-09-15,1102.6,1107.1,1108.5,1101.5,78880
2015-09-16,1119,1104.4,1123.7,1103,131150
2015-09-17,1117,1118.7,1136,1114.7,143640
2015-09-18,1137.8,1130,1141.5,1126.9,151720
2015-09-21,1132.8,1138.7,1139.4,1128.7,87120
2015-09-22,1124.8,1132.6,1136.1,1120.5,117440
2015-09-23,1131.5,1123.8,1134,1121.1,96170
2015-09-24,1153.8,1130,1156.4,1129.5,219680
2015-09-25,1145.6,1151,1151.1,1140.1,140350
2015-09-28,1131.7,1145,1147.8,1127.3,143470
2015-09-29,1126.8,1131.4,1134.3,1123.5,105550
2015-09-30,1115.2,1127.2,1127.7,1110.8,156470
2015-10-01,1113.7,1114.5,1118.5,1110.3,83390
2015-10-02,1136.6,1112.5,1140.9,1103.8,190000
2015-10-05,1137.6,1137,1141.6,1129.6,119480
2015-10-06,1146.4,1134.7,1151,1134.5,128180
2015-10-07,1148.7,1146.5,1153.6,1141.3,113150
2015-10-08,1144.3,1145,1150.9,1135.9,121190
2015-10-09,1155.9,1138.1,1159.3,1138,134870
2015-10-12,1164.5,1155,1168.6,1154.3,111800
2015-10-13,1165.4,1162.8,1168.6,1151.3,139530
2015-10-14,1179.8,1168.2,1189.9,1162.5,199970
2015-10-15,1187.5,1184,1191.7,1173.9,192310
2015-10-16,1183.1,1182.5,1184.8,1174.3,108910
2015-10-19,1172.8,1176.9,1178.2,1168.3,108770
2015-10-20,1177.5,1170.6,1181.4,1167.2,124730
2015-10-21,1167.1,1175.5,1179.3,1163.2,122070
2015-10-22,1166.1,1166.8,1171.8,1161.4,117320
2015-10-23,1162.8,1165.9,1179.4,1158.6,150800
2015-10-26,1166.2,1163.8,1169.6,1162,84870
2015-10-27,1165.8,1163,1168.8,1160.5,91660
2015-10-28,1176.1,1166.7,1183.1,1152.1,187310
2015-10-29,1147.3,1156.1,1162.5,1144.2,155610
2015-10-30,1141.4,1146.6,1149.8,1138.4,123170
2015-11-02,1135.9,1141.3,1142.7,1132.2,106360
2015-11-03,1114.1,1132.9,1138,1113.6,157450
2015-11-04,1106.2,1117.4,1122.3,1105.6,157670
2015-11-05,1104.2,1106.8,1111.3,1102.2,144640
2015-11-06,1087.7,1103.2,1109.7,1084.5,199870
2015-11-09,1088.1,1089.1,1094.9,1087.4,141890
2015-11-10,1088.5,1090.8,1094.8,1084,144170
2015-11-11,1084.9,1088.5,1093.5,1083.2,171730
2015-11-12,1081,1085.4,1089,1073,208300
2015-11-13,1080.9,1083.5,1088,1078.2,130830
2015-11-16,1083.6,1087.9,1097.4,1080.5,151380
2015-11-17,1068.6,1082.4,1085.1,1064.4,181460
2015-11-18,1068.7,1070.2,1074.6,1062,154640
2015-11-19,1077.9,1069.3,1086.6,1068.3,177560
2015-11-20,1076.3,1079.7,1087.2,1074.9,157700
2015-11-23,1066.8,1076.4,1076.5,1065,178090
2015-11-24,1073.8,1068.5,1080.7,1068.1,158530
2015-11-25,1070,1075,1080.4,1067.1,148660
2015-11-26,1056.2,1070.6,1073.9,1051.6,187110
2015-11-30,1065.3,1056,1069.1,1052.2,113170
2015-12-01,1063.5,1064.6,1074,1062.6,121570
2015-12-02,1053.8,1067.9,1071,1049.4,124020
2015-12-03,1061.2,1053.5,1064.5,1045.4,173770
2015-12-04,1084.1,1062,1088.3,1057.2,208900
2015-12-07,1075.2,1085.5,1086.1,1065,109370
2015-12-08,1075.3,1069.7,1078.4,1066.8,128220
2015-12-09,1076.5,1074.3,1085,1068.7,140710
2015-12-10,1072,1071.7,1076,1068.8,99730
2015-12-11,1075.7,1071.4,1079.1,1061.7,152620
2015-12-14,1063.4,1073,1077.3,1058.1,121860
2015-12-15,1061.6,1059.8,1067.9,1057.4,115320
2015-12-16,1076.8,1060.3,1077.9,1060.2,143150
2015-12-17,1049.6,1072.2,1072.7,1046.8,168670
2015-12-18,1065,1051.5,1071,1050,122220
2015-12-21,1080.6,1065.2,1081.4,1063.1,122220
2015-12-22,1074.1,1078,1080.3,1071.2,80660
2015-12-23,1068.3,1072,1074.9,1067.6,69360
2015-12-24,1075.9,1069.6,1076.6,1069.5,49690
2015-12-28,1068.3,1075.2,1076.5,1065.7,70860
2015-12-29,1068,1068.3,1074.6,1066.7,87640
2015-12-30,1059.8,1068.2,1071.5,1058.5,98710
2015-12-31,1060.2,1060.6,1062.7,1056.5,55710
2016-01-04,1075.2,1061.5,1083,1061,159790
2016-01-05,1078.4,1073.5,1081.5,1071.9,104640
2016-01-06,1091.9,1076.8,1094.9,1074.4,191800
2016-01-07,1107.8,1093.7,1109.9,1091.1,217270
2016-01-08,1097.9,1108.8,1113.1,1091.8,193450
2016-01-11,1096.2,1103.6,1108.3,1093.1,193210
2016-01-12,1085.2,1094,1099.1,1083.1,167650
2016-01-13,1087.1,1086.8,1095.6,1079.4,156110
2016-01-14,1073.6,1093.6,1095.4,1071.1,174240
2016-01-15,1090.7,1079.2,1097.5,1076,173460
2016-01-18,1089.1,1089.3,1094.5,1082.1,160110
2016-01-20,1106.2,1087.3,1109.9,1087.1,193280
2016-01-21,1098.2,1100.9,1106.2,1092.5,178740
2016-01-22,1096.3,1101.6,1103.5,1094.4,142740
2016-01-25,1105.3,1097.8,1109.2,1097.6,176360
2016-01-26,1120.2,1108.2,1123.2,1107.2,197690
2016-01-27,1115.8,1119.9,1128,1114.9,168710
2016-01-28,1116.1,1126.2,1126.4,1110.2,151220
2016-01-29,1116.4,1114.8,1118.9,1108.5,133250
2016-02-01,1128,1118,1130.2,1115.3,118520
2016-02-02,1127.2,1128.5,1131.5,1122.6,117730
2016-02-03,1141.3,1129.4,1146.2,1124.8,189230
2016-02-04,1157.5,1142.5,1157.9,1139.7,177210
2016-02-05,1157.7,1155.7,1175,1145.5,214890
2016-02-08,1197.9,1174,1201.4,1164.5,249460
2016-02-09,1198.6,1189.5,1199.3,1185.9,190800
2016-02-10,1194.6,1189.7,1198.1,1181.6,168640
2016-02-11,1247.8,1197.5,1263.9,1196.3,365650
2016-02-12,1239.4,1247.1,1248.7,1232.9,191130
2016-02-15,1208.2,1236.3,1236.3,1191.5,340800
2016-02-17,1211.4,1201.9,1214.4,1196.2,162450
2016-02-18,1226.3,1209.5,1240.6,1201.3,182120
2016-02-19,1230.8,1231.2,1235.3,1220.6,184250
2016-02-22,1210.1,1226.9,1226.9,1202.5,160970
2016-02-23,1222.6,1208.9,1229,1207.6,184480
2016-02-24,1239.1,1226,1254.3,1222.4,274240
2016-02-25,1238.8,1228.9,1244.4,1221.8,208220
2016-02-26,1220.4,1232.5,1241.3,1212,218710
2016-02-29,1234.4,1223.1,1241.8,1216.3,183450
2016-03-01,1230.8,1238.9,1249.3,1227.7,225610
2016-03-02,1241.8,1232.3,1244.8,1225.1,182780
2016-03-03,1258.2,1240.8,1269.3,1238,226300
2016-03-04,1270.7,1264.6,1280.7,1250.1,361180
2016-03-07,1264,1260.5,1274.1,1257.4,212790
2016-03-08,1262.9,1267.9,1279,1261,206130
2016-03-09,1257.4,1262.2,1265.7,1243.6,223140
2016-03-10,1272.8,1253.7,1274.3,1237.5,304980
2016-03-11,1259.4,1272,1287.8,1249,235780
2016-03-14,1245.1,1250.9,1261.9,1229.9,207560
2016-03-15,1231,1237,1238.7,1226,185330
2016-03-16,1229.8,1233.1,1264.8,1227,203810
2016-03-17,1265,1262,1271.9,1255.2,208120
2016-03-18,1254.3,1257.7,1267.7,1248.4,158070
2016-03-21,1244.2,1255.2,1256.7,1241.2,176620
2016-03-22,1248.6,1244.3,1260.9,1242.8,195730
2016-03-23,1224,1248.5,1249.8,1215.4,266170
2016-03-24,1221.6,1220.7,1224.2,1211.2,169700
2016-03-28,1220.1,1216,1223.2,1206,142680
2016-03-29,1235.8,1221.5,1243.4,1215.3,189730
2016-03-30,1228.6,1243,1246.8,1224.9,183330
2016-03-31,1235.6,1227,1242.3,1225.1,120320
2016-04-01,1223.5,1234.1,1237.2,1210.3,196900
2016-04-04,1219.3,1223,1224.1,1215.7,91060
2016-04-05,1229.6,1217.1,1238.8,1216,157090
2016-04-06,1223.8,1232.6,1233.8,1217.2,135330
2016-04-07,1237.5,1224,1245,1224,189410
2016-04-08,1243.8,1241.8,1244.6,1231,132370
2016-04-11,1258,1241.8,1260.9,1241.6,160930
2016-04-12,1260.9,1259.8,1264.7,1253,157240
2016-04-13,1248.3,1257.2,1258.7,1241.4,155990
2016-04-14,1226.5,1243.8,1245.9,1225.4,204790
2016-04-15,1234.6,1228.5,1237.6,1226.8,121270
2016-04-18,1235,1236.3,1243.3,1231.7,148660
2016-04-19,1254.3,1233.9,1258.5,1229,217390
2016-04-20,1254.4,1251.3,1259.8,1244,165250
2016-04-21,1250.3,1244.5,1272.4,1244.4,272940
2016-04-22,1230,1248.5,1254.2,1228.5,209490
2016-04-25,1240.2,1234.5,1243.8,1231.3,120770
2016-04-26,1243.4,1239.8,1246.5,1232.7,148110
2016-04-27,1250.4,1245.7,1254.6,1240.7,171510
2016-04-28,1266.4,1247.3,1271.7,1239.1,227210
2016-04-29,1290.5,1268,1299,1267,273990
2016-05-02,1295.8,1293.2,1306,1289.6,198260
2016-05-03,1291.8,1293.4,1303.9,1284,214990
2016-05-04,1274.4,1287.7,1291.8,1273.6,212950
2016-05-05,1272.3,1281.2,1288.4,1270.6,174580
2016-05-06,1294,1279.3,1297.7,1276.2,257610
2016-05-09,1266.6,1286.7,1289.5,1262.8,225230
2016-05-10,1264.8,1265.4,1272,1258.3,174080
2016-05-11,1275.5,1267.3,1280.8,1266.3,239700
2016-05-12,1271.2,1279.3,1282.5,1262.9,218100
2016-05-13,1272.7,1264.8,1277.7,1264,174350
2016-05-16,1274.2,1273.1,1290.4,1271.6,198780
2016-05-17,1276.9,1274.9,1283.9,1270.1,205190
2016-05-18,1274.4,1280.6,1283.5,1256,233580
2016-05-19,1254.8,1259.1,1262.3,1244.6,270060
2016-05-20,1252.9,1256.3,1261.2,1249.6,205160
2016-05-23,1251.5,1251.7,1256.8,1243.5,218720
2016-05-24,1229.2,1249.5,1252.8,1226.2,322960
2016-05-25,1223.8,1227.3,1230.2,1217.7,246050
2016-05-26,1220.4,1223.6,1234.6,1218.4,199780
2016-05-27,1216.7,1222.3,1225.8,1209,2e+05
2016-05-30,1217.5,1215.1,1220.6,1201.5,236150
2016-06-01,1214.7,1217.9,1222.9,1208.2,159620
2016-06-02,1212.6,1215.9,1220,1212,112600
2016-06-03,1242.9,1212.8,1247.4,1209.1,240700
2016-06-06,1247.4,1245.5,1251.3,1242.1,162940
2016-06-07,1247,1248,1249,1236.9,120510
2016-06-08,1262.3,1247,1267.2,1245.5,181730
2016-06-09,1272.7,1264.6,1274.4,1259.4,153260
2016-06-10,1275.9,1271.5,1280.9,1267.3,160810
2016-06-13,1286.9,1278.3,1290.3,1275.2,202810
2016-06-14,1288.1,1286.2,1293,1278.6,193070
2016-06-15,1288.3,1288.1,1300,1281.3,199450
2016-06-16,1298.4,1295,1318.9,1280.1,354150
2016-06-17,1294.8,1282.4,1302.7,1278.8,211620
2016-06-20,1292.1,1293,1296.8,1280.8,193800
2016-06-21,1272.5,1292.5,1297.4,1267.1,207160
2016-06-22,1270,1271.4,1273.5,1263.8,132680
2016-06-23,1263.1,1268.1,1274.9,1256.9,152590
2016-06-24,1322.4,1254.3,1362.6,1252.8,574240
2016-06-27,1324.7,1322.3,1340,1320.8,258329
2016-06-28,1317.9,1328.3,1329.5,1308.2,195980
2016-06-29,1326.9,1313.9,1331,1313.3,176820
2016-06-30,1320.6,1321,1326.5,1315.3,192950
2016-07-01,1339,1324.8,1347,1323.1,223730
2016-07-04,1358.7,1345,1360.3,1338.5,353810
2016-07-06,1367.1,1358,1377.5,1356.3,237060
2016-07-07,1362.1,1365.7,1372.9,1352,218460
2016-07-08,1358.4,1361,1371.8,1336.3,301190
2016-07-11,1356.6,1368.9,1376.5,1351.8,230700
2016-07-12,1335.3,1356.3,1358.9,1331,257339
2016-07-13,1343.6,1334,1346.3,1328.1,204590
2016-07-14,1332.2,1344.5,1348,1320.4,264330
2016-07-15,1327.4,1336.4,1339.5,1322.6,191830
2016-07-18,1329.3,1333.4,1336,1323.5,163210
2016-07-19,1332.3,1329.1,1335.5,1325.8,150620
2016-07-20,1319.3,1332.2,1338.8,1312.5,224990
2016-07-21,1331,1316.2,1334,1310.7,253460
2016-07-22,1323.4,1331.4,1334,1319.4,232260
2016-07-25,1319.5,1322.7,1323.4,1311.1,263660
2016-07-26,1320.8,1315.5,1324.4,1313.6,203410
2016-07-27,1326.7,1319.9,1342.3,1315.6,215390
2016-07-28,1341.2,1347.5,1352.6,1339.2,194760
2016-07-29,1357.5,1342.7,1362,1335,229250
2016-08-01,1359.6,1357.2,1361.9,1353.2,112660
2016-08-02,1372.6,1360.6,1374.2,1353.7,161780
2016-08-03,1364.7,1370.5,1373.4,1360.6,138590
2016-08-04,1367.4,1364.7,1371.4,1355.1,170000
2016-08-05,1344.4,1367.2,1371,1340.4,223140
2016-08-08,1341.3,1341.2,1343.9,1335.3,137540
2016-08-09,1346.7,1341.2,1348.5,1336,124480
2016-08-10,1351.9,1347,1363.6,1345.7,191320
2016-08-11,1350,1353.2,1359.4,1341.4,155590
2016-08-12,1343.2,1344.7,1362.5,1338.3,239550
2016-08-15,1347.5,1343.6,1349.1,1340.9,120150
2016-08-16,1356.9,1345.2,1364.3,1344.8,221720
2016-08-17,1348.8,1351.3,1356.8,1340.5,169160
2016-08-18,1357.2,1353.8,1361.5,1351.2,170560
2016-08-19,1346.2,1357.1,1357.9,1342,185030
2016-08-22,1343.4,1345,1345.7,1335.4,156450
2016-08-23,1346.1,1343.6,1348.8,1338.9,132030
2016-08-24,1329.7,1342.2,1344.1,1327,225490
2016-08-25,1324.6,1327.4,1330.2,1321,167660
2016-08-26,1325.9,1324.8,1346,1321.2,300050
2016-08-29,1327.1,1323.8,1328.5,1317.2,142230
2016-08-30,1316.5,1327,1328.9,1312,159330
2016-08-31,1311.4,1314.7,1319.2,1306.9,179950
2016-09-01,1317.1,1311.7,1318.6,1305.5,179600
2016-09-02,1326.7,1318,1334,1307.4,234250
2016-09-05,1354,1328.1,1357.2,1325.5,281260
2016-09-07,1349.2,1353.5,1357.6,1346.9,151820
2016-09-08,1341.6,1349.1,1353.9,1339.1,182890
2016-09-09,1334.5,1341.6,1343.6,1331.2,163930
2016-09-12,1325.6,1332,1333.8,1323.3,194660
2016-09-13,1323.7,1331.7,1335.9,1318.8,180760
2016-09-14,1326.1,1322.6,1329.8,1316.6,139430
2016-09-15,1318,1325.8,1332.5,1312.1,211230
2016-09-16,1310.2,1318.3,1321.5,1309.2,138210
2016-09-19,1317.8,1313.2,1321.8,1312.6,115840
2016-09-20,1318.2,1316.3,1321.1,1315.2,93720
2016-09-21,1331.4,1318,1341.3,1310.9,268970
2016-09-22,1344.7,1338.9,1347.8,1335.1,166860
2016-09-23,1341.7,1340.3,1344.5,1337.4,113260
2016-09-26,1344.1,1340.8,1346.1,1336.5,126600
2016-09-27,1330.4,1342,1343.5,1327.7,187750
2016-09-28,1323.7,1330.1,1331.1,1321.1,157570
2016-09-29,1326,1325,1329.4,1318.6,157340
2016-09-30,1317.1,1323.6,1331.5,1316,214120
2016-10-03,1312.7,1321,1322.6,1311.8,130139
2016-10-04,1269.7,1315,1315.4,1269,351260
2016-10-05,1268.6,1270.5,1279.4,1264.1,213860
2016-10-06,1253,1269.7,1271.6,1251.8,190190
2016-10-07,1251.9,1256.8,1267.6,1243.2,274150
2016-10-10,1260.4,1258.5,1266.8,1258.5,140760
2016-10-11,1255.9,1261.7,1264,1254.3,141050
2016-10-12,1253.8,1254.5,1260.5,1251.2,141580
2016-10-13,1257.6,1257.1,1263.9,1254.7,150100
2016-10-14,1255.5,1259.5,1260.7,1246.9,179880
2016-10-17,1256.6,1252.9,1258.2,1251.1,111890
2016-10-18,1262.9,1256,1265.6,1255.9,148170
2016-10-19,1269.9,1263.9,1274.4,1261.1,143610
2016-10-20,1267.5,1270.6,1275.9,1265.5,137040
2016-10-21,1267.7,1266.5,1268.8,1261.7,101390
2016-10-24,1263.7,1266.9,1272.8,1260.1,156820
2016-10-25,1273.6,1265.2,1277.5,1262.4,140030
2016-10-26,1266.6,1274,1277.2,1265.1,142110
2016-10-27,1269.5,1267.2,1273.7,1265.2,135140
2016-10-28,1276.8,1269.2,1285.4,1262,232890
2016-10-31,1273.1,1278.3,1280.5,1271.9,123700
2016-11-01,1288,1277.8,1292.9,1276.3,207260
2016-11-02,1308.2,1289,1309.3,1288.4,241700
2016-11-03,1303.3,1298.1,1308,1286.2,228550
2016-11-04,1304.5,1303.2,1308.3,1295.7,217450
2016-11-07,1279.4,1294.5,1296.5,1278.6,221680
2016-11-08,1274.5,1282.2,1291.5,1273.3,202500
2016-11-09,1273.5,1276.8,1338.3,1268.1,816530
2016-11-10,1266.4,1278.4,1292.5,1251.9,413560
2016-11-11,1224.3,1258.7,1265,1218.7,444590
2016-11-14,1221.7,1227.7,1230.9,1211,351970
2016-11-15,1224.5,1221.8,1231.4,1218.6,234170
2016-11-16,1223.9,1228,1233.1,1221,204450
2016-11-17,1216.9,1224.8,1231.1,1210.5,237790
2016-11-18,1208.7,1216,1217.5,1201.3,257110
2016-11-21,1209.8,1207.3,1217.8,1205.4,167830
2016-11-22,1211.2,1213.5,1220.9,1205.6,210550
2016-11-23,1189.3,1212.6,1214.7,1181.2,367810
2016-11-24,1178.4,1189.4,1192.7,1170.3,300280
2016-11-28,1190.8,1184.4,1197.2,1182.4,189910
2016-11-29,1190.8,1196.6,1197.7,1182.6,216190
2016-11-30,1173.9,1190.7,1196.8,1171.3,249320
2016-12-01,1169.4,1175.1,1178.4,1162.2,230280
2016-12-02,1177.8,1174.3,1180.3,1168.4,175970
2016-12-05,1176.5,1182.6,1190.2,1158.6,221460
2016-12-06,1170.1,1172.8,1177.1,1168.1,137610
2016-12-07,1177.5,1171.4,1182.3,1167.2,145810
2016-12-08,1172.4,1176.1,1180.7,1170.9,147750
2016-12-09,1161.9,1172.5,1173.8,1157.6,162820
2016-12-12,1165.8,1161.4,1167.9,1152.5,166800
2016-12-13,1159,1164.5,1167,1156.3,142850
2016-12-14,1163.7,1159.8,1168,1140,214400
2016-12-15,1129.8,1143.8,1146,1124.3,281610
2016-12-16,1137.4,1130.5,1143.2,1128.5,178640
2016-12-19,1142.7,1136.1,1144.4,1135.5,119180
2016-12-20,1133.6,1139.8,1141.7,1127.3,146050
2016-12-21,1133.2,1134,1138.8,1131,114060
2016-12-22,1130.7,1133.2,1135.5,1128.6,120320
2016-12-23,1133.6,1130,1137.3,1129.5,74800
2016-12-27,1138.8,1135.3,1151.7,1132.8,108450
2016-12-28,1140.9,1139.3,1145.1,1137.1,112510
2016-12-29,1158.1,1143.1,1160.6,1142.6,158030
2016-12-30,1151.7,1159.5,1164.3,1150.3,143850
2017-01-03,1162,1151.4,1166,1146.5,229180
2017-01-04,1165.3,1159.6,1168.6,1156.7,179880
2017-01-05,1181.3,1164.6,1185.9,1163.6,272120
2017-01-06,1173.4,1181,1183.8,1171.1,226430
2017-01-09,1184.9,1172.9,1186.4,1172.2,179030
2017-01-10,1185.5,1181.3,1190.6,1180.2,224810
2017-01-11,1196.6,1188.1,1198.5,1177,328690
2017-01-12,1199.8,1191.1,1207.2,1190.7,269320
2017-01-13,1196.2,1194.8,1201.8,1187.5,288620
2017-01-16,1212.9,1199.4,1218.9,1198,381420
2017-01-18,1212.1,1216.8,1217.7,1201.8,203650
2017-01-19,1201.5,1203.1,1206.4,1195.4,247400
2017-01-20,1204.9,1204.8,1214.8,1198.2,244340
2017-01-23,1215.6,1209.3,1219.4,1209,237410
2017-01-24,1210.8,1218,1220.1,1206.2,216010
2017-01-25,1197.8,1208.6,1209.3,1192.6,299180
2017-01-26,1189.8,1200.7,1202.3,1183.9,244310
2017-01-27,1188.4,1188.5,1191,1179.7,234350
2017-01-30,1196,1194.6,1201.3,1190,191770
2017-01-31,1211.4,1197.7,1217.4,1195.6,246900
2017-02-01,1208.3,1212.2,1215,1199.7,217090
2017-02-02,1219.4,1211.2,1227.5,1210.2,232060
2017-02-03,1220.8,1217.8,1223.2,1208.3,217980
2017-02-06,1232.1,1221.9,1237.5,1220.8,197320
2017-02-07,1236.1,1236.9,1237.5,1229.2,202310
2017-02-08,1239.5,1235.2,1246.6,1231.3,221910
2017-02-09,1236.8,1242.7,1246.2,1226.1,246140
2017-02-10,1235.9,1229.6,1238.9,1222.6,240050
2017-02-13,1225.8,1234.2,1234.4,1220.3,176620
2017-02-14,1225.4,1226.1,1236,1222.7,233750
2017-02-15,1233.1,1228.6,1234.9,1217.5,226710
2017-02-16,1241.6,1234.3,1243.7,1233.3,203790
2017-02-17,1239.1,1240.8,1245.1,1235.3,164410
2017-02-20,1238.9,1236.4,1240.2,1226.8,259510
2017-02-22,1233.3,1236.9,1241.9,1231.5,201340
2017-02-23,1251.4,1238.3,1252.2,1236.4,264970
2017-02-24,1258.3,1250.6,1261.2,1248.8,220130
2017-02-27,1258.8,1258.9,1264.9,1251.5,208490
2017-02-28,1253.9,1253.3,1259.3,1248.2,234940
2017-03-01,1250,1248.5,1251.4,1237.2,318040
2017-03-02,1232.9,1249.9,1250.8,1231.1,272760
2017-03-03,1226.5,1234.8,1236.7,1223,272290
2017-03-06,1225.5,1233.9,1237.3,1225,156980
2017-03-07,1216.1,1225.7,1227.4,1214.1,203710
2017-03-08,1209.4,1215.6,1218.5,1206.4,211110
2017-03-09,1203.2,1207.7,1208.9,1199,233510
2017-03-10,1201.4,1200.2,1206.2,1194.5,257839
2017-03-13,1203.1,1205,1210.9,1202,173920
2017-03-14,1202.6,1203.5,1207.5,1196.9,183720
2017-03-15,1200.7,1198.7,1222,1196.8,264340
2017-03-16,1227.1,1219.5,1234,1218.1,257890
2017-03-17,1230.2,1226.2,1231.5,1224,153150
2017-03-20,1234,1229,1235.5,1228.8,126340
2017-03-21,1246.5,1234.2,1247.7,1226.6,285630
2017-03-22,1249.7,1244.5,1251.5,1243.8,216450
2017-03-23,1247.2,1248.6,1253.3,1242.7,234770
2017-03-24,1248.5,1245,1251.9,1240.7,207570
2017-03-27,1255.7,1245.5,1261,1245.5,237270
2017-03-28,1255.6,1253.5,1258.4,1247.3,243240
2017-03-29,1253.7,1250.8,1254.4,1246.9,190680
2017-03-30,1248,1256.1,1256.5,1244.2,217660
2017-03-31,1251.2,1244.6,1252.8,1241.5,165210
2017-04-03,1254,1251.9,1255.9,1246.4,142200
2017-04-04,1258.4,1255.5,1263.7,1255.5,158360
2017-04-05,1248.5,1258.2,1259.3,1245.4,236740
2017-04-06,1253.3,1257.6,1260.9,1251.3,165260
2017-04-07,1257.3,1253.9,1273.3,1252.4,375410
2017-04-10,1253.9,1255.6,1258.9,1248.2,182200
2017-04-11,1274.2,1256.8,1277.4,1254.7,292140
2017-04-12,1278.1,1277.2,1289,1273.8,251100
2017-04-13,1288.5,1288.3,1290.7,1283.8,235460
2017-04-17,1291.9,1292.4,1297.4,1283.1,191670
2017-04-18,1294.1,1286.7,1294.4,1280.6,280740
2017-04-19,1283.4,1291.7,1292.7,1275.4,260700
2017-04-20,1283.8,1282.2,1285.2,1278,245620
2017-04-21,1289.1,1283.3,1290.1,1280,229600
2017-04-24,1277.5,1280,1280,1266,302840
2017-04-25,1270.6,1281,1282.9,1266.4,5260
2017-04-26,1267.6,1268.5,1276,1264.3,5320
2017-04-27,1269.3,1274,1274.1,1265.6,2460
2017-04-28,1271.7,1268.7,1273,1268,6320
2017-05-01,1258.9,1273.1,1275.7,1258.6,7670
2017-05-02,1260.5,1261,1262,1256.1,8940
2017-05-03,1252,1260.6,1260.9,1240,9160
2017-05-04,1232,1242.2,1245,1229.3,29800
2017-05-05,1230.4,1232.6,1238.8,1229.8,25270
2017-05-08,1230.6,1227.9,1240.2,1225.5,19470
2017-05-09,1219.6,1229.7,1232.1,1217.8,21490
2017-05-10,1222.4,1225.3,1229,1221,17230
2017-05-11,1227.7,1221.9,1231.2,1221.2,55140
2017-05-12,1231.1,1228.5,1235.1,1227.9,22140
2017-05-15,1233.4,1231.3,1240.6,1230.3,9800
2017-05-16,1239.7,1234.4,1242.4,1233.6,19190
2017-05-17,1262,1240.1,1264.7,1240,24730
2017-05-18,1256.1,1264.5,1268.3,1249.1,25730
2017-05-19,1256.8,1249.9,1259.5,1249.5,24000
2017-05-22,1264.8,1260,1265.8,1254.8,45560
2017-05-23,1258.9,1263.2,1267.1,1254,54130
2017-05-24,1256.5,1253.8,1262.2,1250.9,48740
2017-05-25,1259.8,1261.6,1262.8,1256.9,63170
2017-05-26,1271.4,1258.6,1272.7,1256.2,159000
2017-05-29,1265.7,1271.2,1273.4,1261.8,286210
2017-05-30,1269.3,1273.7,1276.8,1265.5,5460
2017-05-31,1279,1268.5,1280,1266,1320
2017-06-01,1273.6,1274.8,1275.2,1267.5,750
2017-06-02,1283.8,1272.2,1285.3,1265.3,2530
2017-06-05,1286.3,1286,1289.3,1284,520
2017-06-06,1301.1,1286.4,1302.1,1286.3,2620
2017-06-07,1293.2,1297,1297.6,1285,218850
2017-06-08,1279.5,1289.5,1291.5,1273.5,257440
2017-06-09,1271.4,1283.5,1284.6,1266.7,219210
2017-06-12,1268.9,1269.7,1272.4,1265.6,173010
2017-06-13,1268.6,1267.7,1271,1260.5,175600
2017-06-14,1275.9,1268.4,1284.2,1259,348340
2017-06-15,1254.6,1262.7,1268.5,1252.7,255150
2017-06-16,1256.5,1255.6,1258.6,1253.2,149110
2017-06-19,1246.7,1255.8,1257.3,1244.3,179650
2017-06-20,1243.5,1245.4,1249.4,1242.4,185390
2017-06-21,1245.8,1243.9,1248.8,1241.7,170460
2017-06-22,1249.4,1246.4,1256,1246.4,187390
2017-06-23,1256.4,1250.9,1260,1250.6,162670
2017-06-26,1246.4,1258.1,1259,1236.5,227470
2017-06-27,1246.9,1245.2,1253.8,1241.8,213420
2017-06-28,1249.1,1247.3,1255.7,1246.7,195070
2017-06-29,1247.6,1253.9,1256.5,1243.5,1210
2017-06-30,1244.1,1245,1245,1242.7,450
2017-07-03,1221,1244.4,1244.4,1220.2,240
2017-07-04,1221.7,1220.1,1228.4,1216.5,366770
2017-07-05,1223.4,1223,1230,1218.3,370
2017-07-06,1225,1228,1229,1224.2,140
2017-07-07,1211.4,1221.7,1228.9,1209.8,510
2017-07-10,1214.9,1212.6,1216,1205.9,390
2017-07-11,1216.4,1214.3,1218.2,1209.6,280
2017-07-12,1220.8,1218.7,1226,1215.8,280
2017-07-13,1218.9,1219.8,1224.6,1217.4,320
2017-07-14,1229.1,1218.4,1234,1216.8,340
2017-07-17,1235.3,1230.6,1236.8,1230.6,610
2017-07-18,1243.4,1235.5,1245.1,1234.8,870
2017-07-19,1243.4,1243.4,1244.4,1237.5,350
2017-07-20,1246.8,1242.1,1248.2,1236,460
2017-07-21,1256,1245,1256.3,1244.4,330
2017-07-24,1255.6,1256,1259.6,1253.1,1200
2017-07-25,1253.5,1256.1,1259,1250.4,1230
2017-07-26,1250.8,1250.7,1264.7,1244.8,1510
2017-07-27,1261.5,1261.3,1266.2,1255.5,2510
2017-07-28,1271.9,1261.9,1273.7,1260.3,20060
2017-07-31,1270.1,1273,1273.9,1268.4,5010
2017-08-01,1276.1,1272.4,1276.9,1265.2,14030
2017-08-02,1275.1,1271.7,1275.6,1265.8,4280
2017-08-03,1271.1,1269,1273.7,1259.7,6860
2017-08-04,1261.3,1272,1273,1256.9,9060
2017-08-07,1261.4,1261.4,1262.4,1258.1,1430
2017-08-08,1262.6,1262.9,1271,1257.1,247540
2017-08-09,1279.3,1266.1,1284.7,1265.9,290970
2017-08-10,1290.1,1283.2,1293.8,1280.3,269830
2017-08-11,1294,1292.5,1298.1,1286.7,265330
2017-08-14,1290.4,1296.4,1296.4,1284.2,238070
2017-08-15,1279.7,1287,1287.7,1272.7,287560
2017-08-16,1282.9,1276.9,1289.5,1273.2,273200
2017-08-17,1292.4,1290,1296,1286.4,329840
2017-08-18,1291.6,1293.8,1306.9,1289.1,396540
2017-08-21,1296.7,1289.1,1299.7,1286.2,261480
2017-08-22,1291,1297.1,1298.1,1287,268990
2017-08-23,1294.7,1290.4,1297,1287.9,235690
2017-08-24,1292,1296,1296.8,1289.3,246720
2017-08-25,1297.9,1291.3,1301.4,1281.3,358610
2017-08-28,1315.3,1297.6,1317.8,1297,321810
2017-08-29,1318.9,1320.5,1331.9,1310.6,460450
2017-08-30,1314.1,1314.8,1319.3,1310.1,312010
2017-08-31,1322.2,1314.1,1329,1302.3,376310
2017-09-01,1330.4,1326.9,1334.5,1321.4,368170
2017-09-04,1344.5,1339.7,1349.7,1331.1,368170
2017-09-05,1344.5,1339.7,1349.7,1331.1,557990
2017-09-06,1339,1345,1347.7,1336.4,309350
2017-09-07,1350.3,1339,1355.5,1337.2,363780
2017-09-08,1351.2,1354,1362.4,1347.1,386650
2017-09-11,1335.7,1341.5,1344.6,1330.6,303110
2017-09-12,1332.7,1331.7,1336.3,1326.7,287750
2017-09-13,1328,1336.2,1340.5,1324.5,306370
2017-09-14,1329.3,1327.6,1334.9,1319.5,336580
2017-09-15,1325.2,1333.7,1338.2,1323,320510
2017-09-18,1310.8,1324,1324,1308.1,271330
2017-09-19,1310.6,1310.5,1315.3,1308.7,275310
2017-09-20,1316.4,1314.7,1319.8,1299.5,351420
2017-09-21,1294.8,1304.8,1305,1291.2,402210
2017-09-22,1297.5,1294.1,1301.9,1294.1,264470
2017-09-25,1311.5,1301.5,1315.8,1291.7,362670
2017-09-26,1301.7,1314.2,1317.1,1295,385650
2017-09-27,1287.8,1297.3,1299.2,1284.1,374770
2017-09-28,1292.8,1289.2,1295.3,1284.6,1690
2017-09-29,1288.9,1293.9,1297,1282.5,3490
2017-10-02,1279.9,1286.6,1286.6,1276.3,2190
2017-10-03,1278.7,1277.3,1281.1,1275.2,1560
2017-10-04,1280.9,1278.3,1288.7,1277.2,1810
2017-10-05,1277.3,1282,1285.5,1273.4,1830
2017-10-06,1279,1275.4,1283,1267,5140
2017-10-09,1289.1,1283.3,1291.9,1282,3100
2017-10-10,1298,1290.5,1300.8,1289.8,14670
2017-10-11,1293.1,1294.4,1300,1291.6,2440
2017-10-12,1300.8,1298.6,1303.5,1296.4,6410
2017-10-13,1308.9,1300.2,1310.2,1297.5,2650
2017-10-16,1307.3,1310.3,1312.7,1296.9,1960
2017-10-17,1290.4,1301.6,1302.4,1287.7,7300
2017-10-18,1287.2,1291,1294.3,1282.9,3240
2017-10-19,1294.2,1287,1295.9,1282,22760
2017-10-20,1284.6,1296.2,1296.5,1283.7,11080
2017-10-23,1285.1,1283.4,1288.3,1277.7,3150
2017-10-24,1282.5,1286.9,1289,1279,2990
2017-10-25,1283.2,1282.4,1285.2,1276.1,4480
2017-10-26,1273.8,1283.8,1287.8,1270.9,11670
2017-10-27,1276,1272.2,1279,1268.1,4059
2017-10-30,1281.9,1278.1,1283.9,1274,7200
2017-10-31,1274.7,1281.3,1282.4,1272.8,16930
2017-11-01,1281.6,1275.7,1286,1273.3,11110
2017-11-02,1282.4,1279.7,1289.2,1278.3,9990
2017-11-03,1273.4,1282.3,1285,1270.1,12750
2017-11-06,1285.9,1274.7,1288.1,1270.9,17780
2017-11-07,1280.1,1286.7,1287,1276.8,19790
2017-11-08,1288,1281.4,1292.2,1281,23180
2017-11-09,1291.8,1286.4,1293.8,1284.8,27340
2017-11-10,1278.5,1291.1,1291.6,1278,36010
2017-11-13,1283.3,1279.2,1284.2,1278.9,22810
2017-11-14,1287.3,1282.9,1288.1,1274.4,23060
2017-11-15,1282.1,1285,1294.3,1281,28690
2017-11-16,1282.6,1282.8,1286.1,1279.4,17920
2017-11-17,1300.9,1282.7,1301.7,1282.6,35510
2017-11-20,1279.7,1300,1300,1278.5,39000
2017-11-21,1286.2,1281,1288.7,1280.2,60040
2017-11-22,1296.8,1284.8,1299,1283.1,103580
2017-11-23,1287.3,1291.9,1293.3,1285.1,347030
2017-11-24,1291.8,1296.1,1297.6,1289.5,83550
2017-11-27,1298.9,1292,1303.4,1290.7,144650
2017-11-28,1299.2,1298.8,1301.3,1294.5,230270
2017-11-29,1290.6,1302,1304.5,1289.6,4780
2017-11-30,1281.1,1291.4,1292.1,1277.5,4920
2017-12-01,1286.7,1281.7,1296.6,1278.6,3210
2017-12-04,1282.1,1282.6,1284.6,1277.8,1470
2017-12-05,1269.3,1283.6,1284,1267.8,3100
2017-12-06,1270.5,1272.7,1275.7,1269.4,1800
2017-12-07,1257.5,1269.8,1271,1250.4,4500
2017-12-08,1252.8,1253.8,1258.4,1248.8,3630
2017-12-11,1251.3,1255,1257.4,1247.2,2240
2017-12-12,1246.1,1248,1251.6,1242.7,4710
2017-12-13,1253.1,1250.6,1263.8,1246.7,4800
2017-12-14,1261.6,1262,1266,1257.4,5680
2017-12-15,1262,1260.8,1269,1260.6,4980
2017-12-18,1270,1261.4,1271.4,1260.5,2170
2017-12-19,1268.8,1269.5,1272.5,1266.9,3430
2017-12-20,1274.2,1269.7,1275.8,1269.4,2930
2017-12-21,1275.3,1273.9,1276.8,1271.5,6160
2017-12-22,1283.4,1275.3,1285,1273.4,7110
2017-12-26,1292.2,1284.4,1293,1282.5,1910
2017-12-27,1296,1292.5,1297.8,1290.8,4810
2017-12-28,1301.9,1296.3,1302,1295.2,6630
2017-12-29,1314,1302,1314.6,1300.9,14170
2018-01-02,1320.9,1309.9,1325,1309.3,18340
2018-01-03,1323.4,1323.7,1327.4,1313.9,20470
2018-01-04,1326.4,1319.5,1331.9,1312,29630
2018-01-05,1327.1,1328.7,1329.3,1319.6,14450
2018-01-08,1325.2,1325.6,1327.8,1320.7,31680
2018-01-09,1318.5,1326.1,1326.2,1314.4,48110
2018-01-10,1324.1,1318.2,1333,1313.9,38910
2018-01-11,1327.3,1322,1329.3,1321,19600
2018-01-12,1339.8,1327.9,1344.8,1326,36010
2018-01-15,1337.1,1337.3,1345,1332.1,499760
2018-01-16,1342,1342,1349.7,1337,39940
2018-01-17,1344,1344.4,1349.2,1331.3,59490
2018-01-18,1332,1332.2,1338,1329.1,21630
2018-01-19,1338,1332.3,1342.7,1331.6,35640
2018-01-22,1336.9,1339.4,1340.3,1332.9,104320
2018-01-23,1341.7,1338.4,1346.6,1335.8,70400
2018-01-24,1361.4,1346.2,1366.8,1344.1,159340
2018-01-25,1368,1362.7,1370.5,1346.2,142580
2018-01-26,1357.2,1352.7,1361,1348.6,142270
2018-01-29,1345.1,1353.7,1356.3,1340.9,233760
2018-01-30,1345.2,1349.6,1357.4,1342.9,7580
2018-01-31,1348.4,1346.5,1355.9,1341.2,5950
2018-02-01,1353.1,1352.5,1359.4,1345.7,3870
2018-02-02,1342.5,1355.4,1358.4,1335.3,6840
2018-02-05,1341.7,1339.7,1349.2,1336.7,4520
2018-02-06,1334.7,1347.3,1354.4,1328,6260
2018-02-07,1319.8,1332.6,1339.5,1318.8,4790
2018-02-08,1324.2,1325.5,1329.5,1314.5,7800
2018-02-09,1320.9,1328.5,1330,1318.5,6270
2018-02-12,1331.5,1322,1335,1321.9,7760
2018-02-13,1335.4,1329.7,1338.6,1329.1,5040
2018-02-14,1363.1,1336.7,1363.6,1325,14550
2018-02-15,1360.7,1357.8,1365,1356.3,11530
2018-02-16,1361.6,1361.8,1369.6,1353,17720
2018-02-19,1331.2,1350.2,1354,1330.6,374050
2018-02-20,1336.6,1355.1,1359,1336.1,15410
2018-02-21,1337.5,1336.6,1343.1,1330,2960
2018-02-22,1338.1,1332.3,1339.5,1328.2,10480
2018-02-23,1335.8,1339.3,1339.3,1333,7850
2018-02-26,1338.4,1335,1348.1,1334.4,15350
2018-02-27,1324.2,1340.5,1343.8,1320.4,14020
2018-02-28,1323.7,1324.5,1329.2,1322.5,24310
2018-03-01,1311,1325.6,1327.6,1309.3,27770
2018-03-02,1329.2,1323.9,1332.4,1321.9,10250
2018-03-05,1325.7,1330.6,1334.4,1324,16200
2018-03-06,1341,1326.6,1345.5,1326.6,13450
2018-03-07,1333.4,1343.8,1347.5,1329,31030
2018-03-08,1327.6,1332.2,1335.5,1325.5,31570
2018-03-09,1329.9,1328.1,1331.6,1319.1,43900
2018-03-12,1326.7,1329.8,1330.4,1321.4,31320
2018-03-13,1333,1329.3,1334.6,1320,40230
2018-03-14,1331.4,1332.4,1336.4,1327.6,28680
2018-03-15,1323.5,1330.7,1333.8,1320.7,14090
2018-03-16,1318,1322.3,1327.4,1315.3,26990
2018-03-19,1323.4,1319.5,1325.2,1313.1,49990
2018-03-20,1317.6,1322.4,1323.7,1312.4,56560
2018-03-21,1327.3,1317,1342.6,1315.5,66740
2018-03-22,1333.2,1338,1340.8,1330.3,70660
2018-03-23,1355.7,1335.5,1356.3,1334.7,127200
2018-03-26,1360.9,1350.6,1361.8,1349.2,192810
2018-03-27,1347.9,1359.3,1362.6,1345.4,296480
2018-03-28,1336.1,1356.8,1358.3,1334,8690
2018-03-29,1333.3,1335.3,1338.5,1331.6,4280
2018-04-02,1352.9,1336.3,1355.1,1335.1,4980
2018-04-03,1343.4,1351.2,1352.4,1339,3700
2018-04-04,1346.3,1342.5,1358.3,1341.6,4500
2018-04-05,1334.7,1342.6,1344.3,1332.3,3520
2018-04-06,1342.3,1336.2,1345,1328.9,4470
2018-04-09,1346.2,1343.2,1347.1,1336.6,7290
2018-04-10,1352,1345.7,1352.2,1340.6,4320
2018-04-11,1366.2,1348.8,1375.1,1348.8,8770
2018-04-12,1348,1362.6,1362.6,1342.9,12190
2018-04-13,1354.1,1345.3,1356.3,1341.7,8200
2018-04-16,1356.9,1353.7,1359.7,1349.4,2910
2018-04-17,1355.7,1354.9,1357.5,1346.8,3100
2018-04-18,1359.7,1356.4,1365.1,1351.8,4160
2018-04-19,1355,1358.4,1363.9,1349.8,2990
2018-04-20,1344.5,1353,1353,1343.3,11020
2018-04-23,1330.2,1343,1343.4,1329.9,8039
2018-04-24,1339.2,1333.9,1340.5,1330,5100
2018-04-25,1329,1337.8,1339.9,1326.4,8119
2018-04-26,1324.2,1330.6,1334,1322.7,4290
2018-04-27,1329.7,1324.1,1332.6,1322.3,5210
2018-04-30,1325.3,1330.6,1332,1317,25610
2018-05-01,1313,1322.1,1322.8,1308.6,12150
2018-05-02,1311.8,1310.6,1320.9,1310.6,27660
2018-05-03,1319,1312,1325.2,1312,12610
2018-05-04,1321,1318.9,1322.7,1314.9,13280
2018-05-07,1320.4,1321.9,1326.4,1316.9,19440
2018-05-08,1320,1321.1,1324.7,1312.4,52680
2018-05-09,1319.3,1321.3,1324.1,1310.9,39310
2018-05-10,1328.6,1319.1,1329.5,1317,20630
2018-05-11,1327,1327.9,1332.4,1323.8,25710
2018-05-14,1324.3,1324.5,1328.7,1319,30880
2018-05-15,1296.2,1318.9,1320.8,1294.1,39690
2018-05-16,1297.4,1295.5,1302.3,1291.8,22140
2018-05-17,1295.2,1295.9,1299.6,1290,20020
2018-05-18,1296.9,1295.9,1299.1,1291,26610
2018-05-21,1296.4,1295.6,1298.4,1286.8,53900
2018-05-22,1297.4,1298.2,1301.3,1292.8,47660
2018-05-23,1294.8,1295.9,1303.8,1292,67840
2018-05-24,1309.8,1298,1311.8,1297.4,101750
2018-05-25,1309,1309,1312.6,1304.6,96670
2018-05-28,1299,1297.2,1306.1,1291.4,386330
2018-05-29,1304.1,1305.7,1311.3,1296.6,362210
2018-05-30,1312.7,1313,1314.8,1306.5,1970
2018-05-31,1310.8,1314,1317,1308,1860
2018-06-01,1305.4,1309.6,1310.1,1299.4,2320
2018-06-04,1303.4,1303.9,1308.2,1300,1450
2018-06-05,1308.3,1302.6,1310.6,1299.9,1480
2018-06-06,1307.4,1307.1,1312,1304,3730
2018-06-07,1308.9,1306.8,1313.2,1305,3770
2018-06-08,1308.8,1307.3,1310.4,1302.1,2860
2018-06-11,1309.3,1309.6,1312.7,1304,1660
2018-06-12,1305.5,1309.5,1309.5,1302.9,900
2018-06-13,1307.4,1304.8,1310.3,1300.7,2440
2018-06-14,1314.4,1309,1318.9,1307.3,1790
2018-06-15,1284.3,1310.6,1312,1284,6060
2018-06-18,1286,1287,1290.7,1285.6,2000
2018-06-19,1284.4,1287.8,1292.4,1278.6,1890
2018-06-20,1280.3,1281.3,1283.7,1275.6,5700
2018-06-21,1276.3,1275.8,1277.7,1268.5,3150
2018-06-22,1276.4,1274.5,1278.2,1274.5,2660
2018-06-25,1274.7,1277.7,1280,1272.2,1660
2018-06-26,1265.6,1273.1,1275,1262.6,1920
2018-06-27,1261.9,1265.9,1267.4,1258.2,3910
2018-06-28,1256.7,1258.8,1261.3,1253,3150
2018-06-29,1260.2,1254.8,1262.5,1253,3460
2018-07-02,1247.1,1260,1260.6,1246.1,9330
2018-07-03,1259,1249.1,1263.9,1244.3,6210
2018-07-04,1258.8,1257.7,1261,1252.2,392950
2018-07-05,1264.2,1259.1,1267.6,1257.5,4210
2018-07-06,1261.4,1264.1,1264.5,1259.3,2690
2018-07-09,1265.3,1261.6,1272.3,1261.6,5730
2018-07-10,1261.1,1264.3,1266.5,1253.6,4530
2018-07-11,1250,1261.6,1262.5,1247.4,6240
2018-07-12,1252,1248.3,1254,1247.1,6630
2018-07-13,1246.4,1252.8,1253.5,1242,7790
2018-07-16,1244.8,1246.8,1250.6,1243.7,4240
2018-07-17,1232.3,1245.9,1250.2,1231.3,5000
2018-07-18,1232.9,1232.7,1233.4,1226,4970
2018-07-19,1228.7,1231.9,1234.2,1215.7,20770
2018-07-20,1235.5,1228.3,1236.6,1220.4,8720
2018-07-23,1229.7,1235.7,1239.3,1226.7,7640
2018-07-24,1230,1229.3,1234,1222.8,10640
2018-07-25,1236.4,1228.8,1238.6,1228,6860
2018-07-26,1230.5,1236.1,1239.8,1226.6,24230
2018-07-27,1227.8,1227.4,1231.5,1221.4,16490
2018-07-30,1231.5,1231.1,1234.1,1227.8,183750
2018-07-31,1233.6,1230.5,1237.8,1222.6,297830
2018-08-01,1227.6,1232.7,1233.7,1224.4,218460
2018-08-02,1220.1,1224.7,1230,1215.3,234630
2018-08-03,1223.2,1216,1228.5,1212.5,280210
2018-08-06,1217.7,1222,1226,1214.4,199540
2018-08-07,1218.3,1215.8,1224.3,1215.6,205380
2018-08-08,1221,1218.7,1223.8,1213.6,263240
2018-08-09,1219.9,1222,1225.6,1218.4,232040
2018-08-10,1219,1220,1224.9,1213.1,328240
2018-08-13,1198.9,1218.4,1221.4,1198.6,374120
2018-08-14,1200.7,1201.1,1205.8,1198.9,242550
2018-08-15,1185,1201.5,1202,1180,377680
2018-08-16,1184,1183,1189,1167.1,362110
2018-08-17,1184.2,1180.7,1192,1178.5,255790
2018-08-20,1194.6,1190.4,1197.7,1189.6,205770
2018-08-21,1200,1197.3,1204.3,1194.3,218290
2018-08-22,1203.3,1203,1208.4,1199.2,234150
2018-08-23,1194,1202.8,1203.4,1190.2,232880
2018-08-24,1213.3,1191.6,1215.4,1189.5,293980
2018-08-27,1216,1214.5,1218.8,1209.3,209190
2018-08-28,1214.4,1217.7,1220.7,1205.8,273180
2018-08-29,1211.5,1206.6,1213.7,1206.6,241900
2018-08-30,1205,1212.6,1214,1202.1,288070
2018-08-31,1206.7,1206.3,1214.9,1204.1,265110
2018-09-03,1199.1,1207,1207.6,1195.1,421470
2018-09-04,1199.1,1206.3,1209.7,1195.1,421470
2018-09-05,1201.3,1197.2,1204.2,1196.4,209560
2018-09-06,1204.3,1202.5,1212.7,1200.5,284200
2018-09-07,1200.4,1205.6,1209,1198.7,287650
2018-09-10,1199.8,1200.7,1203.8,1196.2,213400
2018-09-11,1202.2,1200.4,1204.8,1192.7,263070
2018-09-12,1210.9,1203.5,1213.9,1197.6,304320
2018-09-13,1208.2,1212.4,1218,1205,304350
2018-09-14,1201.1,1206.6,1213.8,1197.7,282260
2018-09-17,1205.8,1199.8,1209.7,1197.5,209940
2018-09-18,1202.9,1206.4,1208.2,1200.3,229110
2018-09-19,1208.3,1202.8,1211,1202.2,233870
2018-09-20,1211.3,1208.8,1213.2,1205.1,241610
2018-09-21,1201.3,1212.1,1215.8,1196,344750
2018-09-24,1204.4,1204,1208.8,1198.6,214290
2018-09-25,1205.1,1203.1,1207.9,1201.3,197640
2018-09-26,1199.1,1205.5,1206.9,1194.6,343480
2018-09-27,1192.9,1205,1208,1191.4,7620
2018-09-28,1201.9,1192.6,1203.4,1190,3690
2018-10-01,1197.4,1201.7,1202.1,1193.8,3490
2018-10-02,1212.7,1198,1217.8,1198,3740
2018-10-03,1208.6,1213.1,1217.5,1206.6,2060
2018-10-04,1207.4,1207.5,1216.1,1205.3,11230
2018-10-05,1211.5,1209.5,1215.2,1206.8,8430
2018-10-08,1194.5,1213.5,1213.5,1192,5890
2018-10-09,1197.4,1197.7,1201,1192.8,4840
2018-10-10,1199.3,1199.3,1204,1194.6,7150
2018-10-11,1233.6,1204.3,1235.7,1200.7,18340
2018-10-12,1227.9,1234.1,1234.1,1225.5,8200
2018-10-15,1236.3,1226.8,1242.6,1226.8,4700
2018-10-16,1236.9,1236.7,1241.7,1232.4,1890
2018-10-17,1233.3,1233.5,1238.5,1229.8,2250
2018-10-18,1236.1,1231.4,1239.3,1227.7,3410
2018-10-19,1234.6,1234.8,1239.5,1232.6,2360
2018-10-22,1230.6,1236.3,1238.6,1228.8,12320
2018-10-23,1242.9,1231.3,1248.9,1230.6,4010
2018-10-24,1237.2,1239.4,1243,1234.3,2260
2018-10-25,1238.6,1243,1248,1236.8,14070
2018-10-26,1241.9,1241,1252,1239.1,7730
2018-10-29,1233.7,1242.9,1243.6,1232.3,5190
2018-10-30,1231.3,1238.1,1238.5,1227.5,5160
2018-10-31,1220.8,1230.3,1230.7,1219.4,21570
2018-11-01,1244.5,1222.3,1245,1222.3,25430
2018-11-02,1239.3,1241.8,1244,1237.3,10190
2018-11-05,1238.4,1240.6,1242.4,1234.5,11090
2018-11-06,1232.4,1239.4,1243.5,1231,12000
2018-11-07,1234.8,1234.6,1244,1230.6,24650
2018-11-08,1231.2,1233.8,1234.3,1227,33190
2018-11-09,1214.6,1230.3,1230.3,1213.3,48330
2018-11-12,1209.4,1216,1218,1206.6,30630
2018-11-13,1207.3,1207.7,1211.3,1202.4,35580
2018-11-14,1216,1209.7,1223.2,1204,23060
2018-11-15,1221.1,1217.7,1222.8,1213.3,16270
2018-11-16,1229,1220.3,1232.1,1220.3,30630
2018-11-19,1231.1,1229,1232.2,1224.5,34540
2018-11-20,1227,1230.7,1235.4,1226.1,46660
2018-11-21,1233.8,1228.7,1236.7,1226.2,53070
2018-11-22,1223.2,1227.8,1229.2,1220.3,240350
2018-11-23,1229.1,1232.8,1235.5,1226.2,62610
2018-11-26,1228.7,1230.4,1234.5,1228,142170
2018-11-27,1219.9,1228.5,1231.7,1217.8,135210
2018-11-28,1229.8,1220.9,1233.8,1216.8,209030
2018-11-29,1236.3,1232.9,1240.5,1232.9,3080
2018-11-30,1231.8,1235.1,1236.7,1227.8,2620
2018-12-03,1245.5,1233.3,1246.1,1233,2380
2018-12-04,1252.5,1242.5,1253.3,1241.9,3670
2018-12-05,1248.6,1250.6,1250.6,1244.8,1640
2018-12-06,1249.6,1249.8,1255.6,1246,5320
2018-12-07,1258.7,1249,1261.9,1249,7940
2018-12-10,1255.6,1261.5,1262.3,1253.2,5920
2018-12-11,1253.4,1256.2,1261,1252.6,7130
2018-12-12,1256.2,1254.3,1258.5,1253.5,4900
2018-12-13,1253.6,1257.2,1257.6,1250.8,3890
2018-12-14,1247.5,1252.2,1253.3,1242.5,3720
2018-12-17,1258,1247.4,1258.3,1245.9,5210
2018-12-18,1259.8,1256.1,1260.2,1255.2,10500
2018-12-19,1262.6,1259.9,1268.2,1251.6,5060
2018-12-20,1274.2,1253.3,1276.3,1252.5,10100
2018-12-21,1264.2,1270,1272.3,1263.3,5350
2018-12-24,1278,1266.3,1279.9,1266.3,3900
2018-12-26,1279.2,1279.2,1288.3,1274,4220
2018-12-27,1287.4,1275.9,1287.7,1275.6,5520
2018-12-28,1289.3,1283.8,1289.9,1283.1,4610
2018-12-31,1287.7,1289.6,1292.6,1285.8,11640
2019-01-02,1290.5,1291.4,1297,1287,14460
2019-01-03,1301.2,1293.5,1302.8,1292.8,15280
2019-01-04,1292.2,1301.4,1306.5,1284.6,11880
2019-01-07,1296.4,1293.3,1303.2,1290.7,12450
2019-01-08,1292.4,1296.4,1297.2,1286.7,38260
2019-01-09,1298.5,1292.6,1301.3,1287.3,30710
2019-01-10,1294,1301.3,1304.3,1293.2,39620
2019-01-11,1296.1,1294.1,1302.1,1293.9,33600
2019-01-14,1298,1294.5,1303.1,1294.4,42250
2019-01-15,1294.9,1298.9,1301.3,1293.1,27920
2019-01-16,1300.3,1295.9,1301.9,1294.1,17570
2019-01-17,1298.7,1300.5,1301.3,1294.8,19830
2019-01-18,1288.9,1298.3,1298.6,1286.3,32330
2019-01-21,1283.4,1280.7,1285,1276,318850
2019-01-22,1289.5,1287.5,1291.1,1282.1,73640
2019-01-23,1290.2,1290.8,1292.1,1284,62350
2019-01-24,1285.9,1288.3,1290,1281.5,70660
2019-01-25,1304.2,1286,1309.3,1284.8,90110
2019-01-28,1309.3,1308.5,1309.8,1302.7,126080
2019-01-29,1315.2,1308.5,1317.1,1307.8,185540
2019-01-30,1321.9,1323.2,1334.9,1320,8290
2019-01-31,1331.6,1332,1337.2,1328.8,4300
2019-02-01,1328.6,1332.1,1334.2,1327.2,3620
2019-02-04,1325.8,1329,1329.5,1319.3,2890
2019-02-05,1325.8,1322.4,1327.3,1321.5,4210
2019-02-06,1320.9,1325.7,1326.1,1316.6,2260
2019-02-07,1320.7,1317.2,1322.2,1313.2,5730
2019-02-08,1325,1320.5,1325.9,1318.2,6480
2019-02-11,1318.4,1324.6,1324.9,1313.7,4950
2019-02-12,1320.4,1317.1,1324.6,1317.1,3900
2019-02-13,1321.6,1321.3,1328,1314.9,5400
2019-02-14,1320.4,1316.7,1323.7,1311.3,3610
2019-02-15,1328.5,1322,1332.2,1320.7,2830
2019-02-18,1344.8,1325,1345,1323.8,348640
2019-02-19,1351.3,1331.1,1351.4,1330.5,5590
2019-02-20,1354.4,1350.3,1356,1346.8,4040
2019-02-21,1334.3,1348.1,1350.7,1330,6330
2019-02-22,1339.4,1332.4,1342,1330.3,8270
2019-02-25,1336.1,1336.9,1341.4,1334,4220
2019-02-26,1335.2,1336,1338.8,1332.1,8870
2019-02-27,1327.9,1337.7,1338,1325,18900
2019-02-28,1322.7,1328,1335,1320.6,8310
2019-03-01,1305.8,1322,1323.2,1297.8,32360
2019-03-04,1294,1301,1304.6,1290.3,13640
2019-03-05,1291.2,1294.1,1297,1288.5,18120
2019-03-06,1294.2,1295.2,1298.1,1290.9,13120
2019-03-07,1292.8,1293.5,1296.1,1287.5,51050
2019-03-08,1306,1293.2,1307.7,1292.2,33720
2019-03-11,1297.6,1305.5,1305.6,1297.1,34470
2019-03-12,1304.5,1300.1,1308.8,1298.6,37830
2019-03-13,1315.8,1307.9,1317.9,1307.3,33490
2019-03-14,1301.4,1315.6,1316.6,1299,31490
2019-03-15,1308.9,1301.9,1312.3,1300.1,39410
2019-03-18,1307.7,1308.3,1312.7,1304.3,24630
2019-03-19,1312.7,1309.4,1316.9,1308.2,34040
2019-03-20,1307.8,1311.8,1323.3,1304.3,55440
2019-03-21,1313.6,1318.6,1326.3,1309.1,61630
2019-03-22,1318.7,1315.4,1320.9,1312.8,79640
2019-03-25,1329,1319.7,1330.8,1317,85900
2019-03-26,1321.4,1328.3,1329.3,1318.5,122600
2019-03-27,1316.9,1321.7,1325.2,1313.7,201610
2019-03-28,1301.4,1320.5,1323.2,1299.5,5570
2019-03-29,1304.5,1301.1,1310.4,1297.6,2980
2019-04-01,1300.3,1302.9,1307.5,1297.2,1810
2019-04-02,1301.4,1298.3,1303,1296,5420
2019-04-03,1301.3,1302.8,1304.8,1298.8,3910
2019-04-04,1300.3,1301.4,1304.5,1290.9,9900
2019-04-05,1301.7,1302.7,1303.6,1294.3,3960
2019-04-08,1307.9,1302.5,1313.8,1301.8,3370
2019-04-09,1314.3,1308.3,1316.1,1307.5,4220
2019-04-10,1319.9,1314.5,1320.7,1311,5550
2019-04-11,1299.3,1318.1,1318.8,1299,4330
2019-04-12,1301.2,1302,1305,1299.8,2670
2019-04-15,1297.4,1300.5,1301,1291.4,6250
2019-04-16,1283.2,1297,1297.4,1281.7,6090
2019-04-17,1282.8,1285.4,1287.9,1281.4,3340
2019-04-18,1282,1282.1,1285.4,1278.9,2800
2019-04-22,1283.7,1283.9,1287.6,1282,1030
2019-04-23,1279.2,1283.2,1284.2,1274,21340
2019-04-24,1285.4,1279.9,1286.6,1276.4,5030
2019-04-25,1285.7,1283.8,1290.5,1281.7,3600
2019-04-26,1294.8,1285.6,1296.8,1282.6,5390
2019-04-29,1287.5,1294.7,1294.7,1285.9,4920
2019-04-30,1291.7,1287.6,1294,1287.5,5550
2019-05-01,1290.2,1291.1,1295.4,1281.2,8119
2019-05-02,1277.8,1284.7,1285.1,1273.2,27370
2019-05-03,1287.2,1277.5,1289.7,1275,8820
2019-05-06,1289.8,1287.1,1292.8,1284.1,10350
2019-05-07,1291.6,1288.8,1293.1,1285.1,25230
2019-05-08,1287.4,1291.5,1298.7,1286.5,27530
2019-05-09,1291.2,1288,1295.1,1286.4,36980
2019-05-10,1293.3,1290.9,1296,1289.8,28700
2019-05-13,1307.7,1293.7,1308,1288.3,44190
2019-05-14,1302.1,1306.6,1310.1,1300.1,16550
2019-05-15,1303.7,1303.4,1307.5,1299.3,17970
2019-05-16,1292,1303.2,1305.1,1289.9,19650
2019-05-17,1281.4,1292.6,1294.6,1280.4,19970
2019-05-20,1282.9,1282.3,1284.4,1279.1,40740
2019-05-21,1278.8,1283,1283.1,1274.6,39300
2019-05-22,1279.5,1280,1282.4,1277.6,37140
2019-05-23,1291,1278.5,1292.5,1277.5,73370
2019-05-24,1289.2,1288.9,1290.3,1285.8,77730
2019-05-27,1277.1,1283.5,1286.9,1275.1,362160
2019-05-28,1282.5,1289.2,1292.6,1280.8,211070
2019-05-29,1286.3,1284.3,1290.3,1283.8,201240
2019-05-30,1298.3,1290.1,1299.1,1285.6,870
2019-05-31,1316.9,1299.1,1317.5,1299.1,1800
2019-06-03,1333.7,1317.4,1338.3,1317.4,1640
2019-06-04,1334.5,1335.4,1339.3,1330.6,2660
2019-06-05,1339.3,1335.5,1354.5,1335.5,1710
2019-06-06,1348.4,1342,1349.2,1337.7,540
2019-06-07,1351.8,1346.4,1357.4,1341.4,1390
2019-06-10,1335,1347.9,1347.9,1334.7,1780
2019-06-11,1337,1338,1339.2,1329.6,1140
2019-06-12,1342.5,1336.4,1347.6,1336.4,1330
2019-06-13,1349.5,1343,1352.5,1342.3,900
2019-06-14,1350.4,1353.7,1367.8,1347.5,3060
2019-06-17,1348.8,1350.4,1352.6,1342.8,700
2019-06-18,1356.6,1349.1,1364,1348.3,1360
2019-06-19,1354.7,1355.8,1372.2,1351,1470
2019-06-20,1402.9,1370.2,1403.4,1367.3,3230
2019-06-21,1405.9,1398.6,1420.9,1392.3,2029
2019-06-24,1424.1,1411.9,1430.7,1409.8,1950
2019-06-25,1424.6,1428.6,1447,1421.8,3530
2019-06-26,1421.2,1432.5,1432.6,1411,2330
2019-06-27,1417.9,1417.6,1420.8,1407.5,4280
2019-06-28,1419.6,1418.7,1433.5,1414.6,1910
2019-07-01,1395.3,1411,1411,1390.9,6870
2019-07-02,1414.2,1393.7,1429.2,1393.2,4080
2019-07-03,1427.1,1428.5,1446.8,1421.4,3970
2019-07-04,1400.1,1421.6,1426.8,1388.6,577380
2019-07-05,1406.3,1429.6,1432.6,1395,4430
2019-07-08,1406.2,1407.2,1415.9,1400.1,3280
2019-07-09,1406.8,1404,1408.1,1394,4550
2019-07-10,1418.8,1406.2,1427,1398.2,3770
2019-07-11,1413,1427.1,1435.6,1409.8,3700
2019-07-12,1418.5,1412.3,1425,1411.5,2029
2019-07-15,1419.9,1424,1427.6,1415.7,3140
2019-07-16,1417.6,1422.6,1426.1,1408.8,3850
2019-07-17,1429.7,1414.9,1434.6,1407.8,5350
2019-07-18,1434.5,1434.8,1456,1421.9,7440
2019-07-19,1433.2,1455.1,1460.3,1427.6,11800
2019-07-22,1433.4,1434.9,1437.2,1430,5040
2019-07-23,1428.2,1431.7,1437,1421.1,6650
2019-07-24,1430.2,1424.9,1436.6,1423.4,6930
2019-07-25,1421.2,1433,1440.6,1417.7,12740
2019-07-26,1425.9,1422.3,1431.4,1419.4,11290
2019-07-29,1427.2,1425.8,1434.7,1421.4,10860
2019-07-30,1441.8,1439.5,1445.7,1434.8,259620
2019-07-31,1437.8,1443.7,1447.8,1422.3,419580
2019-08-01,1432.4,1425.6,1458.2,1412.1,587560
2019-08-02,1457.5,1457.5,1461.9,1442.5,493050
2019-08-05,1476.5,1451.2,1481.8,1448.8,534190
2019-08-06,1484.2,1481.1,1486.8,1468.2,381920
2019-08-07,1519.6,1486.7,1522.7,1484.3,651550
2019-08-08,1509.5,1512.1,1521.3,1501.6,402960
2019-08-09,1508.5,1515.9,1521.1,1506.2,332610
2019-08-12,1517.2,1509.2,1531.5,1498.6,355100
2019-08-13,1514.1,1522.3,1546.1,1488.9,616740
2019-08-14,1527.8,1513,1534.9,1504.5,484190
2019-08-15,1531.2,1526.6,1537.7,1518.3,436120
2019-08-16,1523.6,1533.9,1538.6,1513.9,322460
2019-08-19,1511.6,1523,1523.6,1503.3,295830
2019-08-20,1515.7,1506.3,1518.8,1503,247540
2019-08-21,1515.7,1518.4,1518.4,1506.5,245900
2019-08-22,1508.5,1512.4,1514.6,1502.1,279410
2019-08-23,1537.6,1508.8,1540.3,1503,473000
2019-08-26,1537.2,1545.4,1565,1534.8,411670
2019-08-27,1551.8,1537.3,1554.5,1535.3,347050
2019-08-28,1549.1,1551.8,1556.6,1541.4,353910
2019-08-29,1536.9,1549.4,1559.8,1528.6,455600
2019-08-30,1529.4,1536.9,1541.9,1525.6,330850
2019-09-02,1555.9,1535.2,1558.9,1528,554830
2019-09-03,1555.9,1535.2,1558.9,1528,554830
2019-09-04,1560.4,1556,1566.2,1542.6,412350
2019-09-05,1525.5,1561.4,1561.9,1514.3,606400
2019-09-06,1515.5,1525.6,1536.2,1510.7,544870
2019-09-09,1511.1,1516.4,1523.8,1505.5,317520
2019-09-10,1499.2,1507,1509.1,1492.1,397920
2019-09-11,1503.2,1493.9,1506.2,1492.9,308790
2019-09-12,1507.4,1504.9,1532.2,1496.8,491470
2019-09-13,1499.5,1506.5,1516.6,1493.1,364420
2019-09-16,1511.5,1513.1,1519.7,1503.4,349610
2019-09-17,1513.4,1506.5,1515,1500.9,336630
2019-09-18,1515.8,1509.7,1519.5,1490.7,364960
2019-09-19,1506.2,1502,1512.1,1496.3,291300
2019-09-20,1515.1,1506.8,1524.5,1505.3,284390
2019-09-23,1531.5,1521.5,1534.4,1517.9,359880
2019-09-24,1540.2,1529.8,1543.3,1522.8,424860
2019-09-25,1512.3,1539.8,1542.8,1507.4,481460
2019-09-26,1515.2,1510.9,1519.5,1507.1,378290
2019-09-27,1513.1,1518.2,1520.5,1500.5,12370
2019-09-30,1479.6,1509.5,1513.1,1477.1,14290
2019-10-01,1495.7,1485.8,1500,1471.8,9660
2019-10-02,1514.5,1493.6,1517.7,1487.5,8890
2019-10-03,1520.5,1512.3,1532.4,1509.2,5020
2019-10-04,1519.7,1518,1527.9,1508.2,10990
2019-10-07,1511.2,1524.2,1524.2,1500.2,7250
2019-10-08,1510.7,1506,1522,1500.8,4440
2019-10-09,1519.6,1517.5,1524,1512,4530
2019-10-10,1507.7,1516.8,1529,1503,5020
2019-10-11,1495.5,1505.5,1514.6,1484.9,8890
2019-10-14,1504.4,1499.2,1508.3,1494.1,6090
2019-10-15,1490.3,1503,1509.2,1487.9,2920
2019-10-16,1500.8,1491.4,1501.8,1487.4,15130
2019-10-17,1505.2,1500.8,1507.8,1494.6,4180
2019-10-18,1501,1502,1504.1,1495.3,5960
2019-10-21,1495,1502,1505.3,1491.8,9400
2019-10-22,1494.5,1494.9,1498.7,1491,4540
2019-10-23,1502.7,1498.4,1506.2,1498,3700
2019-10-24,1511.7,1501.3,1513.7,1497.6,4630
2019-10-25,1512.3,1512.9,1527.8,1510.3,7870
2019-10-28,1502.9,1514,1517.6,1499.4,8080
2019-10-29,1497.7,1501.9,1504,1492.8,23590
2019-10-30,1503.8,1496.9,1506,1490.3,28480
2019-10-31,1521.8,1504.7,1523.7,1503.3,19340
2019-11-01,1518.5,1521.4,1525.2,1512.6,23690
2019-11-04,1518.3,1522.9,1524,1513.6,24620
2019-11-05,1490.8,1518.7,1518.8,1487.7,133260
2019-11-06,1500.3,1491.2,1503,1491.2,25710
2019-11-07,1473.3,1498.8,1500.7,1468.4,138190
2019-11-08,1469.8,1476,1480.7,1463.4,70220
2019-11-11,1464.1,1466.7,1474.1,1455.9,46580
2019-11-12,1460.6,1463,1468.1,1453.1,94340
2019-11-13,1470.2,1463.8,1474.8,1463.8,43670
2019-11-14,1480.2,1471.7,1482.2,1468.7,43480
2019-11-15,1475.4,1478.7,1478.9,1469.8,31130
2019-11-18,1478.8,1475.1,1481.1,1463.3,33190
2019-11-19,1481.2,1477.9,1482.6,1471.8,35810
2019-11-20,1481,1481.4,1486,1473,58280
2019-11-21,1470.5,1481.3,1482.7,1469.4,75500
2019-11-22,1470.5,1470.9,1480.3,1468.1,81550
2019-11-25,1463.8,1467.5,1468.9,1460.7,126740
2019-11-26,1467.4,1461.3,1470,1456.6,285630
2019-11-27,1466,1473.7,1473.9,1464.5,15690
2019-11-28,1472.7,1461.2,1472.9,1459.1,272340
2019-11-29,1478.1,1467.8,1478.3,1464.5,4580
2019-12-02,1474.6,1474.1,1477.1,1465.8,10810
2019-12-03,1489.9,1473.4,1493.1,1471.2,13270
2019-12-04,1485.6,1488.8,1495.2,1482.3,15900
2019-12-05,1488.6,1486.5,1491,1483.4,4690
2019-12-06,1470.7,1486.7,1490,1469,15150
2019-12-09,1470.5,1469,1475.2,1469,4900
2019-12-10,1473.7,1471.6,1478.8,1469.7,8280
2019-12-11,1480.6,1474.3,1487.8,1472.7,13020
2019-12-12,1477.9,1484.2,1496.7,1474.2,5120
2019-12-13,1486.9,1477.9,1488.1,1472.2,7230
2019-12-16,1486.1,1485.8,1490,1483.4,2830
2019-12-17,1486.4,1486,1490.5,1484.3,10200
2019-12-18,1484.4,1486.2,1489.4,1480.4,5320
2019-12-19,1490,1485.2,1491.3,1483.1,6560
2019-12-20,1486.6,1488.6,1490.4,1485.2,1450
2019-12-23,1494.4,1487.2,1495.7,1487.2,2460
2019-12-24,1510.6,1495.5,1510.8,1494.1,5110
2019-12-26,1520.3,1509.8,1523,1508,7830
2019-12-27,1524.1,1521.9,1525.6,1518,10680
2019-12-30,1524.6,1521.9,1525,1519.6,6880
2019-12-31,1529.3,1523.8,1534.5,1523.8,18810
2020-01-02,1534.3,1527.5,1540.1,1526,19190
2020-01-03,1558.7,1537.9,1562.2,1536.7,19720
2020-01-06,1575.1,1572.2,1595.7,1568.9,48640
2020-01-07,1580.5,1573.1,1585.3,1563.3,45630
2020-01-08,1566.5,1583.3,1619.6,1559.8,55740
2020-01-09,1560.6,1564.3,1568.3,1547.4,35810
2020-01-10,1566.4,1560.1,1570.3,1553,47510
2020-01-13,1557,1569.5,1569.5,1553.4,82130
2020-01-14,1550.9,1555.4,1555.6,1542.8,43900
2020-01-15,1560.1,1552.9,1564.8,1552.9,44840
2020-01-16,1556.5,1562.6,1564.4,1554.1,32580
2020-01-17,1566.5,1558.3,1567.5,1555.5,37820
2020-01-20,1557.9,1557.3,1568.8,1546,462620
2020-01-21,1564.1,1564.2,1574.8,1552.1,68330
2020-01-22,1562.9,1564.4,1565.7,1556.3,76260
2020-01-23,1571.6,1564.7,1573.7,1557.5,69900
2020-01-24,1578.2,1568.4,1581.6,1562.1,124270
2020-01-27,1583.7,1586.1,1594.7,1581.6,138920
2020-01-28,1575.8,1587.1,1588.5,1570.4,194660
2020-01-29,1576,1572,1583,1567.9,238020
2020-01-30,1595.1,1587.3,1596.5,1583.1,13360
2020-01-31,1593.8,1584.9,1601.2,1581.2,6870
2020-02-03,1588.3,1603.6,1603.9,1579.1,3910
2020-02-04,1561.4,1588.4,1589.6,1558.7,6790
2020-02-05,1568.7,1563.4,1571.7,1556.9,10770
2020-02-06,1575.8,1564.5,1577.6,1562,3200
2020-02-07,1579.2,1575.7,1583.3,1570,5770
2020-02-10,1585.4,1581.6,1586.3,1577.8,4940
2020-02-11,1575.9,1581.6,1583.1,1570.9,12950
2020-02-12,1577.3,1576.7,1579.2,1570.5,17800
2020-02-13,1584.5,1574.6,1587,1574.5,4720
2020-02-14,1591.9,1585.3,1593.6,1581.9,16790
2020-02-17,1603.6,1585.1,1608.2,1581.8,414240
2020-02-18,1609.3,1590.4,1613.8,1587.5,17650
2020-02-19,1617.5,1610.2,1621.5,1608.1,6160
2020-02-20,1626.2,1620,1632,1612.6,15700
2020-02-21,1654.6,1628.3,1657.4,1627.6,19990
2020-02-24,1682.4,1660.3,1697,1658.8,40170
2020-02-25,1655.8,1670,1670,1632.6,23320
2020-02-26,1648.9,1643,1662.7,1632.4,20860
2020-02-27,1648.2,1649.9,1668.2,1642.4,22880
2020-02-28,1571.8,1651.7,1656.1,1569.1,65340
2020-03-02,1599.5,1598.4,1616.5,1581.2,23690
2020-03-03,1648.9,1594.3,1654.7,1594.3,34660
2020-03-04,1647.2,1643,1658.6,1637.4,28130
2020-03-05,1672,1642.7,1679.2,1641.5,27670
2020-03-06,1676.1,1676.9,1696.5,1646.2,71200
2020-03-09,1678.6,1694.5,1707.8,1660.8,54570
2020-03-10,1663.3,1683.4,1683.5,1644.5,52240
2020-03-11,1645.4,1652.4,1674.7,1635.7,85840
2020-03-12,1593.2,1638.7,1654,1563.4,94800
2020-03-13,1519.5,1581,1600.4,1507,75400
2020-03-16,1488.6,1564.8,1576,1453,73790
2020-03-17,1528.1,1505.8,1556.4,1468.6,73570
2020-03-18,1480.6,1533.7,1548.9,1476,73220
2020-03-19,1482.3,1489.7,1505.2,1462.8,64610
2020-03-20,1488.1,1474.7,1522.5,1460.9,46270
2020-03-23,1572.7,1508.4,1574.8,1489.4,98800
2020-03-24,1663.3,1566.3,1693.5,1566.3,175510
2020-03-25,1634.3,1665.5,1698,1609,107990
2020-03-26,1660.3,1642.2,1677.2,1612,145430
2020-03-27,1654.1,1653.4,1661,1630.7,159260
2020-03-30,1643.5,1663.1,1674,1632.3,6140
2020-03-31,1596.6,1640.4,1641.6,1589.3,6070
2020-04-01,1591.7,1590.7,1611.9,1580,5770
2020-04-02,1637.7,1602.9,1645.2,1596.5,7550
2020-04-03,1645.5,1635,1652.6,1624.3,4330
2020-04-06,1692.2,1648.1,1712.9,1638.2,9300
2020-04-07,1682.8,1705,1739.7,1672.9,7220
2020-04-08,1683.8,1679,1694.6,1671.2,4760
2020-04-09,1752.1,1678.2,1753.5,1678.2,10130
2020-04-13,1760.9,1739.3,1771.3,1724.4,5100
2020-04-14,1769.4,1762.4,1789,1748.6,9460
2020-04-15,1741.2,1754.2,1760.1,1732.8,5810
2020-04-16,1733.2,1744,1768.5,1724.6,6730
2020-04-17,1700.1,1740,1740,1693.1,12310
2020-04-20,1712.6,1694.5,1719.3,1686.4,9960
2020-04-21,1689.8,1713,1719.3,1668.4,13050
2020-04-22,1741.4,1700.5,1745.2,1698.7,8540
2020-04-23,1748.8,1738,1767.4,1734.8,5560
2020-04-24,1739.7,1756.3,1763.7,1730,6690
2020-04-27,1728.7,1749.2,1750,1724.5,7470
2020-04-28,1727.8,1729.1,1736.7,1709.4,8400
2020-04-29,1719.2,1730.5,1739.2,1714,5110
2020-04-30,1701,1733.2,1742.7,1694.1,11760
2020-05-01,1707.2,1699.7,1720.2,1683.3,12180
2020-05-04,1720.3,1718.1,1731.5,1707,11140
2020-05-05,1718.9,1717.5,1725.6,1703.6,14770
2020-05-06,1696.5,1722.3,1724.5,1691,20000
2020-05-07,1735.7,1694.2,1743.1,1692.3,44140
2020-05-08,1726.6,1737,1745.1,1716.7,46930
2020-05-11,1711.3,1718.1,1726.6,1705,52430
2020-05-12,1717.3,1712.3,1728.4,1706.2,49230
2020-05-13,1726.9,1716.1,1734.9,1710.5,37390
2020-05-14,1752.1,1734.4,1757,1726.8,21060
2020-05-15,1768,1750,1772.8,1748.3,20760
2020-05-18,1746.7,1769.4,1787.5,1741.9,27740
2020-05-19,1757.9,1746.8,1763.9,1739.6,24240
2020-05-20,1765.6,1761.4,1770.1,1757.1,35790
2020-05-21,1736.9,1765.3,1765.3,1731.2,59710
2020-05-22,1753.5,1741.6,1758,1737.8,61870
2020-05-25,1705.6,1734.8,1737.2,1700,313170
2020-05-26,1728.2,1753,1755.6,1721.2,152500
2020-05-27,1726.8,1724.1,1729.1,1701.6,158950
2020-05-28,1737.3,1732.3,1752.4,1728.6,3350
2020-05-29,1760.7,1745,1763.3,1738,2660
2020-06-01,1759.1,1766.5,1768.5,1746.8,1820
2020-06-02,1743.3,1763,1765.8,1737.5,2200
2020-06-03,1716.1,1744.8,1745.7,1701.5,3460
2020-06-04,1738.1,1716.2,1739.2,1711.3,3070
2020-06-05,1694.1,1731.3,1732.8,1683.8,1740
2020-06-08,1715.7,1694.7,1716.9,1693.8,770
2020-06-09,1732.2,1715.1,1738.8,1709.8,2730
2020-06-10,1730.4,1732.3,1757.8,1724,2460
2020-06-11,1748.8,1758,1763.7,1737,1750
2020-06-12,1746.2,1744.9,1761.7,1738.1,680
2020-06-15,1735.7,1749.7,1750.2,1715.3,1060
2020-06-16,1745.3,1743.7,1749.2,1732,1170
2020-06-17,1744.3,1745.3,1747.4,1726.4,1260
2020-06-18,1739.9,1745,1756.4,1731.2,1830
2020-06-19,1761,1738.8,1767,1738.5,1970
2020-06-22,1774.2,1773,1786.3,1763.1,2610
2020-06-23,1789.8,1773.6,1793.9,1766.4,1490
2020-06-24,1784,1793,1803.7,1779.6,1470
2020-06-25,1779.7,1778.4,1788,1773.6,3560
2020-06-26,1789.8,1783.7,1795.4,1763.5,2090
2020-06-29,1790.6,1798.1,1799.1,1786.1,1370
2020-06-30,1810,1793.8,1813,1784.4,3300
2020-07-01,1790.8,1806.9,1816.8,1778.8,4210
2020-07-02,1801,1790.5,1802.5,1777.5,4650
2020-07-03,1793.5,1787.9,1799,1779.2,184650
2020-07-06,1804.9,1797.9,1810,1791,2540
2020-07-07,1821.7,1806.9,1822,1793,6820
2020-07-08,1834,1819.7,1842.3,1816.8,6300
2020-07-09,1817.6,1831.8,1838.6,1814.8,5320
2020-07-10,1815.6,1821.2,1830.4,1810.6,5210
2020-07-13,1827.8,1817,1832,1815.5,4010
2020-07-14,1825.5,1819,1826.9,1804.5,6310
2020-07-15,1826.1,1824.1,1830.8,1816.5,2410
2020-07-16,1811.7,1825.8,1827.4,1805.5,2860
2020-07-17,1820.9,1808.7,1824.3,1807.1,4310
2020-07-20,1827.4,1821.8,1833.2,1818.1,4490
2020-07-21,1853.8,1829.5,1854.7,1827.2,9180
2020-07-22,1876.7,1852.4,1883.3,1852.4,11130
2020-07-23,1902.2,1883.4,1911,1875,10770
2020-07-24,1910.1,1897,1917.4,1893,11640
2020-07-27,1941.4,1913.1,1954.6,1912.3,23250
2020-07-28,1952.8,1948.1,1985.9,1912.2,30150
2020-07-29,1965.3,1960.1,1986.4,1945.1,23270
2020-07-30,1966.8,1986.4,1987.3,1952.3,271380
2020-07-31,1985.9,1973.6,2005.4,1971.4,279320
2020-08-03,1986.3,1997.4,2009.5,1975.2,178750
2020-08-04,2021,1993.5,2037.7,1982.6,274420
2020-08-05,2049.3,2037,2070.3,2027.5,366380
2020-08-06,2069.4,2055,2081.8,2049,312760
2020-08-07,2028,2076.4,2089.2,2024.8,398130
2020-08-10,2039.7,2044.8,2060.8,2027.8,251310
2020-08-11,1946.3,2038.4,2040.5,1911.3,565000
2020-08-12,1949,1921.6,1961,1874.2,459840
2020-08-13,1970.4,1927.3,1974.8,1923,349890
2020-08-14,1949.8,1963.8,1970,1939.1,241800
2020-08-17,1998.7,1956.4,2000.8,1939.1,289440
2020-08-18,2013.1,1993.6,2024.6,1985.2,361480
2020-08-19,1970.3,2010.5,2015.6,1930.5,443260
2020-08-20,1946.5,1934.4,1963.1,1928.9,383340
2020-08-21,1947,1955.6,1963.1,1916.6,355070
2020-08-24,1939.2,1947.9,1970.3,1930.8,286260
2020-08-25,1923.1,1935.9,1944.1,1919.1,274110
2020-08-26,1952.5,1939,1963.4,1908.4,342210
2020-08-27,1932.6,1963,1987,1914.7,467170
2020-08-28,1974.9,1937.5,1983,1928.2,334100
2020-08-31,1978.6,1973.9,1985.8,1962.3,245110
2020-09-01,1978.9,1973.7,2001.2,1969.2,304890
2020-09-02,1944.7,1976.8,1980.4,1938.9,332590
2020-09-03,1937.8,1948.9,1956.6,1927.2,303030
2020-09-04,1934.3,1938,1956.6,1921.6,304740
2020-09-07,1943.2,1938,1948.3,1911.7,416010
2020-09-08,1943.2,1938,1948.3,1911.7,416010
2020-09-09,1954.9,1939.4,1959.7,1926.3,227180
2020-09-10,1964.3,1955.3,1975.2,1948.6,271480
2020-09-11,1947.9,1953.8,1963.4,1944,205230
2020-09-14,1963.7,1948.9,1972.5,1945.2,200090
2020-09-15,1966.2,1966.2,1982.4,1955.6,239540
2020-09-16,1970.5,1961.4,1983.8,1957.2,298390
2020-09-17,1949.9,1967.6,1969.3,1938.2,273140
2020-09-18,1962.1,1951.1,1968.2,1951.1,174770
2020-09-21,1910.6,1957.3,1962.9,1885.4,386670
2020-09-22,1907.6,1918.1,1925.5,1898.9,282710
2020-09-23,1868.4,1905.1,1909.9,1856,411560
2020-09-24,1876.9,1866.9,1880.9,1851,345040
2020-09-25,1866.3,1872.7,1879.3,1854.1,230860
2020-09-28,1882.3,1862.7,1888.2,1851.1,235920
2020-09-29,1910.4,1893.4,1911.8,1889.4,2220
2020-09-30,1902.6,1910.2,1915.2,1893.4,3470
2020-10-01,1923.4,1901.1,1924.5,1897.6,2190
2020-10-02,1914.7,1918,1930.4,1903.5,2000
2020-10-05,1927,1914.3,1931.6,1898.4,2920
2020-10-06,1915.8,1925,1933.5,1886.3,2920
2020-10-07,1897.7,1889,1908.5,1884,6460
2020-10-08,1902.7,1897.7,1911.9,1893,7060
2020-10-09,1933.6,1906,1944,1906,8330
2020-10-12,1936.3,1942.4,1945.3,1931.3,3010
2020-10-13,1902.2,1936.1,1937.8,1897.8,6200
2020-10-14,1915.1,1903,1925.1,1892.8,2330
2020-10-15,1916.6,1911.5,1920.7,1900.5,3290
2020-10-16,1914,1920.7,1925.8,1908.8,3170
2020-10-19,1919.3,1912.7,1930.8,1908.5,4530
2020-10-20,1922.9,1913.3,1925,1904.4,4820
2020-10-21,1936.9,1917.8,1943.2,1917.8,5000
2020-10-22,1912,1935.5,1936.1,1902,6460
2020-10-23,1912.7,1914.5,1924.5,1902.8,4610
2020-10-26,1913.2,1912.3,1918.3,1900.2,4280
2020-10-27,1919.3,1911.4,1920.9,1906.3,5390
2020-10-28,1886.6,1917.4,1919.4,1876.5,6940
2020-10-29,1875.2,1884.1,1892,1866.7,7490
2020-10-30,1887.2,1875.1,1897.9,1871.1,10610
2020-11-02,1899.7,1885.3,1904.3,1881,11690
2020-11-03,1917.4,1903.4,1919,1895.4,14980
2020-11-04,1903.1,1917.9,1924,1888.6,21930
2020-11-05,1953.8,1910.5,1961.4,1910.2,24770
2020-11-06,1959.1,1957.4,1968.9,1944.6,37300
2020-11-09,1860.6,1961.7,1973.3,1854,96860
2020-11-10,1883,1870.8,1894.9,1865.2,52030
2020-11-11,1868.1,1882.6,1888.8,1860.2,45210
2020-11-12,1880.2,1873.5,1889.5,1867.2,46070
2020-11-13,1893,1883,1902.4,1878.8,20390
2020-11-16,1894.1,1893.7,1904.3,1868.8,31180
2020-11-17,1891.3,1894.3,1898.9,1882.7,21640
2020-11-18,1879.2,1886,1889.7,1866.2,46700
2020-11-19,1866.9,1877,1877.8,1855.7,42390
2020-11-20,1878.2,1869.8,1884.7,1864.7,46610
2020-11-23,1844.1,1875.9,1880.7,1834.4,108430
2020-11-24,1810.9,1842.6,1843,1803.7,126760
2020-11-25,1811.2,1812,1821.7,1804.7,133600
2020-11-26,1788.1,1812.1,1822.6,1776.5,282350
2020-11-27,1792.1,1816.7,1826,1781.2,7720
2020-11-30,1784.8,1795,1797,1771.3,3740
2020-12-01,1822.8,1784.1,1824.7,1783.3,4190
2020-12-02,1833.9,1823,1839.2,1814.8,7070
2020-12-03,1844.7,1837,1850.7,1830.5,4059
2020-12-04,1844,1847.9,1856.2,1836.1,4880
2020-12-07,1870.1,1846.7,1876.9,1829.2,8070
2020-12-08,1879.1,1869.8,1883.7,1868.2,4140
2020-12-09,1842.6,1879.1,1879.1,1832.4,5560
2020-12-10,1841.5,1847.5,1857.9,1836.6,4640
2020-12-11,1847.6,1844.6,1855.8,1831,4300
2020-12-14,1836.1,1849,1849,1825,3680
2020-12-15,1859.4,1835.5,1863,1834.2,3220
2020-12-16,1863,1861.5,1873.6,1852.6,4180
2020-12-17,1894.5,1871.6,1906,1870.5,5680
2020-12-18,1893,1894.8,1899.4,1886.2,2550
2020-12-21,1887,1896.8,1915.4,1863.3,3960
2020-12-22,1874.5,1886.9,1893.3,1868,4150
2020-12-23,1882.3,1869.4,1887.5,1865.8,2300
2020-12-24,1887.4,1881.8,1890,1877.3,2570
2020-12-28,1884.8,1890.9,1908,1877.2,3940
2020-12-29,1887.3,1882.1,1895.2,1880.1,4370
2020-12-30,1897.8,1886.5,1903,1884.3,3350
2020-12-31,1899.6,1903,1909.2,1893.8,5350
2021-01-04,1951.1,1912.5,1953,1911.3,16790
2021-01-05,1958.8,1950.7,1961,1942.8,12670
2021-01-06,1913,1958.3,1966.8,1907.2,25530
2021-01-07,1918,1925.9,1933.8,1912.2,10630
2021-01-08,1839.7,1921.6,1922.3,1832,56150
2021-01-11,1854.9,1852.9,1860,1821.3,54960
2021-01-12,1848.2,1850.7,1867.8,1840,51420
2021-01-13,1858.8,1858.6,1866.5,1845.7,70540
2021-01-14,1855.4,1849.4,1861.1,1830.4,73070
2021-01-15,1833.7,1850.4,1860.2,1826.1,40610
2021-01-18,1840.2,1828.8,1845,1800.8,331590
2021-01-19,1844,1832.3,1848.4,1804.7,90420
2021-01-20,1870.2,1843.2,1875.6,1834.8,52600
2021-01-21,1869.3,1875.6,1878.1,1861.2,48230
2021-01-22,1859.9,1874,1874.1,1839.7,77970
2021-01-25,1859,1858.6,1870.9,1850,89520
2021-01-26,1854.8,1858.7,1864.5,1851.1,91250
2021-01-27,1848.9,1854.3,1855.7,1832.4,174140
2021-01-28,1843.7,1847.8,1869.6,1839,10090
2021-01-29,1852.7,1847.6,1881,1844.2,6790
2021-02-01,1866,1867.3,1877.8,1854.5,16650
2021-02-02,1835.8,1865.8,1867.6,1833,5630
2021-02-03,1837.6,1841.2,1848,1832.4,6790
2021-02-04,1793.8,1837.5,1838,1787.3,5830
2021-02-05,1815.6,1797.5,1817.9,1795.4,6310
2021-02-08,1836.8,1818.9,1842.2,1809.9,6060
2021-02-09,1840.2,1835,1852,1833,3400
2021-02-10,1845.6,1842.3,1858.9,1837.8,5700
2021-02-11,1829.8,1847.4,1850.8,1825.5,4300
2021-02-12,1826,1829.3,1833,1813.3,3840
2021-02-15,1799,1826,1827.1,1788.1,355920
2021-02-16,1801.9,1828,1829.9,1791.6,6430
2021-02-17,1775.8,1795.1,1796.9,1771.6,8109
2021-02-18,1778,1779,1790.8,1769.5,5730
2021-02-19,1780.3,1777.7,1793.1,1762.9,7960
2021-02-22,1811.2,1785.8,1814.7,1781.5,6100
2021-02-23,1808.6,1812.2,1817.6,1797.4,5530
2021-02-24,1800.8,1807.9,1815,1785,6490
2021-02-25,1778.4,1806.9,1806.9,1767.1,9090
2021-02-26,1731.6,1771.5,1775.6,1718.1,16640
2021-03-01,1725.8,1735.4,1759.9,1720.2,10640
2021-03-02,1736.5,1724.5,1740.1,1707.8,11030
2021-03-03,1718.7,1739.1,1741,1702.9,12210
2021-03-04,1703.7,1712.3,1724.1,1690.8,21570
2021-03-05,1701.6,1698.4,1708.3,1685.8,52830
2021-03-08,1680.8,1703.9,1714.9,1676.2,64060
2021-03-09,1719.7,1683.1,1721.4,1679.7,48450
2021-03-10,1724.5,1717.4,1727.8,1708.4,58590
2021-03-11,1725.2,1727.6,1740.4,1719.3,50440
2021-03-12,1722.4,1722.6,1730.4,1699.4,42740
2021-03-15,1731.8,1728.2,1735.5,1721.8,19530
2021-03-16,1733.2,1732.5,1742.6,1727.1,16650
2021-03-17,1729.2,1732.4,1752.7,1724.1,15640
2021-03-18,1734.6,1745.9,1756,1719.1,19360
2021-03-19,1743.9,1736.3,1748.2,1729.3,40490
2021-03-22,1740.4,1747.5,1749.2,1728.6,38350
2021-03-23,1727.5,1741.2,1744.4,1725.2,65400
2021-03-24,1735.5,1728.2,1739.9,1724.8,72470
2021-03-25,1727.3,1736,1747.1,1722.5,74220
2021-03-26,1734.7,1727.5,1737.9,1721.2,99680
2021-03-29,1714.6,1732.4,1734.8,1705.6,182750
2021-03-30,1687.9,1714.8,1715.8,1680.6,2720
2021-03-31,1717.5,1687.3,1718.1,1679.4,2710
2021-04-01,1730.3,1711.4,1733.2,1708.8,2200
2021-04-05,1730.7,1732.1,1735.9,1723.6,1370
2021-04-06,1745,1731.8,1748.3,1730.7,3870
2021-04-07,1743.6,1746.6,1747.2,1734,1720
2021-04-08,1760.3,1739.5,1761.2,1735.8,4000
2021-04-09,1746.8,1757.3,1759,1732.9,4019
2021-04-12,1734.6,1745.2,1748,1729.6,3630
2021-04-13,1749.5,1734.7,1751.2,1725.5,4270
2021-04-14,1738.2,1748.4,1752.5,1734.7,2790
2021-04-15,1768.8,1738.8,1772.4,1736.8,3880
2021-04-16,1782.2,1766.2,1786.2,1763.7,2570
2021-04-19,1772.7,1780.1,1791.7,1768.6,1870
2021-04-20,1780.4,1772.7,1782.6,1765.8,1910
2021-04-21,1795.2,1780.6,1800,1779,3260
2021-04-22,1784,1797,1800,1779.3,2130
2021-04-23,1779.9,1786.3,1798.2,1771.7,5120
2021-04-26,1782.3,1776,1784.9,1770.8,3720
2021-04-27,1781,1783.2,1787.8,1776.6,7800
2021-04-28,1776.1,1777.3,1784.7,1763.9,5980
2021-04-29,1770.5,1784.2,1791.5,1756.8,8690
2021-04-30,1769.8,1773.9,1775,1765.6,17310
2021-05-03,1794,1770.4,1800.8,1768.5,7920
2021-05-04,1778.2,1795.1,1801.6,1771.6,9940
2021-05-05,1786.5,1780.9,1790.2,1771.5,20460
2021-05-06,1817.9,1789,1820.5,1784.1,23090
2021-05-07,1833.5,1817.3,1846.5,1815.7,26440
2021-05-10,1839.8,1836.1,1848.4,1832.8,64970
2021-05-11,1838.1,1837.6,1844.3,1819.8,71630
2021-05-12,1824.8,1840.2,1846.5,1815,55160
2021-05-13,1826.1,1816.6,1830.9,1810.7,41800
2021-05-14,1840,1829.3,1849,1821.3,24140
2021-05-17,1869.6,1843.5,1871.1,1843.1,42110
2021-05-18,1870.1,1869.1,1877.8,1865.6,49550
2021-05-19,1883.4,1872.2,1893.2,1854.4,58810
2021-05-20,1883.9,1872.2,1887.2,1866.2,44910
2021-05-21,1878.9,1880.4,1892.3,1872.5,53040
2021-05-24,1886.7,1885.6,1890,1877.9,55840
2021-05-25,1900.5,1883.4,1903.7,1875.4,176600
2021-05-26,1903.8,1902.4,1915.6,1893,178180
2021-05-27,1900.1,1900.9,1907.7,1892.8,3110
2021-05-28,1906.9,1901.5,1910,1886.6,1210
2021-05-31,1905,1906.8,1919.2,1894.5,290650
2021-06-01,1906.9,1909.3,1920.5,1896.5,1900
2021-06-02,1911.7,1903,1913.5,1898.6,890
2021-06-03,1875.2,1911.7,1913.6,1869.3,1710
2021-06-04,1893.8,1875,1900.5,1857.6,1780
2021-06-07,1900.6,1894.3,1904.6,1885.6,1020
2021-06-08,1896.4,1903.2,1908,1888,1580
2021-06-09,1897.5,1896.4,1903.4,1892,640
2021-06-10,1898.3,1892.9,1905,1874.4,1600
2021-06-11,1881.7,1903.7,1907.5,1879,1570
2021-06-14,1867.9,1880.7,1881.2,1847.8,1780
2021-06-15,1858.4,1869.9,1872.8,1855,770
2021-06-16,1863.4,1863.5,1866.7,1810,1150
2021-06-17,1776.7,1815.7,1827.9,1770,3080
2021-06-18,1770.9,1776.8,1798.2,1763.3,2400
2021-06-21,1784.8,1769.3,1788.3,1769.3,1240
2021-06-22,1779.3,1784.4,1791.6,1775,600
2021-06-23,1785.3,1780.3,1797,1775.3,860
2021-06-24,1778.7,1780.2,1790,1775.1,930
2021-06-25,1779.8,1776.9,1792.2,1776.3,1330
2021-06-28,1782.7,1783.1,1786.6,1773.6,640
2021-06-29,1765.4,1780.5,1780.6,1752.5,1350
2021-06-30,1773.5,1763.9,1775.4,1755.4,1300
2021-07-01,1778.5,1772.5,1785,1768.3,1100
2021-07-02,1785.2,1780.2,1797.6,1777,1110
2021-07-05,1794.2,1787.5,1815.7,1784.7,276600
2021-07-06,1795.9,1787.4,1817.2,1787,3970
2021-07-07,1803.9,1798.1,1811.9,1796,1600
2021-07-08,1801.9,1806.6,1821,1795.5,3630
2021-07-09,1812.1,1805.4,1814.6,1798.4,3830
2021-07-12,1807.6,1809.9,1811,1793.5,2380
2021-07-13,1811.7,1808.8,1819.4,1800.5,3160
2021-07-14,1826.7,1809.8,1832.4,1807.2,2390
2021-07-15,1830.8,1830.1,1836.2,1822.7,5060
2021-07-16,1816.7,1832.2,1833.8,1811.6,4480
2021-07-19,1810.9,1814,1819.5,1797.3,3000
2021-07-20,1813.1,1814.6,1827.2,1807,7140
2021-07-21,1805.1,1811.5,1815.9,1796.6,4220
2021-07-22,1807.1,1805.8,1810.1,1794,4320
2021-07-23,1803.6,1809.1,1812.2,1791,8980
2021-07-26,1801.1,1804,1813.8,1798,10140
2021-07-27,1801.7,1799.2,1807.2,1794.8,8570
2021-07-28,1801.8,1800.5,1811,1793,23610
2021-07-29,1835.8,1811.5,1837.5,1810.9,212070
2021-07-30,1817.2,1832.5,1835.5,1813.1,157140
2021-08-02,1822.2,1817,1823.2,1808.2,159760
2021-08-03,1814.1,1816.8,1818.2,1809.5,103450
2021-08-04,1814.5,1813.7,1835.9,1808.3,244680
2021-08-05,1808.9,1814.9,1817.9,1799.7,169840
2021-08-06,1763.1,1806.7,1807,1759.5,323150
2021-08-09,1726.5,1765,1765.7,1677.9,289540
2021-08-10,1731.7,1732,1739.4,1718.5,182560
2021-08-11,1753.3,1730.4,1756.7,1724.6,185440
2021-08-12,1751.8,1752.9,1759.6,1742.6,137120
2021-08-13,1778.2,1754.4,1781.9,1753,144810
2021-08-16,1789.8,1780.9,1791.3,1772,137700
2021-08-17,1787.8,1789.1,1797.6,1782.1,144820
2021-08-18,1784.4,1787.8,1795.7,1778.8,132730
2021-08-19,1783.1,1789.5,1795,1774.6,151250
2021-08-20,1784,1782.8,1791,1780,107970
2021-08-23,1806.3,1781.2,1809.1,1778,156320
2021-08-24,1808.5,1807.6,1812.2,1802.6,114790
2021-08-25,1791,1805.1,1805.3,1784,163460
2021-08-26,1795.2,1793,1800.4,1781.3,134530
2021-08-27,1819.5,1795.2,1821.9,1785.2,203640
2021-08-30,1812.2,1821.6,1826.5,1810,104880
2021-08-31,1818.1,1812.2,1821.9,1803.4,170390
2021-09-01,1816,1816.7,1822.7,1810.6,140120
2021-09-02,1811.5,1816.2,1819.6,1806.5,113030
2021-09-03,1833.7,1811.5,1836.9,1810.9,184980
2021-09-06,1798.5,1833.5,1833.5,1793.7,252480
2021-09-07,1798.5,1833.5,1833.5,1793.7,252480
2021-09-08,1793.5,1796.1,1804.4,1783.1,161260
2021-09-09,1800,1790.9,1803.4,1785.1,154130
2021-09-10,1792.1,1796.2,1806,1788.2,136250
2021-09-13,1794.4,1789.8,1800.2,1784.4,114310
2021-09-14,1807.1,1794.8,1810.6,1780.6,197950
2021-09-15,1794.8,1806.6,1808.5,1791.7,139300
2021-09-16,1756.7,1795.5,1797.3,1745.5,255270
2021-09-17,1751.4,1754.6,1767.8,1747.1,183250
2021-09-20,1763.8,1754.2,1768.4,1742.3,152450
2021-09-21,1778.2,1765.5,1782.8,1758.3,141620
2021-09-22,1778.8,1775,1788.4,1764.6,172350
2021-09-23,1749.8,1769.2,1777.1,1737.5,225460
2021-09-24,1751.7,1743.7,1758,1740.2,151550
2021-09-27,1752,1751.8,1760.9,1744.7,137570
2021-09-28,1737.5,1750,1754.3,1727.8,215840
2021-09-29,1724.9,1736,1747.6,1723.7,2050
2021-09-30,1758.5,1728.1,1766.3,1724.5,15870
2021-10-01,1760.1,1759.1,1766.4,1751.6,5810
2021-10-04,1769.4,1762.4,1772.6,1749.7,2670
2021-10-05,1762.8,1772.9,1772.9,1751.1,4830
2021-10-06,1763.7,1762.4,1767.4,1747.9,3610
2021-10-07,1761.1,1765.7,1769.3,1754.5,5370
2021-10-08,1759.4,1756.4,1783.2,1755.6,7540
2021-10-11,1757.7,1760.3,1762.3,1752.1,4270
2021-10-12,1761.2,1755.7,1771.7,1753.8,4820
2021-10-13,1796.7,1761.9,1798.4,1760,5670
2021-10-14,1799.8,1795.7,1803.6,1789.9,4070
2021-10-15,1770.2,1799.4,1799.4,1767,3800
2021-10-18,1767.6,1769.5,1773.6,1762.8,1570
2021-10-19,1772.4,1766.8,1787.7,1765.6,1560
2021-10-20,1786.8,1771.5,1791.1,1771.1,4210
2021-10-21,1783.8,1784.5,1791.6,1780,1020
2021-10-22,1798.3,1786.8,1817.5,1785.6,12850
2021-10-25,1808.8,1796.4,1813.3,1795.3,6080
2021-10-26,1795.4,1810.8,1811.2,1784.9,3370
2021-10-27,1800.8,1796.5,1802.7,1786.7,2790
2021-10-28,1804.7,1799.9,1814.6,1795.2,12550
2021-10-29,1785.9,1803.3,1804.2,1774.6,9210
2021-11-01,1797.9,1786.8,1799.5,1782.9,11680
2021-11-02,1791.5,1796.7,1799.4,1789.7,7900
2021-11-03,1766,1791,1791,1761,6750
2021-11-04,1795.6,1773,1802.2,1773,8080
2021-11-05,1819,1794.8,1822.2,1787.6,48240
2021-11-08,1830.2,1822.2,1830.4,1815.9,39670
2021-11-09,1832.9,1828.4,1836.9,1823.2,54480
2021-11-10,1850.6,1835.7,1872.8,1825.2,73440
2021-11-11,1866.3,1853.9,1870.8,1847.6,47680
2021-11-12,1870.8,1866.3,1873.3,1849.9,28480
2021-11-15,1869.2,1876.3,1876.3,1861,87360
2021-11-16,1856.7,1867.4,1881.9,1853.5,24650
2021-11-17,1872.8,1854.5,1873.1,1853.8,34030
2021-11-18,1864,1871.7,1875.9,1859.4,50580
2021-11-19,1854.3,1863.8,1870.5,1847,62340
2021-11-22,1809.1,1850.7,1853,1805.3,140290
2021-11-23,1786.3,1808.7,1815.2,1784.3,150810
2021-11-24,1786.9,1792.3,1798.8,1780.2,103430
2021-11-25,1785.5,1789.6,1816.3,1778.6,186800
2021-11-26,1788.1,1792.3,1819.3,1781.6,180640
2021-11-29,1787.1,1792.4,1803,1784,3170
2021-11-30,1778.3,1788.8,1813.1,1773.2,3420
2021-12-01,1786.3,1778.4,1796.2,1775.7,4080
2021-12-02,1764.7,1786.1,1786.9,1764.2,5570
2021-12-03,1785.8,1772.5,1789.6,1768.5,6770
2021-12-06,1781.5,1790,1790.1,1778.7,2890
2021-12-07,1786.8,1782.1,1791.2,1774.5,5250
2021-12-08,1787.6,1788.1,1796.2,1782.6,2700
2021-12-09,1778.9,1786.4,1790.4,1775.4,5160
2021-12-10,1787,1779.1,1793.1,1772.9,6460
2021-12-13,1790.6,1786.6,1794.2,1784.6,5020
2021-12-14,1774.7,1790,1791.4,1768.6,6650
2021-12-15,1766.9,1774.3,1783.3,1755.4,1840
2021-12-16,1800.7,1781.2,1803.1,1778.4,7250
2021-12-17,1807.3,1803.7,1818,1799.3,8370
2021-12-20,1796.9,1802.4,1805.5,1791.4,3800
2021-12-21,1791.1,1794.3,1803.6,1787.6,4590
2021-12-22,1804.6,1791.8,1808.1,1788.6,1600
2021-12-23,1814,1806.9,1814.2,1801.6,2460
2021-12-27,1811.1,1809,1816.8,1806,2570
2021-12-28,1813.3,1814.9,1823.6,1808,2640
2021-12-29,1808.2,1809.8,1810,1791.9,3240
2021-12-30,1816.6,1807.4,1820.3,1798.8,6520
2021-12-31,1831,1819.1,1833.6,1818,5230
2022-01-03,1802.4,1832.9,1835.4,1800.5,9970
2022-01-04,1817,1804.5,1819.5,1800.6,10860
2022-01-05,1827.5,1817,1832.6,1811.6,10320
2022-01-06,1791.5,1813.5,1813.7,1788,33200
2022-01-07,1799.9,1793,1800.7,1783.8,71890
2022-01-10,1801.3,1798,1804.4,1792,39840
2022-01-11,1821,1803.7,1825.5,1802.3,40670
2022-01-12,1829.8,1823.7,1830.4,1816.9,45500
2022-01-13,1823.9,1828,1830.5,1814.3,86510
2022-01-14,1819,1823.5,1831.5,1816.8,25160
2022-01-17,1812.4,1818.7,1822.9,1804.7,362940
2022-01-18,1814.9,1819.8,1825.2,1807.2,102420
2022-01-19,1845.5,1816.4,1846.1,1811.6,88810
2022-01-20,1844.9,1842.9,1850.8,1838.4,80380
2022-01-21,1834.1,1842.6,1845.8,1830.6,68740
2022-01-24,1844.2,1838.3,1847.2,1831.9,103780
2022-01-25,1855,1846,1856.7,1836.8,77990
2022-01-26,1832,1850.7,1852.6,1816.4,154390
2022-01-27,1795,1821.4,1823.8,1792.7,206380
2022-01-28,1789.3,1801.6,1802.7,1783.8,7000
2022-01-31,1799.2,1795.4,1803.2,1788.9,7660
2022-02-01,1804.3,1800.9,1812.4,1800,3200
2022-02-02,1813.2,1803,1814.4,1797.6,3750
2022-02-03,1807,1809.9,1812,1791.6,3600
2022-02-04,1810.8,1808.6,1818.6,1794.9,6890
2022-02-07,1824.7,1810.9,1827.5,1810.7,5590
2022-02-08,1831,1824.5,1832.8,1819.2,10190
2022-02-09,1839.7,1830,1840,1829,6960
2022-02-10,1840.7,1837.2,1846.4,1825.1,14230
2022-02-11,1845.5,1830.4,1870.6,1824.4,9350
2022-02-14,1872.8,1866.7,1879.6,1855.3,5150
2022-02-15,1859.6,1876.3,1884.8,1849.2,5030
2022-02-16,1874.9,1858.6,1877.4,1855.4,5490
2022-02-17,1905.3,1875,1906.6,1873.3,10080
2022-02-18,1903.1,1905,1907.9,1891.8,4600
2022-02-21,1907.4,1903.5,1918.3,1889.7,334590
2022-02-22,1910.7,1904.7,1921.5,1893,15120
2022-02-23,1913.7,1904.1,1916,1894.5,7720
2022-02-24,1929.4,1915.1,1979.1,1882,22150
2022-02-25,1890.8,1909.5,1928,1887.7,8220
2022-02-28,1904,1921,1938.1,1895.6,9260
2022-03-01,1947.1,1912.2,1955.6,1906.6,9480
2022-03-02,1925.6,1949.5,1954.2,1919.5,10160
2022-03-03,1939.3,1934.2,1947.6,1926.6,14290
2022-03-04,1969.9,1942.1,1978.1,1934.9,12270
2022-03-07,1999.2,1981.3,2010.3,1967.8,73280
2022-03-08,2046.7,2004.1,2082,1989.6,73700
2022-03-09,1991.7,2060.2,2070.4,1984.6,63780
2022-03-10,2004.5,1996.9,2018.3,1978.8,94690
2022-03-11,1989.4,2004.6,2007.6,1964.8,84980
2022-03-14,1965.5,1993.5,1999,1956.7,24890
2022-03-15,1934.7,1958.7,1961.1,1913.5,49530
2022-03-16,1914.3,1924.9,1934.8,1900.4,40170
2022-03-17,1948.2,1933.4,1955.6,1929,36570
2022-03-18,1933.9,1947.9,1950.9,1922.7,37360
2022-03-21,1934.8,1927.4,1947.2,1922.2,50540
2022-03-22,1926.7,1941,1944.7,1915.5,47980
2022-03-23,1942.6,1926.3,1953.9,1920.7,57220
2022-03-24,1967.7,1948.9,1972.5,1942.9,71410
2022-03-25,1959.8,1963.2,1970.4,1948.2,63340
2022-03-28,1944.7,1962.5,1965.2,1920.7,109250
2022-03-29,1918,1927.2,1934.4,1893.2,214610
2022-03-30,1944.1,1930,1948.3,1925.4,3760
2022-03-31,1959.5,1942.5,1960.4,1928.6,7310
2022-04-01,1929.2,1947.9,1949.5,1927.1,2170
2022-04-04,1939.7,1933.5,1946.1,1924,2950
2022-04-05,1933.5,1941.5,1954.4,1927.2,4700
2022-04-06,1929.3,1933.4,1942.2,1922.3,3990
2022-04-07,1944.2,1932.9,1948,1930,6750
2022-04-08,1952.2,1941.4,1958.3,1937.7,6830
2022-04-11,1955,1957.1,1981.2,1949.9,5740
2022-04-12,1983,1965,1989.1,1960.4,9080
2022-04-13,1991.5,1976.6,1992.2,1974,9410
2022-04-14,1981.6,1988.7,1990.6,1969.6,3130
2022-04-18,1993.3,1983.1,2009.5,1981.8,1600
2022-04-19,1965.8,1987.8,1991.6,1952.8,5380
2022-04-20,1962.3,1959,1967.3,1947.8,5750
2022-04-21,1955,1964.2,1966.2,1944.8,11800
2022-04-22,1941.4,1960,1964.5,1935,12260
2022-04-25,1903,1937.4,1942.6,1898.8,17150
2022-04-26,1911.1,1907.3,1918.7,1904.2,8900
2022-04-27,1895.6,1914,1914.8,1888.8,5840
2022-04-28,1898.3,1893,1904.3,1877.8,6720
2022-04-29,1918.6,1902.5,1928.2,1900.6,7740
2022-05-02,1870.6,1903.1,1907.4,1860.8,9780
2022-05-03,1877.8,1870.4,1885,1856.7,24900
2022-05-04,1876.2,1876.1,1898.8,1868.8,29350
2022-05-05,1883,1891.3,1917.6,1879.6,28690
2022-05-06,1890.2,1884.5,1900.8,1872.4,52580
2022-05-09,1865.9,1890.9,1891.8,1858.6,71720
2022-05-10,1848.4,1860.3,1871.6,1841.9,90250
2022-05-11,1861,1844.9,1864.5,1838,60050
2022-05-12,1831.6,1858.8,1865.8,1827.2,71420
2022-05-13,1814.8,1828.1,1834.2,1804,21400
2022-05-16,1820.4,1816,1832.4,1792,27770
2022-05-17,1825.4,1831.7,1840.9,1817.8,27000
2022-05-18,1822.4,1820.2,1829.3,1811.7,40540
2022-05-19,1847.8,1821.3,1854.5,1814.9,38860
2022-05-20,1848.4,1847.4,1854,1837.3,42700
2022-05-23,1853.9,1850.9,1870.4,1849.7,62660
2022-05-24,1871.4,1858.6,1875,1853.9,76580
2022-05-25,1852.5,1871.2,1872.7,1845,99600
2022-05-26,1853.9,1857.9,1859,1842.5,92090
2022-05-27,1865,1863,1873.4,1859.8,1640
2022-05-30,1848.4,1856.5,1867.9,1837.6,201800
2022-05-31,1856.3,1862,1875.3,1847.1,2930
2022-06-01,1856.7,1846.2,1860.7,1838.6,1110
2022-06-02,1879.4,1856.9,1882.1,1856.9,1240
2022-06-03,1858.3,1880.9,1886.4,1858,840
2022-06-06,1851.9,1863.4,1869,1851.8,290
2022-06-07,1860.5,1852.3,1866,1847.1,580
2022-06-08,1865,1863.7,1870.6,1855.4,1850
2022-06-09,1861.2,1863.9,1865,1850.7,1060
2022-06-10,1883.9,1858.5,1887.4,1835,2020
2022-06-13,1840.2,1887.4,1890.6,1828,3020
2022-06-14,1822.4,1828.8,1841.3,1814.9,6440
2022-06-15,1828.6,1818.2,1854,1817.8,3100
2022-06-16,1858.9,1844.9,1869,1825.8,2240
2022-06-17,1849.6,1870,1870,1845.3,880
2022-06-20,1838.8,1840.6,1848.4,1830.7,176300
2022-06-21,1847.8,1847.5,1856,1840,3730
2022-06-22,1847.4,1843.1,1859,1833.6,2540
2022-06-23,1838.6,1848.5,1857.6,1832.4,2550
2022-06-24,1839.3,1833.6,1842.3,1826.7,3380
2022-06-27,1833.9,1848.5,1851.5,1831.2,1800
2022-06-28,1830.3,1833,1839.5,1828.9,2990
2022-06-29,1826.5,1830.2,1843.6,1820,1430
2022-06-30,1816.3,1828,1835.1,1811.9,2830
2022-07-01,1810.4,1814.8,1822,1792.7,3280
2022-07-04,1763.9,1814.4,1815.2,1763,310370
2022-07-05,1772.8,1823,1823.9,1772,2660
2022-07-06,1745.1,1775.6,1779.4,1739.4,4850
2022-07-07,1748.3,1746.5,1756.6,1744.5,2880
2022-07-08,1750.9,1747.9,1760.2,1734.8,6630
2022-07-11,1740.3,1750,1751.3,1737.6,6750
2022-07-12,1733.4,1740.2,1747.5,1730.2,5710
2022-07-13,1744,1732,1752.3,1713.1,5400
2022-07-14,1714.5,1741.2,1741.2,1703.8,5760
2022-07-15,1711.6,1716.6,1722.8,1705.5,2930
2022-07-18,1717.7,1713.2,1729.6,1712.1,5880
2022-07-19,1718,1713.2,1723.7,1710.6,5090
2022-07-20,1707.7,1717,1719.9,1698,4850
2022-07-21,1721.1,1701.7,1726.8,1686.3,7290
2022-07-22,1735,1724.6,1745.3,1719.5,7710
2022-07-25,1727.1,1733.8,1742,1720.8,6090
2022-07-26,1726,1725.3,1733.9,1720,10320
2022-07-27,1728,1724.2,1748,1717.5,17570
2022-07-28,1769.2,1751.4,1774.4,1750.4,192860
2022-07-29,1781.8,1773.1,1784.6,1768.4,140670
2022-08-01,1787.7,1782.5,1792.5,1774.3,133740
2022-08-02,1789.7,1789.2,1805,1776,174170
2022-08-03,1776.4,1777.3,1789.4,1770,151730
2022-08-04,1806.9,1782.1,1812,1779.4,153290
2022-08-05,1791.2,1807.7,1811.6,1780.2,168900
2022-08-08,1805.2,1790.3,1806.4,1786.9,103680
2022-08-09,1812.3,1805.5,1817,1799.4,120510
2022-08-10,1813.7,1811.5,1824.6,1803.3,154590
2022-08-11,1807.2,1807.9,1814.9,1798.6,121260
2022-08-12,1815.5,1805.2,1819.1,1799.6,118650
2022-08-15,1798.1,1818.9,1818.9,1787.6,137770
2022-08-16,1789.7,1795.5,1798,1785.4,94400
2022-08-17,1776.7,1790.8,1796.6,1773.9,137830
2022-08-18,1771.2,1777.1,1786.3,1768.8,124320
2022-08-19,1762.9,1773.1,1773.3,1759.1,138700
2022-08-22,1748.4,1760.6,1762.1,1740.2,142860
2022-08-23,1761.2,1750,1767.5,1743.1,145260
2022-08-24,1761.5,1761.3,1769.5,1754.8,112650
2022-08-25,1771.4,1764.4,1778.8,1763,117570
2022-08-26,1749.8,1771.8,1772.3,1746.2,176900
2022-08-29,1749.7,1748.4,1757.9,1731.4,156220
2022-08-30,1736.3,1749.8,1752.8,1732.9,130660
2022-08-31,1726.2,1735.5,1738,1720.6,176730
2022-09-01,1709.3,1723,1723,1699.1,198620
2022-09-02,1722.6,1707.8,1729.5,1705.9,174680
2022-09-05,1712.9,1724.2,1737.4,1710.6,206270
2022-09-06,1712.9,1724.2,1737.4,1710.6,206270
2022-09-07,1727.8,1712.9,1731.2,1701.7,173620
2022-09-08,1720.2,1729.5,1739.4,1713.7,184180
2022-09-09,1728.6,1719.6,1740.5,1719.4,154710
2022-09-12,1740.6,1728.4,1746.4,1722.3,154370
2022-09-13,1717.4,1736,1742.9,1706.7,232700
2022-09-14,1709.1,1711.6,1717.3,1703.3,163290
2022-09-15,1677.3,1707.2,1707.8,1668.9,268090
2022-09-16,1683.5,1673.7,1689.9,1661.9,217230
2022-09-19,1678.2,1685.4,1688.8,1667.6,141170
2022-09-20,1671.1,1684.9,1688.8,1668.1,143930
2022-09-21,1675.7,1673.2,1696.9,1661.3,227940
2022-09-22,1681.1,1682.8,1693.5,1663.3,241280
2022-09-23,1655.6,1680.1,1685,1646.6,243050
2022-09-26,1633.4,1651,1657.2,1627.7,219860
2022-09-27,1636.2,1629.2,1650.1,1628.7,197060
2022-09-28,1670,1636.5,1671.6,1622.2,279820
2022-09-29,1681.6,1682,1685.6,1662.6,4510
2022-09-30,1684.9,1682.7,1696.7,1681,2240
2022-10-03,1714.9,1682.4,1722.8,1679.5,7150
2022-10-04,1743.7,1722.6,1751.6,1717.9,7090
2022-10-05,1734.2,1747.5,1749.4,1723.1,9560
2022-10-06,1734.3,1739,1746.8,1728.4,5940
2022-10-07,1722.8,1734.8,1735,1712.4,6080
2022-10-10,1688.8,1717,1720,1686.2,5850
2022-10-11,1699.5,1689.3,1704.6,1681.7,6040
2022-10-12,1691.1,1686.3,1698,1682.1,6020
2022-10-13,1690.8,1694.3,1702,1662,7670
2022-10-14,1662.8,1686.1,1691.2,1659.9,8870
2022-10-17,1677.8,1663.2,1688,1663.2,2360
2022-10-18,1669.6,1669.7,1679.6,1664.6,3040
2022-10-19,1648,1671.1,1672.9,1646.2,4340
2022-10-20,1650.7,1648.5,1664,1640.6,3050
2022-10-21,1670.2,1645.7,1676.5,1635,7250
2022-10-24,1668.1,1676.5,1686.1,1662,7080
2022-10-25,1672.2,1670.1,1680,1655.4,18340
2022-10-26,1683.4,1671.1,1693,1668.3,17170
2022-10-27,1680,1682.2,1688.5,1673,8610
2022-10-28,1659.1,1681.5,1684.8,1655.2,13640
2022-10-31,1654.9,1661.5,1662.5,1649.1,7300
2022-11-01,1663.8,1649.9,1674.3,1648.8,22970
2022-11-02,1664.1,1664.9,1687,1651.4,21140
2022-11-03,1644.9,1652.4,1656.8,1632.4,28120
2022-11-04,1690.6,1645.8,1700.4,1645.8,18090
2022-11-07,1694.5,1692.5,1699.2,1684,45280
2022-11-08,1730,1691.6,1734.3,1681.3,57680
2022-11-09,1727.8,1729.4,1739.9,1719.4,52460
2022-11-10,1767.8,1723.5,1774.6,1720.2,64739
2022-11-11,1783.5,1771.8,1788.4,1764.9,47440
2022-11-14,1790.8,1783.5,1792.4,1770,30960
2022-11-15,1791.6,1788.3,1806,1784.5,88740
2022-11-16,1791,1797,1802.7,1788.3,48040
2022-11-17,1777.8,1775,1792.6,1771.4,28830
2022-11-18,1769,1777.6,1784.5,1764,31810
2022-11-21,1754.6,1766.6,1769.7,1748.8,66250
2022-11-22,1754.8,1755.4,1765.8,1752.4,60480
2022-11-23,1760.4,1755.6,1769.7,1733.5,73080
2022-11-24,1754,1751,1761.2,1745.9,134300
2022-11-25,1768.8,1765.2,1776,1760.6,62950
2022-11-28,1755.3,1771.1,1778.5,1753.3,128550
2022-11-29,1778.7,1769.4,1788,1769.2,2430
2022-11-30,1775.1,1777.7,1799.3,1773.7,3780
2022-12-01,1830.3,1798,1833.2,1798,3780
2022-12-02,1824.7,1831.5,1833.8,1807.3,3020
2022-12-05,1796.5,1826.5,1837.3,1793.6,4950
2022-12-06,1797.6,1796.3,1808,1794.9,2960
2022-12-07,1813.2,1798.3,1817.9,1797.2,3350
2022-12-08,1816.7,1813.9,1821.9,1808.5,2770
2022-12-09,1825.9,1817.2,1833.4,1815.8,4510
2022-12-12,1807.4,1823.8,1823.8,1804.9,3360
2022-12-13,1840.5,1807.7,1851.4,1807.1,6090
2022-12-14,1833.8,1837.3,1840,1821.6,3000
2022-12-15,1803.1,1834.4,1834.4,1797.6,3940
2022-12-16,1815.6,1802.4,1819.2,1799.2,3230
2022-12-19,1813,1818.1,1823.6,1808.6,2040
2022-12-20,1840.8,1812.3,1847.6,1810.3,4610
2022-12-21,1840.9,1843.1,1848.4,1837.1,2570
2022-12-22,1810.8,1838.4,1844.4,1808.4,5520
2022-12-23,1819.8,1816.4,1827.6,1814.8,5230
2022-12-27,1838.8,1823.8,1857,1823.8,4240
2022-12-28,1831.5,1838,1838.2,1819.9,5570
2022-12-29,1841.9,1828,1842.7,1827,5110
2022-12-30,1842.2,1837.3,1848.2,1835.9,5710
2023-01-03,1862.1,1847.2,1872.2,1847.2,13450
2023-01-04,1875,1861.4,1887,1858.3,11660
2023-01-05,1856.7,1876,1880,1846.1,16260
2023-01-06,1885.9,1851.9,1891.1,1851.6,16600
2023-01-09,1894.2,1886.4,1902.4,1886.4,52320
2023-01-10,1893,1891.7,1901.4,1889,46440
2023-01-11,1895.5,1897.8,1907.1,1887.5,65910
2023-01-12,1915.5,1895.2,1922.8,1891,62080
2023-01-13,1938.5,1916,1942.1,1911.9,57030
2023-01-16,1909.9,1923.8,1931.8,1906.2,268370
2023-01-17,1926.7,1939.9,1948.3,1923.2,40450
2023-01-18,1923.8,1928,1946.4,1915.5,29260
2023-01-19,1940.6,1924.5,1953.6,1918.7,49160
2023-01-20,1944.9,1949.8,1955.5,1938.8,45790
2023-01-23,1945.4,1948,1953.3,1929.2,57330
2023-01-24,1952.2,1948.9,1960.5,1935,83910
2023-01-25,1959.4,1955.2,1966.3,1937.5,86710
2023-01-26,1946.7,1965,1966.5,1935.1,129949
2023-01-27,1945.6,1945.8,1952.1,1933,144500
2023-01-30,1956,1962,1966.6,1952.9,3660
2023-01-31,1962.2,1955.3,1963.6,1932.5,5960
2023-02-01,1959.7,1959.7,1987.7,1953.2,4120
2023-02-02,1947.6,1985.4,1992.1,1942.5,4750
2023-02-03,1893.3,1943.3,1949.1,1891.3,6370
2023-02-06,1896.1,1890,1910.3,1889.7,3620
2023-02-07,1901.5,1897,1913.4,1894.4,4530
2023-02-08,1907.7,1901.8,1915.4,1898.5,6450
2023-02-09,1895.3,1902.7,1919,1887.4,5500
2023-02-10,1891.2,1890.4,1899.9,1880.4,6500
2023-02-13,1880.1,1892.5,1893,1877.6,5600
2023-02-14,1882.1,1881.2,1898,1869.6,4110
2023-02-15,1862,1881.6,1887,1856.4,5080
2023-02-16,1868.6,1863.5,1871.4,1853.5,3750
2023-02-17,1866.9,1862,1869.6,1844.6,5980
2023-02-20,1842.5,1850.5,1856.4,1839,210170
2023-02-21,1859.2,1867.1,1873,1855.7,6780
2023-02-22,1858.3,1860.6,1871.4,1848.6,5860
2023-02-23,1843.6,1851.3,1857.9,1841.6,5170
2023-02-24,1833.9,1845.1,1851.7,1832.7,5710
2023-02-27,1841.6,1834,1843.6,1829,10690
2023-02-28,1853.2,1841,1855,1827.6,11050
2023-03-01,1862.1,1850.5,1869,1846.4,11490
2023-03-02,1857.3,1860.1,1861.9,1852.7,11170
2023-03-03,1871.4,1858.9,1880.8,1858.9,13790
2023-03-06,1871.4,1877.7,1880.9,1867.5,14990
2023-03-07,1836.8,1868.6,1873.4,1834.2,43010
2023-03-08,1835.6,1834.7,1845.3,1830.2,62610
2023-03-09,1851.5,1834.9,1856.1,1832.7,73560
2023-03-10,1884,1852.1,1891.1,1847,61680
2023-03-13,1933,1893.8,1935.6,1892.5,106590
2023-03-14,1927.4,1935.8,1935.8,1916.4,33130
2023-03-15,1948.1,1924.5,1959.1,1906,84730
2023-03-16,1939.7,1940.2,1954.6,1928.4,34770
2023-03-17,1990.2,1942.7,2010.4,1939.1,67460
2023-03-20,1999.7,2008.6,2031.7,1987,69060
2023-03-21,1958.3,2000.7,2005.7,1955.9,65170
2023-03-22,1966.6,1959.7,1999.4,1953.7,60530
2023-03-23,2013.3,1992.5,2023.3,1984.4,74550
2023-03-24,2001.7,2013.3,2023.9,1995.7,118690
2023-03-27,1971.5,2000.3,2001.5,1962.7,107040
2023-03-28,1990.4,1975.4,1994.2,1967.6,121740
2023-03-29,1984.5,1992.1,1993.2,1976.4,145720
2023-03-30,2015.6,1999.7,2020.1,1989.6,3890
2023-03-31,2004.1,2015.8,2022.8,2002.3,4150
2023-04-03,2018.5,2007.5,2026.1,1984.5,4320
2023-04-04,2056.2,2019.8,2061,2012.7,4340
2023-04-05,2053.6,2056.3,2067.1,2044.5,4430
2023-04-06,2044.4,2055,2055.4,2034.6,3480
2023-04-10,2021.8,2032.2,2039.4,2015,3600
2023-04-11,2037.3,2025,2040.4,2022.2,5570
2023-04-12,2043.3,2037.1,2061.5,2034.4,6300
2023-04-13,2073.8,2048.2,2080.8,2046.9,5420
2023-04-14,2034.4,2073.1,2080,2024.8,6730
2023-04-17,2025.7,2033,2046.6,2012.5,2840
2023-04-18,2038.5,2025.8,2043.2,2023,3230
2023-04-19,2025.9,2036.2,2038.6,1999.5,7310
2023-04-20,2037.9,2025.8,2042.5,2021.4,3180
2023-04-21,2009.2,2034.4,2035.4,2001.4,4170
2023-04-24,2018.6,2011,2020.1,2003.8,5730
2023-04-25,2023.5,2018.1,2033.3,2005.1,8930
2023-04-26,2014.9,2026,2039.1,2012.9,12360
2023-04-27,2017.9,2018.1,2031.9,2001,10370
2023-04-28,2018.3,2016.4,2022.9,2003.6,15050
2023-05-01,2011.4,2019.1,2034.1,2004.8,8100
2023-05-02,2042.5,2009.3,2047.8,2006,13370
2023-05-03,2056.2,2045,2069,2035.4,15250
2023-05-04,2075,2071,2102.2,2058,22830
2023-05-05,2044.2,2075.4,2080.3,2026.2,45840
2023-05-08,2052.8,2044.2,2056.5,2041.5,60810
2023-05-09,2062.4,2048.4,2064.4,2046.1,63100
2023-05-10,2056.5,2061.5,2075.3,2047.9,55460
2023-05-11,2039.9,2056.2,2066.8,2036.1,68290
2023-05-12,2039.1,2039.9,2046.8,2025,21570
2023-05-15,2042.1,2033,2046.5,2030.6,41700
2023-05-16,2012.2,2040.8,2042,2008.5,27280
2023-05-17,2003.7,2012.1,2015.9,1997.1,37480
2023-05-18,1978.3,2004.2,2007,1973,31210
2023-05-19,2000.3,1979.3,2005.8,1974.9,29510
2023-05-22,1995.7,1998.4,2003.5,1989.3,48370
2023-05-23,1992.8,1992.4,1998.2,1974.2,65640
2023-05-24,1983.1,1995.6,2006.2,1976.8,77050
2023-05-25,1962.3,1978,1983.9,1957.6,112690
2023-05-26,1963.1,1961.8,1975.7,1954.7,130070
2023-05-29,1977.1,1961.3,1981.9,1949.6,264370
2023-05-30,1996.7,1980.8,2000.8,1970,2170
2023-05-31,2001.7,1996.4,2011.9,1991.4,1280
2023-06-01,2015.1,2000.3,2019.5,1990,1680
2023-06-02,1989.1,2013.6,2020,1983.6,2170
2023-06-05,1993.9,1982.4,1999.5,1973.9,960
2023-06-06,2001,1997.3,2002.2,1989.9,860
2023-06-07,1977.9,1999.5,2005.3,1975,2060
2023-06-08,1998.1,1977.2,2005,1976.5,1690
2023-06-09,1996.8,2000.2,2006.4,1990.6,1060
2023-06-12,1989.3,1993.8,2000.4,1982.9,1380
2023-06-13,1978.1,1991.7,2005.1,1972.8,2330
2023-06-14,1988.3,1975.7,1993,1972.3,1590
2023-06-15,1990.2,1975.7,1992,1956,1820
2023-06-16,1990.7,1989.2,1999.5,1985,960
2023-06-19,1947.7,1970.7,1971.8,1940.8,250140
2023-06-20,1967.2,1989.4,1990.8,1960.4,2020
2023-06-21,1964.4,1967.5,1969.6,1949.6,3720
2023-06-22,1943,1963.1,1963.4,1942.3,1660
2023-06-23,1948.9,1942.8,1967.1,1939.1,1760
2023-06-26,1953.1,1952.8,1962,1950.6,720
2023-06-27,1943,1951.8,1959,1939.6,1840
2023-06-28,1941.3,1943.1,1945.1,1930.8,1530
2023-06-29,1936.8,1935.5,1940,1919.6,2430
2023-06-30,1948.5,1935.6,1949.7,1927.8,2600
2023-07-03,1948.6,1945.4,1958.8,1937,1860
2023-07-04,1927.1,1929.1,1942.9,1922.1,245930
2023-07-05,1946.2,1948,1961.5,1942,1970
2023-07-06,1934.6,1943,1953,1927.6,3170
2023-07-07,1951.6,1936.7,1960,1934.7,2350
2023-07-10,1950.1,1949.4,1951.5,1937.2,2790
2023-07-11,1956.2,1949.8,1963.5,1949.8,2970
2023-07-12,1980.8,1957.3,1984,1957.3,3810
2023-07-13,1982.9,1981.1,1987.2,1976.2,1910
2023-07-14,1983.4,1984.4,1986.7,1974.5,3780
2023-07-17,1975.5,1977.2,1982.5,1968.5,2110
2023-07-18,1999.8,1977.7,2006.8,1977.7,6090
2023-07-19,1999.9,2001.5,2003.4,1992.6,3730
2023-07-20,1990.2,1998.7,2008.5,1987.1,3480
2023-07-21,1985.8,1991.9,1995,1978.5,3030
2023-07-24,1981.6,1983.2,1988.7,1974.7,6440
2023-07-25,1983.1,1976.1,1986.2,1971.1,8630
2023-07-26,1989.7,1985.9,1999.3,1982.8,11940
2023-07-27,1965.3,1991.8,2002,1961.4,16910
2023-07-28,1999.9,1985.3,2002,1983.9,159600
2023-07-31,2009.2,1997.9,2010.9,1986.7,139960
2023-08-01,1978.8,2004.2,2004.4,1978.3,167760
2023-08-02,1975,1988.9,1992.2,1969.1,169660
2023-08-03,1968.8,1970.8,1974.5,1964.5,141350
2023-08-04,1976.1,1969.6,1984.2,1954.5,156420
2023-08-07,1970,1977.6,1981.7,1966.1,104410
2023-08-08,1959.9,1971.5,1972.8,1956.5,142340
2023-08-09,1950.6,1959.3,1966.1,1947.2,139260
2023-08-10,1948.9,1947.7,1963.5,1944.4,168260
2023-08-11,1946.6,1944.9,1953.6,1942.7,122320
2023-08-14,1944,1945.6,1948.2,1934.2,120980
2023-08-15,1935.2,1939.4,1944.3,1927.5,167150
2023-08-16,1928.3,1933.1,1938.2,1922,128610
2023-08-17,1915.2,1922.4,1933.5,1914.2,152330
2023-08-18,1916.5,1919.2,1926,1915.9,114740
2023-08-21,1923,1918.4,1927.9,1913.6,138110
2023-08-22,1926,1924,1933.2,1917.5,131090
2023-08-23,1948.1,1926.8,1949.7,1926.2,170040
2023-08-24,1947.1,1944.9,1951.3,1939.2,137390
2023-08-25,1939.9,1944.9,1950.4,1931,166990
2023-08-28,1946.8,1944,1954.2,1940.1,115550
2023-08-29,1965.1,1948.1,1966.5,1941.7,174220
2023-08-30,1973,1966,1977.1,1962.8,142380
2023-08-31,1965.9,1970.2,1974.9,1965.5,133710
2023-09-01,1967.1,1966.4,1980.2,1960.7,160730
2023-09-04,1952.6,1966.7,1972.6,1950.6,192790
2023-09-05,1952.6,1966.7,1972.6,1950.6,192790
2023-09-06,1944.2,1951.5,1954.5,1940,148780
2023-09-07,1942.5,1942.2,1947.9,1940.3,117170
2023-09-08,1942.7,1943.8,1954,1940.8,138690
2023-09-11,1947.2,1943.3,1954.6,1939.5,131080
2023-09-12,1935.1,1945.6,1947.5,1929.9,161990
2023-09-13,1932.5,1935.2,1938.4,1927.2,161000
2023-09-14,1932.8,1930.7,1934.5,1921.7,201740
2023-09-15,1946.2,1932.5,1952.4,1931.2,199770
2023-09-18,1953.4,1945.7,1955.7,1943.8,138030
2023-09-19,1953.7,1955.3,1958.9,1950.9,131100
2023-09-20,1967.1,1953,1968.9,1948.6,220980
2023-09-21,1939.6,1952,1952.2,1933.1,225910
2023-09-22,1945.6,1939.6,1949.1,1939.6,139930
2023-09-25,1936.6,1944.7,1946.8,1933.8,164260
2023-09-26,1919.8,1935.1,1935.5,1917.2,212260
2023-09-27,1890.9,1918.8,1921.7,1890.3,238530
2023-09-28,1898,1913.6,1915.8,1894,5360
2023-09-29,1885.4,1902.3,1915.9,1881.5,5680
2023-10-02,1866.4,1883.3,1883.7,1862,5000
2023-10-03,1860.7,1863.9,1868.2,1850.2,6530
2023-10-04,1853.8,1858.6,1865.7,1850.7,6320
2023-10-05,1850.8,1855.3,1861.7,1845.3,5670
2023-10-06,1864.4,1853.3,1867.8,1842.5,10600
2023-10-09,1883.5,1880,1896.3,1876.8,8080
2023-10-10,1894.6,1893.9,1898,1885.4,7700
2023-10-11,1906.8,1892.8,1910.2,1891.3,9770
2023-10-12,1902.5,1907.7,1916.6,1900.3,5590
2023-10-13,1961.1,1901.5,1965.6,1901.5,16990
2023-10-16,1953.9,1961,1962.1,1941,5610
2023-10-17,1955.4,1952.3,1963.9,1944.5,5990
2023-10-18,1988.1,1956.1,1995.4,1956.1,9370
2023-10-19,2000.2,1980,2010,1977.1,8170
2023-10-20,2014.5,2007.8,2029.2,2003.8,14060
2023-10-23,2007.8,2007.8,2014,1992.8,9130
2023-10-24,2006.1,2004.3,2011.6,1984.8,8520
2023-10-25,2015,2002.2,2018.5,1993.6,11460
2023-10-26,2017.6,2011.2,2023.3,2001.9,11770
2023-10-27,2018.7,2014.8,2039.7,2006.7,11820
2023-10-30,2026,2034,2036.9,2020.1,7630
2023-10-31,2014.6,2026.3,2037.7,2008,9460
2023-11-01,2007.8,2013.4,2026,1998.8,14000
2023-11-02,2013.9,2011.3,2019.1,2007,12160
2023-11-03,2019.6,2013.9,2032.2,2009.8,11670
2023-11-06,2009,2019.6,2020,2004.8,13860
2023-11-07,1993.8,2005,2005.1,1983.3,61960
2023-11-08,1978.1,1995.1,1997.6,1973.6,53120
2023-11-09,1989.9,1976.7,1991.6,1968.5,44130
2023-11-10,1957.7,1984.3,1985.7,1956.9,66100
2023-11-13,1970.2,1963.2,1973.5,1955.4,54170
2023-11-14,1986.4,1970.4,1995.2,1959,19880
2023-11-15,1984.3,1987,1999.1,1979,17170
2023-11-16,2007.5,1983.8,2011.1,1979.3,36930
2023-11-17,2004.8,2007.5,2016.5,2001.4,19850
2023-11-20,2000.4,2001.2,2007.6,1987.3,35710
2023-11-21,2021.8,2000.1,2030,1999.9,62250
2023-11-22,2013.2,2020.6,2028.4,2008.9,71420
2023-11-23,2003,1991.2,2004.5,1990.9,214880
2023-11-24,2023.5,2012.1,2025,2011.3,96930
2023-11-27,2033,2023,2039.4,2022,161670
2023-11-28,2060.2,2035.1,2064.2,2031.6,195420
2023-11-29,2086.6,2082,2091.2,2075.8,6220
2023-11-30,2076.7,2084.9,2086.7,2070.7,2660
2023-12-01,2109.2,2076.5,2115,2072,10490
2023-12-04,2061.6,2114.1,2171.5,2058.3,19470
2023-12-05,2055.7,2068.1,2078.8,2047,10390
2023-12-06,2067.3,2056.7,2072.3,2055,6380
2023-12-07,2065.8,2062.8,2076.3,2056,8520
2023-12-08,2033.9,2065,2069.7,2029.9,10060
2023-12-11,2013,2038.8,2043,2010.7,10540
2023-12-12,2012.5,2016.8,2031.2,2012.3,5790
2023-12-13,2016.7,2014.5,2062.5,2007.6,10030
2023-12-14,2064.2,2063,2082,2058.9,9220
2023-12-15,2055.2,2070.4,2078.9,2048.8,6170
2023-12-18,2060.1,2052.9,2067.3,2048.9,7030
2023-12-19,2071.8,2060.7,2080.5,2054.5,9600
2023-12-20,2067.3,2073.4,2075.8,2060.3,3740
2023-12-21,2071,2064.1,2077.6,2063.1,3260
2023-12-22,2088.8,2080,2102.3,2077.9,6240
2023-12-26,2089.6,2085.4,2100,2084.9,3860
2023-12-27,2112.9,2098.6,2115.2,2092.8,6470
2023-12-28,2103.5,2109.1,2118,2094.6,8109
2023-12-29,2091.8,2096,2103.3,2087.5,8300
2024-01-02,2093.5,2092.7,2107.7,2084.7,11490
2024-01-03,2062.7,2087.9,2093.9,2058.5,24420
2024-01-04,2069.9,2069.2,2077.6,2063.1,11280
2024-01-05,2069.7,2071.3,2090.7,2051,19590
2024-01-08,2053.4,2071.9,2073,2042.7,45410
2024-01-09,2053,2054.1,2068.4,2051.9,63810
2024-01-10,2047.8,2055.5,2066,2045.8,54810
2024-01-11,2039,2049.3,2075,2037.3,65580
2024-01-12,2071.4,2053.2,2086.7,2052.9,59970
2024-01-15,2030.2,2053.4,2062.8,2027.6,285250
2024-01-16,2049.9,2073.2,2082.2,2047.5,25500
2024-01-17,2026,2051.2,2055.6,2024.3,26640
2024-01-18,2041.1,2028.6,2044.9,2027.3,28970
2024-01-19,2048.6,2046.3,2061.1,2041.7,27440
2024-01-22,2041.6,2051.4,2053.4,2036.8,36420
2024-01-23,2045.2,2042.6,2058.5,2040,45690
2024-01-24,2035.2,2049.7,2057.2,2031.1,77560
2024-01-25,2036.8,2033.9,2044.7,2023.3,93340
2024-01-26,2036.1,2040,2046.8,2034.4,87450
2024-01-29,2044.6,2043,2056.2,2037.7,184040
2024-01-30,2070.5,2071.3,2086.7,2066.8,6110
2024-01-31,2087,2075,2093.9,2068.5,6850
2024-02-01,2090.6,2076.9,2102.5,2066,9170
2024-02-02,2073.4,2091.8,2094.1,2064,12910
2024-02-05,2062.7,2076.2,2077.6,2050.8,6970
2024-02-06,2071.2,2061.4,2074.8,2058.7,4480
2024-02-07,2071.5,2072,2080.9,2066.2,5890
2024-02-08,2067.8,2070.6,2073.5,2054.7,6390
2024-02-09,2058.6,2069.6,2071.6,2054.4,7530
2024-02-12,2053,2058.1,2061.4,2045.4,4650
2024-02-13,2027.1,2053.4,2067,2022.8,8870
2024-02-14,2024,2025.7,2028.5,2016.3,8230
2024-02-15,2034.7,2024.8,2040,2021.8,7760
2024-02-16,2043.9,2036.1,2046.8,2026.6,4740
2024-02-19,2039.8,2027.7,2042.7,2023.9,202430
2024-02-20,2059.6,2049.8,2062.2,2044.2,8140
2024-02-21,2054,2055.9,2063.1,2050.8,4490
2024-02-22,2050.5,2055.8,2064.8,2049.2,4850
2024-02-23,2069.3,2054.2,2073,2045.5,7460
2024-02-26,2058.8,2064,2066.5,2054.1,4570
2024-02-27,2064.1,2060.7,2068.8,2058.4,6030
2024-02-28,2062.7,2059.7,2067.3,2053.6,4890
2024-02-29,2074.6,2063.4,2079.2,2056.1,9730
2024-03-01,2116,2072.4,2117.4,2067.1,46810
2024-03-04,2146.8,2111.7,2148.6,2108.5,43270
2024-03-05,2162.5,2143.5,2170.8,2139.2,20580
2024-03-06,2178.8,2157,2181.1,2152.8,34240
2024-03-07,2185.9,2177.1,2192.7,2172.6,61740
2024-03-08,2206.3,2187.2,2223.3,2182.1,108340
2024-03-11,2210,2208.5,2216.3,2202.2,83440
2024-03-12,2187.7,2209.6,2211.9,2178,67250
2024-03-13,2202.4,2185.2,2206.9,2183,65069
2024-03-14,2189.1,2201.3,2202.6,2178.4,28530
2024-03-15,2183.1,2188.7,2198.2,2180.4,28570
2024-03-18,2185.9,2181.4,2188.7,2170.8,52410
2024-03-19,2181.2,2185.6,2187.8,2171.9,41980
2024-03-20,2182.4,2182.6,2213.6,2173.6,54110
2024-03-21,2206.5,2212.4,2246.6,2189.7,127190
2024-03-22,2181.6,2204.7,2209.6,2180.2,88190
2024-03-25,2198.2,2188.5,2204.1,2186.1,124950
2024-03-26,2199.2,2195,2222.6,2190,220670
2024-03-27,2232.4,2218.6,2237.9,2213.9,4260
2024-03-28,2258.4,2235.1,2276.8,2227.8,7100
2024-04-01,2277.5,2280.1,2306.5,2269.6,7760
2024-04-02,2302.4,2292.6,2322.1,2288.2,8189
2024-04-03,2335.9,2321.7,2341.5,2306.8,6510
2024-04-04,2329.4,2341.3,2345.9,2320,5180
2024-04-05,2366.6,2331.1,2370.9,2308,9460
2024-04-08,2372.3,2370.1,2392.3,2343,8960
2024-04-09,2383.9,2377.6,2405.7,2377.5,7860
2024-04-10,2370.1,2393,2399.1,2359.2,8960
2024-04-11,2394.6,2371.8,2417.1,2365,17340
2024-04-12,2396.3,2410.7,2471.3,2373,26720
2024-04-15,2405.1,2392.1,2426.1,2362.3,10430
2024-04-16,2430,2419.5,2436.7,2401.7,5640
2024-04-17,2410.5,2420.4,2434.2,2393.7,7590
2024-04-18,2420.1,2403.1,2429.5,2401.1,6870
2024-04-19,2436.1,2415.5,2455.5,2409.4,5890
2024-04-22,2368.1,2425.4,2425.4,2359.9,11210
2024-04-23,2363.7,2364,2369.6,2326,10440
2024-04-24,2360.3,2357,2372.3,2346.5,6800
2024-04-25,2364.5,2352.1,2379.3,2338.8,10210
2024-04-26,2369.3,2368.4,2385.9,2360.7,8130
2024-04-29,2379.8,2369.7,2380.7,2353.5,9150
2024-04-30,2324.7,2368.9,2368.9,2318,13500
2024-05-01,2332.9,2319.9,2360.7,2314,17040
2024-05-02,2331.6,2351.7,2357.9,2316.5,21420
2024-05-03,2330.6,2335.2,2352,2308.7,28120
2024-05-06,2353.4,2335.1,2363.8,2322.7,23920
2024-05-07,2346.6,2356.2,2360.9,2340.5,74120
2024-05-08,2344.8,2344.6,2351.5,2333.7,62930
2024-05-09,2362.7,2338.3,2376.2,2335.9,51690
2024-05-10,2397.7,2375.7,2407.6,2375.2,77270
2024-05-13,2365.7,2392.1,2393.2,2360.4,59070
2024-05-14,2382.5,2364.5,2387.6,2363.4,22960
2024-05-15,2417.6,2385.2,2418.5,2379.8,28970
2024-05-16,2408.3,2416.7,2425.2,2398,28570
2024-05-17,2440.4,2403.6,2450.1,2400.8,33340
2024-05-20,2461.7,2445.7,2477,2434.4,46930
2024-05-21,2449.1,2453.9,2461.2,2431.8,42500
2024-05-22,2415.7,2448.3,2453.3,2400.8,50550
2024-05-23,2359.7,2405.3,2407.9,2350.5,64700
2024-05-24,2356.9,2352.5,2371.3,2348.7,48410
2024-05-27,2356.5,2338,2365.5,2333.8,105470
2024-05-28,2379.3,2359.8,2388,2356.9,129150
2024-05-29,2364.1,2384.7,2386,2356.6,172060
2024-05-30,2389.3,2382.8,2394.4,2367,3320
2024-05-31,2368.5,2388.2,2404,2364.9,2310
2024-06-03,2392,2370,2398,2357.5,1700
2024-06-04,2369.7,2393.2,2394.1,2358.5,2340
2024-06-05,2398.1,2370.1,2399.9,2368,2770
2024-06-06,2413.7,2399.5,2420.4,2395.3,2590
2024-06-07,2347.6,2417.9,2429.2,2326.9,4400
2024-06-10,2349.6,2330,2353.1,2327.2,1110
2024-06-11,2349.1,2350.2,2359.6,2337.6,1130
2024-06-12,2377.5,2353.5,2381.1,2350.3,2440
2024-06-13,2340.6,2363.4,2365,2334.3,1910
2024-06-14,2371.9,2340.9,2374.1,2340.6,1630
2024-06-17,2351.8,2369.2,2369.2,2347.4,1170
2024-06-18,2369.5,2356.9,2370.5,2345,860
2024-06-19,2343,2342.95,2349.65,2338.6,NA
2024-06-20,2391.8,2366.7,2402.2,2361.4,2550
2024-06-21,2353.9,2394.6,2403.5,2352,2200
2024-06-24,2367.2,2354.5,2370.1,2353.1,1060
2024-06-25,2353.5,2366.7,2372.2,2350,1830
2024-06-26,2335.9,2355.8,2357.7,2327.5,3770
2024-06-27,2359.3,2331.8,2364.3,2330,3550
2024-06-28,2362.5,2359.7,2373.1,2352.6,2980
2024-07-01,2361.9,2356.3,2371,2350.9,2300
2024-07-02,2356.4,2364,2368.8,2350.8,5800
2024-07-03,2392.6,2362,2397.5,2360,6490
2024-07-04,2364.6,2367.2,2371.05,2359.35,NA
2024-07-05,2421.1,2387.9,2424.8,2380,4920
2024-07-08,2387,2419,2422.1,2382,10240
2024-07-09,2391.2,2390.3,2400.8,2380,7640
2024-07-10,2403.2,2393.9,2416.7,2393.3,5840
2024-07-11,2445.6,2401.2,2453.8,2400.9,9840
2024-07-12,2444.5,2444.8,2446.8,2420,7070
2024-07-15,2452.9,2444.2,2468.8,2430,6430
2024-07-16,2492,2452.4,2498.2,2448.7,12750
2024-07-17,2484.3,2497.2,2512.8,2480.2,12310
2024-07-18,2480.8,2487,2502.6,2467.3,7850
2024-07-19,2423,2470.4,2471.6,2419.6,14440
2024-07-22,2418.4,2427.5,2438.1,2409,8820
2024-07-23,2431,2421.8,2437.1,2413.3,12130
2024-07-24,2439.6,2432.6,2456.7,2420.9,13600
2024-07-25,2376.6,2420.5,2423.8,2375.1,28160
2024-07-26,2404.5,2386.5,2413.3,2378,14230
2024-07-29,2401.8,2410.1,2425.3,2391.6,26110
2024-07-30,2451.9,2429,2458.3,2421.5,172970
2024-07-31,2473,2455.6,2496.6,2449.2,176270
2024-08-01,2480.8,2493.4,2506.6,2474,219830
2024-08-02,2469.8,2490.8,2522.5,2453.1,309940
2024-08-05,2444.4,2490.3,2500.8,2403.8,352230
2024-08-06,2431.6,2451.7,2459.5,2421.8,186110
2024-08-07,2432.4,2432.6,2447.3,2418.8,166080
2024-08-08,2463.3,2422.8,2467.9,2420.2,178510
2024-08-09,2473.4,2467.3,2476.5,2456.1,152170
2024-08-12,2504,2470.1,2513.4,2462.7,171200
2024-08-13,2507.8,2512.6,2517.3,2498.2,155080
2024-08-14,2479.7,2506.3,2519.7,2476.2,187380
2024-08-15,2492.4,2486.2,2508,2469.2,169320
2024-08-16,2537.8,2494.4,2548.3,2488.2,223930
2024-08-19,2541.3,2549.7,2549.9,2523.7,155990
2024-08-20,2550.6,2542.4,2570.4,2535.1,191200
2024-08-21,2547.5,2552.2,2558,2528.2,148890
2024-08-22,2516.7,2549.9,2551.4,2506.4,177370
2024-08-23,2546.3,2521.1,2554.5,2519.8,164610
2024-08-26,2555.2,2545.1,2563.2,2544,127490
2024-08-27,2552.9,2553.8,2561.4,2538.5,146220
2024-08-28,2537.8,2559.8,2564.3,2527.8,165120
2024-08-29,2560.3,2539.2,2562.2,2536.5,159970
2024-08-30,2527.6,2553.6,2560.1,2526.6,175640
2024-09-03,2523,2536,2539.5,2504.4,273540
2024-09-04,2526,2524.6,2531.5,2502.7,167960
2024-09-05,2543.1,2526.4,2554,2523.7,152710
2024-09-06,2524.6,2547.1,2559.8,2513.9,228120
2024-09-09,2532.7,2526.5,2536.5,2514.2,140580
2024-09-10,2543.1,2536,2547.5,2528.9,156110
2024-09-11,2542.4,2545.7,2558,2529,194090
2024-09-12,2580.6,2540.6,2588.5,2538.7,233680
2024-09-13,2610.7,2587.5,2614.6,2585,174670
2024-09-16,2608.9,2608,2617.4,2602.5,127580
2024-09-17,2592.4,2609.8,2613.7,2587.3,159530
2024-09-18,2598.6,2596,2627.2,2572.5,233130
2024-09-19,2614.6,2585.1,2620.5,2575.3,204480
2024-09-20,2646.2,2611.2,2651,2608.7,207210
2024-09-23,2652.5,2646.2,2659.8,2638.6,170490
2024-09-24,2677,2653.3,2689.4,2647.1,216550
2024-09-25,2684.7,2682.8,2694.9,2673.4,189940
2024-09-26,2694.9,2681.2,2708.7,2677.5,217640
2024-09-27,2689.9,2716.5,2718.5,2687.6,6190
2024-09-30,2681.3,2702,2709,2668.8,5800
2024-10-01,2712.5,2677.7,2716.7,2677,8060
2024-10-02,2692,2706.2,2706.6,2684.7,3110
2024-10-03,2701.6,2703.4,2705,2680.2,3960
2024-10-04,2690.7,2698.6,2713.1,2675.2,16420
2024-10-07,2689.1,2692.9,2702.2,2680.5,7020
2024-10-08,2658.2,2685.3,2695.2,2646.4,14010
2024-10-09,2648.8,2663.6,2665.2,2646.7,7350
2024-10-10,2662.6,2648.6,2672,2642.5,25890
2024-10-11,2699.7,2670.5,2701.9,2669,8090
2024-10-14,2689,2696.1,2706.9,2684.3,2150
2024-10-15,2702.4,2688.9,2708.9,2678.2,5510
2024-10-16,2714.9,2702.9,2726,2698.8,7160
2024-10-17,2731.4,2714,2736.2,2712.6,11910
2024-10-18,2754.3,2731.4,2761.9,2731.4,13140
2024-10-21,2763.4,2760.2,2779.4,2754,9560
2024-10-22,2784.4,2759.3,2788,2758,8780
2024-10-23,2753.8,2787.6,2796.1,2746.4,11660
2024-10-24,2773.3,2753.5,2780.1,2753.4,14220
2024-10-25,2779.1,2773.1,2785.4,2754,5500
2024-10-28,2780.5,2775.5,2782.8,2761.9,6930
2024-10-29,2805.8,2778.3,2812.4,2777.3,19410
2024-10-30,2825.7,2811.6,2826.3,2807.4,16160
2024-10-31,2774,2823.8,2826,2766.6,22130
2024-11-01,2773.9,2778.6,2797,2767.7,18540
2024-11-04,2770.9,2768.4,2782,2764.9,14110
2024-11-05,2774.6,2770.3,2784.2,2758.2,20420
2024-11-06,2700.4,2776.4,2782.8,2684.9,40560
2024-11-07,2730.6,2691.7,2742.1,2674.8,81670
2024-11-08,2719.5,2737.4,2741.6,2712,73370
2024-11-11,2641.7,2716,2717.2,2641.1,75010
2024-11-12,2630.3,2650.2,2656.9,2619.9,68560
2024-11-13,2610.3,2628.6,2648.8,2601.9,69500
2024-11-14,2596.4,2602,2609,2565,38520
2024-11-15,2593.6,2594,2604,2583.7,35410
2024-11-18,2638.2,2595,2643,2592,48330
2024-11-19,2654.6,2639.8,2667,2638.1,49420
2024-11-20,2663.6,2648.8,2670.8,2634.4,730
2024-11-21,2687.1,2663.9,2688.4,2663.9,540
2024-11-22,2724.9,2683.6,2728.3,2683.6,820
2024-11-25,2630.6,2728,2735.5,2629.5,2570
2024-11-26,2634.4,2638.7,2655.5,2618.5,2720
2024-11-27,2664.8,2658.3,2683.4,2652.2,169460
2024-11-29,2681,2660.6,2690.5,2644.1,180760
2024-12-02,2658.5,2673.8,2678.5,2644.5,163540
2024-12-03,2667.9,2662,2678.4,2656.6,140970
2024-12-04,2676.2,2665.8,2682,2654.2,171790
2024-12-05,2648.4,2674.2,2680,2646.3,156120
2024-12-06,2659.6,2655,2667.9,2635.6,NA
