"Index","CL=F.Open","CL=F.High","CL=F.Low","CL=F.Close","CL=F.Volume","CL=F.Adjusted"
"2000-08-23",31.9500007629395,32.7999992370605,31.9500007629395,32.0499992370605,79385,32.0499992370605
"2000-08-24",31.8999996185303,32.2400016784668,31.3999996185303,31.6299991607666,72978,31.6299991607666
"2000-08-25",31.7000007629395,32.0999984741211,31.3199996948242,32.0499992370605,44601,32.0499992370605
"2000-08-28",32.0400009155273,32.9199981689453,31.8600006103516,32.8699989318848,46770,32.8699989318848
"2000-08-29",32.8199996948242,33.0299987792969,32.560001373291,32.7200012207031,49131,32.7200012207031
"2000-08-30",32.75,33.4000015258789,32.0999984741211,33.4000015258789,79214,33.4000015258789
"2000-08-31",33.25,33.7000007629395,32.9700012207031,33.0999984741211,56895,33.0999984741211
"2000-09-01",33.0499992370605,33.4500007629395,32.75,33.3800010681152,45869,33.3800010681152
"2000-09-04",NA,NA,NA,NA,NA,NA
"2000-09-05",33.9500007629395,33.9900016784668,33.4199981689453,33.7999992370605,55722,33.7999992370605
"2000-09-06",33.9900016784668,34.9500007629395,33.8300018310547,34.9500007629395,74692,34.9500007629395
"2000-09-07",34.5,35.5,34.4500007629395,35.3300018310547,74105,35.3300018310547
"2000-09-08",34.5499992370605,34.7799987792969,33.4000015258789,33.7000007629395,88415,33.7000007629395
"2000-09-11",33.7999992370605,35.8499984741211,33.75,35.0999984741211,101518,35.0999984741211
"2000-09-12",35.4500007629395,35.5,34.0999984741211,34.2000007629395,91911,34.2000007629395
"2000-09-13",34,34.7400016784668,33.5,33.7999992370605,94630,33.7999992370605
"2000-09-14",33.7799987792969,34.5,33.1199989318848,34.0999984741211,98068,34.0999984741211
"2000-09-15",34.5,36.0999984741211,34.4500007629395,35.8499984741211,85839,35.8499984741211
"2000-09-18",36.2000007629395,37.1500015258789,36.1500015258789,36.8800010681152,59663,36.8800010681152
"2000-09-19",36.5499992370605,37,36.1500015258789,36.5,62731,36.5
"2000-09-20",37.5,37.7999992370605,36.5,37.5,119080,37.5
"2000-09-21",34.6500015258789,35.5,33.3499984741211,33.9500007629395,110851,33.9500007629395
"2000-09-22",34,34.4000015258789,32.5,32.6500015258789,85083,32.6500015258789
"2000-09-25",31.3999996185303,32.0999984741211,31.0499992370605,31.5699996948242,104683,31.5699996948242
"2000-09-26",32,32.0499992370605,31.3999996185303,31.5,67727,31.5
"2000-09-27",31.9500007629395,32.25,31.3999996185303,31.5,86160,31.5
"2000-09-28",31.1000003814697,32.4199981689453,30.25,30.2999992370605,77513,30.2999992370605
"2000-09-29",30.7000007629395,30.9500007629395,30.1499996185303,30.8600006103516,57628,30.8600006103516
"2000-10-02",31.4500007629395,32.3499984741211,31.3500003814697,32.1500015258789,59618,32.1500015258789
"2000-10-03",32,32.3199996948242,31.6900005340576,32.0699996948242,48238,32.0699996948242
"2000-10-04",31.6000003814697,31.8999996185303,31.2999992370605,31.5,58088,31.5
"2000-10-05",30.8500003814697,30.9500007629395,30.1700000762939,30.6499996185303,97911,30.6499996185303
"2000-10-06",30.75,30.9599990844727,30.5499992370605,30.8500003814697,46276,30.8500003814697
"2000-10-09",31.5499992370605,31.9200000762939,31.2299995422363,31.8799991607666,51647,31.8799991607666
"2000-10-10",32.25,33.25,32.2299995422363,33.1500015258789,78801,33.1500015258789
"2000-10-11",33.5999984741211,33.7000007629395,32.9599990844727,33.1500015258789,78565,33.1500015258789
"2000-10-12",35,37,34.7999992370605,36.0999984741211,116368,36.0999984741211
"2000-10-13",35.9300003051758,35.9599990844727,34.9000015258789,35.0499992370605,0,35.0499992370605
"2000-10-16",34.4000015258789,34.7999992370605,32.7000007629395,33.0999984741211,60396,33.0999984741211
"2000-10-17",32.7000007629395,33.5,32.4000015258789,32.9500007629395,77365,32.9500007629395
"2000-10-18",33.5499992370605,33.8499984741211,33.0999984741211,33.5499992370605,53355,33.5499992370605
"2000-10-19",33.8499984741211,34.2999992370605,32.7000007629395,32.9500007629395,55415,32.9500007629395
"2000-10-20",33.2999992370605,34.3499984741211,32.8499984741211,34.2999992370605,75683,34.2999992370605
"2000-10-23",33,33.7999992370605,32.5999984741211,33.7299995422363,47952,33.7299995422363
"2000-10-24",33.75,34.0999984741211,33.2999992370605,33.3699989318848,69791,33.3699989318848
"2000-10-25",33.5,33.5200004577637,32.8499984741211,32.9599990844727,60419,32.9599990844727
"2000-10-26",33.6500015258789,33.8199996948242,32.9500007629395,33.75,68127,33.75
"2000-10-27",33.6800003051758,33.689998626709,32.6500015258789,32.7000007629395,68531,32.7000007629395
"2000-10-30",32.75,33.4300003051758,32.6500015258789,32.810001373291,54388,32.810001373291
"2000-10-31",32.7299995422363,32.8800010681152,32.0999984741211,32.689998626709,63007,32.689998626709
"2000-11-01",33.1500015258789,33.75,32.8199996948242,33.2000007629395,71542,33.2000007629395
"2000-11-02",32.75,33.5999984741211,32.2000007629395,32.5400009155273,66821,32.5400009155273
"2000-11-03",32.5999984741211,32.9000015258789,32.3199996948242,32.5999984741211,54514,32.5999984741211
"2000-11-06",32.4000015258789,32.9799995422363,32.0999984741211,32.8600006103516,63791,32.8600006103516
"2000-11-07",33.0499992370605,33.5499992370605,32.9799995422363,33.4000015258789,58379,33.4000015258789
"2000-11-08",33.2000007629395,33.5,32.7999992370605,33.2900009155273,62043,33.2900009155273
"2000-11-09",33.5,34,33.2999992370605,33.9500007629395,64155,33.9500007629395
"2000-11-10",33.7000007629395,34.1500015258789,33.5999984741211,34.0900001525879,63519,34.0900001525879
"2000-11-13",34.1500015258789,34.5499992370605,34.0999984741211,34.4300003051758,66342,34.4300003051758
"2000-11-14",34.3699989318848,34.9799995422363,33.9199981689453,34.8499984741211,78811,34.8499984741211
"2000-11-15",35.4000015258789,35.6500015258789,34.6300010681152,35.5999984741211,80892,35.5999984741211
"2000-11-16",35.25,35.5499992370605,34.9500007629395,35.0499992370605,51772,35.0499992370605
"2000-11-17",34.7000007629395,35.8499984741211,34.5999984741211,35.5999984741211,79730,35.5999984741211
"2000-11-20",35.5,35.8499984741211,35,35.2200012207031,68250,35.2200012207031
"2000-11-21",35.4000015258789,35.7000007629395,35,35.1500015258789,0,35.1500015258789
"2000-11-22",34.9000015258789,35.6399993896484,34.6699981689453,35.4000015258789,45768,35.4000015258789
"2000-11-23",NA,NA,NA,NA,NA,NA
"2000-11-24",NA,NA,NA,NA,NA,NA
"2000-11-27",35.25,35.7599983215332,35.060001373291,35.3800010681152,50390,35.3800010681152
"2000-11-28",34.9799995422363,35.0999984741211,34.1500015258789,34.25,70027,34.25
"2000-11-29",34.25,34.9000015258789,33.8300018310547,34.6300010681152,82486,34.6300010681152
"2000-11-30",34.9500007629395,35.0999984741211,33.7000007629395,33.7999992370605,79900,33.7999992370605
"2000-12-01",33.9000015258789,34.0499992370605,31.7999992370605,32.0499992370605,96057,32.0499992370605
"2000-12-04",32.3800010681152,33.1100006103516,30.8999996185303,31.2999992370605,92267,31.2999992370605
"2000-12-05",31.25,31.4200000762939,29.4500007629395,29.5499992370605,103335,29.5499992370605
"2000-12-06",30,30.1000003814697,28.2000007629395,29.8500003814697,96057,29.8500003814697
"2000-12-07",30.0499992370605,30.2000007629395,29,29.3600006103516,39650,29.3600006103516
"2000-12-08",28.7999992370605,29.25,27.8500003814697,28.5,80715,28.5
"2000-12-11",29,29.5499992370605,28.75,29.4500007629395,77299,29.4500007629395
"2000-12-12",29.6000003814697,29.7999992370605,28.8999996185303,29.6900005340576,60269,29.6900005340576
"2000-12-13",29.75,30,28.5,28.5,71405,28.5
"2000-12-14",28.8500003814697,29.1299991607666,27.5100002288818,27.8999996185303,70754,27.8999996185303
"2000-12-15",28.3500003814697,28.9500007629395,28,28.8500003814697,53224,28.8500003814697
"2000-12-18",29.5499992370605,29.8999996185303,29.1299991607666,29.6499996185303,50760,29.6499996185303
"2000-12-19",29.3999996185303,29.75,28.5,28.7999992370605,66348,28.7999992370605
"2000-12-20",27.1599998474121,27.4500007629395,25.5,25.6700000762939,64487,25.6700000762939
"2000-12-21",26.3999996185303,26.3999996185303,25.6499996185303,26.0499992370605,52292,26.0499992370605
"2000-12-22",26.1499996185303,27.25,26.0499992370605,26.1800003051758,41154,26.1800003051758
"2000-12-25",NA,NA,NA,NA,NA,NA
"2000-12-26",26.2000007629395,26.8999996185303,26.2000007629395,26.6499996185303,24449,26.6499996185303
"2000-12-27",26.8999996185303,27.0200004577637,26.3999996185303,26.4500007629395,34003,26.4500007629395
"2000-12-28",26.3500003814697,26.4799995422363,25.75,25.8500003814697,34439,25.8500003814697
"2000-12-29",25.8999996185303,26.9500007629395,25.8999996185303,26.7999992370605,35529,26.7999992370605
"2001-01-01",NA,NA,NA,NA,NA,NA
"2001-01-02",27.25,27.3999996185303,26.6000003814697,27.2000007629395,52321,27.2000007629395
"2001-01-03",27.2299995422363,28.1399993896484,27.0499992370605,27.9500007629395,66628,27.9500007629395
"2001-01-04",28.2000007629395,28.7800006866455,27.8500003814697,28.2000007629395,74383,28.2000007629395
"2001-01-05",28.1499996185303,28.7999992370605,27.7999992370605,28,63852,28
"2001-01-08",28.2000007629395,28.3999996185303,27.1499996185303,27.3500003814697,76058,27.3500003814697
"2001-01-09",27.25,27.75,26.8999996185303,27.7199993133545,69916,27.7199993133545
"2001-01-10",27.75,29.6000003814697,27.7000007629395,29.5,93000,29.5
"2001-01-11",29.3500003814697,29.8999996185303,28.9799995422363,29.5,67374,29.5
"2001-01-12",29.5,30.2000007629395,29.3700008392334,30.0499992370605,47023,30.0499992370605
"2001-01-15",NA,NA,NA,NA,NA,NA
"2001-01-16",30.1000003814697,30.4500007629395,29.8500003814697,30.3500003814697,66392,30.3500003814697
"2001-01-17",29.7999992370605,30.2000007629395,29,29.6499996185303,75568,29.6499996185303
"2001-01-18",29.8500003814697,30.5100002288818,29.2999992370605,30.4500007629395,44842,30.4500007629395
"2001-01-19",30.25,32.4000015258789,30.2000007629395,32.0999984741211,42815,32.0999984741211
"2001-01-22",31.9500007629395,32.7000007629395,31.75,32,92401,32
"2001-01-23",29.6000003814697,29.6800003051758,29,29.5699996948242,73113,29.5699996948242
"2001-01-24",28.8999996185303,29.8199996948242,28.6399993896484,29.0499992370605,91773,29.0499992370605
"2001-01-25",29,29.5300006866455,28.7999992370605,29.3600006103516,61551,29.3600006103516
"2001-01-26",29.4200000762939,29.9899997711182,29.3199996948242,29.7800006866455,53751,29.7800006866455
"2001-01-29",30.1499996185303,30.1499996185303,28.8600006103516,29.0599994659424,64714,29.0599994659424
"2001-01-30",29.0799999237061,29.3400001525879,28.6800003051758,29.0599994659424,55220,29.0599994659424
"2001-01-31",29,29.1499996185303,28.25,28.7000007629395,85659,28.7000007629395
"2001-02-01",28.9500007629395,29.8700008392334,28.5300006866455,29.7999992370605,77052,29.7999992370605
"2001-02-02",29.7299995422363,31.2999992370605,29.6499996185303,31.25,79001,31.25
"2001-02-05",31.0499992370605,31.0499992370605,30.2000007629395,30.5,67618,30.5
"2001-02-06",30.6499996185303,30.8999996185303,30.1599998474121,30.3500003814697,57981,30.3500003814697
"2001-02-07",30.5,31.3500003814697,30,31.2000007629395,85694,31.2000007629395
"2001-02-08",31.2000007629395,31.8799991607666,31.1200008392334,31.5599994659424,68125,31.5599994659424
"2001-02-09",31.2999992370605,31.3999996185303,30.8500003814697,31.0499992370605,55244,31.0499992370605
"2001-02-12",30.7000007629395,31.0499992370605,30.3999996185303,30.5499992370605,69227,30.5499992370605
"2001-02-13",30.2999992370605,30.3999996185303,29.7199993133545,30.3400001525879,85072,30.3400001525879
"2001-02-14",30.3299999237061,30.8799991607666,29.6499996185303,29.75,89483,29.75
"2001-02-15",29.2999992370605,29.3999996185303,28.5499992370605,28.7999992370605,73627,28.7999992370605
"2001-02-16",29.2000007629395,29.25,29.1000003814697,29.1599998474121,0,29.1599998474121
"2001-02-19",NA,NA,NA,NA,NA,NA
"2001-02-20",29.5,29.5300006866455,28.3999996185303,28.5799999237061,72068,28.5799999237061
"2001-02-21",28.8999996185303,29,28.2999992370605,28.5499992370605,55059,28.5499992370605
"2001-02-22",28.8500003814697,29.2000007629395,28.3500003814697,28.8199996948242,86691,28.8199996948242
"2001-02-23",29,29.0200004577637,29,29,61454,29
"2001-02-26",28.7600002288818,28.9400005340576,28.3999996185303,28.4400005340576,62142,28.4400005340576
"2001-02-27",28,28.3500003814697,27.7099990844727,28.1200008392334,95832,28.1200008392334
"2001-02-28",28.1499996185303,28.2000007629395,27.3400001525879,27.4200000762939,82364,27.4200000762939
"2001-03-01",27.4500007629395,27.8899993896484,27.1499996185303,27.6499996185303,62801,27.6499996185303
"2001-03-02",27.6900005340576,28.2000007629395,27.6000003814697,27.8400001525879,61545,27.8400001525879
"2001-03-05",28.25,28.8299999237061,28.2099990844727,28.6000003814697,49216,28.6000003814697
"2001-03-06",28.3500003814697,28.7000007629395,28.2000007629395,28.2999992370605,50980,28.2999992370605
"2001-03-07",28.5,29.1499996185303,28.1499996185303,28.9500007629395,86394,28.9500007629395
"2001-03-08",28.9500007629395,29.1499996185303,28.2999992370605,28.4899997711182,80771,28.4899997711182
"2001-03-09",28.25,28.4799995422363,27.7999992370605,27.7999992370605,57964,27.7999992370605
"2001-03-12",27.7999992370605,28.2399997711182,27.6499996185303,28,54249,28
"2001-03-13",27.7999992370605,27.8999996185303,27.4500007629395,27.4500007629395,0,27.4500007629395
"2001-03-14",27.6499996185303,27.75,26.2000007629395,26.4500007629395,84086,26.4500007629395
"2001-03-15",26.6000003814697,26.6599998474121,26.1000003814697,26.6499996185303,69457,26.6499996185303
"2001-03-16",26.9500007629395,27.75,26.6000003814697,26.7000007629395,54833,26.7000007629395
"2001-03-19",26.5,26.9400005340576,26.0499992370605,26.1800003051758,39585,26.1800003051758
"2001-03-20",26.25,26.4899997711182,25.7000007629395,25.8999996185303,100723,25.8999996185303
"2001-03-21",26.1800003051758,26.8500003814697,25.9200000762939,26.7999992370605,80284,26.7999992370605
"2001-03-22",26.7900009155273,27.1900005340576,26.4200000762939,26.5200004577637,74305,26.5200004577637
"2001-03-23",26.7000007629395,27.4500007629395,26.4799995422363,27.2999992370605,69876,27.2999992370605
"2001-03-26",27.3999996185303,27.6599998474121,27.1100006103516,27.4599990844727,52637,27.4599990844727
"2001-03-27",27.5799999237061,28.0400009155273,27.3799991607666,27.75,75766,27.75
"2001-03-28",27.4500007629395,27.7800006866455,26.25,26.25,105169,26.25
"2001-03-29",26.3500003814697,26.7800006866455,25.75,26.3500003814697,86983,26.3500003814697
"2001-03-30",26.4500007629395,26.6399993896484,25.9599990844727,26.3999996185303,63947,26.3999996185303
"2001-04-02",26.3500003814697,26.4699993133545,25.5499992370605,25.5900001525879,55182,25.5900001525879
"2001-04-03",25.7000007629395,26.2800006866455,25.4899997711182,26.1900005340576,74089,26.1900005340576
"2001-04-04",26.6499996185303,27.2399997711182,26.1299991607666,27.1200008392334,77935,27.1200008392334
"2001-04-05",27.1000003814697,27.7800006866455,26.6499996185303,27.2600002288818,80086,27.2600002288818
"2001-04-06",26.8999996185303,27.2800006866455,26.8099994659424,27.0599994659424,46546,27.0599994659424
"2001-04-09",27.1299991607666,27.6700000762939,27.0100002288818,27.3400001525879,59981,27.3400001525879
"2001-04-10",27,28.6299991607666,27.3099994659424,28.4799995422363,87333,28.4799995422363
"2001-04-11",28.25,28.4500007629395,27.9400005340576,28.1800003051758,60599,28.1800003051758
"2001-04-12",28.5499992370605,28.8400001525879,28.1900005340576,28.25,61083,28.25
"2001-04-13",NA,NA,NA,NA,NA,NA
"2001-04-16",28.2999992370605,29.0400009155273,28.0499992370605,28.7900009155273,54348,28.7900009155273
"2001-04-17",28.6000003814697,29,28.1499996185303,28.2399997711182,58990,28.2399997711182
"2001-04-18",27.75,28.2900009155273,27.0400009155273,27.9500007629395,73590,27.9500007629395
"2001-04-19",27.8500003814697,27.9599990844727,27.4500007629395,27.8299999237061,49915,27.8299999237061
"2001-04-20",27.7800006866455,28,26.7999992370605,27.2800006866455,74418,27.2800006866455
"2001-04-23",27.8500003814697,27.9300003051758,27.3999996185303,27.6100006103516,59963,27.6100006103516
"2001-04-24",27.9500007629395,27.9799995422363,26.7999992370605,26.8600006103516,76352,26.8600006103516
"2001-04-25",26.8700008392334,27.3799991607666,26.75,27.2900009155273,65944,27.2900009155273
"2001-04-26",27.75,28.6499996185303,27.2900009155273,28.4400005340576,77569,28.4400005340576
"2001-04-27",28.4400005340576,28.6399993896484,28.1499996185303,28.2700004577637,57334,28.2700004577637
"2001-04-30",28.6000003814697,28.9899997711182,28.1299991607666,28.4599990844727,40223,28.4599990844727
"2001-05-01",28.5,28.9799995422363,28.3600006103516,28.9400005340576,57564,28.9400005340576
"2001-05-02",28.25,28.3299999237061,27.7600002288818,27.7999992370605,69856,27.7999992370605
"2001-05-03",27.4500007629395,28.5499992370605,27.3700008392334,28.4500007629395,68101,28.4500007629395
"2001-05-04",28.4500007629395,28.7299995422363,28.1499996185303,28.3600006103516,49654,28.3600006103516
"2001-05-07",28.4500007629395,28.5799999237061,27.7199993133545,27.7700004577637,56162,27.7700004577637
"2001-05-08",27.7999992370605,28,27.3500003814697,27.3899993896484,57551,27.3899993896484
"2001-05-09",27.25,28.25,27.0499992370605,28.2299995422363,81008,28.2299995422363
"2001-05-10",28.1499996185303,28.8500003814697,28.1499996185303,28.5200004577637,66192,28.5200004577637
"2001-05-11",28.3600006103516,28.75,28.2800006866455,28.5499992370605,51638,28.5499992370605
"2001-05-14",28.7000007629395,28.8099994659424,28.0799999237061,28.7099990844727,55538,28.7099990844727
"2001-05-15",28.7000007629395,29.0699996948242,28.6100006103516,28.9799995422363,50905,28.9799995422363
"2001-05-16",29.1800003051758,29.25,28.4500007629395,28.8600006103516,62822,28.8600006103516
"2001-05-17",28.75,29.0200004577637,28.6200008392334,28.9099998474121,45148,28.9099998474121
"2001-05-18",29.1499996185303,29.9899997711182,28.9200000762939,29.9099998474121,44887,29.9099998474121
"2001-05-21",30.1499996185303,30.2000007629395,29.6100006103516,29.9799995422363,41589,29.9799995422363
"2001-05-22",30.0499992370605,30.0499992370605,29.5799999237061,29.7399997711182,65740,29.7399997711182
"2001-05-23",29.7000007629395,30.0499992370605,29.5499992370605,29.5799999237061,4175,29.5799999237061
"2001-05-24",29.6000003814697,29.6700000762939,28.2000007629395,28.4099998474121,4380,28.4099998474121
"2001-05-25",28.4099998474121,28.5799999237061,28.1000003814697,28.3799991607666,50983,28.3799991607666
"2001-05-28",NA,NA,NA,NA,NA,NA
"2001-05-29",28.7000007629395,29.0499992370605,28.3500003814697,28.6599998474121,58861,28.6599998474121
"2001-05-30",28.75,28.9500007629395,28.4300003051758,28.5499992370605,65023,28.5499992370605
"2001-05-31",28.0499992370605,28.7199993133545,27.5499992370605,28.3700008392334,101694,28.3700008392334
"2001-06-01",28.25,28.6000003814697,27.5799999237061,27.9300003051758,75150,27.9300003051758
"2001-06-04",28.5499992370605,28.7399997711182,28.0400009155273,28.1299991607666,74230,28.1299991607666
"2001-06-05",28.2000007629395,28.3299999237061,27.7999992370605,28.2399997711182,60554,28.2399997711182
"2001-06-06",27.6000003814697,28.3700008392334,27.25,27.7199993133545,100545,27.7199993133545
"2001-06-07",27.5200004577637,28.1000003814697,27.4099998474121,27.75,59703,27.75
"2001-06-08",28.0300006866455,28.3899993896484,27.7999992370605,28.3999996185303,47763,28.3999996185303
"2001-06-11",28.75,29.3400001525879,28.3999996185303,29.0400009155273,85621,29.0400009155273
"2001-06-12",28.8799991607666,29.3799991607666,28.75,29.1800003051758,62998,29.1800003051758
"2001-06-13",29.5,29.6299991607666,28.8099994659424,28.8400001525879,78197,28.8400001525879
"2001-06-14",28.8400001525879,29.2800006866455,28.6000003814697,29.0400009155273,62964,29.0400009155273
"2001-06-15",29.0499992370605,29.1100006103516,28.4400005340576,28.5100002288818,58361,28.5100002288818
"2001-06-18",28.2999992370605,28.5400009155273,27.4200000762939,27.5499992370605,50059,27.5499992370605
"2001-06-19",27.6000003814697,27.8199996948242,27.2999992370605,27.4799995422363,57940,27.4799995422363
"2001-06-20",27.4500007629395,27.6000003814697,26,26.5,123727,26.5
"2001-06-21",26.5499992370605,26.7700004577637,25.8500003814697,26.5599994659424,102254,26.5599994659424
"2001-06-22",26.8999996185303,27.1000003814697,26.4200000762939,26.8299999237061,73342,26.8299999237061
"2001-06-25",26.9500007629395,27.3199996948242,26.7800006866455,27.25,57677,27.25
"2001-06-26",27.1499996185303,27.4899997711182,26.8199996948242,26.9799995422363,63048,26.9799995422363
"2001-06-27",26.3500003814697,26.9699993133545,25.2000007629395,25.6100006103516,109855,25.6100006103516
"2001-06-28",25.3500003814697,25.75,25.1000003814697,25.5599994659424,89642,25.5599994659424
"2001-06-29",25.6700000762939,26.3999996185303,25.6399993896484,26.25,86303,26.25
"2001-07-02",26.4500007629395,26.7000007629395,25.3799991607666,25.9500007629395,8479,25.9500007629395
"2001-07-03",25.7999992370605,26.2999992370605,25.6499996185303,26.2399997711182,53665,26.2399997711182
"2001-07-04",NA,NA,NA,NA,NA,NA
"2001-07-05",26.5499992370605,27.0499992370605,26.3400001525879,27.0200004577637,70236,27.0200004577637
"2001-07-06",27.3700008392334,28.2900009155273,27,28.2099990844727,97108,28.2099990844727
"2001-07-09",27.8500003814697,28.2600002288818,27.5,27.5900001525879,91890,27.5900001525879
"2001-07-10",27.5499992370605,27.6900005340576,27.2000007629395,27.4899997711182,67953,27.4899997711182
"2001-07-11",27.2000007629395,27.5900001525879,26.9200000762939,27.1100006103516,78818,27.1100006103516
"2001-07-12",26.5,27.1000003814697,25.9400005340576,26.7999992370605,80397,26.7999992370605
"2001-07-13",26.7000007629395,26.9799995422363,26.2199993133545,26.5900001525879,70344,26.5900001525879
"2001-07-16",26.2999992370605,26.5799999237061,25.7199993133545,26.0599994659424,73134,26.0599994659424
"2001-07-17",26.2099990844727,26.3199996948242,25.5300006866455,25.5699996948242,78904,25.5699996948242
"2001-07-18",25,25.6000003814697,24.7000007629395,24.8899993896484,57541,24.8899993896484
"2001-07-19",25.3999996185303,25.7999992370605,24.5400009155273,24.7000007629395,58286,24.7000007629395
"2001-07-20",25.2000007629395,25.9500007629395,24.7000007629395,25.5900001525879,95323,25.5900001525879
"2001-07-23",26.2999992370605,26.6000003814697,25.8700008392334,26.1200008392334,53982,26.1200008392334
"2001-07-24",26.1800003051758,26.4400005340576,26.0100002288818,26.3099994659424,55610,26.3099994659424
"2001-07-25",26.5300006866455,26.9699993133545,26.1900005340576,26.8400001525879,77274,26.8400001525879
"2001-07-26",26.7000007629395,27.0400009155273,26.6499996185303,26.7299995422363,59381,26.7299995422363
"2001-07-27",26.4500007629395,27.1499996185303,26.25,27.0200004577637,78320,27.0200004577637
"2001-07-30",26.9500007629395,26.9799995422363,26.5499992370605,26.6299991607666,41537,26.6299991607666
"2001-07-31",26.5,26.8500003814697,26.3099994659424,26.3500003814697,52462,26.3500003814697
"2001-08-01",26.6499996185303,26.8500003814697,26.3299999237061,26.7700004577637,72772,26.7700004577637
"2001-08-02",27.5,27.8999996185303,27.3500003814697,27.7099990844727,82555,27.7099990844727
"2001-08-03",27.5499992370605,27.7999992370605,27.3999996185303,27.6200008392334,53006,27.6200008392334
"2001-08-06",27.6000003814697,27.7900009155273,27.3799991607666,27.7399997711182,37371,27.7399997711182
"2001-08-07",28.3999996185303,28.3999996185303,27.8999996185303,27.9400005340576,68661,27.9400005340576
"2001-08-08",28.1499996185303,28.2399997711182,27.5,27.5400009155273,65167,27.5400009155273
"2001-08-09",27.4500007629395,27.7199993133545,27.3799991607666,27.6399993896484,50368,27.6399993896484
"2001-08-10",27.7800006866455,28.4200000762939,27.7199993133545,28.0499992370605,70358,28.0499992370605
"2001-08-13",28.1700000762939,28.25,27.7000007629395,27.8199996948242,52473,27.8199996948242
"2001-08-14",27.8199996948242,28.0499992370605,27.7000007629395,28.0100002288818,48980,28.0100002288818
"2001-08-15",28.2000007629395,28.25,27.4200000762939,27.5599994659424,79697,27.5599994659424
"2001-08-16",27.5699996948242,27.6000003814697,27.1499996185303,27.4500007629395,70918,27.4500007629395
"2001-08-17",27.3299999237061,27.3999996185303,26.5499992370605,26.6299991607666,61936,26.6299991607666
"2001-08-20",26.6499996185303,27.25,26.3500003814697,27.1800003051758,53562,27.1800003051758
"2001-08-21",27.1000003814697,28.1000003814697,27.1000003814697,27.8500003814697,99270,27.8500003814697
"2001-08-22",27.1200008392334,27.25,26.3500003814697,26.3700008392334,93777,26.3700008392334
"2001-08-23",26.5499992370605,26.7199993133545,26.2800006866455,26.6299991607666,59594,26.6299991607666
"2001-08-24",26.7000007629395,27.1499996185303,26.6299991607666,26.8999996185303,79958,26.8999996185303
"2001-08-27",27.0499992370605,27.0699996948242,26.4400005340576,26.6700000762939,58962,26.6700000762939
"2001-08-28",26.6499996185303,27.3799991607666,26.5100002288818,27.1700000762939,71885,27.1700000762939
"2001-08-29",27.3500003814697,27.6000003814697,26.7700004577637,27.0499992370605,81961,27.0499992370605
"2001-08-30",26.8500003814697,27.0200004577637,26.5200004577637,26.5499992370605,3185,26.5499992370605
"2001-08-31",26.7000007629395,27.25,26.6200008392334,27.2000007629395,47548,27.2000007629395
"2001-09-03",NA,NA,NA,NA,NA,NA
"2001-09-04",27.0499992370605,27.1399993896484,26.7600002288818,26.9300003051758,55640,26.9300003051758
"2001-09-05",26.8299999237061,27.2299995422363,26.7600002288818,26.9500007629395,60595,26.9500007629395
"2001-09-06",27.1499996185303,27.6499996185303,27.0499992370605,27.5799999237061,87936,27.5799999237061
"2001-09-07",27.6000003814697,28.1499996185303,27.4300003051758,28.0300006866455,98291,28.0300006866455
"2001-09-10",27.75,28,27.5699996948242,27.6299991607666,0,27.6299991607666
"2001-09-11",NA,NA,NA,NA,NA,NA
"2001-09-12",NA,NA,NA,NA,NA,NA
"2001-09-13",NA,NA,NA,NA,NA,NA
"2001-09-14",29.9799995422363,29.9799995422363,29.4500007629395,29.5300006866455,0,29.5300006866455
"2001-09-17",27,29.25,28.2999992370605,28.8099994659424,101804,28.8099994659424
"2001-09-18",28,28.7999992370605,27.6000003814697,27.7000007629395,69950,27.7000007629395
"2001-09-19",27.3199996948242,27.5,25.7999992370605,26.7199993133545,6135,26.7199993133545
"2001-09-20",26.7000007629395,27,25.8999996185303,26.5900001525879,27931,26.5900001525879
"2001-09-21",26.4500007629395,26.7999992370605,25.8999996185303,25.9699993133545,97581,25.9699993133545
"2001-09-24",23.8999996185303,24,21.7999992370605,22.0100002288818,108959,22.0100002288818
"2001-09-25",22.9500007629395,23.1499996185303,21.25,21.8099994659424,90612,21.8099994659424
"2001-09-26",21.3999996185303,22.5,20.2999992370605,22.3799991607666,3731,22.3799991607666
"2001-09-27",22.2999992370605,22.9400005340576,21.9500007629395,22.7399997711182,56833,22.7399997711182
"2001-09-28",23.1499996185303,23.4899997711182,23,23.4300003051758,60080,23.4300003051758
"2001-10-01",22.7999992370605,23.3999996185303,22.3999996185303,23.2800006866455,50970,23.2800006866455
"2001-10-02",23,23.3400001525879,22.75,22.7900009155273,42332,22.7900009155273
"2001-10-03",22.1000003814697,22.3999996185303,21.7199993133545,22.0799999237061,60413,22.0799999237061
"2001-10-04",22.6499996185303,22.8999996185303,22.0799999237061,22.6299991607666,56132,22.6299991607666
"2001-10-05",23.0499992370605,23.1000003814697,22.2999992370605,22.3899993896484,57970,22.3899993896484
"2001-10-08",22.2999992370605,22.7000007629395,21.9500007629395,22.4500007629395,51267,22.4500007629395
"2001-10-09",22.5,22.6200008392334,22.2600002288818,22.4799995422363,46246,22.4799995422363
"2001-10-10",22.75,22.9200000762939,22.4300003051758,22.5300006866455,49156,22.5300006866455
"2001-10-11",22.75,23.3999996185303,22.25,23.3400001525879,63486,23.3400001525879
"2001-10-12",23.6499996185303,23.9799995422363,22.0599994659424,22.5,93048,22.5
"2001-10-15",22.6000003814697,22.6900005340576,22.1200008392334,22.2900009155273,51155,22.2900009155273
"2001-10-16",22.1499996185303,22.6000003814697,21.9500007629395,22,46494,22
"2001-10-17",22.1800003051758,22.2999992370605,21.5499992370605,21.8099994659424,56738,21.8099994659424
"2001-10-18",21.3999996185303,21.8700008392334,21.0499992370605,21.3099994659424,51313,21.3099994659424
"2001-10-19",21.5499992370605,22.25,21.1800003051758,21.8299999237061,64820,21.8299999237061
"2001-10-22",21.7999992370605,22.1000003814697,21.5200004577637,21.7600002288818,64751,21.7600002288818
"2001-10-23",22.3999996185303,22.5499992370605,21.8199996948242,21.8500003814697,64155,21.8500003814697
"2001-10-24",21.7000007629395,22.4500007629395,21.4099998474121,22.3299999237061,83793,22.3299999237061
"2001-10-25",22.2900009155273,22.6000003814697,21.9899997711182,22.0100002288818,59013,22.0100002288818
"2001-10-26",22,22.25,21.8500003814697,22.0499992370605,53171,22.0499992370605
"2001-10-29",22.5,22.5499992370605,21.9300003051758,22.1499996185303,60312,22.1499996185303
"2001-10-30",22.1800003051758,22.2000007629395,21.8500003814697,21.8700008392334,56500,21.8700008392334
"2001-10-31",21.6000003814697,21.8700008392334,20.7999992370605,21.1800003051758,96594,21.1800003051758
"2001-11-01",21.1800003051758,21.4500007629395,20.3500003814697,20.3899993896484,82000,20.3899993896484
"2001-11-02",20.2000007629395,20.25,19.6900005340576,20.1800003051758,11566,20.1800003051758
"2001-11-05",20.3400001525879,20.4500007629395,19.7600002288818,20.0200004577637,54896,20.0200004577637
"2001-11-06",19.8099994659424,20.0699996948242,19.5599994659424,19.9200000762939,63123,19.9200000762939
"2001-11-07",20.1000003814697,20.3500003814697,19.8999996185303,20.0900001525879,61742,20.0900001525879
"2001-11-08",20.6800003051758,21.2900009155273,20.5499992370605,21.1700000762939,88967,21.1700000762939
"2001-11-09",22.0499992370605,22.3999996185303,21.1000003814697,22.2199993133545,92707,22.2199993133545
"2001-11-12",21.4500007629395,21.7800006866455,20.7000007629395,21.2299995422363,86546,21.2299995422363
"2001-11-13",21.4500007629395,21.9699993133545,21.3999996185303,21.6700000762939,89422,21.6700000762939
"2001-11-14",20,21.6000003814697,19.5499992370605,19.7399997711182,126797,19.7399997711182
"2001-11-15",19.1000003814697,19.1499996185303,17.1499996185303,17.4500007629395,86459,17.4500007629395
"2001-11-16",17.5499992370605,18.2000007629395,17.2999992370605,18.0300006866455,66721,18.0300006866455
"2001-11-19",17.1499996185303,18.2999992370605,16.7000007629395,17.7199993133545,87935,17.7199993133545
"2001-11-20",19.2999992370605,19.4300003051758,18.75,19.1499996185303,77042,19.1499996185303
"2001-11-21",19.3999996185303,19.4500007629395,18.7999992370605,18.9599990844727,68382,18.9599990844727
"2001-11-22",NA,NA,NA,NA,NA,NA
"2001-11-23",NA,NA,NA,NA,NA,NA
"2001-11-26",18.7999992370605,18.9500007629395,17.6700000762939,18.6900005340576,53657,18.6900005340576
"2001-11-27",18.6800003051758,19.7999992370605,18.5499992370605,19.4799995422363,88162,19.4799995422363
"2001-11-28",19.1499996185303,19.6499996185303,18.9599990844727,19.2199993133545,91757,19.2199993133545
"2001-11-29",19.2000007629395,19.2700004577637,18.5100002288818,18.6200008392334,61745,18.6200008392334
"2001-11-30",18.6499996185303,19.5499992370605,18.3999996185303,19.4400005340576,71678,19.4400005340576
"2001-12-03",19.3999996185303,20.5,19.3799991607666,20.0900001525879,80890,20.0900001525879
"2001-12-04",20.2000007629395,20.3999996185303,19.6200008392334,19.6499996185303,76991,19.6499996185303
"2001-12-05",20.2299995422363,20.2999992370605,19.2999992370605,19.4899997711182,72548,19.4899997711182
"2001-12-06",19.5,19.5499992370605,18.2000007629395,18.5400009155273,80176,18.5400009155273
"2001-12-07",18.5499992370605,19.0900001525879,17.9200000762939,19.0400009155273,73257,19.0400009155273
"2001-12-10",18.6800003051758,18.7999992370605,18.1499996185303,18.3700008392334,61037,18.3700008392334
"2001-12-11",18.0499992370605,18.3999996185303,17.9200000762939,18.0799999237061,66894,18.0799999237061
"2001-12-12",18.4500007629395,18.8500003814697,18.2999992370605,18.3600006103516,80615,18.3600006103516
"2001-12-13",18,18.5499992370605,17.7999992370605,18.1200008392334,80705,18.1200008392334
"2001-12-14",18.7000007629395,19.25,18.2900009155273,19.2900009155273,69865,19.2900009155273
"2001-12-17",19.2000007629395,19.5799999237061,19.1000003814697,19.2199993133545,62709,19.2199993133545
"2001-12-18",19.25,19.5,19.0699996948242,19.3600006103516,71584,19.3600006103516
"2001-12-19",19.8500003814697,20.1800003051758,19.75,19.7999992370605,70955,19.7999992370605
"2001-12-20",19.8999996185303,20.1499996185303,19.1700000762939,19.2800006866455,67602,19.2800006866455
"2001-12-21",19.4300003051758,19.75,19.25,19.6200008392334,46791,19.6200008392334
"2001-12-24",NA,NA,NA,NA,NA,NA
"2001-12-25",NA,NA,NA,NA,NA,NA
"2001-12-26",19.7999992370605,21.4300003051758,19.7000007629395,21.2700004577637,61256,21.2700004577637
"2001-12-27",20.6499996185303,21,20.3299999237061,20.8999996185303,49650,20.8999996185303
"2001-12-28",21.2199993133545,21.3799991607666,20.3799991607666,20.4099998474121,58326,20.4099998474121
"2001-12-31",20.2999992370605,20.4300003051758,19.6599998474121,19.8400001525879,36403,19.8400001525879
"2002-01-01",NA,NA,NA,NA,NA,NA
"2002-01-02",20,21.0499992370605,19.8500003814697,21.0100002288818,69560,21.0100002288818
"2002-01-03",20.7800006866455,21.1000003814697,20.1499996185303,20.3700008392334,64010,20.3700008392334
"2002-01-04",20.8500003814697,21.7000007629395,20.3999996185303,21.6200008392334,84832,21.6200008392334
"2002-01-07",21.5,22,21.2000007629395,21.4799995422363,64080,21.4799995422363
"2002-01-08",21.2000007629395,21.5,21,21.25,59541,21.25
"2002-01-09",20.7000007629395,21.3500003814697,20.1100006103516,20.1800003051758,98408,20.1800003051758
"2002-01-10",20.2000007629395,20.4500007629395,19.8500003814697,20.3799991607666,69788,20.3799991607666
"2002-01-11",20.3500003814697,20.5799999237061,19.3700008392334,19.6800003051758,65806,19.6800003051758
"2002-01-14",19.3500003814697,19.4799995422363,18.6499996185303,18.8899993896484,89429,18.8899993896484
"2002-01-15",18.8500003814697,19.4300003051758,18.7600002288818,18.8999996185303,72231,18.8999996185303
"2002-01-16",18.8600006103516,18.9899997711182,18.2800006866455,18.8600006103516,84392,18.8600006103516
"2002-01-17",18.8999996185303,19.1499996185303,17.7999992370605,18.0400009155273,67448,18.0400009155273
"2002-01-18",18.0300006866455,18.5,17.8999996185303,18,45383,18
"2002-01-21",NA,NA,NA,NA,NA,NA
"2002-01-22",18.0499992370605,18.7600002288818,18,18.6000003814697,96896,18.6000003814697
"2002-01-23",18.9799995422363,19.7000007629395,18.9799995422363,19.4799995422363,77790,19.4799995422363
"2002-01-24",19.4799995422363,19.8799991607666,19.1700000762939,19.7199993133545,83907,19.7199993133545
"2002-01-25",19.7299995422363,20.1700000762939,19.2800006866455,20,77987,20
"2002-01-28",20.0599994659424,20.3700008392334,19.8099994659424,20.0499992370605,75269,20.0499992370605
"2002-01-29",19.9500007629395,20.1200008392334,19.4799995422363,19.5699996948242,67139,19.5699996948242
"2002-01-30",19.5799999237061,19.6100006103516,18.5599994659424,19.1499996185303,93923,19.1499996185303
"2002-01-31",19.1499996185303,19.5200004577637,18.9500007629395,19.4799995422363,73520,19.4799995422363
"2002-02-01",19.4699993133545,20.5499992370605,19.0900001525879,20.3999996185303,122999,20.3999996185303
"2002-02-04",20.3400001525879,20.3600006103516,19.9300003051758,20.0599994659424,59644,20.0599994659424
"2002-02-05",20,20.1000003814697,19.7299995422363,20.0499992370605,60424,20.0499992370605
"2002-02-06",20.0100002288818,20.3500003814697,19.75,19.75,79320,19.75
"2002-02-07",19.7000007629395,19.7900009155273,19.2700004577637,19.6800003051758,68275,19.6800003051758
"2002-02-08",19.7099990844727,20.2800006866455,19.6499996185303,20.25,74748,20.25
"2002-02-11",20.2700004577637,21.6000003814697,19.9599990844727,21.3199996948242,89214,21.3199996948242
"2002-02-12",21.2900009155273,21.5,20.6700000762939,20.75,83735,20.75
"2002-02-13",20.7299995422363,21.75,20.3099994659424,21.1499996185303,99165,21.1499996185303
"2002-02-14",21.1800003051758,21.6000003814697,21.0499992370605,21.2199993133545,69434,21.2199993133545
"2002-02-15",21.25,21.5499992370605,21,21.5,57209,21.5
"2002-02-18",NA,NA,NA,NA,NA,NA
"2002-02-19",21.2199993133545,21.2199993133545,20.8500003814697,20.8700008392334,53799,20.8700008392334
"2002-02-20",20.8999996185303,20.8999996185303,20.1499996185303,20.2299995422363,96162,20.2299995422363
"2002-02-21",20.4400005340576,21.2999992370605,20.2999992370605,21.0499992370605,83271,21.0499992370605
"2002-02-22",21,21.25,20.75,21.0799999237061,54622,21.0799999237061
"2002-02-25",21,21.1700000762939,20.4500007629395,20.4200000762939,67270,20.4200000762939
"2002-02-26",20.4699993133545,21.5499992370605,20.3700008392334,21.3600006103516,88209,21.3600006103516
"2002-02-27",21.4500007629395,21.7900009155273,21.1499996185303,21.2900009155273,99210,21.2900009155273
"2002-02-28",21.2800006866455,21.8500003814697,21.0799999237061,21.8500003814697,92963,21.8500003814697
"2002-03-01",21.7800006866455,22.7999992370605,21.6200008392334,22.3600006103516,122518,22.3600006103516
"2002-03-04",22.4300003051758,22.6000003814697,22.1299991607666,22.5,63683,22.5
"2002-03-05",22.5100002288818,23.3500003814697,22.4500007629395,23.1700000762939,93354,23.1700000762939
"2002-03-06",23.1700000762939,23.4500007629395,22.7000007629395,23.2199993133545,81722,23.2199993133545
"2002-03-07",23.2000007629395,24.75,23.2000007629395,23.7800006866455,139178,23.7800006866455
"2002-03-08",23.7000007629395,23.9500007629395,23.1499996185303,23.8500003814697,83043,23.8500003814697
"2002-03-11",23.8700008392334,24.5499992370605,23.8299999237061,24.2999992370605,72020,24.2999992370605
"2002-03-12",24.3500003814697,24.3899993896484,23.6499996185303,24.1499996185303,79368,24.1499996185303
"2002-03-13",24.2000007629395,24.6499996185303,23.8999996185303,24.1499996185303,92386,24.1499996185303
"2002-03-14",24.1000003814697,24.6499996185303,23.7299995422363,24.5499992370605,77016,24.5499992370605
"2002-03-15",24.5499992370605,24.75,24.1700000762939,24.4799995422363,70845,24.4799995422363
"2002-03-18",24.3999996185303,25.2000007629395,24.1100006103516,25.0499992370605,53764,25.0499992370605
"2002-03-19",25.0499992370605,25.25,24.7000007629395,25.0499992370605,45524,25.0499992370605
"2002-03-20",25.0499992370605,25.6200008392334,24.6499996185303,24.7000007629395,113700,24.7000007629395
"2002-03-21",24.6900005340576,25.7000007629395,24.6000003814697,25.6000003814697,84385,25.6000003814697
"2002-03-22",25.6299991607666,25.8500003814697,25.2000007629395,25.2600002288818,72805,25.2600002288818
"2002-03-25",25.3500003814697,25.3500003814697,24.7000007629395,25.0200004577637,62975,25.0200004577637
"2002-03-26",24.9799995422363,25.3999996185303,24.7299995422363,25.4300003051758,68558,25.4300003051758
"2002-03-27",25.4400005340576,25.9799995422363,24.8099994659424,25.8700008392334,70567,25.8700008392334
"2002-03-28",25.8299999237061,26.3799991607666,25.5799999237061,26.2299995422363,94042,26.2299995422363
"2002-03-29",NA,NA,NA,NA,NA,NA
"2002-04-01",26.4599990844727,27.3999996185303,26.4599990844727,26.8600006103516,75570,26.8600006103516
"2002-04-02",26.7900009155273,28.1000003814697,26.7900009155273,27.7000007629395,96819,27.7000007629395
"2002-04-03",27.7099990844727,27.7600002288818,27.1499996185303,27.5599994659424,67829,27.5599994659424
"2002-04-04",27.5400009155273,28.3500003814697,26.4500007629395,26.6800003051758,124694,26.6800003051758
"2002-04-05",26.6499996185303,27.1800003051758,25.0499992370605,26.2199993133545,128123,26.2199993133545
"2002-04-08",26.3999996185303,27.2299995422363,26.2700004577637,26.5499992370605,89698,26.5499992370605
"2002-04-09",26.5699996948242,26.6599998474121,25.6200008392334,25.7999992370605,85388,25.7999992370605
"2002-04-10",25.8099994659424,26.2999992370605,25.2999992370605,26.1200008392334,78861,26.1200008392334
"2002-04-11",26.1000003814697,26.1700000762939,24.9200000762939,25.0200004577637,91627,25.0200004577637
"2002-04-12",25,25.1200008392334,23.3099994659424,23.4500007629395,107582,23.4500007629395
"2002-04-15",24.25,24.6000003814697,23.6000003814697,24.5499992370605,91996,24.5499992370605
"2002-04-16",24.5499992370605,25.1499996185303,24.3999996185303,24.8500003814697,63752,24.8500003814697
"2002-04-17",24.8299999237061,26.1000003814697,24.7999992370605,25.9200000762939,77858,25.9200000762939
"2002-04-18",25.9200000762939,26.6499996185303,25.8500003814697,26.0900001525879,53055,26.0900001525879
"2002-04-19",26.1499996185303,26.5,25.5499992370605,26.3999996185303,43787,26.3999996185303
"2002-04-22",26.3999996185303,26.7999992370605,25.7800006866455,26.2999992370605,91838,26.2999992370605
"2002-04-23",26.4300003051758,26.8799991607666,26.2800006866455,26.5900001525879,84735,26.5900001525879
"2002-04-24",26.6000003814697,26.6800003051758,25.8999996185303,26.4300003051758,71283,26.4300003051758
"2002-04-25",26.4599990844727,27.2000007629395,26,26.6700000762939,91408,26.6700000762939
"2002-04-26",26.6800003051758,27.1499996185303,26.0100002288818,27.1499996185303,66177,27.1499996185303
"2002-04-29",26.9200000762939,27.6399993896484,26.6499996185303,27.5200004577637,74728,27.5200004577637
"2002-04-30",27.5,27.6000003814697,27.0699996948242,27.2900009155273,91603,27.2900009155273
"2002-05-01",27.25,27.3899993896484,26.6000003814697,26.7399997711182,82535,26.7399997711182
"2002-05-02",26.75,26.75,25.5499992370605,26.3500003814697,115257,26.3500003814697
"2002-05-03",26.2999992370605,26.75,25.9300003051758,26.7199993133545,77340,26.7199993133545
"2002-05-06",26.3099994659424,26.3199996948242,25.6200008392334,26.0799999237061,66351,26.0799999237061
"2002-05-07",26.1499996185303,26.7299995422363,25.8999996185303,26.6200008392334,102456,26.6200008392334
"2002-05-08",26.6599998474121,28.0499992370605,26.6000003814697,27.7299995422363,131472,27.7299995422363
"2002-05-09",27.7299995422363,28.2000007629395,27.2700004577637,27.7000007629395,99314,27.7000007629395
"2002-05-10",27.7199993133545,28.2700004577637,27.6800003051758,27.8799991607666,81056,27.8799991607666
"2002-05-13",27.75,28.4799995422363,27.3500003814697,28.4500007629395,79146,28.4500007629395
"2002-05-14",28.4599990844727,29.5,28.3999996185303,29.2999992370605,92828,29.2999992370605
"2002-05-15",29.1700000762939,29.5400009155273,27.8999996185303,28.2000007629395,94526,28.2000007629395
"2002-05-16",28.2199993133545,28.5499992370605,27.2000007629395,27.9699993133545,93916,27.9699993133545
"2002-05-17",27.9799995422363,28.25,27.1000003814697,28.2000007629395,51136,28.2000007629395
"2002-05-20",28.2000007629395,28.5400009155273,27.7800006866455,28.2000007629395,59717,28.2000007629395
"2002-05-21",28.2299995422363,28.25,27.2000007629395,27,125531,27
"2002-05-22",26.2800006866455,26.7199993133545,26.1499996185303,26.4500007629395,94506,26.4500007629395
"2002-05-23",26.5,26.7999992370605,26.0300006866455,26.1499996185303,90710,26.1499996185303
"2002-05-24",25.75,26.2800006866455,25.4500007629395,25.8799991607666,75877,25.8799991607666
"2002-05-27",NA,NA,NA,NA,NA,NA
"2002-05-28",25.6000003814697,25.8299999237061,25.1700000762939,25.1800003051758,75323,25.1800003051758
"2002-05-29",24.8999996185303,25.7999992370605,24.7700004577637,25.7199993133545,81993,25.7199993133545
"2002-05-30",25.1000003814697,25.7000007629395,24.3999996185303,24.7000007629395,93622,24.7000007629395
"2002-05-31",24.8999996185303,25.4799995422363,24.6800003051758,25.3500003814697,91770,25.3500003814697
"2002-06-03",25.2600002288818,25.4400005340576,24.8500003814697,25.1100006103516,46563,25.1100006103516
"2002-06-04",25.0499992370605,25.4699993133545,25,25.2999992370605,59607,25.2999992370605
"2002-06-05",24.7999992370605,25.3500003814697,24.6499996185303,24.8899993896484,71889,24.8899993896484
"2002-06-06",24.9200000762939,25.3999996185303,24.2000007629395,24.9300003051758,225,24.9300003051758
"2002-06-07",24.7999992370605,24.9899997711182,24.4500007629395,24.7299995422363,62466,24.7299995422363
"2002-06-10",24.6000003814697,24.7000007629395,24.2000007629395,24.3199996948242,64609,24.3199996948242
"2002-06-11",24,24.3700008392334,23.7999992370605,24.1800003051758,78478,24.1800003051758
"2002-06-12",24.3500003814697,24.8199996948242,24.1100006103516,24.6800003051758,80443,24.6800003051758
"2002-06-13",24.8500003814697,25.75,24.6399993896484,25.6399993896484,96298,25.6399993896484
"2002-06-14",25.3500003814697,26.0300006866455,25.2000007629395,25.8700008392334,77902,25.8700008392334
"2002-06-17",26.1200008392334,26.5,26.0300006866455,26.0900001525879,62018,26.0900001525879
"2002-06-18",25.8999996185303,26.1499996185303,25.3500003814697,25.3500003814697,54329,25.3500003814697
"2002-06-19",25.3500003814697,25.9699993133545,25.2000007629395,25.2999992370605,58779,25.2999992370605
"2002-06-20",25.5200004577637,25.7000007629395,25.1000003814697,25.6000003814697,100391,25.6000003814697
"2002-06-21",25.9599990844727,26.3999996185303,25.2099990844727,25.75,117304,25.75
"2002-06-24",25.7000007629395,26.6000003814697,25.7000007629395,26.4699993133545,84379,26.4699993133545
"2002-06-25",26.75,27.0499992370605,26.2999992370605,26.3199996948242,92024,26.3199996948242
"2002-06-26",25.8999996185303,26.8500003814697,25.8500003814697,26.7600002288818,113254,26.7600002288818
"2002-06-27",26.8199996948242,26.9899997711182,26.5300006866455,26.8600006103516,83716,26.8600006103516
"2002-06-28",26.5699996948242,26.9899997711182,26.3299999237061,26.8600006103516,76097,26.8600006103516
"2002-07-01",26.7999992370605,27.1499996185303,26.6100006103516,26.8099994659424,43853,26.8099994659424
"2002-07-02",27,27.1499996185303,26.6299991607666,26.7700004577637,64641,26.7700004577637
"2002-07-03",26.6800003051758,26.9500007629395,26.3799991607666,26.7999992370605,62869,26.7999992370605
"2002-07-04",NA,NA,NA,NA,NA,NA
"2002-07-05",NA,NA,NA,NA,NA,NA
"2002-07-08",26.25,26.8600006103516,25.8999996185303,26.0699996948242,75606,26.0699996948242
"2002-07-09",25.8700008392334,26.2000007629395,25.7299995422363,26.0900001525879,84852,26.0900001525879
"2002-07-10",26.4500007629395,27.0799999237061,26.0799999237061,26.7700004577637,97914,26.7700004577637
"2002-07-11",26.6200008392334,27,26.0799999237061,26.8299999237061,68630,26.8299999237061
"2002-07-12",27.2000007629395,27.5,26.8299999237061,27.4699993133545,79858,27.4699993133545
"2002-07-15",27.3999996185303,27.9799995422363,27.0200004577637,27.0699996948242,82132,27.0699996948242
"2002-07-16",27.0300006866455,27.8299999237061,26.8999996185303,27.75,91317,27.75
"2002-07-17",27.7000007629395,28.1000003814697,27.3999996185303,27.8799991607666,95724,27.8799991607666
"2002-07-18",27.7199993133545,28.0799999237061,27.3999996185303,27.5699996948242,47748,27.5699996948242
"2002-07-19",27.25,27.8999996185303,27.1499996185303,27.8299999237061,52888,27.8299999237061
"2002-07-22",27.2199993133545,27.75,26.2700004577637,26.6000003814697,139591,26.6000003814697
"2002-07-23",26.7700004577637,26.8999996185303,26.25,26.3099994659424,95985,26.3099994659424
"2002-07-24",26.0499992370605,26.9400005340576,25.9500007629395,26.8700008392334,119298,26.8700008392334
"2002-07-25",26.7600002288818,27.0100002288818,26.5,26.7700004577637,77084,26.7700004577637
"2002-07-26",26.6000003814697,26.7099990844727,26.1700000762939,26.5400009155273,77208,26.5400009155273
"2002-07-29",26.4200000762939,26.6599998474121,26.3199996948242,26.5499992370605,40501,26.5499992370605
"2002-07-30",26.8700008392334,27.5400009155273,26.4599990844727,27.3600006103516,99519,27.3600006103516
"2002-07-31",27.3999996185303,27.6700000762939,26.9500007629395,27.0200004577637,80323,27.0200004577637
"2002-08-01",27.0599994659424,27.2000007629395,26.3999996185303,26.4699993133545,90196,26.4699993133545
"2002-08-02",26.2000007629395,26.8899993896484,26,26.8400001525879,86753,26.8400001525879
"2002-08-05",26.4799995422363,27.0200004577637,26.3199996948242,26.5799999237061,57855,26.5799999237061
"2002-08-06",26.7399997711182,27.1900005340576,26.4500007629395,27.1700000762939,69997,27.1700000762939
"2002-08-07",26.9200000762939,27.3799991607666,26.25,26.5,98451,26.5
"2002-08-08",26.5,26.8299999237061,26.2800006866455,26.6700000762939,67364,26.6700000762939
"2002-08-09",26.5300006866455,26.9500007629395,26.4500007629395,26.8600006103516,63831,26.8600006103516
"2002-08-12",26.5799999237061,27.9599990844727,26.4799995422363,27.8600006103516,115665,27.8600006103516
"2002-08-13",27.8600006103516,28.1000003814697,27.6499996185303,27.8999996185303,84880,27.8999996185303
"2002-08-14",28.2299995422363,28.4899997711182,27.8199996948242,28.1499996185303,86360,28.1499996185303
"2002-08-15",28.1800003051758,29.1000003814697,28.0200004577637,29.0599994659424,88688,29.0599994659424
"2002-08-16",28.8999996185303,29.4500007629395,28.75,29.3299999237061,71324,29.3299999237061
"2002-08-19",29.4200000762939,29.9500007629395,29.0699996948242,29.8400001525879,71751,29.8400001525879
"2002-08-20",29.6599998474121,30.3199996948242,29.6000003814697,30.1100006103516,107005,30.1100006103516
"2002-08-21",28.6000003814697,29.6200008392334,28.3400001525879,29.2399997711182,112193,29.2399997711182
"2002-08-22",29.1000003814697,29.3899993896484,28.7999992370605,28.8400001525879,65778,28.8400001525879
"2002-08-23",28.6000003814697,28.8500003814697,28.4500007629395,28.7299995422363,68064,28.7299995422363
"2002-08-26",28.6499996185303,29.4899997711182,28.6100006103516,29.2800006866455,77471,29.2800006866455
"2002-08-27",29.2999992370605,29.6499996185303,28.6800003051758,28.8299999237061,107534,28.8299999237061
"2002-08-28",28.6700000762939,29,28.1700000762939,28.3400001525879,96651,28.3400001525879
"2002-08-29",28.25,28.9799995422363,28.1499996185303,28.9200000762939,74524,28.9200000762939
"2002-08-30",28.8700008392334,29.0799999237061,28.6700000762939,28.9799995422363,54317,28.9799995422363
"2002-09-02",NA,NA,NA,NA,NA,NA
"2002-09-03",28.6900005340576,28.6900005340576,27.7000007629395,27.7900009155273,108086,27.7900009155273
"2002-09-04",27.9400005340576,28.5499992370605,27.6200008392334,28.2700004577637,6763,28.2700004577637
"2002-09-05",28.5499992370605,29,28.2600002288818,28.9799995422363,75147,28.9799995422363
"2002-09-06",29.75,30.1900005340576,28.9400005340576,29.6100006103516,97863,29.6100006103516
"2002-09-09",29.4500007629395,30.2000007629395,29.3099994659424,29.7299995422363,71398,29.7299995422363
"2002-09-10",30.0499992370605,30.2000007629395,29.6499996185303,29.7299995422363,88228,29.7299995422363
"2002-09-11",29.7299995422363,29.9699993133545,29.5400009155273,29.7700004577637,52310,29.7700004577637
"2002-09-12",29.7800006866455,29.9200000762939,28.6399993896484,28.8500003814697,114011,28.8500003814697
"2002-09-13",29.25,29.8999996185303,28.8299999237061,29.8099994659424,93353,29.8099994659424
"2002-09-16",29.6000003814697,29.9300003051758,29.3199996948242,29.6700000762939,64197,29.6700000762939
"2002-09-17",28.7999992370605,29.6000003814697,28.2399997711182,29.0799999237061,85894,29.0799999237061
"2002-09-18",29.3999996185303,29.75,29.0599994659424,29.4799995422363,45421,29.4799995422363
"2002-09-19",29.5499992370605,29.75,29.1599998474121,29.5,80570,29.5
"2002-09-20",29.8999996185303,30.1499996185303,29.6599998474121,29.8400001525879,92765,29.8400001525879
"2002-09-23",30.2000007629395,30.9300003051758,30,30.7099990844727,88670,30.7099990844727
"2002-09-24",30.7299995422363,31.3899993896484,30.6399993896484,30.7700004577637,94152,30.7700004577637
"2002-09-25",30.5499992370605,30.8999996185303,30.2999992370605,30.6399993896484,80282,30.6399993896484
"2002-09-26",30.75,30.9500007629395,30.0599994659424,30.4099998474121,76279,30.4099998474121
"2002-09-27",30.4599990844727,30.75,30.1499996185303,30.5400009155273,76301,30.5400009155273
"2002-09-30",30.5,30.9400005340576,30.3999996185303,30.4699993133545,68291,30.4699993133545
"2002-10-01",30.6000003814697,31.1800003051758,30.4500007629395,30.8299999237061,97932,30.8299999237061
"2002-10-02",30.7000007629395,31.0499992370605,30.2000007629395,30.4899997711182,100866,30.4899997711182
"2002-10-03",30.1100006103516,30.6599998474121,29.6000003814697,29.7600002288818,103426,29.7600002288818
"2002-10-04",29.7700004577637,29.9500007629395,29.3500003814697,29.6200008392334,87634,29.6200008392334
"2002-10-07",29.8299999237061,30.1000003814697,29.3999996185303,29.6399993896484,69618,29.6399993896484
"2002-10-08",29.0300006866455,29.7900009155273,29.0300006866455,29.4799995422363,87763,29.4799995422363
"2002-10-09",29.5,29.7800006866455,29.2600002288818,29.3500003814697,74571,29.3500003814697
"2002-10-10",28.8999996185303,29.5,28.5200004577637,28.9699993133545,91013,28.9699993133545
"2002-10-11",29.2800006866455,29.3999996185303,28.7999992370605,29.3700008392334,68090,29.3700008392334
"2002-10-14",29.2000007629395,30.1700000762939,29.2000007629395,30.0300006866455,83156,30.0300006866455
"2002-10-15",29.9500007629395,30.2000007629395,29.5799999237061,29.7199993133545,71539,29.7199993133545
"2002-10-16",29.7999992370605,29.8700008392334,29.1800003051758,29.4699993133545,60915,29.4699993133545
"2002-10-17",29.1800003051758,29.7700004577637,29.0499992370605,29.6200008392334,61627,29.6200008392334
"2002-10-18",29.4099998474121,29.7099990844727,28.5599994659424,29.6000003814697,45144,29.6000003814697
"2002-10-21",29.0499992370605,29.5,28.2199993133545,28.3799991607666,61967,28.3799991607666
"2002-10-22",28.0200004577637,28.4099998474121,27.75,27.9200000762939,124794,27.9200000762939
"2002-10-23",28.1000003814697,28.3899993896484,27.8500003814697,28.1800003051758,91970,28.1800003051758
"2002-10-24",28.25,28.4500007629395,28.0499992370605,28.2000007629395,71182,28.2000007629395
"2002-10-25",28.25,28.2999992370605,26.8999996185303,27.0499992370605,140626,27.0499992370605
"2002-10-28",27.0799999237061,27.4300003051758,26.6200008392334,27.2900009155273,103266,27.2900009155273
"2002-10-29",27.2199993133545,27.3500003814697,26.8199996948242,26.8600006103516,70205,26.8600006103516
"2002-10-30",27.1000003814697,27.2900009155273,26.5300006866455,26.8099994659424,107849,26.8099994659424
"2002-10-31",27.1499996185303,27.3500003814697,26.7700004577637,27.2199993133545,73556,27.2199993133545
"2002-11-01",27.2199993133545,27.5599994659424,26.9500007629395,27.1299991607666,87317,27.1299991607666
"2002-11-04",26.7999992370605,27.3999996185303,26.6599998474121,26.9500007629395,101816,26.9500007629395
"2002-11-05",26.7199993133545,27,26.0799999237061,26.1399993896484,99398,26.1399993896484
"2002-11-06",26.2199993133545,26.3400001525879,25.5499992370605,25.7700004577637,109427,25.7700004577637
"2002-11-07",26.2999992370605,26.4500007629395,25.25,25.3799991607666,102204,25.3799991607666
"2002-11-08",25.3999996185303,25.9500007629395,25.1599998474121,25.7800006866455,102515,25.7800006866455
"2002-11-11",25.9500007629395,26.5,25.6800003051758,25.9400005340576,91117,25.9400005340576
"2002-11-12",25.8999996185303,26.2000007629395,25.7600002288818,25.8999996185303,77589,25.8999996185303
"2002-11-13",25.7099990844727,26,24.8199996948242,25.1900005340576,116923,25.1900005340576
"2002-11-14",25.4300003051758,25.5,24.8500003814697,25.2900009155273,97828,25.2900009155273
"2002-11-15",25.25,25.5799999237061,25.1000003814697,25.5100002288818,67561,25.5100002288818
"2002-11-18",25.75,26.75,25.5200004577637,26.7099990844727,83906,26.7099990844727
"2002-11-19",26.7000007629395,27.0799999237061,26.3500003814697,26.4200000762939,3536,26.4200000762939
"2002-11-20",26.5499992370605,27.25,26.2999992370605,26.9799995422363,107495,26.9799995422363
"2002-11-21",26.3899993896484,26.5499992370605,26.1200008392334,26.3500003814697,83335,26.3500003814697
"2002-11-22",26.3799991607666,26.8400001525879,26.3099994659424,26.7600002288818,74617,26.7600002288818
"2002-11-25",26.6800003051758,26.75,26.0799999237061,26.1100006103516,81342,26.1100006103516
"2002-11-26",26.2999992370605,26.5,26.1000003814697,26.3999996185303,58893,26.3999996185303
"2002-11-27",26.7000007629395,26.9599990844727,26.3199996948242,26.8899993896484,74072,26.8899993896484
"2002-11-28",NA,NA,NA,NA,NA,NA
"2002-11-29",NA,NA,NA,NA,NA,NA
"2002-12-02",26.8199996948242,27.4500007629395,26.7000007629395,27.2399997711182,92475,27.2399997711182
"2002-12-03",27.5,27.6499996185303,27.1000003814697,27.2999992370605,90640,27.2999992370605
"2002-12-04",27.1499996185303,27.5900001525879,26.5699996948242,26.7299995422363,113979,26.7299995422363
"2002-12-05",27,27.4500007629395,26.8299999237061,27.2900009155273,68103,27.2900009155273
"2002-12-06",27.1499996185303,27.5,26.8199996948242,26.9300003051758,78572,26.9300003051758
"2002-12-09",27.2999992370605,27.4300003051758,27,27.2600002288818,66646,27.2600002288818
"2002-12-10",27.0799999237061,27.8999996185303,26.75,27.75,128672,27.75
"2002-12-11",27.6299991607666,27.9699993133545,27.2999992370605,27.3999996185303,84577,27.3999996185303
"2002-12-12",27.5200004577637,28.2199993133545,27.3899993896484,27.9200000762939,103960,27.9200000762939
"2002-12-13",28.25,28.6499996185303,28.1499996185303,28.4400005340576,96771,28.4400005340576
"2002-12-16",29,30.1700000762939,28.8999996185303,30.1000003814697,98129,30.1000003814697
"2002-12-17",29.8999996185303,30.25,29.75,30.1000003814697,79689,30.1000003814697
"2002-12-18",29.75,31.25,29.7099990844727,30.4400005340576,64164,30.4400005340576
"2002-12-19",30.6000003814697,31.1000003814697,30.1499996185303,30.5599994659424,115159,30.5599994659424
"2002-12-20",30.0499992370605,30.3799991607666,29.8600006103516,30.2999992370605,83445,30.2999992370605
"2002-12-23",30.7999992370605,31.9500007629395,30.7600002288818,31.75,68872,31.75
"2002-12-24",31.7000007629395,32.0299987792969,31.6200008392334,31.9699993133545,34812,31.9699993133545
"2002-12-25",NA,NA,NA,NA,NA,NA
"2002-12-26",31.7000007629395,32.5499992370605,31.4200000762939,32.4900016784668,41147,32.4900016784668
"2002-12-27",32.3300018310547,32.7999992370605,32.0499992370605,32.7200012207031,61580,32.7200012207031
"2002-12-30",32.75,33.6500015258789,31.1399993896484,31.3700008392334,82023,31.3700008392334
"2002-12-31",30.6000003814697,31.3999996185303,30.0499992370605,31.2000007629395,58723,31.2000007629395
"2003-01-01",NA,NA,NA,NA,NA,NA
"2003-01-02",31.5499992370605,32.0900001525879,31.3999996185303,31.8500003814697,62480,31.8500003814697
"2003-01-03",32.0800018310547,33.2000007629395,31.8999996185303,33.0800018310547,68416,33.0800018310547
"2003-01-06",32.6500015258789,32.8499984741211,31.9099998474121,32.0999984741211,98247,32.0999984741211
"2003-01-07",31.5499992370605,31.7000007629395,30.5100002288818,31.0799999237061,124279,31.0799999237061
"2003-01-08",30.25,30.7000007629395,29.75,30.5599994659424,108037,30.5599994659424
"2003-01-09",30.9500007629395,32.0499992370605,30.7000007629395,31.9899997711182,111722,31.9899997711182
"2003-01-10",31.8500003814697,32.1699981689453,31.3500003814697,31.6800003051758,98555,31.6800003051758
"2003-01-13",31.3799991607666,32.3800010681152,31.1299991607666,32.2599983215332,90730,32.2599983215332
"2003-01-14",32.75,32.9000015258789,31.8999996185303,32.3699989318848,113996,32.3699989318848
"2003-01-15",32.6500015258789,33.2999992370605,32.2799987792969,33.2000007629395,111645,33.2000007629395
"2003-01-16",33.5,33.9799995422363,33,33.6599998474121,71774,33.6599998474121
"2003-01-17",33.25,34,32.9000015258789,33.9099998474121,73642,33.9099998474121
"2003-01-20",NA,NA,NA,NA,NA,NA
"2003-01-21",33.5499992370605,35.2000007629395,33.5,34.6100006103516,122456,34.6100006103516
"2003-01-22",33.0499992370605,33.4500007629395,32.6500015258789,32.8499984741211,84590,32.8499984741211
"2003-01-23",32.8499984741211,33,31.8999996185303,32.25,109024,32.25
"2003-01-24",32.2599983215332,33.4000015258789,32.1100006103516,33.2799987792969,95524,33.2799987792969
"2003-01-27",32.9500007629395,33.3499984741211,32.2000007629395,32.2900009155273,88859,32.2900009155273
"2003-01-28",32.3899993896484,32.8400001525879,32.1599998474121,32.6699981689453,56606,32.6699981689453
"2003-01-29",32.7299995422363,33.8800010681152,32.2999992370605,33.6300010681152,98104,33.6300010681152
"2003-01-30",33.6300010681152,34,33.3400001525879,33.8499984741211,61889,33.8499984741211
"2003-01-31",33.2999992370605,33.9000015258789,33.2400016784668,33.5099983215332,92521,33.5099983215332
"2003-02-03",33.3300018310547,33.4700012207031,32.6500015258789,32.7599983215332,74746,32.7599983215332
"2003-02-04",32.9000015258789,33.7799987792969,32.9000015258789,33.5800018310547,81566,33.5800018310547
"2003-02-05",33.7000007629395,34.2799987792969,33.0999984741211,33.9300003051758,88323,33.9300003051758
"2003-02-06",34.25,34.4500007629395,33.7799987792969,34.1599998474121,85546,34.1599998474121
"2003-02-07",34.5,35.25,34.3499984741211,35.1199989318848,99482,35.1199989318848
"2003-02-10",35.0099983215332,35.3800010681152,34.2999992370605,34.4799995422363,90532,34.4799995422363
"2003-02-11",34.5200004577637,35.6500015258789,34.3400001525879,35.439998626709,95200,35.439998626709
"2003-02-12",35.5,35.9500007629395,35.0499992370605,35.7700004577637,113197,35.7700004577637
"2003-02-13",36.1100006103516,36.4799995422363,35.8499984741211,36.3600006103516,95544,36.3600006103516
"2003-02-14",36.3499984741211,36.9000015258789,35.8499984741211,36.7999992370605,86112,36.7999992370605
"2003-02-17",NA,NA,NA,NA,NA,NA
"2003-02-18",36.2799987792969,37.0499992370605,36,36.9599990844727,47153,36.9599990844727
"2003-02-19",36.5499992370605,37.4500007629395,36.3600006103516,37.1599998474121,61384,37.1599998474121
"2003-02-20",36.9000015258789,37.5499992370605,36.0999984741211,36.7900009155273,111329,36.7900009155273
"2003-02-21",35.1500015258789,36,34.5,35.5800018310547,76700,35.5800018310547
"2003-02-24",35.7999992370605,36.5200004577637,35.4700012207031,36.4799995422363,71129,36.4799995422363
"2003-02-25",36.5200004577637,37.2000007629395,35.9000015258789,36.060001373291,111118,36.060001373291
"2003-02-26",36.25,38,35.0400009155273,37.7000007629395,122297,37.7000007629395
"2003-02-27",38.2999992370605,39.9900016784668,37.0499992370605,37.2000007629395,158955,37.2000007629395
"2003-02-28",37.3499984741211,37.5499992370605,36.2999992370605,36.5999984741211,95700,36.5999984741211
"2003-03-03",35.8499984741211,36.2000007629395,35.3499984741211,35.8800010681152,68657,35.8800010681152
"2003-03-04",35.9500007629395,37.2000007629395,35.9199981689453,36.8899993896484,81812,36.8899993896484
"2003-03-05",37.1300010681152,37.5,35.7000007629395,36.689998626709,87728,36.689998626709
"2003-03-06",36.9000015258789,37.2000007629395,36.5999984741211,37,61131,37
"2003-03-07",36.7999992370605,37.8400001525879,36.7999992370605,37.7799987792969,76890,37.7799987792969
"2003-03-10",37.6300010681152,37.7700004577637,37.0499992370605,37.2700004577637,77499,37.2700004577637
"2003-03-11",37.2700004577637,37.3800010681152,35.4300003051758,36.7200012207031,86103,36.7200012207031
"2003-03-12",36.4799995422363,37.9500007629395,36.4000015258789,37.8300018310547,90439,37.8300018310547
"2003-03-13",37.6599998474121,37.7999992370605,35.75,36.0099983215332,97043,36.0099983215332
"2003-03-14",34.7000007629395,35.7999992370605,33.8499984741211,35.3800010681152,97936,35.3800010681152
"2003-03-17",35.9000015258789,36.4000015258789,34,34.9300003051758,90016,34.9300003051758
"2003-03-18",32.5,33.4000015258789,31.3999996185303,31.6700000762939,63350,31.6700000762939
"2003-03-19",31.3999996185303,31.5,29.5,29.8799991607666,55436,29.8799991607666
"2003-03-20",29,30.6000003814697,28,28.6100006103516,137950,28.6100006103516
"2003-03-21",27.3500003814697,27.7000007629395,26.2999992370605,26.9099998474121,99957,26.9099998474121
"2003-03-24",27.8999996185303,28.8999996185303,27.6000003814697,28.6599998474121,71666,28.6599998474121
"2003-03-25",29,29.7000007629395,27.7000007629395,27.9699993133545,91288,27.9699993133545
"2003-03-26",28.3999996185303,28.9500007629395,28.0599994659424,28.6299991607666,73970,28.6299991607666
"2003-03-27",29.6000003814697,30.5,29.3500003814697,30.3700008392334,76329,30.3700008392334
"2003-03-28",30.25,30.8500003814697,29.7999992370605,30.1599998474121,62050,30.1599998474121
"2003-03-31",30.2399997711182,31.2000007629395,30.0699996948242,31.0400009155273,46661,31.0400009155273
"2003-04-01",30.3999996185303,31.5,29.5499992370605,29.7800006866455,61232,29.7800006866455
"2003-04-02",28.7999992370605,29,28.1800003051758,28.5599994659424,66964,28.5599994659424
"2003-04-03",28.2999992370605,29.2999992370605,28.2999992370605,28.9699993133545,63351,28.9699993133545
"2003-04-04",28,29.0900001525879,27.9200000762939,28.6200008392334,56568,28.6200008392334
"2003-04-07",27.7999992370605,28.7000007629395,27.7000007629395,27.9599990844727,64667,27.9599990844727
"2003-04-08",27.9599990844727,28.3999996185303,27.7000007629395,28,59963,28
"2003-04-09",27.9500007629395,28.9500007629395,27.5200004577637,28.8500003814697,69047,28.8500003814697
"2003-04-10",28.2999992370605,28.7999992370605,27.2999992370605,27.4599990844727,87443,27.4599990844727
"2003-04-11",27.2000007629395,28.25,27.0200004577637,28.1399993896484,67666,28.1399993896484
"2003-04-14",27.75,28.6800003051758,27.3700008392334,28.6299991607666,62486,28.6299991607666
"2003-04-15",28.5,29.5,28.5,29.2900009155273,67844,29.2900009155273
"2003-04-16",29.3199996948242,29.6499996185303,28.5,29.1800003051758,75181,29.1800003051758
"2003-04-17",29.5200004577637,30.7000007629395,29.2999992370605,30.5499992370605,52777,30.5499992370605
"2003-04-18",NA,NA,NA,NA,NA,NA
"2003-04-21",30.3500003814697,31.25,30.3500003814697,30.8700008392334,44295,30.8700008392334
"2003-04-22",30.6000003814697,30.8500003814697,29.7000007629395,29.9099998474121,87106,29.9099998474121
"2003-04-23",27.7000007629395,27.8999996185303,26.2000007629395,26.6499996185303,103204,26.6499996185303
"2003-04-24",26.7099990844727,26.8500003814697,25.5,26.6399993896484,101497,26.6399993896484
"2003-04-25",26.4400005340576,27.0499992370605,26,26.2600002288818,78214,26.2600002288818
"2003-04-28",26.2000007629395,26.2000007629395,25.4200000762939,25.4899997711182,72986,25.4899997711182
"2003-04-29",25.3500003814697,25.5499992370605,25.0400009155273,25.2399997711182,67745,25.2399997711182
"2003-04-30",25.2700004577637,26.5,25.25,25.7999992370605,106185,25.7999992370605
"2003-05-01",26,26.3999996185303,25.8999996185303,26.0300006866455,63783,26.0300006866455
"2003-05-02",26.3999996185303,26.6800003051758,25.4200000762939,25.6700000762939,76386,25.6700000762939
"2003-05-05",25.7000007629395,26.5499992370605,25.2299995422363,26.4899997711182,64682,26.4899997711182
"2003-05-06",26.1000003814697,26.5,25.4500007629395,25.7199993133545,82880,25.7199993133545
"2003-05-07",25.6299991607666,26.3500003814697,25.5,26.2299995422363,80449,26.2299995422363
"2003-05-08",26.1100006103516,27.3500003814697,26.1000003814697,26.9799995422363,114422,26.9799995422363
"2003-05-09",27.3500003814697,27.9500007629395,27.2999992370605,27.7199993133545,92479,27.7199993133545
"2003-05-12",27.5900001525879,28.4500007629395,27.2199993133545,27.3500003814697,91932,27.3500003814697
"2003-05-13",27.6000003814697,28.5499992370605,27.5499992370605,28.5,82522,28.5
"2003-05-14",28.5499992370605,29.3500003814697,27.9500007629395,29.1700000762939,97028,29.1700000762939
"2003-05-15",29.2099990844727,29.4799995422363,28.5,28.7399997711182,84178,28.7399997711182
"2003-05-16",28.6200008392334,29.2000007629395,28.6200008392334,29.1399993896484,57534,29.1399993896484
"2003-05-19",29.1599998474121,29.4799995422363,28.5200004577637,28.8299999237061,73843,28.8299999237061
"2003-05-20",28.8500003814697,29.4500007629395,28.4500007629395,29.2800006866455,95459,29.2800006866455
"2003-05-21",28.6200008392334,29.6000003814697,28.4500007629395,29.0300006866455,101803,29.0300006866455
"2003-05-22",29.0400009155273,29.0400009155273,28.3799991607666,28.8500003814697,69157,28.8500003814697
"2003-05-23",28.8600006103516,29.4500007629395,28.75,29.1599998474121,43787,29.1599998474121
"2003-05-26",NA,NA,NA,NA,NA,NA
"2003-05-27",29.1599998474121,29.6299991607666,28.5499992370605,29.3500003814697,82032,29.3500003814697
"2003-05-28",29.2600002288818,29.3199996948242,28.5,28.5799999237061,60401,28.5799999237061
"2003-05-29",28.5599994659424,29.3799991607666,28.2700004577637,29.1000003814697,90655,29.1000003814697
"2003-05-30",29.0200004577637,29.6499996185303,29.0200004577637,29.5599994659424,64261,29.5599994659424
"2003-06-02",29.4899997711182,30.8400001525879,29.4899997711182,30.7099990844727,90954,30.7099990844727
"2003-06-03",30.4500007629395,30.7999992370605,30.3299999237061,30.6700000762939,58998,30.6700000762939
"2003-06-04",30.6700000762939,31,29.8999996185303,30.0499992370605,96894,30.0499992370605
"2003-06-05",30.0499992370605,30.7999992370605,29.6499996185303,30.7399997711182,81561,30.7399997711182
"2003-06-06",30.7999992370605,31.3299999237061,30.6499996185303,31.2800006866455,71448,31.2800006866455
"2003-06-09",31.2800006866455,31.8500003814697,30.7900009155273,31.4500007629395,70201,31.4500007629395
"2003-06-10",31.3999996185303,31.7600002288818,30.8999996185303,31.7299995422363,72429,31.7299995422363
"2003-06-11",31.6200008392334,32.5,31.4599990844727,32.3600006103516,89788,32.3600006103516
"2003-06-12",32.0200004577637,32.2700004577637,31.3600006103516,31.5100002288818,80837,31.5100002288818
"2003-06-13",30.8999996185303,31,29.8500003814697,30.6499996185303,93747,30.6499996185303
"2003-06-16",30.5,31.25,30.4300003051758,31.1800003051758,73456,31.1800003051758
"2003-06-17",31.1299991607666,31.3500003814697,30.7999992370605,31.0699996948242,52175,31.0699996948242
"2003-06-18",30.7000007629395,30.8500003814697,29.7999992370605,30.3600006103516,61959,30.3600006103516
"2003-06-19",30.3199996948242,30.3299999237061,29.7000007629395,29.9599990844727,54083,29.9599990844727
"2003-06-20",30.1499996185303,30.9500007629395,30.1000003814697,30.8199996948242,97071,30.8199996948242
"2003-06-23",29.5300006866455,29.7600002288818,28.8600006103516,29.1700000762939,57350,29.1700000762939
"2003-06-24",29,29.1000003814697,28.5300006866455,28.7800006866455,61196,28.7800006866455
"2003-06-25",28.7800006866455,30.0499992370605,28.6100006103516,29.9500007629395,97941,29.9500007629395
"2003-06-26",29.8500003814697,29.9300003051758,28.8600006103516,29.0100002288818,84874,29.0100002288818
"2003-06-27",29.0100002288818,29.4899997711182,28.8299999237061,29.2700004577637,62785,29.2700004577637
"2003-06-30",29.2999992370605,30.2099990844727,29.1000003814697,30.1900005340576,74539,30.1900005340576
"2003-07-01",30.1200008392334,30.5,29.7000007629395,30.3999996185303,66776,30.3999996185303
"2003-07-02",30.3199996948242,30.7000007629395,29.8999996185303,30.1499996185303,63596,30.1499996185303
"2003-07-03",30.6499996185303,30.9799995422363,30.0699996948242,30.4200000762939,67503,30.4200000762939
"2003-07-04",NA,NA,NA,NA,NA,NA
"2003-07-07",30,30.25,29.8199996948242,30.1299991607666,50769,30.1299991607666
"2003-07-08",30.1299991607666,30.3099994659424,29.5200004577637,30.2199993133545,78101,30.2199993133545
"2003-07-09",30.25,30.9200000762939,30,30.8799991607666,92227,30.8799991607666
"2003-07-10",30.8799991607666,31.6000003814697,30.8199996948242,31.0599994659424,93475,31.0599994659424
"2003-07-11",31.1499996185303,31.75,31.0599994659424,31.2800006866455,77341,31.2800006866455
"2003-07-14",31.2800006866455,31.3500003814697,30.6499996185303,31.2700004577637,72329,31.2700004577637
"2003-07-15",31.3400001525879,31.7299995422363,30.9500007629395,31.6200008392334,89782,31.6200008392334
"2003-07-16",31.7999992370605,32.0499992370605,30.9200000762939,31.0499992370605,96852,31.0499992370605
"2003-07-17",31.2999992370605,31.6000003814697,31,31.4099998474121,66721,31.4099998474121
"2003-07-18",31.2199993133545,32.0499992370605,31.1599998474121,31.9599990844727,43674,31.9599990844727
"2003-07-21",31.6000003814697,31.8299999237061,31.25,31.7800006866455,52738,31.7800006866455
"2003-07-22",31.7199993133545,31.7299995422363,29.7000007629395,30.1900005340576,127033,30.1900005340576
"2003-07-23",29.6000003814697,29.8299999237061,29.1700000762939,29.6700000762939,82772,29.6700000762939
"2003-07-24",29.8299999237061,30.25,29.3999996185303,30.2199993133545,74874,30.2199993133545
"2003-07-25",30,30.4500007629395,30,30.1700000762939,59914,30.1700000762939
"2003-07-28",29.9699993133545,30.3500003814697,29.6000003814697,30.1100006103516,46995,30.1100006103516
"2003-07-29",30.1000003814697,30.3999996185303,29.7600002288818,30.2399997711182,53712,30.2399997711182
"2003-07-30",30.2000007629395,30.7999992370605,30,30.6800003051758,79811,30.6800003051758
"2003-07-31",30.7000007629395,30.9799995422363,30.3999996185303,30.5400009155273,69186,30.5400009155273
"2003-08-01",30.7999992370605,32.4000015258789,30.7199993133545,32.310001373291,124906,32.310001373291
"2003-08-04",32.1500015258789,32.4000015258789,31.7999992370605,31.8400001525879,81255,31.8400001525879
"2003-08-05",32.1500015258789,32.4900016784668,32.0999984741211,32.2200012207031,70116,32.2200012207031
"2003-08-06",32.2700004577637,32.7999992370605,31.4500007629395,31.7000007629395,104572,31.7000007629395
"2003-08-07",31.6700000762939,32.439998626709,31.6700000762939,32.3899993896484,90528,32.3899993896484
"2003-08-08",32.2000007629395,32.8499984741211,31.7000007629395,32.1800003051758,103578,32.1800003051758
"2003-08-11",32.1399993896484,32.1500015258789,31.8299999237061,32.0099983215332,64463,32.0099983215332
"2003-08-12",31.6800003051758,32.3499984741211,31.2999992370605,31.9200000762939,118300,31.9200000762939
"2003-08-13",31.8799991607666,32.1599998474121,30.7000007629395,30.7800006866455,128093,30.7800006866455
"2003-08-14",30.8099994659424,31.1499996185303,30.1000003814697,31.0900001525879,95120,31.0900001525879
"2003-08-15",31.2000007629395,31.3999996185303,30.6299991607666,31.0499992370605,60479,31.0499992370605
"2003-08-18",31.3099994659424,31.6000003814697,30.7999992370605,30.8899993896484,54155,30.8899993896484
"2003-08-19",31,31.0799999237061,30.3600006103516,30.7000007629395,67645,30.7000007629395
"2003-08-20",30.6000003814697,31.2000007629395,30.5,30.9500007629395,94684,30.9500007629395
"2003-08-21",31.2000007629395,32.4000015258789,31.2000007629395,31.8799991607666,109829,31.8799991607666
"2003-08-22",31.75,32.0999984741211,31.7000007629395,31.8400001525879,56114,31.8400001525879
"2003-08-25",32.0499992370605,32.2999992370605,31.3500003814697,31.5599994659424,61371,31.5599994659424
"2003-08-26",31.5,32.0499992370605,31.3500003814697,31.9500007629395,73736,31.9500007629395
"2003-08-27",31.9500007629395,32.0699996948242,31.1000003814697,31.2099990844727,84059,31.2099990844727
"2003-08-28",31.2299995422363,31.6499996185303,31.1200008392334,31.5,70881,31.5
"2003-08-29",31.4500007629395,32.0499992370605,31.3999996185303,31.5699996948242,70881,31.5699996948242
"2003-09-01",NA,NA,NA,NA,NA,NA
"2003-09-02",31.2800006866455,31.3999996185303,29.25,29.4099998474121,162822,29.4099998474121
"2003-09-03",29.5,29.8700008392334,29.1499996185303,29.4899997711182,93340,29.4899997711182
"2003-09-04",29.4500007629395,29.6000003814697,28.5100002288818,28.9799995422363,111967,28.9799995422363
"2003-09-05",28.7999992370605,29.1000003814697,28.6499996185303,28.8799991607666,61634,28.8799991607666
"2003-09-08",28.9300003051758,29.3899993896484,28.5499992370605,28.8500003814697,89494,28.8500003814697
"2003-09-09",29,29.25,28.8500003814697,29.1800003051758,64555,29.1800003051758
"2003-09-10",29.2000007629395,29.4200000762939,28.6000003814697,29.3500003814697,86413,29.3500003814697
"2003-09-11",29.3999996185303,29.5200004577637,28.7000007629395,28.8199996948242,66852,28.8199996948242
"2003-09-12",28.75,28.8600006103516,27.8500003814697,28.2700004577637,97626,28.2700004577637
"2003-09-15",28.2999992370605,28.4500007629395,27.8500003814697,28.1399993896484,62902,28.1399993896484
"2003-09-16",28.1399993896484,28.25,27.3700008392334,27.5599994659424,67041,27.5599994659424
"2003-09-17",27.5499992370605,27.6499996185303,26.7999992370605,27.0300006866455,74604,27.0300006866455
"2003-09-18",27.0200004577637,27.2999992370605,26.6599998474121,27.1700000762939,59316,27.1700000762939
"2003-09-19",27.1499996185303,27.2800006866455,26.6499996185303,27.0300006866455,58548,27.0300006866455
"2003-09-22",27.1000003814697,27.2800006866455,26.75,26.9599990844727,75060,26.9599990844727
"2003-09-23",27.1499996185303,27.6900005340576,27.1000003814697,27.1299991607666,72918,27.1299991607666
"2003-09-24",27.8500003814697,28.5900001525879,27.7000007629395,28.2399997711182,108963,28.2399997711182
"2003-09-25",28.4500007629395,28.6499996185303,28.1800003051758,28.2900009155273,66072,28.2900009155273
"2003-09-26",28.1000003814697,28.3700008392334,27.8700008392334,28.1599998474121,53658,28.1599998474121
"2003-09-29",28.2399997711182,28.6200008392334,28.2399997711182,28.3999996185303,48533,28.3999996185303
"2003-09-30",28.3799991607666,29.3799991607666,28.3099994659424,29.2000007629395,101282,29.2000007629395
"2003-10-01",29.0499992370605,29.4300003051758,28.8500003814697,29.3899993896484,87292,29.3899993896484
"2003-10-02",29.5,29.9799995422363,29.3099994659424,29.8400001525879,69885,29.8400001525879
"2003-10-03",29.6000003814697,30.4400005340576,29.4699993133545,30.3999996185303,82090,30.3999996185303
"2003-10-06",30.5599994659424,30.7600002288818,30.3199996948242,30.4699993133545,63038,30.4699993133545
"2003-10-07",30.4699993133545,30.5799999237061,30.0799999237061,30.4099998474121,74837,30.4099998474121
"2003-10-08",30.4400005340576,30.5,29.4500007629395,29.8099994659424,90271,29.8099994659424
"2003-10-09",29.7999992370605,31.2000007629395,29.4799995422363,31.0100002288818,92470,31.0100002288818
"2003-10-10",31.0400009155273,32.5999984741211,31.0400009155273,31.9699993133545,105368,31.9699993133545
"2003-10-13",31.9699993133545,32.0499992370605,31.6000003814697,31.9500007629395,54867,31.9500007629395
"2003-10-14",31.7000007629395,32.4900016784668,31.5,31.8199996948242,79140,31.8199996948242
"2003-10-15",31.7199993133545,32.0499992370605,31.5799999237061,31.7700004577637,47666,31.7700004577637
"2003-10-16",31.7700004577637,32,31.2999992370605,31.5400009155273,54043,31.5400009155273
"2003-10-17",31.5,31.5400009155273,29.8999996185303,30.6800003051758,55591,30.6800003051758
"2003-10-20",30.6700000762939,30.6700000762939,29.7199993133545,30.3500003814697,38278,30.3500003814697
"2003-10-21",30.3299999237061,30.6499996185303,30.0499992370605,30.1800003051758,79295,30.1800003051758
"2003-10-22",30.5799999237061,30.6499996185303,29.8700008392334,29.9200000762939,93903,29.9200000762939
"2003-10-23",29.6000003814697,30.3500003814697,29.3999996185303,30.2999992370605,99011,30.2999992370605
"2003-10-24",30.6000003814697,30.7800006866455,29.8799991607666,30.1599998474121,82752,30.1599998474121
"2003-10-27",29.8999996185303,30.3199996948242,29.7000007629395,29.9200000762939,66221,29.9200000762939
"2003-10-28",29.8799991607666,29.9899997711182,29.5200004577637,29.5599994659424,77442,29.5599994659424
"2003-10-29",29.5499992370605,29.9899997711182,28.7999992370605,28.9099998474121,120117,28.9099998474121
"2003-10-30",28.9500007629395,28.9799995422363,28.2600002288818,28.4699993133545,94680,28.4699993133545
"2003-10-31",28.5,29.1499996185303,28.4699993133545,29.1100006103516,70843,29.1100006103516
"2003-11-03",29.2299995422363,29.3500003814697,28.7999992370605,28.8999996185303,62830,28.8999996185303
"2003-11-04",28.8500003814697,28.8999996185303,28.4699993133545,28.75,53557,28.75
"2003-11-05",28.7700004577637,30.3999996185303,28.7000007629395,30.2999992370605,126757,30.2999992370605
"2003-11-06",30.25,30.7000007629395,29.9599990844727,30.2600002288818,101788,30.2600002288818
"2003-11-07",30.2700004577637,31.1399993896484,30.2199993133545,30.8500003814697,96469,30.8500003814697
"2003-11-10",31.1399993896484,31.2900009155273,30.6299991607666,30.8799991607666,63431,30.8799991607666
"2003-11-11",30.9200000762939,31.2299995422363,30.6800003051758,31.1499996185303,68441,31.1499996185303
"2003-11-12",31.1499996185303,31.3500003814697,30.75,31.3299999237061,92218,31.3299999237061
"2003-11-13",31.3099994659424,31.9500007629395,30.9500007629395,31.8999996185303,104199,31.8999996185303
"2003-11-14",31.8999996185303,32.5,31.8099994659424,32.3699989318848,89471,32.3699989318848
"2003-11-17",32.3699989318848,32.3699989318848,31.5300006866455,31.7299995422363,78253,31.7299995422363
"2003-11-18",31.6700000762939,33.3499984741211,31.3799991607666,33.2799987792969,74238,33.2799987792969
"2003-11-19",33.1500015258789,33.5,32.7000007629395,32.9199981689453,92327,32.9199981689453
"2003-11-20",32.9000015258789,33.5499992370605,32.5400009155273,32.8600006103516,118553,32.8600006103516
"2003-11-21",31.75,32.2700004577637,31.4200000762939,31.6100006103516,81958,31.6100006103516
"2003-11-24",31.4699993133545,31.4699993133545,29.6499996185303,29.7399997711182,124076,29.7399997711182
"2003-11-25",29.8999996185303,30.1399993896484,29.2999992370605,29.7700004577637,123182,29.7700004577637
"2003-11-26",29.75,30.4500007629395,29.75,30.4099998474121,81120,30.4099998474121
"2003-11-27",NA,NA,NA,NA,NA,NA
"2003-11-28",NA,NA,NA,NA,NA,NA
"2003-12-01",30.2600002288818,30.3500003814697,29.6599998474121,29.9500007629395,67095,29.9500007629395
"2003-12-02",29.9400005340576,30.9699993133545,29.7999992370605,30.7800006866455,95511,30.7800006866455
"2003-12-03",30.7999992370605,31.1800003051758,30.3500003814697,31.1000003814697,80917,31.1000003814697
"2003-12-04",31.1000003814697,31.6499996185303,30.4300003051758,31.2600002288818,100175,31.2600002288818
"2003-12-05",31.2299995422363,31.2800006866455,30.6800003051758,30.7299995422363,74633,30.7299995422363
"2003-12-08",30.6599998474121,32.4300003051758,30.6299991607666,32.0999984741211,101286,32.0999984741211
"2003-12-09",32.0900001525879,32.2999992370605,31.6000003814697,31.7600002288818,88906,31.7600002288818
"2003-12-10",31.7099990844727,32.6300010681152,31.5,31.8799991607666,102941,31.8799991607666
"2003-12-11",31.9099998474121,32.0999984741211,31.3500003814697,31.8500003814697,75903,31.8500003814697
"2003-12-12",31.9699993133545,33.2000007629395,31.8700008392334,33.0400009155273,98948,33.0400009155273
"2003-12-15",32.0400009155273,33.3199996948242,31.7399997711182,33.1800003051758,97766,33.1800003051758
"2003-12-16",33.1699981689453,33.3499984741211,32.7000007629395,32.8899993896484,64234,32.8899993896484
"2003-12-17",32.8499984741211,33.7700004577637,32.7999992370605,33.3499984741211,45391,33.3499984741211
"2003-12-18",33.3699989318848,33.9000015258789,32.9000015258789,33.7099990844727,54039,33.7099990844727
"2003-12-19",33.6500015258789,33.9300003051758,32.7999992370605,33.0200004577637,82647,33.0200004577637
"2003-12-22",32.9000015258789,32.9900016784668,31.75,31.8700008392334,82031,31.8700008392334
"2003-12-23",31.8500003814697,32,31.25,31.9500007629395,59363,31.9500007629395
"2003-12-24",32.060001373291,33,31.8799991607666,32.8600006103516,60080,32.8600006103516
"2003-12-25",NA,NA,NA,NA,NA,NA
"2003-12-26",NA,NA,NA,NA,NA,NA
"2003-12-29",32.75,32.75,32.0999984741211,32.4000015258789,46731,32.4000015258789
"2003-12-30",32.4000015258789,33.0299987792969,32.3800010681152,32.7900009155273,53717,32.7900009155273
"2003-12-31",32.8800010681152,33.2000007629395,32.2999992370605,32.5200004577637,66694,32.5200004577637
"2004-01-01",NA,NA,NA,NA,NA,NA
"2004-01-02",NA,NA,NA,NA,NA,NA
"2004-01-05",32.4000015258789,33.9500007629395,32.2700004577637,33.7799987792969,105704,33.7799987792969
"2004-01-06",33.7599983215332,34.3499984741211,33.2999992370605,33.7000007629395,103405,33.7000007629395
"2004-01-07",33.6800003051758,33.8899993896484,33.0499992370605,33.6199989318848,81675,33.6199989318848
"2004-01-08",33.6500015258789,34,33.4000015258789,33.9799995422363,92709,33.9799995422363
"2004-01-09",34.1300010681152,34.7000007629395,34.0499992370605,34.310001373291,104687,34.310001373291
"2004-01-12",34.3499984741211,34.8199996948242,33.75,34.7200012207031,99677,34.7200012207031
"2004-01-13",34.7999992370605,35.2000007629395,34.3400001525879,34.4300003051758,120128,34.4300003051758
"2004-01-14",34.2999992370605,34.7400016784668,34.1199989318848,34.5,126272,34.5
"2004-01-15",34.5699996948242,35.4099998474121,33.2700004577637,33.439998626709,102443,33.439998626709
"2004-01-16",33.5,35.2999992370605,33.4000015258789,35.0699996948242,60351,35.0699996948242
"2004-01-19",NA,NA,NA,NA,NA,NA
"2004-01-20",34.9199981689453,36.3699989318848,34.9199981689453,36.2000007629395,127162,36.2000007629395
"2004-01-21",34.7900009155273,34.9799995422363,34.2799987792969,34.5800018310547,88518,34.5800018310547
"2004-01-22",34.5900001525879,34.9500007629395,33.75,34.9300003051758,117574,34.9300003051758
"2004-01-23",34.9700012207031,35.25,34.6500015258789,34.939998626709,100558,34.939998626709
"2004-01-26",34.7900009155273,34.7900009155273,34.1699981689453,34.4700012207031,75617,34.4700012207031
"2004-01-27",34.4500007629395,34.9799995422363,33.9000015258789,34.1199989318848,85977,34.1199989318848
"2004-01-28",34.1399993896484,34.6300010681152,33.3499984741211,33.6199989318848,102307,33.6199989318848
"2004-01-29",33.6199989318848,33.7999992370605,32.4099998474121,32.810001373291,112227,32.810001373291
"2004-01-30",32.8699989318848,33.3499984741211,32.7099990844727,33.0499992370605,96096,33.0499992370605
"2004-02-02",33.2000007629395,35.0999984741211,32.560001373291,34.9799995422363,114741,34.9799995422363
"2004-02-03",34.8499984741211,35.189998626709,34.0699996948242,34.0999984741211,96805,34.0999984741211
"2004-02-04",34.0900001525879,34.4500007629395,32.9500007629395,33.0999984741211,103750,33.0999984741211
"2004-02-05",33.189998626709,33.2999992370605,32.2000007629395,33.0800018310547,114237,33.0800018310547
"2004-02-06",33.1100006103516,33.439998626709,32.3199996948242,32.4799995422363,85112,32.4799995422363
"2004-02-09",32.3499984741211,33,32.25,32.8300018310547,73771,32.8300018310547
"2004-02-10",32.9000015258789,34.2799987792969,32.8199996948242,33.8699989318848,99999,33.8699989318848
"2004-02-11",34,34.4000015258789,33.2999992370605,34,100720,34
"2004-02-12",34,34.25,33.6500015258789,33.9799995422363,86634,33.9799995422363
"2004-02-13",33.9599990844727,34.6500015258789,33.9500007629395,34.560001373291,86634,34.560001373291
"2004-02-16",NA,NA,NA,NA,NA,NA
"2004-02-17",34.4799995422363,35.25,34.25,35.1599998474121,97170,35.1599998474121
"2004-02-18",35.0999984741211,35.8800010681152,35,35.4500007629395,69710,35.4500007629395
"2004-02-19",35.4000015258789,36.0999984741211,35.2000007629395,36,50134,36
"2004-02-20",35.7999992370605,36.0999984741211,35.0499992370605,35.5999984741211,114200,35.5999984741211
"2004-02-23",34.2700004577637,34.7000007629395,34.0299987792969,34.3499984741211,60426,34.3499984741211
"2004-02-24",34.3600006103516,35.0699996948242,34.2999992370605,34.5800018310547,85169,34.5800018310547
"2004-02-25",34.5800018310547,35.9000015258789,34.4799995422363,35.6800003051758,106147,35.6800003051758
"2004-02-26",35.7000007629395,35.9500007629395,35.1500015258789,35.5099983215332,78746,35.5099983215332
"2004-02-27",35.4900016784668,36.25,35.2999992370605,36.1599998474121,72948,36.1599998474121
"2004-03-01",36.1599998474121,36.9799995422363,35.7999992370605,36.8600006103516,84599,36.8600006103516
"2004-03-02",36.7999992370605,36.9799995422363,36.4000015258789,36.6599998474121,56553,36.6599998474121
"2004-03-03",36.6500015258789,36.7999992370605,35.4099998474121,35.7999992370605,99745,35.7999992370605
"2004-03-04",35.810001373291,36.8499984741211,35.6800003051758,36.6399993896484,91985,36.6399993896484
"2004-03-05",36.7000007629395,37.4500007629395,36.7000007629395,37.2599983215332,78190,37.2599983215332
"2004-03-08",37.2599983215332,37.5099983215332,36.3499984741211,36.5699996948242,74933,36.5699996948242
"2004-03-09",36.5,36.9300003051758,36.060001373291,36.2799987792969,88589,36.2799987792969
"2004-03-10",36.2999992370605,36.5499992370605,35.6300010681152,36.0999984741211,94277,36.0999984741211
"2004-03-11",36.2900009155273,36.8600006103516,36.0499992370605,36.7799987792969,95428,36.7799987792969
"2004-03-12",36.9599990844727,37.2000007629395,35.1500015258789,36.189998626709,124247,36.189998626709
"2004-03-15",36.1500015258789,37.5,35.8499984741211,37.439998626709,92394,37.439998626709
"2004-03-16",37.4199981689453,37.7999992370605,37.0200004577637,37.4799995422363,85244,37.4799995422363
"2004-03-17",37.439998626709,38.3499984741211,37.3300018310547,38.1800003051758,101251,38.1800003051758
"2004-03-18",38.2000007629395,38.25,37.4000015258789,37.9300003051758,59792,37.9300003051758
"2004-03-19",37.8800010681152,38.5,37.6300010681152,38.0800018310547,52591,38.0800018310547
"2004-03-22",38.0900001525879,38.0900001525879,36.8499984741211,37.1100006103516,94259,37.1100006103516
"2004-03-23",37.0499992370605,37.5999984741211,36.5999984741211,37.4500007629395,74192,37.4500007629395
"2004-03-24",37.4099998474121,37.7799987792969,36.6500015258789,37.0099983215332,82227,37.0099983215332
"2004-03-25",37,37.0499992370605,35.4000015258789,35.5099983215332,122171,35.5099983215332
"2004-03-26",35.5800018310547,35.9300003051758,34.75,35.7299995422363,105337,35.7299995422363
"2004-03-29",35.6800003051758,35.6800003051758,35.0200004577637,35.4500007629395,58473,35.4500007629395
"2004-03-30",35.4000015258789,36.4500007629395,35.25,36.25,86099,36.25
"2004-03-31",36.2400016784668,36.7700004577637,34.8499984741211,35.7599983215332,139023,35.7599983215332
"2004-04-01",35.8199996948242,35.8699989318848,33.9000015258789,34.2700004577637,120025,34.2700004577637
"2004-04-02",34.3300018310547,34.6500015258789,33.2999992370605,34.3899993896484,111674,34.3899993896484
"2004-04-05",34.2000007629395,34.6399993896484,33.9300003051758,34.3800010681152,53690,34.3800010681152
"2004-04-06",34.4000015258789,35,34.1699981689453,34.9700012207031,64434,34.9700012207031
"2004-04-07",34.9900016784668,36.5999984741211,34.689998626709,36.1500015258789,137272,36.1500015258789
"2004-04-08",36.1699981689453,37.2999992370605,36.1300010681152,37.1399993896484,99137,37.1399993896484
"2004-04-09",NA,NA,NA,NA,NA,NA
"2004-04-12",37.2400016784668,37.9500007629395,37.1100006103516,37.8400001525879,91677,37.8400001525879
"2004-04-13",37.8199996948242,37.8499984741211,37,37.2099990844727,104636,37.2099990844727
"2004-04-14",37.1500015258789,37.2700004577637,36.25,36.7200012207031,117596,36.7200012207031
"2004-04-15",36.7000007629395,37.6500015258789,36.439998626709,37.5699996948242,121768,37.5699996948242
"2004-04-16",37.560001373291,37.9500007629395,37.1699981689453,37.7400016784668,69263,37.7400016784668
"2004-04-19",37.6500015258789,38.2999992370605,37.2999992370605,37.4199981689453,79571,37.4199981689453
"2004-04-20",37.4500007629395,37.75,37.0499992370605,37.5999984741211,120127,37.5999984741211
"2004-04-21",36.4199981689453,36.4900016784668,35.3499984741211,35.7299995422363,118358,35.7299995422363
"2004-04-22",35.7400016784668,37.1500015258789,35.7000007629395,36.7099990844727,110465,36.7099990844727
"2004-04-23",36.7900009155273,36.9000015258789,36.0999984741211,36.4599990844727,70289,36.4599990844727
"2004-04-26",36.75,37.1500015258789,36.5499992370605,36.9700012207031,72079,36.9700012207031
"2004-04-27",36.9300003051758,37.7000007629395,36.8699989318848,37.5299987792969,93210,37.5299987792969
"2004-04-28",37.5400009155273,38.1800003051758,36.810001373291,37.4599990844727,107962,37.4599990844727
"2004-04-29",37.3300018310547,37.439998626709,36.6300010681152,37.310001373291,86615,37.310001373291
"2004-04-30",37.4199981689453,38.0299987792969,37.25,37.3800010681152,69879,37.3800010681152
"2004-05-03",37.3899993896484,38.2999992370605,37.25,38.2099990844727,67882,38.2099990844727
"2004-05-04",38.1800003051758,39.1500015258789,37.9300003051758,38.9799995422363,96799,38.9799995422363
"2004-05-05",38.9500007629395,39.7400016784668,38.4900016784668,39.5699996948242,105651,39.5699996948242
"2004-05-06",39.6199989318848,39.9700012207031,39.1500015258789,39.3699989318848,81128,39.3699989318848
"2004-05-07",39.4300003051758,40,39.3699989318848,39.9300003051758,84270,39.9300003051758
"2004-05-10",39.8400001525879,39.9500007629395,38.2799987792969,38.9300003051758,106499,38.9300003051758
"2004-05-11",38.8800010681152,40.0999984741211,38.4700012207031,40.060001373291,104486,40.060001373291
"2004-05-12",40.2099990844727,40.9199981689453,39.8199996948242,40.7700004577637,107913,40.7700004577637
"2004-05-13",40.7299995422363,41.0999984741211,40.2999992370605,41.0800018310547,91882,41.0800018310547
"2004-05-14",41.0800018310547,41.560001373291,40.75,41.3800010681152,94622,41.3800010681152
"2004-05-17",41.2799987792969,41.8499984741211,40.7999992370605,41.5499992370605,91397,41.5499992370605
"2004-05-18",41.5499992370605,41.5800018310547,40.3499984741211,40.5400009155273,64124,40.5400009155273
"2004-05-19",40.4500007629395,41.5499992370605,39.9000015258789,41.5,81705,41.5
"2004-05-20",41.5699996948242,41.7000007629395,40.75,40.9199981689453,111250,40.9199981689453
"2004-05-21",40.5,40.9599990844727,39.6500015258789,39.9300003051758,118040,39.9300003051758
"2004-05-24",40,41.8199996948242,39.4500007629395,41.7200012207031,121471,41.7200012207031
"2004-05-25",41.7000007629395,41.8300018310547,40.75,41.1399993896484,100013,41.1399993896484
"2004-05-26",41.1300010681152,41.6500015258789,40.5200004577637,40.7000007629395,109886,40.7000007629395
"2004-05-27",40.6500015258789,40.689998626709,39,39.439998626709,135396,39.439998626709
"2004-05-28",39.439998626709,39.9500007629395,39.060001373291,39.8800010681152,75153,39.8800010681152
"2004-05-31",NA,NA,NA,NA,NA,NA
"2004-06-01",40.4000015258789,42.3800010681152,40.2700004577637,42.3300018310547,131220,42.3300018310547
"2004-06-02",42.310001373291,42.4500007629395,39.9000015258789,39.9599990844727,123542,39.9599990844727
"2004-06-03",39.8800010681152,40.8499984741211,38.1500015258789,39.2799987792969,177597,39.2799987792969
"2004-06-04",39.25,39.4599990844727,38.310001373291,38.4900016784668,115921,38.4900016784668
"2004-06-07",38.439998626709,38.9000015258789,37.75,38.6599998474121,101247,38.6599998474121
"2004-06-08",38.7000007629395,39.1399993896484,37.2000007629395,37.2799987792969,110335,37.2799987792969
"2004-06-09",37.2200012207031,37.5999984741211,36.4500007629395,37.5400009155273,124258,37.5400009155273
"2004-06-10",37.5400009155273,38.5999984741211,37.3800010681152,38.4500007629395,109717,38.4500007629395
"2004-06-11",NA,NA,NA,NA,NA,NA
"2004-06-14",38.2700004577637,38.4000015258789,37.4500007629395,37.5900001525879,71784,37.5900001525879
"2004-06-15",37.5900001525879,38.4000015258789,36.9000015258789,37.189998626709,87403,37.189998626709
"2004-06-16",37.1599998474121,37.6699981689453,37,37.3199996948242,67703,37.3199996948242
"2004-06-17",37.3400001525879,38.5999984741211,37.2900009155273,38.4599990844727,77070,38.4599990844727
"2004-06-18",38.4799995422363,38.8300018310547,38.1500015258789,38.75,44603,38.75
"2004-06-21",38.6500015258789,39.0499992370605,37.5,37.6300010681152,43702,37.6300010681152
"2004-06-22",37.6300010681152,38.2000007629395,37.4000015258789,38.1100006103516,89671,38.1100006103516
"2004-06-23",38.1800003051758,38.5200004577637,37.3199996948242,37.5699996948242,97291,37.5699996948242
"2004-06-24",37.6500015258789,38.0999984741211,37.4500007629395,37.9300003051758,69806,37.9300003051758
"2004-06-25",37.9500007629395,38.0200004577637,37.0999984741211,37.5499992370605,73627,37.5499992370605
"2004-06-28",37.2900009155273,37.4199981689453,35.9000015258789,36.2400016784668,103488,36.2400016784668
"2004-06-29",36,36.3800010681152,35.6199989318848,35.6599998474121,75606,35.6599998474121
"2004-06-30",35.6300010681152,37.0999984741211,35.5200004577637,37.0499992370605,108614,37.0499992370605
"2004-07-01",37.0499992370605,39.0999984741211,36.689998626709,38.7400016784668,143286,38.7400016784668
"2004-07-02",38.7000007629395,39.0499992370605,38.2599983215332,38.3899993896484,71639,38.3899993896484
"2004-07-05",NA,NA,NA,NA,NA,NA
"2004-07-06",38.7900009155273,39.7000007629395,38.75,39.6500015258789,80281,39.6500015258789
"2004-07-07",39.1500015258789,39.8400001525879,38.75,39.0800018310547,85517,39.0800018310547
"2004-07-08",39.189998626709,40.4000015258789,38.8499984741211,40.3300018310547,114496,40.3300018310547
"2004-07-09",40.1800003051758,40.4500007629395,39.9099998474121,39.9599990844727,72661,39.9599990844727
"2004-07-12",39.7599983215332,40.75,39.4199981689453,39.5,97975,39.5
"2004-07-13",39.4000015258789,39.7700004577637,38.9799995422363,39.439998626709,87631,39.439998626709
"2004-07-14",39.5,41.0499992370605,39.2000007629395,40.9700012207031,115282,40.9700012207031
"2004-07-15",40.9700012207031,41.1199989318848,40.5,40.7700004577637,75873,40.7700004577637
"2004-07-16",40.7000007629395,41.7999992370605,40.4000015258789,41.25,65130,41.25
"2004-07-19",41.189998626709,41.9000015258789,40.7200012207031,41.6399993896484,82225,41.6399993896484
"2004-07-20",41.6300010681152,42.2999992370605,40.5099983215332,40.8600006103516,107783,40.8600006103516
"2004-07-21",40.3800010681152,41.1500015258789,40.25,40.5800018310547,82120,40.5800018310547
"2004-07-22",40.5699996948242,41.6500015258789,40.4199981689453,41.3600006103516,84354,41.3600006103516
"2004-07-23",41.4000015258789,41.8300018310547,41.2000007629395,41.7099990844727,64917,41.7099990844727
"2004-07-26",41.75,41.9500007629395,41.0499992370605,41.439998626709,59193,41.439998626709
"2004-07-27",41.4300003051758,42.2200012207031,41.310001373291,41.8400001525879,70722,41.8400001525879
"2004-07-28",41.8499984741211,43.0499992370605,41.6599998474121,42.9000015258789,107257,42.9000015258789
"2004-07-29",42.9000015258789,42.9799995422363,42.0999984741211,42.75,74547,42.75
"2004-07-30",42.7200012207031,43.8499984741211,42.6500015258789,43.7999992370605,77427,43.7999992370605
"2004-08-02",43.689998626709,43.939998626709,43.2700004577637,43.8199996948242,71103,43.8199996948242
"2004-08-03",43.8400001525879,44.2400016784668,43.5,44.1500015258789,88814,44.1500015258789
"2004-08-04",44.1500015258789,44.3400001525879,42.7999992370605,42.8300018310547,110781,42.8300018310547
"2004-08-05",42.810001373291,44.5,42.6199989318848,44.4099998474121,118579,44.4099998474121
"2004-08-06",44.3499984741211,44.7700004577637,43.75,43.9500007629395,109419,43.9500007629395
"2004-08-09",43.810001373291,44.9799995422363,43.5499992370605,44.8400001525879,100845,44.8400001525879
"2004-08-10",44.8199996948242,45.0400009155273,44.2000007629395,44.5200004577637,95869,44.5200004577637
"2004-08-11",44.5200004577637,44.9599990844727,43.2999992370605,44.7999992370605,130503,44.7999992370605
"2004-08-12",44.7700004577637,45.75,44.5499992370605,45.5,101452,45.5
"2004-08-13",45.4700012207031,46.6500015258789,45.2999992370605,46.5800018310547,124031,46.5800018310547
"2004-08-16",46.5999984741211,46.9099998474121,45.9000015258789,46.0499992370605,108909,46.0499992370605
"2004-08-17",46.0499992370605,46.9500007629395,45.6300010681152,46.75,112110,46.75
"2004-08-18",46.75,47.3899993896484,46.5,47.2700004577637,86308,47.2700004577637
"2004-08-19",47.3499984741211,48.75,47.2000007629395,48.7000007629395,97467,48.7000007629395
"2004-08-20",48.8199996948242,49.4000015258789,47.5999984741211,47.8600006103516,120522,47.8600006103516
"2004-08-23",46.810001373291,47.2200012207031,46.0099983215332,46.0499992370605,82477,46.0499992370605
"2004-08-24",46,46.1300010681152,44.75,45.2099990844727,102517,45.2099990844727
"2004-08-25",45.1699981689453,45.5800018310547,43.2200012207031,43.4700012207031,134615,43.4700012207031
"2004-08-26",43.5400009155273,44.1500015258789,42.5,43.0999984741211,128055,43.0999984741211
"2004-08-27",43.0499992370605,43.5900001525879,42.75,43.1800003051758,85345,43.1800003051758
"2004-08-30",43.310001373291,43.5,41.2999992370605,42.2799987792969,92281,42.2799987792969
"2004-08-31",42.25,42.3899993896484,41.4500007629395,42.1199989318848,87970,42.1199989318848
"2004-09-01",42.1100006103516,44.4000015258789,42.1100006103516,44,110636,44
"2004-09-02",43.9000015258789,45.3699989318848,43.75,44.060001373291,101453,44.060001373291
"2004-09-03",43.8499984741211,44.4500007629395,43.5999984741211,43.9900016784668,61441,43.9900016784668
"2004-09-06",NA,NA,NA,NA,NA,NA
"2004-09-07",43.5699996948242,43.689998626709,42.7299995422363,43.310001373291,73478,43.310001373291
"2004-09-08",43.2200012207031,43.7000007629395,42.4000015258789,42.7700004577637,89745,42.7700004577637
"2004-09-09",42.7299995422363,44.75,42.4900016784668,44.6100006103516,132536,44.6100006103516
"2004-09-10",44.5499992370605,45.0900001525879,42.5200004577637,42.810001373291,108493,42.810001373291
"2004-09-13",43.1300010681152,44.4500007629395,42.9500007629395,43.8699989318848,94667,43.8699989318848
"2004-09-14",43.7999992370605,44.8499984741211,43.6699981689453,44.3899993896484,112719,44.3899993896484
"2004-09-15",44.439998626709,45.2999992370605,43.3499984741211,43.5800018310547,131693,43.5800018310547
"2004-09-16",43.75,44.2000007629395,42.75,43.8800010681152,101898,43.8800010681152
"2004-09-17",44.0099983215332,45.7999992370605,43.9099998474121,45.5900001525879,78906,45.5900001525879
"2004-09-20",45.5900001525879,46.4000015258789,45.2999992370605,46.3499984741211,72383,46.3499984741211
"2004-09-21",46.3499984741211,47.4000015258789,46.0499992370605,47.0999984741211,107154,47.0999984741211
"2004-09-22",46.75,48.6500015258789,46.4199981689453,48.3499984741211,146003,48.3499984741211
"2004-09-23",48.3499984741211,49,47.5,48.4599990844727,124912,48.4599990844727
"2004-09-24",48.4599990844727,48.9000015258789,47.9000015258789,48.8800010681152,69258,48.8800010681152
"2004-09-27",48.75,49.75,48.6399993896484,49.6399993896484,76423,49.6399993896484
"2004-09-28",49.5699996948242,50.4700012207031,49.5200004577637,49.9000015258789,102585,49.9000015258789
"2004-09-29",49.8600006103516,50.2000007629395,48.4000015258789,49.5099983215332,118801,49.5099983215332
"2004-09-30",49.5,50.0999984741211,49.1500015258789,49.6399993896484,82583,49.6399993896484
"2004-10-01",49.6399993896484,50.1500015258789,49.2000007629395,50.1199989318848,77708,50.1199989318848
"2004-10-04",49.9000015258789,49.9700012207031,49.439998626709,49.9099998474121,52022,49.9099998474121
"2004-10-05",49.8300018310547,51.2900009155273,49.7999992370605,51.0900001525879,88112,51.0900001525879
"2004-10-06",51.1800003051758,52.1500015258789,50.75,52.0200004577637,109985,52.0200004577637
"2004-10-07",52,53,51.9199981689453,52.6699981689453,103188,52.6699981689453
"2004-10-08",52.5499992370605,53.4000015258789,51.8499984741211,53.310001373291,116857,53.310001373291
"2004-10-11",53.189998626709,53.7999992370605,52.9500007629395,53.6399993896484,79552,53.6399993896484
"2004-10-12",53.6399993896484,54.4500007629395,52.3699989318848,52.5099983215332,137494,52.5099983215332
"2004-10-13",52.5099983215332,53.9500007629395,51.4900016784668,53.6399993896484,122256,53.6399993896484
"2004-10-14",53.6500015258789,54.9000015258789,53.3499984741211,54.7599983215332,114720,54.7599983215332
"2004-10-15",54.7099990844727,55,54.1399993896484,54.9300003051758,108852,54.9300003051758
"2004-10-18",54.7999992370605,55.3300018310547,53.1199989318848,53.6699981689453,76096,53.6699981689453
"2004-10-19",53.6399993896484,53.6399993896484,52.5900001525879,53.2900009155273,76473,53.2900009155273
"2004-10-20",53.2900009155273,55.2000007629395,53.2299995422363,54.9199981689453,123500,54.9199981689453
"2004-10-21",54.3199996948242,54.9500007629395,54.0099983215332,54.4700012207031,79230,54.4700012207031
"2004-10-22",54.5,55.5,54.4500007629395,55.1699981689453,83302,55.1699981689453
"2004-10-25",55.0499992370605,55.6699981689453,54.2000007629395,54.5400009155273,82511,54.5400009155273
"2004-10-26",54.4900016784668,55.25,53.8499984741211,55.1699981689453,97015,55.1699981689453
"2004-10-27",55.1800003051758,55.6500015258789,52.0999984741211,52.4599990844727,172524,52.4599990844727
"2004-10-28",52.4500007629395,52.7999992370605,50.7799987792969,50.9199981689453,150846,50.9199981689453
"2004-10-29",50.8499984741211,51.9000015258789,50.4700012207031,51.7599983215332,105368,51.7599983215332
"2004-11-01",51.8199996948242,52.5,49.1500015258789,50.1300010681152,133138,50.1300010681152
"2004-11-02",50.189998626709,50.4199981689453,49.5499992370605,49.6199989318848,82754,49.6199989318848
"2004-11-03",49.6100006103516,51.2000007629395,48.6500015258789,50.8800010681152,143701,50.8800010681152
"2004-11-04",50.8800010681152,51.060001373291,48.7700004577637,48.8199996948242,121094,48.8199996948242
"2004-11-05",48.810001373291,49.7000007629395,48.2999992370605,49.6100006103516,115766,49.6100006103516
"2004-11-08",49.5999984741211,49.5999984741211,48.5999984741211,49.0900001525879,77257,49.0900001525879
"2004-11-09",49.0200004577637,49.4300003051758,47.2000007629395,47.3699989318848,128889,47.3699989318848
"2004-11-10",47.3499984741211,49,46.9599990844727,48.8600006103516,129900,48.8600006103516
"2004-11-11",48.7999992370605,48.9000015258789,47.0999984741211,47.4199981689453,92977,47.4199981689453
"2004-11-12",47.5499992370605,48.0499992370605,47.0999984741211,47.3199996948242,74996,47.3199996948242
"2004-11-15",47.1100006103516,47.4500007629395,45.25,46.8699989318848,99068,46.8699989318848
"2004-11-16",46.8899993896484,47.4000015258789,46.0699996948242,46.1100006103516,85982,46.1100006103516
"2004-11-17",46.1599998474121,47.0999984741211,45.4000015258789,46.8400001525879,83143,46.8400001525879
"2004-11-18",46.75,47.1500015258789,45.6500015258789,46.2200012207031,71121,46.2200012207031
"2004-11-19",46.2000007629395,48.9000015258789,46,48.439998626709,140160,48.439998626709
"2004-11-22",48.7999992370605,49.5499992370605,48.3499984741211,48.6399993896484,85969,48.6399993896484
"2004-11-23",48.4799995422363,50.25,48.2200012207031,48.939998626709,96048,48.939998626709
"2004-11-24",48.8400001525879,49.5999984741211,47.7999992370605,49.439998626709,20,49.439998626709
"2004-11-25",NA,NA,NA,NA,NA,NA
"2004-11-26",NA,NA,NA,NA,NA,NA
"2004-11-29",49.4000015258789,49.9500007629395,49.1199989318848,49.7599983215332,57760,49.7599983215332
"2004-11-30",49.6500015258789,50.4000015258789,48.6800003051758,49.1300010681152,100734,49.1300010681152
"2004-12-01",49.0699996948242,49.1199989318848,45.3499984741211,45.4900016784668,146703,45.4900016784668
"2004-12-02",45.4900016784668,45.9000015258789,42.5,43.25,158715,43.25
"2004-12-03",43.3300018310547,43.75,42.0499992370605,42.5400009155273,109157,42.5400009155273
"2004-12-06",42.5,43.5999984741211,42.2599983215332,42.9799995422363,82611,42.9799995422363
"2004-12-07",43.0999984741211,43.189998626709,41.3800010681152,41.4599990844727,109069,41.4599990844727
"2004-12-08",41.4099998474121,42.5,40.4500007629395,41.939998626709,127247,41.939998626709
"2004-12-09",42.0499992370605,43.2000007629395,41.9500007629395,42.5299987792969,99433,42.5299987792969
"2004-12-10",42.5,43.2900009155273,40.25,40.7099990844727,118142,40.7099990844727
"2004-12-13",40.9000015258789,41.6500015258789,40.25,41.0099983215332,95852,41.0099983215332
"2004-12-14",41.1199989318848,41.8899993896484,40.8499984741211,41.8199996948242,88753,41.8199996948242
"2004-12-15",41.7999992370605,44.4500007629395,41.7999992370605,44.189998626709,119634,44.189998626709
"2004-12-16",44.2999992370605,44.5499992370605,43,44.1800003051758,64602,44.1800003051758
"2004-12-17",44.0999984741211,46.3499984741211,43.9700012207031,46.2799987792969,65282,46.2799987792969
"2004-12-20",46.2000007629395,46.2000007629395,44.9000015258789,45.6399993896484,79557,45.6399993896484
"2004-12-21",45.6800003051758,46.1500015258789,45.310001373291,45.7599983215332,56910,45.7599983215332
"2004-12-22",45.75,45.9500007629395,43.6500015258789,44.2400016784668,77629,44.2400016784668
"2004-12-23",44.1800003051758,44.4000015258789,43.75,44.1800003051758,43832,44.1800003051758
"2004-12-24",NA,NA,NA,NA,NA,NA
"2004-12-27",43.8699989318848,43.8699989318848,41.2000007629395,41.3199996948242,56520,41.3199996948242
"2004-12-28",41.25,42.3199996948242,41,41.7700004577637,48608,41.7700004577637
"2004-12-29",41.810001373291,43.7000007629395,41.4000015258789,43.6399993896484,84045,43.6399993896484
"2004-12-30",43.6100006103516,43.7999992370605,42.5200004577637,43.4500007629395,67362,43.4500007629395
"2004-12-31",NA,NA,NA,NA,NA,NA
"2005-01-03",43.0999984741211,43.0999984741211,41.25,42.1199989318848,69484,42.1199989318848
"2005-01-04",42.1800003051758,44.1300010681152,41.8499984741211,43.9099998474121,100665,43.9099998474121
"2005-01-05",43.9000015258789,44,42.5999984741211,43.3899993896484,91011,43.3899993896484
"2005-01-06",43.3899993896484,45.75,42.7999992370605,45.560001373291,122411,45.560001373291
"2005-01-07",45.5,46.0999984741211,44.75,45.4300003051758,99725,45.4300003051758
"2005-01-10",45.5999984741211,47.2999992370605,45.2000007629395,45.3300018310547,103573,45.3300018310547
"2005-01-11",45.1699981689453,46.1500015258789,44.9500007629395,45.6800003051758,90540,45.6800003051758
"2005-01-12",45.7299995422363,46.5999984741211,45,46.3699989318848,117369,46.3699989318848
"2005-01-13",46.5,48.4000015258789,46.2999992370605,48.0400009155273,108475,48.0400009155273
"2005-01-14",47.8699989318848,48.6500015258789,47.5999984741211,48.3800010681152,108475,48.3800010681152
"2005-01-17",NA,NA,NA,NA,NA,NA
"2005-01-18",48.5999984741211,49.5,47.7000007629395,48.3800010681152,76813,48.3800010681152
"2005-01-19",48.3600006103516,48.4099998474121,47.5,47.5499992370605,66704,47.5499992370605
"2005-01-20",47.5999984741211,47.5999984741211,46.4000015258789,46.9099998474121,126929,46.9099998474121
"2005-01-21",47.2999992370605,48.9500007629395,47.2700004577637,48.5299987792969,109387,48.5299987792969
"2005-01-24",48.8800010681152,49.2400016784668,47.7999992370605,48.810001373291,82895,48.810001373291
"2005-01-25",48.8199996948242,49.75,48.3499984741211,49.6399993896484,77796,49.6399993896484
"2005-01-26",49.5099983215332,49.7400016784668,47.9000015258789,48.7799987792969,115698,48.7799987792969
"2005-01-27",49.0299987792969,49.6500015258789,48.5999984741211,48.8400001525879,85862,48.8400001525879
"2005-01-28",48.8400001525879,48.8499984741211,46.7000007629395,47.1800003051758,106856,47.1800003051758
"2005-01-31",46.6800003051758,48.25,46.0099983215332,48.2000007629395,107498,48.2000007629395
"2005-02-01",48.2099990844727,48.2400016784668,47.0499992370605,47.1199989318848,83502,47.1199989318848
"2005-02-02",47.189998626709,47.5499992370605,46.4500007629395,46.689998626709,85112,46.689998626709
"2005-02-03",46.5699996948242,46.7299995422363,45.75,46.4500007629395,70135,46.4500007629395
"2005-02-04",46.5,47.25,46.25,46.4799995422363,75969,46.4799995422363
"2005-02-07",46.3199996948242,46.4700012207031,45.0999984741211,45.2799987792969,103691,45.2799987792969
"2005-02-08",45.4000015258789,46.0499992370605,44.7799987792969,45.4000015258789,99803,45.4000015258789
"2005-02-09",45.4500007629395,46.4000015258789,44.5999984741211,45.4599990844727,139765,45.4599990844727
"2005-02-10",45.5400009155273,47.2999992370605,45.4199981689453,47.0999984741211,107519,47.0999984741211
"2005-02-11",46.9700012207031,47.4799995422363,46.75,47.1599998474121,83654,47.1599998474121
"2005-02-14",47.0499992370605,47.75,46.5999984741211,47.439998626709,76756,47.439998626709
"2005-02-15",47.3400001525879,47.7999992370605,47.0999984741211,47.2599983215332,68241,47.2599983215332
"2005-02-16",47.2799987792969,48.6500015258789,46.9500007629395,48.3300018310547,94711,48.3300018310547
"2005-02-17",48.3199996948242,48.6500015258789,47.4000015258789,47.5400009155273,66210,47.5400009155273
"2005-02-18",47.5999984741211,48.5,47.5200004577637,48.3499984741211,42684,48.3499984741211
"2005-02-21",NA,NA,NA,NA,NA,NA
"2005-02-22",48.3699989318848,51.4000015258789,48.3699989318848,51.1500015258789,134450,51.1500015258789
"2005-02-23",51.1100006103516,51.5999984741211,50.8600006103516,51.1699981689453,88112,51.1699981689453
"2005-02-24",51.2099990844727,52.0499992370605,50.4599990844727,51.3899993896484,114186,51.3899993896484
"2005-02-25",51.4500007629395,51.9000015258789,50.9500007629395,51.4900016784668,74335,51.4900016784668
"2005-02-28",51.7999992370605,52.2799987792969,51.0999984741211,51.75,77726,51.75
"2005-03-01",51.7700004577637,51.9799995422363,50.6500015258789,51.6800003051758,91603,51.6800003051758
"2005-03-02",51.7000007629395,53.0999984741211,51.4500007629395,53.0499992370605,107976,53.0499992370605
"2005-03-03",53.0400009155273,55.2000007629395,52.8499984741211,53.5699996948242,147324,53.5699996948242
"2005-03-04",53.5999984741211,54,52.9199981689453,53.7799987792969,82919,53.7799987792969
"2005-03-07",53.560001373291,53.9500007629395,52.9099998474121,53.8899993896484,90228,53.8899993896484
"2005-03-08",53.8699989318848,55.1500015258789,53.2599983215332,54.5900001525879,101554,54.5900001525879
"2005-03-09",54.5400009155273,55.6500015258789,54.1599998474121,54.7700004577637,121574,54.7700004577637
"2005-03-10",54.3499984741211,54.6199989318848,52.9000015258789,53.5400009155273,114000,53.5400009155273
"2005-03-11",53.5999984741211,54.5999984741211,52.5,54.4300003051758,112324,54.4300003051758
"2005-03-14",54.4500007629395,55.0499992370605,53.5200004577637,54.9500007629395,88000,54.9500007629395
"2005-03-15",54.9000015258789,55.4500007629395,52.25,55.0499992370605,89775,55.0499992370605
"2005-03-16",55,56.5999984741211,54.4000015258789,56.4599990844727,93525,56.4599990844727
"2005-03-17",56.4500007629395,57.5999984741211,56.1500015258789,56.4000015258789,68556,56.4000015258789
"2005-03-18",56.2900009155273,57,55.9500007629395,56.7200012207031,59747,56.7200012207031
"2005-03-21",56.6800003051758,57.1199989318848,56.2000007629395,56.6199989318848,99506,56.6199989318848
"2005-03-22",57.4500007629395,57.5800018310547,55.689998626709,56.0299987792969,93381,56.0299987792969
"2005-03-23",55.9300003051758,55.9300003051758,53.0999984741211,53.810001373291,158704,53.810001373291
"2005-03-24",54.1199989318848,54.9000015258789,53.4799995422363,54.8400001525879,90490,54.8400001525879
"2005-03-25",NA,NA,NA,NA,NA,NA
"2005-03-28",54.439998626709,54.6500015258789,53.5999984741211,54.0499992370605,59674,54.0499992370605
"2005-03-29",54.060001373291,54.5,53.4500007629395,54.2299995422363,72903,54.2299995422363
"2005-03-30",54.2799987792969,54.4599990844727,52.5,53.9900016784668,122512,53.9900016784668
"2005-03-31",54.0299987792969,56.0999984741211,53.9300003051758,55.4000015258789,114755,55.4000015258789
"2005-04-01",55.2000007629395,57.7000007629395,54.9599990844727,57.2700004577637,112997,57.2700004577637
"2005-04-04",57.1500015258789,58.2799987792969,56.5999984741211,57.0099983215332,88354,57.0099983215332
"2005-04-05",56.9599990844727,57.2000007629395,56,56.0400009155273,84117,56.0400009155273
"2005-04-06",55.9900016784668,56.9000015258789,55.2999992370605,55.8499984741211,94458,55.8499984741211
"2005-04-07",55.7799987792969,56.8400001525879,53.7700004577637,54.1100006103516,132876,54.1100006103516
"2005-04-08",54.1199989318848,54.2000007629395,52.7000007629395,53.3199996948242,122490,53.3199996948242
"2005-04-11",53.2599983215332,53.8499984741211,52.0999984741211,53.7099990844727,97925,53.7099990844727
"2005-04-12",53.7999992370605,54.0499992370605,51.75,51.8600006103516,129490,51.8600006103516
"2005-04-13",51.75,51.7700004577637,50.060001373291,50.2200012207031,134518,50.2200012207031
"2005-04-14",50.2999992370605,51.4000015258789,49.75,51.1300010681152,108278,51.1300010681152
"2005-04-15",51.0499992370605,51.2799987792969,50,50.4900016784668,102520,50.4900016784668
"2005-04-18",50.4300003051758,51.2000007629395,49.6599998474121,50.3699989318848,70860,50.3699989318848
"2005-04-19",50.2999992370605,52.3499984741211,50.2999992370605,52.2900009155273,59946,52.2900009155273
"2005-04-20",52.189998626709,53.0999984741211,51.9500007629395,52.439998626709,120966,52.439998626709
"2005-04-21",53.8699989318848,54.2999992370605,53,54.2000007629395,99239,54.2000007629395
"2005-04-22",54.2299995422363,55.9000015258789,54.2000007629395,55.3899993896484,113285,55.3899993896484
"2005-04-25",55.1500015258789,56,54.5,54.5699996948242,80454,54.5699996948242
"2005-04-26",54.3400001525879,54.4500007629395,53.3499984741211,54.2000007629395,100865,54.2000007629395
"2005-04-27",54.2999992370605,54.4000015258789,51.5499992370605,51.6100006103516,123080,51.6100006103516
"2005-04-28",51.560001373291,51.8899993896484,49.7999992370605,51.7700004577637,128059,51.7700004577637
"2005-04-29",51.810001373291,52.2799987792969,49.5,49.7200012207031,91921,49.7200012207031
"2005-05-02",49.2799987792969,51.0999984741211,49.0299987792969,50.9199981689453,98520,50.9199981689453
"2005-05-03",51,51.0099983215332,49.2999992370605,49.5,97500,49.5
"2005-05-04",49.5200004577637,50.9500007629395,48.7999992370605,50.1300010681152,133688,50.1300010681152
"2005-05-05",50.1699981689453,50.9500007629395,49.5,50.8300018310547,96261,50.8300018310547
"2005-05-06",50.9700012207031,52.2299995422363,50.25,50.9599990844727,143891,50.9599990844727
"2005-05-09",51.2799987792969,52.25,50.6500015258789,52.0299987792969,99262,52.0299987792969
"2005-05-10",52,53.0999984741211,51.6500015258789,52.0699996948242,119608,52.0699996948242
"2005-05-11",51.7700004577637,51.9500007629395,50.25,50.4500007629395,111016,50.4500007629395
"2005-05-12",50.3600006103516,50.4199981689453,48.2999992370605,48.5400009155273,129131,48.5400009155273
"2005-05-13",48.7000007629395,49.1100006103516,47.75,48.6699981689453,99228,48.6699981689453
"2005-05-16",48.6699981689453,48.7000007629395,47.5999984741211,48.6100006103516,78186,48.6100006103516
"2005-05-17",48.6399993896484,49.0999984741211,48.0499992370605,48.9700012207031,90755,48.9700012207031
"2005-05-18",48.9000015258789,49.3499984741211,47.1599998474121,47.25,92154,47.25
"2005-05-19",47.0999984741211,48,46.7999992370605,46.9199981689453,68221,46.9199981689453
"2005-05-20",46.9799995422363,47.5699996948242,46.2000007629395,46.7999992370605,107934,46.7999992370605
"2005-05-23",48.25,49.5,48.0499992370605,49.1599998474121,91193,49.1599998474121
"2005-05-24",49.1500015258789,49.939998626709,48.9199981689453,49.6699981689453,87029,49.6699981689453
"2005-05-25",49.6300010681152,51.5999984741211,49.5800018310547,50.9799995422363,132791,50.9799995422363
"2005-05-26",50.9500007629395,51.7000007629395,50.6500015258789,51.0099983215332,92360,51.0099983215332
"2005-05-27",50.9000015258789,52,50.8300018310547,51.8499984741211,69866,51.8499984741211
"2005-05-30",NA,NA,NA,NA,NA,NA
"2005-05-31",51.9799995422363,52.0499992370605,50.9000015258789,51.9700012207031,91943,51.9700012207031
"2005-06-01",51.9500007629395,54.7000007629395,51.9300003051758,54.5999984741211,117597,54.5999984741211
"2005-06-02",54.5400009155273,55.4000015258789,53.5,53.6300010681152,126015,53.6300010681152
"2005-06-03",53.5099983215332,55.0999984741211,53.4199981689453,55.0299987792969,88726,55.0299987792969
"2005-06-06",55.2000007629395,55.5499992370605,53.9000015258789,54.4900016784668,85859,54.4900016784668
"2005-06-07",54.4799995422363,54.75,53.5800018310547,53.7599983215332,101219,53.7599983215332
"2005-06-08",53.7200012207031,55,52.4500007629395,52.5400009155273,128022,52.5400009155273
"2005-06-09",52.5200004577637,54.5,52.2200012207031,54.2799987792969,111430,54.2799987792969
"2005-06-10",54.4099998474121,54.9500007629395,53.3499984741211,53.5400009155273,105658,53.5400009155273
"2005-06-13",53.4300003051758,56,53.0499992370605,55.6199989318848,103592,55.6199989318848
"2005-06-14",55.5499992370605,55.7999992370605,54.8300018310547,55,96779,55
"2005-06-15",54.939998626709,56.75,54.939998626709,55.5699996948242,101553,55.5699996948242
"2005-06-16",55.5099983215332,56.9000015258789,55.1199989318848,56.5800018310547,85975,56.5800018310547
"2005-06-17",56.5999984741211,58.5999984741211,56.4599990844727,58.4700012207031,63986,58.4700012207031
"2005-06-20",58.5099983215332,59.5200004577637,58.0999984741211,59.3699989318848,63574,59.3699989318848
"2005-06-21",59.3699989318848,59.7000007629395,58.5999984741211,58.9000015258789,106639,58.9000015258789
"2005-06-22",58.9500007629395,59.5499992370605,57.8499984741211,58.0900001525879,106890,58.0900001525879
"2005-06-23",58.1500015258789,60,58.1399993896484,59.4199981689453,93099,59.4199981689453
"2005-06-24",59.4000015258789,60.25,59.1699981689453,59.8400001525879,86110,59.8400001525879
"2005-06-27",59.9000015258789,60.9500007629395,59.9000015258789,60.5400009155273,79216,60.5400009155273
"2005-06-28",60.439998626709,60.4700012207031,57.9000015258789,58.2000007629395,113646,58.2000007629395
"2005-06-29",58.2599983215332,58.3499984741211,56.9000015258789,57.2599983215332,119267,57.2599983215332
"2005-06-30",57.2299995422363,57.7999992370605,55.9000015258789,56.5,157689,56.5
"2005-07-01",56.5999984741211,59,56.4500007629395,58.75,157689,58.75
"2005-07-04",NA,NA,NA,NA,NA,NA
"2005-07-05",58.8899993896484,60.0999984741211,58.7999992370605,59.5900001525879,90505,59.5900001525879
"2005-07-06",59.5999984741211,61.3499984741211,59.5999984741211,61.2799987792969,112573,61.2799987792969
"2005-07-07",61.2799987792969,62.0999984741211,57.2000007629395,60.7299995422363,133519,60.7299995422363
"2005-07-08",60.7200012207031,61.9000015258789,59.5499992370605,59.6300010681152,113009,59.6300010681152
"2005-07-11",59.4000015258789,59.5,58.0200004577637,58.9199981689453,111543,58.9199981689453
"2005-07-12",59.1500015258789,61.25,58.9199981689453,60.6199989318848,124148,60.6199989318848
"2005-07-13",60.5499992370605,61.2999992370605,59.7999992370605,60.0099983215332,113298,60.0099983215332
"2005-07-14",60.0099983215332,60.1399993896484,57.25,57.7999992370605,131775,57.7999992370605
"2005-07-15",57.8699989318848,58.9000015258789,57.3300018310547,58.0900001525879,107137,58.0900001525879
"2005-07-18",58,58.9799995422363,56.7999992370605,57.3199996948242,76097,57.3199996948242
"2005-07-19",57.25,57.7700004577637,56.7999992370605,57.4599990844727,85894,57.4599990844727
"2005-07-20",57.3800010681152,58.2999992370605,56.0999984741211,56.7200012207031,145901,56.7200012207031
"2005-07-21",58.1500015258789,58.1699981689453,56.5,57.1300010681152,106235,57.1300010681152
"2005-07-22",57.2700004577637,58.7000007629395,57.1300010681152,58.6500015258789,83067,58.6500015258789
"2005-07-25",58.75,59.0699996948242,57.6500015258789,59,78479,59
"2005-07-26",59.0999984741211,59.8800010681152,58.5,59.2000007629395,86851,59.2000007629395
"2005-07-27",59.1500015258789,59.7000007629395,58.5999984741211,59.1100006103516,93281,59.1100006103516
"2005-07-28",59.2099990844727,60.1500015258789,58.7999992370605,59.939998626709,83720,59.939998626709
"2005-07-29",59.9300003051758,61.0499992370605,59.810001373291,60.5699996948242,100656,60.5699996948242
"2005-08-01",60.5099983215332,62.2999992370605,60.5099983215332,61.5699996948242,104282,61.5699996948242
"2005-08-02",61.5900001525879,61.9500007629395,60.8699989318848,61.8899993896484,84877,61.8899993896484
"2005-08-03",61.939998626709,62.5,60.7000007629395,60.8600006103516,107880,60.8600006103516
"2005-08-04",60.7799987792969,62.0999984741211,60.5999984741211,61.3800010681152,83416,61.3800010681152
"2005-08-05",61.4199981689453,62.4000015258789,61.4199981689453,62.310001373291,103856,62.310001373291
"2005-08-08",62.310001373291,64,62.2099990844727,63.939998626709,117473,63.939998626709
"2005-08-09",63.9099998474121,64.2699966430664,63,63.0699996948242,113868,63.0699996948242
"2005-08-10",63.1199989318848,65,62.9099998474121,64.9000015258789,138316,64.9000015258789
"2005-08-11",64.9499969482422,66,64.4199981689453,65.8000030517578,124631,65.8000030517578
"2005-08-12",65.8000030517578,67.0999984741211,65.5999984741211,66.8600006103516,121665,66.8600006103516
"2005-08-15",66.8499984741211,67,65.3499984741211,66.2699966430664,84415,66.2699966430664
"2005-08-16",66.2600021362305,66.8499984741211,65.5,66.0800018310547,108865,66.0800018310547
"2005-08-17",66.1399993896484,66.5999984741211,63.1500015258789,63.25,121220,63.25
"2005-08-18",63.3199996948242,63.7700004577637,62.25,63.2700004577637,66188,63.2700004577637
"2005-08-19",63.2999992370605,65.5,63.2999992370605,65.3499984741211,81603,65.3499984741211
"2005-08-22",65.4000015258789,66.25,65,65.4499969482422,99788,65.4499969482422
"2005-08-23",65.5599975585938,66.1999969482422,64.6500015258789,65.7099990844727,83182,65.7099990844727
"2005-08-24",65.7900009155273,67.4000015258789,65.3000030517578,67.3199996948242,98722,67.3199996948242
"2005-08-25",67.4100036621094,68,66.4000015258789,67.4899978637695,78799,67.4899978637695
"2005-08-26",67.4899978637695,67.9499969482422,65.9000015258789,66.129997253418,92781,66.129997253418
"2005-08-29",68.5999984741211,70.8000030517578,66.3000030517578,67.1999969482422,151039,67.1999969482422
"2005-08-30",67.4000015258789,70.8499984741211,67.2600021362305,69.8099975585938,178298,69.8099975585938
"2005-08-31",69.9000015258789,70.6500015258789,67.8000030517578,68.9400024414062,143723,68.9400024414062
"2005-09-01",68.6999969482422,69.5999984741211,68.25,69.4700012207031,102649,69.4700012207031
"2005-09-02",69.4000015258789,69.6600036621094,67.3499984741211,67.5699996948242,102649,67.5699996948242
"2005-09-05",NA,NA,NA,NA,NA,NA
"2005-09-06",66.5999984741211,67.5599975585938,65.6500015258789,65.9599990844727,112845,65.9599990844727
"2005-09-07",65.8300018310547,66.5,63.9000015258789,64.370002746582,116133,64.370002746582
"2005-09-08",64.4000015258789,65.1500015258789,63.0999984741211,64.4899978637695,123332,64.4899978637695
"2005-09-09",64.8600006103516,65.3499984741211,63.5499992370605,64.0800018310547,104978,64.0800018310547
"2005-09-12",64.1500015258789,64.4100036621094,62.5499992370605,63.3300018310547,109142,63.3300018310547
"2005-09-13",63.2999992370605,63.8499984741211,62.6500015258789,63.1100006103516,110403,63.1100006103516
"2005-09-14",63.0900001525879,65.1999969482422,63.0499992370605,65.0899963378906,116776,65.0899963378906
"2005-09-15",65.129997253418,65.6600036621094,63.9000015258789,64.75,111656,64.75
"2005-09-16",64.6999969482422,64.6999969482422,62.8499984741211,63,89331,63
"2005-09-19",63.3899993896484,67.5,63.2000007629395,67.3899993896484,85073,67.3899993896484
"2005-09-20",67.2399978637695,67.379997253418,64.8000030517578,66.2300033569336,134613,66.2300033569336
"2005-09-21",66.2200012207031,68.2699966430664,66.1500015258789,66.8000030517578,108751,66.8000030517578
"2005-09-22",66.8499984741211,68.1399993896484,66.0500030517578,66.5,92997,66.5
"2005-09-23",66.5800018310547,66.8000030517578,63.8499984741211,64.1900024414062,96318,64.1900024414062
"2005-09-26",63.4099998474121,65.9000015258789,62.6500015258789,65.8199996948242,108135,65.8199996948242
"2005-09-27",65.6999969482422,66.1699981689453,64.5999984741211,65.0699996948242,82207,65.0699996948242
"2005-09-28",64.9400024414062,67.4000015258789,64.5999984741211,66.3499984741211,125181,66.3499984741211
"2005-09-29",66.3399963378906,67.1999969482422,65.5199966430664,66.7900009155273,121353,66.7900009155273
"2005-09-30",66.7900009155273,67.0299987792969,65.3000030517578,66.2399978637695,114729,66.2399978637695
"2005-10-03",66.1999969482422,66.620002746582,64.9899978637695,65.4700012207031,69179,65.4700012207031
"2005-10-04",65.4000015258789,65.4899978637695,63,63.9000015258789,94277,63.9000015258789
"2005-10-05",63.810001373291,64.8000030517578,62.7000007629395,62.7900009155273,87283,62.7900009155273
"2005-10-06",62.7200012207031,62.8300018310547,60.7000007629395,61.3600006103516,116497,61.3600006103516
"2005-10-07",61.5999984741211,62.2299995422363,61.0999984741211,61.8400001525879,90342,61.8400001525879
"2005-10-10",61.7900009155273,62.439998626709,60.3499984741211,61.7999992370605,100053,61.7999992370605
"2005-10-11",62.0200004577637,63.5999984741211,61.8800010681152,63.5299987792969,121482,63.5299987792969
"2005-10-12",63.5900001525879,64.6999969482422,63.4000015258789,64.120002746582,128614,64.120002746582
"2005-10-13",64.1999969482422,64.3899993896484,62.4500007629395,63.0800018310547,110795,63.0800018310547
"2005-10-14",63.0499992370605,63.0999984741211,61.2000007629395,62.6300010681152,79485,62.6300010681152
"2005-10-17",62.9500007629395,64.4000015258789,62.7200012207031,64.3600006103516,73275,64.3600006103516
"2005-10-18",64.0999984741211,64.2799987792969,62.9000015258789,63.2000007629395,65958,63.2000007629395
"2005-10-19",63,63.5900001525879,61.310001373291,62.4099998474121,74302,62.4099998474121
"2005-10-20",62.2999992370605,62.439998626709,59.8499984741211,61.0299987792969,124319,61.0299987792969
"2005-10-21",59.7999992370605,60.7000007629395,59.1500015258789,60.6300010681152,103721,60.6300010681152
"2005-10-24",60.060001373291,60.5,59.2999992370605,60.3199996948242,78770,60.3199996948242
"2005-10-25",60.2299995422363,62.5499992370605,59.9799995422363,62.439998626709,101666,62.439998626709
"2005-10-26",62.2999992370605,62.9500007629395,60.5499992370605,60.6599998474121,109993,60.6599998474121
"2005-10-27",60.8800010681152,61.5,60.25,61.0900001525879,99579,61.0900001525879
"2005-10-28",61.0999984741211,61.4799995422363,60.5499992370605,61.2200012207031,89726,61.2200012207031
"2005-10-31",61.2000007629395,61.3899993896484,59.2700004577637,59.7599983215332,103815,59.7599983215332
"2005-11-01",59.7599983215332,60.2999992370605,59.0499992370605,59.8499984741211,95972,59.8499984741211
"2005-11-02",59.9000015258789,60.4000015258789,58.75,59.75,97860,59.75
"2005-11-03",59.7000007629395,61.8499984741211,59.560001373291,61.7799987792969,100006,61.7799987792969
"2005-11-04",61.75,62.1500015258789,60.5,60.5800018310547,92736,60.5800018310547
"2005-11-07",60.1100006103516,60.439998626709,58.5999984741211,59.4700012207031,126389,59.4700012207031
"2005-11-08",59.4700012207031,59.8499984741211,58.9000015258789,59.7099990844727,99616,59.7099990844727
"2005-11-09",59.7000007629395,60.4000015258789,58.5999984741211,58.9300003051758,133271,58.9300003051758
"2005-11-10",58.7999992370605,58.9599990844727,57.4000015258789,57.7999992370605,104739,57.7999992370605
"2005-11-11",57.7700004577637,58.2000007629395,56.9300003051758,57.5299987792969,100707,57.5299987792969
"2005-11-14",57.7999992370605,58.2000007629395,57.2999992370605,57.689998626709,68821,57.689998626709
"2005-11-15",57.7200012207031,58.4000015258789,56.9000015258789,56.9799995422363,102686,56.9799995422363
"2005-11-16",56.9799995422363,58.25,56.7000007629395,57.8800010681152,81905,57.8800010681152
"2005-11-17",57.8199996948242,58.5200004577637,56.2000007629395,56.3300018310547,90168,56.3300018310547
"2005-11-18",56.5400009155273,56.7999992370605,55.4000015258789,56.1399993896484,111722,56.1399993896484
"2005-11-21",57.4199981689453,58.1800003051758,57.0999984741211,57.7000007629395,68601,57.7000007629395
"2005-11-22",57.7999992370605,59,57.5499992370605,58.8400001525879,81621,58.8400001525879
"2005-11-23",58.75,59.1500015258789,57.9500007629395,58.7099990844727,87139,58.7099990844727
"2005-11-24",NA,NA,NA,NA,NA,NA
"2005-11-25",NA,NA,NA,NA,NA,NA
"2005-11-28",58.1100006103516,58.2999992370605,56.7000007629395,57.3600006103516,98709,57.3600006103516
"2005-11-29",57.310001373291,57.75,56.4500007629395,56.5,98126,56.5
"2005-11-30",56.3499984741211,57.4000015258789,55.7200012207031,57.3199996948242,131180,57.3199996948242
"2005-12-01",57.4300003051758,58.7999992370605,57.0200004577637,58.4700012207031,112884,58.4700012207031
"2005-12-02",58.4700012207031,59.5499992370605,58.1500015258789,59.3199996948242,114720,59.3199996948242
"2005-12-05",59.4099998474121,60.7999992370605,59.4099998474121,59.9099998474121,106593,59.9099998474121
"2005-12-06",59.8199996948242,60.4500007629395,59.5499992370605,59.939998626709,80399,59.939998626709
"2005-12-07",60.0099983215332,60.6800003051758,59.0999984741211,59.2099990844727,129029,59.2099990844727
"2005-12-08",59.3499984741211,60.7000007629395,59.0499992370605,60.6599998474121,104846,60.6599998474121
"2005-12-09",60.7599983215332,61.5,59.0299987792969,59.3899993896484,123432,59.3899993896484
"2005-12-12",59.5099983215332,61.3499984741211,59.5,61.2999992370605,113722,61.2999992370605
"2005-12-13",61.2900009155273,61.9000015258789,60.7599983215332,61.3699989318848,102192,61.3699989318848
"2005-12-14",61.2799987792969,61.75,60.7999992370605,60.8499984741211,84305,60.8499984741211
"2005-12-15",60.8499984741211,61.2000007629395,59.9500007629395,59.9900016784668,100827,59.9900016784668
"2005-12-16",59.9000015258789,60.0900001525879,58,58.060001373291,91102,58.060001373291
"2005-12-19",58,58.5900001525879,56.9000015258789,57.3300018310547,74136,57.3300018310547
"2005-12-20",57.2999992370605,58.2000007629395,57.2999992370605,57.9799995422363,89980,57.9799995422363
"2005-12-21",58.1500015258789,58.7000007629395,57.5499992370605,58.560001373291,84506,58.560001373291
"2005-12-22",58.5999984741211,59.2900009155273,57.7200012207031,58.2799987792969,60474,58.2799987792969
"2005-12-23",58.2599983215332,58.75,57.6500015258789,58.4300003051758,37520,58.4300003051758
"2005-12-26",NA,NA,NA,NA,NA,NA
"2005-12-27",58.2999992370605,58.2999992370605,57.2999992370605,58.1599998474121,55477,58.1599998474121
"2005-12-28",58.189998626709,60.4500007629395,57.7599983215332,59.8199996948242,87694,59.8199996948242
"2005-12-29",59.8899993896484,60.8499984741211,59.4000015258789,60.3199996948242,64915,60.3199996948242
"2005-12-30",60.3899993896484,61.25,59.7299995422363,61.0400009155273,72714,61.0400009155273
"2006-01-02",NA,NA,NA,NA,NA,NA
"2006-01-03",61.0400009155273,63.7999992370605,60.810001373291,63.1399993896484,130635,63.1399993896484
"2006-01-04",63,63.6500015258789,62.2599983215332,63.4199981689453,105194,63.4199981689453
"2006-01-05",63.4000015258789,63.7999992370605,62.5999984741211,62.7900009155273,104035,62.7900009155273
"2006-01-06",62.5999984741211,64.4499969482422,62.5999984741211,64.2099990844727,110763,64.2099990844727
"2006-01-09",64.1500015258789,64.6100006103516,62.9000015258789,63.5,115558,63.5
"2006-01-10",63.3800010681152,64.1999969482422,63.0499992370605,63.3699989318848,111890,63.3699989318848
"2006-01-11",63.3499984741211,64.8000030517578,62.5999984741211,63.939998626709,166379,63.939998626709
"2006-01-12",63.9799995422363,65.0500030517578,63.8499984741211,63.939998626709,111400,63.939998626709
"2006-01-13",63.9700012207031,64.3300018310547,63.0999984741211,63.9199981689453,111400,63.9199981689453
"2006-01-16",NA,NA,NA,NA,NA,NA
"2006-01-17",64.8199996948242,66.3499984741211,64.5999984741211,66.3099975585938,117433,66.3099975585938
"2006-01-18",66.3499984741211,66.9300003051758,65.25,65.7300033569336,87073,65.7300033569336
"2006-01-19",65.8499984741211,66.9000015258789,65.25,66.8300018310547,64886,66.8300018310547
"2006-01-20",66.8499984741211,68.8000030517578,66.7799987792969,68.3499984741211,149990,68.3499984741211
"2006-01-23",68.4499969482422,69.1999969482422,67.5999984741211,68.0999984741211,84184,68.0999984741211
"2006-01-24",68.0999984741211,68.1100006103516,67,67.0599975585938,100194,67.0599975585938
"2006-01-25",67.0999984741211,67.0999984741211,65.4499969482422,65.8499984741211,138328,65.8499984741211
"2006-01-26",65.8499984741211,66.9000015258789,65.3099975585938,66.2600021362305,124697,66.2600021362305
"2006-01-27",66.4899978637695,67.9499969482422,66.3499984741211,67.7600021362305,112320,67.7600021362305
"2006-01-30",67.8499984741211,68.4499969482422,67.25,68.3499984741211,92440,68.3499984741211
"2006-01-31",68.4000015258789,68.6500015258789,67.3499984741211,67.9199981689453,118865,67.9199981689453
"2006-02-01",67.7300033569336,69,66.3000030517578,66.5599975585938,140025,66.5599975585938
"2006-02-02",66.2799987792969,67.1900024414062,64.4000015258789,64.6800003051758,150155,64.6800003051758
"2006-02-03",64.6999969482422,65.4000015258789,63.9500007629395,65.370002746582,110816,65.370002746582
"2006-02-06",65.5999984741211,66.620002746582,64.9000015258789,65.1100006103516,97538,65.1100006103516
"2006-02-07",65.0999984741211,65.0999984741211,63,63.0900001525879,145683,63.0900001525879
"2006-02-08",63.189998626709,63.4900016784668,62.2999992370605,62.5499992370605,150436,62.5499992370605
"2006-02-09",62.5699996948242,63.7000007629395,62.3400001525879,62.6199989318848,133578,62.6199989318848
"2006-02-10",62.6399993896484,63,61.2000007629395,61.8400001525879,146060,61.8400001525879
"2006-02-13",62.0999984741211,62.1800003051758,60.8499984741211,61.2400016784668,91961,61.2400016784668
"2006-02-14",61.1800003051758,61.2999992370605,59.5,59.5699996948242,132021,59.5699996948242
"2006-02-15",59.4900016784668,60.0499992370605,57.5,57.7000007629395,136092,57.7000007629395
"2006-02-16",57.7000007629395,58.6399993896484,57.5499992370605,58.4599990844727,93510,58.4599990844727
"2006-02-17",58.7999992370605,60,58.6800003051758,59.8800010681152,93510,59.8800010681152
"2006-02-20",NA,NA,NA,NA,NA,NA
"2006-02-21",61.25,61.5,60.5,61.0999984741211,114878,61.0999984741211
"2006-02-22",62.5,62.5900001525879,60.5200004577637,61.0099983215332,106291,61.0099983215332
"2006-02-23",60.9099998474121,61.1500015258789,59.7000007629395,60.5400009155273,122119,60.5400009155273
"2006-02-24",60.5,63.25,60.4700012207031,62.9099998474121,134353,62.9099998474121
"2006-02-27",62.7999992370605,62.8499984741211,60.8499984741211,61,93771,61
"2006-02-28",60.9000015258789,61.5,60.2999992370605,61.4099998474121,133720,61.4099998474121
"2006-03-01",61.5800018310547,62.3499984741211,61.4599990844727,61.9700012207031,91941,61.9700012207031
"2006-03-02",61.9599990844727,63.4500007629395,61.7999992370605,63.3600006103516,97323,63.3600006103516
"2006-03-03",63.5299987792969,63.7900009155273,62.7000007629395,63.6699981689453,97539,63.6699981689453
"2006-03-06",63.75,63.9199981689453,61.7999992370605,62.4099998474121,98681,62.4099998474121
"2006-03-07",62.3199996948242,62.75,61.0999984741211,61.5800018310547,120050,61.5800018310547
"2006-03-08",61.5499992370605,61.6800003051758,59.25,60.0200004577637,132359,60.0200004577637
"2006-03-09",60.0099983215332,60.9000015258789,59.5499992370605,60.4700012207031,118689,60.4700012207031
"2006-03-10",60.560001373291,60.7799987792969,59.7000007629395,59.9599990844727,98521,59.9599990844727
"2006-03-13",60.0499992370605,61.9000015258789,59.5800018310547,61.7700004577637,127869,61.7700004577637
"2006-03-14",61.75,63.3699989318848,61.2700004577637,63.0999984741211,108475,63.0999984741211
"2006-03-15",62.9000015258789,63.2000007629395,62,62.1699981689453,96651,62.1699981689453
"2006-03-16",62.0499992370605,63.9000015258789,61.6500015258789,63.5800018310547,100866,63.5800018310547
"2006-03-17",63.4799995422363,63.7000007629395,62.7000007629395,62.7700004577637,67472,62.7700004577637
"2006-03-20",62.9599990844727,62.9900016784668,60.25,60.4199981689453,77265,60.4199981689453
"2006-03-21",60.4099998474121,61,59.5999984741211,60.5699996948242,117421,60.5699996948242
"2006-03-22",62.2799987792969,62.8499984741211,61.6100006103516,61.7700004577637,96044,61.7700004577637
"2006-03-23",61.9000015258789,64,61.8699989318848,63.9099998474121,136666,63.9099998474121
"2006-03-24",63.8699989318848,64.75,63.4000015258789,64.2600021362305,91950,64.2600021362305
"2006-03-27",64.1800003051758,64.5500030517578,63.4500007629395,64.1600036621094,62115,64.1600036621094
"2006-03-28",64.3000030517578,66.1999969482422,64.0500030517578,66.0699996948242,101384,66.0699996948242
"2006-03-29",66.0999984741211,66.6999969482422,65.5800018310547,66.4499969482422,112102,66.4499969482422
"2006-03-30",66.5100021362305,67.3000030517578,66.0500030517578,67.1500015258789,95673,67.1500015258789
"2006-03-31",67.0500030517578,67.1399993896484,65.5999984741211,66.629997253418,139335,66.629997253418
"2006-04-03",66.25,67.9000015258789,66.1999969482422,66.7399978637695,94634,66.7399978637695
"2006-04-04",66.6500015258789,66.6500015258789,65.5999984741211,66.2300033569336,108407,66.2300033569336
"2006-04-05",66.1999969482422,67.25,65.7399978637695,67.0699996948242,99786,67.0699996948242
"2006-04-06",67.1100006103516,68.1999969482422,67.0999984741211,67.9400024414062,111112,67.9400024414062
"2006-04-07",67.8499984741211,67.8499984741211,66.6500015258789,67.3899993896484,109202,67.3899993896484
"2006-04-10",67.3399963378906,68.9499969482422,67.2200012207031,68.7399978637695,108018,68.7399978637695
"2006-04-11",68.6699981689453,69.4499969482422,68,68.9800033569336,125615,68.9800033569336
"2006-04-12",68.9499969482422,69.5999984741211,68.4499969482422,68.620002746582,123407,68.620002746582
"2006-04-13",68.5199966430664,69.4000015258789,67.870002746582,69.3199996948242,119373,69.3199996948242
"2006-04-14",NA,NA,NA,NA,NA,NA
"2006-04-17",69.629997253418,70.4499969482422,69.3000030517578,70.4000015258789,98598,70.4000015258789
"2006-04-18",70.2699966430664,71.5999984741211,70.1500015258789,71.3499984741211,96036,71.3499984741211
"2006-04-19",71.2900009155273,72.4000015258789,70.6999969482422,72.1699981689453,89721,72.1699981689453
"2006-04-20",72.0299987792969,72.4899978637695,70.6999969482422,71.9499969482422,141724,71.9499969482422
"2006-04-21",73.3499984741211,75.3499984741211,72.7300033569336,75.1699981689453,100736,75.1699981689453
"2006-04-24",75.0599975585938,75.3499984741211,72.9499969482422,73.3300018310547,125457,73.3300018310547
"2006-04-25",73.2799987792969,74,71.75,72.879997253418,146843,72.879997253418
"2006-04-26",72.8499984741211,73.2200012207031,71.8499984741211,71.9300003051758,107094,71.9300003051758
"2006-04-27",71.9300003051758,72.0100021362305,70.75,70.9700012207031,108953,70.9700012207031
"2006-04-28",70.9899978637695,72.6500015258789,70.4899978637695,71.879997253418,155575,71.879997253418
"2006-05-01",71.75,73.75,71.4199981689453,73.6999969482422,83652,73.6999969482422
"2006-05-02",73.8000030517578,74.9000015258789,73.5,74.6100006103516,112597,74.6100006103516
"2006-05-03",74.629997253418,74.9899978637695,72.25,72.2799987792969,119109,72.2799987792969
"2006-05-04",72.1699981689453,72.4700012207031,69.3000030517578,69.9400024414062,158815,69.9400024414062
"2006-05-05",70.1999969482422,70.6999969482422,69.6999969482422,70.1900024414062,119448,70.1900024414062
"2006-05-08",70.1699981689453,70.5599975585938,68.1999969482422,69.7699966430664,122344,69.7699966430664
"2006-05-09",69.8399963378906,71.5,69.620002746582,70.6900024414062,149147,70.6900024414062
"2006-05-10",70.6500015258789,72.1999969482422,69.5999984741211,72.129997253418,151862,72.129997253418
"2006-05-11",72.129997253418,73.9000015258789,71.9800033569336,73.3199996948242,135853,73.3199996948242
"2006-05-12",73.0999984741211,73.3499984741211,71.5999984741211,72.0400009155273,101826,72.0400009155273
"2006-05-15",72.0400009155273,72.0400009155273,69.25,69.4100036621094,118931,69.4100036621094
"2006-05-16",69.2099990844727,70.6999969482422,68.5100021362305,69.5299987792969,128969,69.5299987792969
"2006-05-17",69.3499984741211,70.0999984741211,68.1999969482422,68.6999969482422,128969,68.6999969482422
"2006-05-18",68.6500015258789,69.5,67.8499984741211,69.4499969482422,82156,69.4499969482422
"2006-05-19",69.4499969482422,69.9300003051758,68,68.5299987792969,82472,68.5299987792969
"2006-05-22",68.5199966430664,70,67.4199981689453,69.2300033569336,116410,69.2300033569336
"2006-05-23",70.0500030517578,72.1500015258789,68.9499969482422,71.7600021362305,113472,71.7600021362305
"2006-05-24",71.5800018310547,71.6600036621094,69.8000030517578,69.8600006103516,118268,69.8600006103516
"2006-05-25",69.9100036621094,71.379997253418,69.3600006103516,71.3199996948242,87142,71.3199996948242
"2006-05-26",71.3099975585938,71.9000015258789,70.8600006103516,71.370002746582,71611,71.370002746582
"2006-05-29",NA,NA,NA,NA,NA,NA
"2006-05-30",71.1999969482422,72.75,71.1999969482422,72.0299987792969,81012,72.0299987792969
"2006-05-31",71.9499969482422,72.1600036621094,70.0500030517578,71.2900009155273,149098,71.2900009155273
"2006-06-01",71.2600021362305,71.9000015258789,70,70.3399963378906,129406,70.3399963378906
"2006-06-02",70.25,72.6999969482422,70.0699996948242,72.3300018310547,113070,72.3300018310547
"2006-06-05",72.9499969482422,73.8499984741211,72.0999984741211,72.5999984741211,89820,72.5999984741211
"2006-06-06",72.6399993896484,72.9000015258789,71.3499984741211,72.5,94602,72.5
"2006-06-07",72.4000015258789,72.5800018310547,70.5,70.8199996948242,128508,70.8199996948242
"2006-06-08",70.8600006103516,70.9000015258789,69.0500030517578,70.3499984741211,131031,70.3499984741211
"2006-06-09",70.2799987792969,71.8499984741211,69.9499969482422,71.629997253418,112121,71.629997253418
"2006-06-12",71.5999984741211,72.3199996948242,70.1999969482422,70.3600006103516,113767,70.3600006103516
"2006-06-13",70.2399978637695,70.4300003051758,68.3000030517578,68.5599975585938,147275,68.5599975585938
"2006-06-14",68.4499969482422,69.5,68.0999984741211,69.1399993896484,107293,69.1399993896484
"2006-06-15",69.0299987792969,70.25,69,69.5,135911,69.5
"2006-06-16",69.5800018310547,70.4499969482422,68.8000030517578,69.879997253418,90435,69.879997253418
"2006-06-19",69.870002746582,70.1100006103516,68.5500030517578,68.9800033569336,95557,68.9800033569336
"2006-06-20",69.0100021362305,69.8899993896484,68.5500030517578,68.9400024414062,99145,68.9400024414062
"2006-06-21",69.3399963378906,70.75,68.8000030517578,70.3300018310547,118193,70.3300018310547
"2006-06-22",70.8300018310547,71.1999969482422,70.0500030517578,70.8399963378906,102920,70.8399963378906
"2006-06-23",70.8499984741211,71.3000030517578,70.2799987792969,70.870002746582,77733,70.870002746582
"2006-06-26",70.6800003051758,71.9000015258789,70.4000015258789,71.8000030517578,95883,71.8000030517578
"2006-06-27",71.7399978637695,72.5,71.5999984741211,71.9199981689453,81239,71.9199981689453
"2006-06-28",71.9100036621094,72.7699966430664,71.5999984741211,72.1900024414062,90122,72.1900024414062
"2006-06-29",72.1999969482422,73.5500030517578,72.1500015258789,73.5199966430664,81818,73.5199966430664
"2006-06-30",73.5100021362305,74.1500015258789,73.3499984741211,73.9800033569336,1314,73.9800033569336
"2006-07-03",NA,NA,NA,NA,NA,NA
"2006-07-04",NA,NA,NA,NA,NA,NA
"2006-07-05",73.9499969482422,75.4000015258789,73.379997253418,75.1900024414062,91574,75.1900024414062
"2006-07-06",75.1999969482422,75.3499984741211,74.3000030517578,75.1399993896484,92581,75.1399993896484
"2006-07-07",75.0199966430664,75.7799987792969,73.8499984741211,74.0899963378906,102426,74.0899963378906
"2006-07-10",73.8199996948242,73.9499969482422,72.9000015258789,73.6100006103516,104857,73.6100006103516
"2006-07-11",73.5100021362305,74.5999984741211,73.3399963378906,74.1600036621094,98074,74.1600036621094
"2006-07-12",74.0299987792969,75.0500030517578,73.8000030517578,74.9499969482422,122018,74.9499969482422
"2006-07-13",74.9800033569336,76.8499984741211,74.9100036621094,76.6999969482422,144012,76.6999969482422
"2006-07-14",76.6699981689453,78.4000015258789,76.6699981689453,77.0299987792969,122621,77.0299987792969
"2006-07-17",77.25,77.7399978637695,75.1999969482422,75.3000030517578,120244,75.3000030517578
"2006-07-18",75.1999969482422,76.5500030517578,73.5,73.5400009155273,90991,73.5400009155273
"2006-07-19",73.9000015258789,74.1100006103516,71.6500015258789,72.6600036621094,101694,72.6600036621094
"2006-07-20",73,73.5,72.0500030517578,73.0800018310547,90462,73.0800018310547
"2006-07-21",74.0699996948242,75.1999969482422,73.9000015258789,74.4300003051758,78119,74.4300003051758
"2006-07-24",74.8300018310547,75.1999969482422,73.5,75.0500030517578,76886,75.0500030517578
"2006-07-25",75.0999984741211,75.7799987792969,73.5500030517578,73.75,84882,73.75
"2006-07-26",73.8000030517578,74.8000030517578,73.5199966430664,73.9400024414062,82009,73.9400024414062
"2006-07-27",73.9000015258789,74.9199981689453,73.7200012207031,74.5400009155273,79261,74.5400009155273
"2006-07-28",74.5,74.8499984741211,72.8000030517578,73.2399978637695,88585,73.2399978637695
"2006-07-31",73.2099990844727,74.5,72.7699966430664,74.4000015258789,100528,74.4000015258789
"2006-08-01",74.4000015258789,75.4499969482422,74.0199966430664,74.9100036621094,87114,74.9100036621094
"2006-08-02",74.9199981689453,76.5,74.9000015258789,75.8099975585938,92494,75.8099975585938
"2006-08-03",76,76.1900024414062,74.6500015258789,75.4599990844727,85477,75.4599990844727
"2006-08-04",75.5999984741211,75.6800003051758,74.1500015258789,74.7600021362305,76388,74.7600021362305
"2006-08-07",74.5699996948242,77.3000030517578,74.5599975585938,76.9800033569336,129001,76.9800033569336
"2006-08-08",77.0500030517578,77.4499969482422,76.1500015258789,76.3099975585938,92343,76.3099975585938
"2006-08-09",76.3300018310547,77.4000015258789,76.0500030517578,76.3499984741211,137251,76.3499984741211
"2006-08-10",76.25,76.5199966430664,73.9000015258789,74,142299,74
"2006-08-11",74,74.8099975585938,73.75,74.3499984741211,117634,74.3499984741211
"2006-08-14",73.7900009155273,73.9499969482422,72.5999984741211,73.5299987792969,82045,73.5299987792969
"2006-08-15",73.379997253418,73.9000015258789,72.7900009155273,73.0500030517578,76424,73.0500030517578
"2006-08-16",72.9300003051758,73.1500015258789,71.6999969482422,71.8899993896484,90069,71.8899993896484
"2006-08-17",71.6500015258789,71.75,70,70.0599975585938,104170,70.0599975585938
"2006-08-18",70.4800033569336,71.1900024414062,69.5999984741211,71.1399993896484,71416,71.1399993896484
"2006-08-21",71.2200012207031,72.5,71.1399993896484,72.4499969482422,80336,72.4499969482422
"2006-08-22",72.4499969482422,72.8499984741211,72.0999984741211,72.629997253418,77594,72.629997253418
"2006-08-23",72.8499984741211,72.9400024414062,71.0999984741211,71.7600021362305,89380,71.7600021362305
"2006-08-24",71.6500015258789,72.5,71.370002746582,72.3600006103516,53961,72.3600006103516
"2006-08-25",72.8000030517578,73.75,72.4000015258789,72.5100021362305,77210,72.5100021362305
"2006-08-28",72.1999969482422,72.1999969482422,70.1500015258789,70.6100006103516,75576,70.6100006103516
"2006-08-29",70.4599990844727,70.9000015258789,69.3000030517578,69.7099990844727,81668,69.7099990844727
"2006-08-30",69.7699966430664,70.25,68.6500015258789,70.0299987792969,80215,70.0299987792969
"2006-08-31",70.4000015258789,70.8199996948242,69.3499984741211,70.2600021362305,89594,70.2600021362305
"2006-09-01",70.3499984741211,70.4000015258789,69.0500030517578,69.1900024414062,89594,69.1900024414062
"2006-09-04",69.25,69.5899963378906,67.7699966430664,68.0199966430664,53471,68.0199966430664
"2006-09-05",68.4499969482422,69.0500030517578,68.25,68.5999984741211,78920,68.5999984741211
"2006-09-06",68.6500015258789,68.8499984741211,67.4499969482422,67.5,112103,67.5
"2006-09-07",67.5500030517578,67.9800033569336,66.7600021362305,67.3199996948242,98575,67.3199996948242
"2006-09-08",67.1999969482422,67.5999984741211,66,66.25,120861,66.25
"2006-09-11",66.0100021362305,66.5,64.8499984741211,65.6100006103516,140696,65.6100006103516
"2006-09-12",65.5899963378906,66.4400024414062,63.5900001525879,63.7599983215332,150651,63.7599983215332
"2006-09-13",63.8400001525879,64.75,63.5,63.9700012207031,168426,63.9700012207031
"2006-09-14",64.2699966430664,64.6500015258789,63,63.2200012207031,151783,63.2200012207031
"2006-09-15",63.4500007629395,63.6599998474121,62.0299987792969,63.3300018310547,137545,63.3300018310547
"2006-09-18",63.4900016784668,64.4499969482422,62.8499984741211,63.7999992370605,113822,63.7999992370605
"2006-09-19",63.8499984741211,64.4599990844727,61.5499992370605,61.6599998474121,105488,61.6599998474121
"2006-09-20",61.7000007629395,61.8300018310547,59.7999992370605,60.4599990844727,156614,60.4599990844727
"2006-09-21",60.810001373291,61.7999992370605,60.6500015258789,61.5900001525879,105730,61.5900001525879
"2006-09-22",61.7099990844727,62.2599983215332,60.189998626709,60.5499992370605,122447,60.5499992370605
"2006-09-25",60.25,62.1500015258789,59.5200004577637,61.4500007629395,122239,61.4500007629395
"2006-09-26",61.439998626709,62,60.5999984741211,61.0099983215332,132651,61.0099983215332
"2006-09-27",61.1399993896484,63.0999984741211,60.0999984741211,62.9599990844727,148245,62.9599990844727
"2006-09-28",62.9900016784668,64,62.3899993896484,62.7599983215332,150186,62.7599983215332
"2006-09-29",62.7000007629395,63.0999984741211,61.4500007629395,62.9099998474121,145461,62.9099998474121
"2006-10-02",62.7999992370605,63.3199996948242,60.8400001525879,61.0299987792969,108503,61.0299987792969
"2006-10-03",60.9000015258789,61.1500015258789,58.4300003051758,58.6800003051758,169192,58.6800003051758
"2006-10-04",58.5,59.7799987792969,57.75,59.4099998474121,178944,59.4099998474121
"2006-10-05",59.7599983215332,60.9700012207031,59.3400001525879,60.0299987792969,152685,60.0299987792969
"2006-10-06",60.0400009155273,60.2799987792969,58.8400001525879,59.7599983215332,166499,59.7599983215332
"2006-10-09",59.9000015258789,61.2999992370605,59.7799987792969,59.9599990844727,156175,59.9599990844727
"2006-10-10",59.9500007629395,60.6800003051758,58.4000015258789,58.5200004577637,170229,58.5200004577637
"2006-10-11",58.5200004577637,59.0999984741211,57.3699989318848,57.5900001525879,180440,57.5900001525879
"2006-10-12",57.4000015258789,58.4700012207031,57.2200012207031,57.8600006103516,162865,57.8600006103516
"2006-10-13",58.3400001525879,59.4599990844727,58.060001373291,58.5699996948242,127404,58.5699996948242
"2006-10-16",58.8600006103516,60.1199989318848,58.060001373291,59.939998626709,139797,59.939998626709
"2006-10-17",60.0499992370605,60.5400009155273,58.6500015258789,58.9300003051758,171709,58.9300003051758
"2006-10-18",59.0999984741211,59.5,57.3499984741211,57.6500015258789,130289,57.6500015258789
"2006-10-19",57.7200012207031,58.9500007629395,57.4500007629395,58.5,104797,58.5
"2006-10-20",58.6100006103516,59.4000015258789,56.5499992370605,56.8199996948242,185243,56.8199996948242
"2006-10-23",59.4300003051758,59.4700012207031,58.1199989318848,58.810001373291,149818,58.810001373291
"2006-10-24",58.8899993896484,59.7000007629395,58.4199981689453,59.3499984741211,132908,59.3499984741211
"2006-10-25",59.5,61.6500015258789,59.2299995422363,61.4000015258789,190639,61.4000015258789
"2006-10-26",61.5800018310547,61.7900009155273,60.0999984741211,60.3600006103516,165972,60.3600006103516
"2006-10-27",60.2999992370605,61,59.8499984741211,60.75,149482,60.75
"2006-10-30",60.75,61.0499992370605,58.2200012207031,58.3600006103516,168398,58.3600006103516
"2006-10-31",58.4099998474121,58.7999992370605,57.0499992370605,58.7299995422363,211035,58.7299995422363
"2006-11-01",58.5999984741211,59.4500007629395,57.7999992370605,58.7099990844727,181844,58.7099990844727
"2006-11-02",58.5999984741211,58.9599990844727,57.5999984741211,57.8800010681152,183137,57.8800010681152
"2006-11-03",57.8600006103516,59.3499984741211,57.7700004577637,59.1399993896484,169658,59.1399993896484
"2006-11-06",59.1500015258789,60.560001373291,58.5,60.0200004577637,193570,60.0200004577637
"2006-11-07",60.1199989318848,60.2000007629395,58.8899993896484,58.9300003051758,237073,58.9300003051758
"2006-11-08",59.1599998474121,60.2999992370605,58.8800010681152,59.8300018310547,242868,59.8300018310547
"2006-11-09",60,61.3300018310547,59.9000015258789,61.1599998474121,230433,61.1599998474121
"2006-11-10",61.0299987792969,61.1699981689453,59.4500007629395,59.5900001525879,195450,59.5900001525879
"2006-11-13",59.5999984741211,59.9199981689453,58.25,58.5800018310547,220010,58.5800018310547
"2006-11-14",58.5999984741211,59.1500015258789,58.1500015258789,58.2799987792969,242605,58.2799987792969
"2006-11-15",58.4500007629395,59.4000015258789,58.2999992370605,58.7599983215332,188951,58.7599983215332
"2006-11-16",58.7700004577637,59.3199996948242,55.9199981689453,56.2599983215332,177342,56.2599983215332
"2006-11-17",56.25,56.4799995422363,54.8600006103516,55.810001373291,165139,55.810001373291
"2006-11-20",58.7299995422363,59.0400009155273,57.9700012207031,58.7999992370605,142502,58.7999992370605
"2006-11-21",58.9599990844727,60.4000015258789,58.6100006103516,60.1699981689453,145381,60.1699981689453
"2006-11-22",60.0499992370605,60.3499984741211,58.3499984741211,59.2400016784668,26255,59.2400016784668
"2006-11-23",NA,NA,NA,NA,NA,NA
"2006-11-24",NA,NA,NA,NA,NA,NA
"2006-11-27",59.8899993896484,60.439998626709,59.2599983215332,60.3199996948242,143843,60.3199996948242
"2006-11-28",60.4000015258789,61.2000007629395,60.2000007629395,60.9900016784668,151496,60.9900016784668
"2006-11-29",60.9900016784668,62.5400009155273,60.9500007629395,62.4599990844727,215398,62.4599990844727
"2006-11-30",62.3199996948242,63.7999992370605,62.2000007629395,63.1300010681152,220010,63.1300010681152
"2006-12-01",62.8499984741211,63.7000007629395,62.2400016784668,63.4300003051758,176603,63.4300003051758
"2006-12-04",63.810001373291,63.8199996948242,61.9000015258789,62.439998626709,162006,62.439998626709
"2006-12-05",62.4199981689453,63.25,61.5299987792969,62.4300003051758,227430,62.4300003051758
"2006-12-06",62.4199981689453,63.0099983215332,61.8400001525879,62.189998626709,221144,62.189998626709
"2006-12-07",62.310001373291,62.7599983215332,61.5499992370605,62.4900016784668,255423,62.4900016784668
"2006-12-08",62.75,63.6500015258789,61.9500007629395,62.0299987792969,217504,62.0299987792969
"2006-12-11",62.2099990844727,62.25,61.0499992370605,61.2200012207031,197111,61.2200012207031
"2006-12-12",61.2999992370605,62.0099983215332,60.6500015258789,61.0200004577637,210421,61.0200004577637
"2006-12-13",60.9700012207031,61.8499984741211,60.7400016784668,61.3699989318848,215432,61.3699989318848
"2006-12-14",61.5200004577637,62.7999992370605,61.4099998474121,62.5099983215332,186372,62.5099983215332
"2006-12-15",62.5200004577637,63.5,62.2799987792969,63.4300003051758,114365,63.4300003051758
"2006-12-18",63.2000007629395,63.5,62.0699996948242,62.2099990844727,139755,62.2099990844727
"2006-12-19",62.189998626709,63.4500007629395,61.6500015258789,63.1500015258789,170757,63.1500015258789
"2006-12-20",63.5,64.1500015258789,63.1800003051758,63.7200012207031,179708,63.7200012207031
"2006-12-21",63.5800018310547,63.5900001525879,62.2999992370605,62.6599998474121,142107,62.6599998474121
"2006-12-22",62.6699981689453,63.0900001525879,62.0999984741211,62.4099998474121,80124,62.4099998474121
"2006-12-25",NA,NA,NA,NA,NA,NA
"2006-12-26",62.439998626709,63.2000007629395,60.5,61.0999984741211,121339,61.0999984741211
"2006-12-27",60.9099998474121,61.3400001525879,60.25,60.3400001525879,108794,60.3400001525879
"2006-12-28",60.4099998474121,60.8499984741211,60.0499992370605,60.5299987792969,111098,60.5299987792969
"2006-12-29",60.5,61.2000007629395,59.9000015258789,61.0499992370605,105641,61.0499992370605
"2007-01-01",NA,NA,NA,NA,NA,NA
"2007-01-02",60.9799995422363,61.5499992370605,60.4099998474121,61.0499992370605,41686,61.0499992370605
"2007-01-03",60.9500007629395,60.9700012207031,57.7200012207031,58.3199996948242,248547,58.3199996948242
"2007-01-04",58.3499984741211,58.5800018310547,55.3899993896484,55.5900001525879,324010,55.5900001525879
"2007-01-05",55.4099998474121,56.4000015258789,54.9000015258789,56.310001373291,250130,56.310001373291
"2007-01-08",56.2400016784668,57.7200012207031,55.0999984741211,56.0900001525879,298727,56.0900001525879
"2007-01-09",56.1199989318848,56.2000007629395,53.8800010681152,55.6399993896484,333330,55.6399993896484
"2007-01-10",55.75,55.810001373291,53.439998626709,54.0200004577637,282508,54.0200004577637
"2007-01-11",53.5900001525879,54.7299995422363,51.7999992370605,51.8800010681152,341657,51.8800010681152
"2007-01-12",52.0699996948242,53.1100006103516,51.560001373291,52.9900016784668,317900,52.9900016784668
"2007-01-15",NA,NA,NA,NA,NA,NA
"2007-01-16",52.939998626709,53.5499992370605,50.5299987792969,51.2099990844727,276095,51.2099990844727
"2007-01-17",51.2000007629395,52.4000015258789,50.2799987792969,52.2400016784668,244372,52.2400016784668
"2007-01-18",52.4000015258789,52.689998626709,49.9000015258789,50.4799995422363,167275,50.4799995422363
"2007-01-19",50.4700012207031,52.0499992370605,50.1199989318848,51.9900016784668,118596,51.9900016784668
"2007-01-22",52.0900001525879,53.439998626709,50.7999992370605,51.1300010681152,268288,51.1300010681152
"2007-01-23",52.6399993896484,55.1500015258789,52.4099998474121,55.0400009155273,243676,55.0400009155273
"2007-01-24",54.9700012207031,55.4500007629395,53.6599998474121,55.3699989318848,250596,55.3699989318848
"2007-01-25",55.3899993896484,55.9000015258789,54.0999984741211,54.2299995422363,214449,54.2299995422363
"2007-01-26",54.3300018310547,55.5800018310547,54.2000007629395,55.4199981689453,167981,55.4199981689453
"2007-01-29",55.6300010681152,55.9599990844727,53.75,54.0099983215332,209141,54.0099983215332
"2007-01-30",53.8699989318848,57.0499992370605,53.8199996948242,56.9700012207031,279880,56.9700012207031
"2007-01-31",56.9000015258789,58.25,55.75,58.1399993896484,315015,58.1399993896484
"2007-02-01",57.8899993896484,58.8600006103516,57.0999984741211,57.2999992370605,282637,57.2999992370605
"2007-02-02",57.3899993896484,59.25,57.0499992370605,59.0200004577637,213512,59.0200004577637
"2007-02-05",59.25,59.9500007629395,58.4599990844727,58.7400016784668,251449,58.7400016784668
"2007-02-06",58.9000015258789,59.9900016784668,58.5,58.8800010681152,276430,58.8800010681152
"2007-02-07",59.1199989318848,59.8499984741211,57.25,57.7099990844727,335594,57.7099990844727
"2007-02-08",57.7299995422363,59.8699989318848,57.2999992370605,59.7099990844727,301777,59.7099990844727
"2007-02-09",59.7799987792969,60.7999992370605,59.2999992370605,59.8899993896484,316792,59.8899993896484
"2007-02-12",59.6800003051758,59.7599983215332,57.3800010681152,57.810001373291,277173,57.810001373291
"2007-02-13",57.6100006103516,59.5999984741211,57.2400016784668,59.060001373291,266256,59.060001373291
"2007-02-14",59.0299987792969,59.2599983215332,57.5,58,254613,58
"2007-02-15",58.0299987792969,58.5099983215332,56.6199989318848,57.9900016784668,213963,57.9900016784668
"2007-02-16",58.0400009155273,59.4500007629395,57.5900001525879,59.3899993896484,213963,59.3899993896484
"2007-02-20",58.8699989318848,59.25,57.3199996948242,58.0699996948242,236649,58.0699996948242
"2007-02-21",58.8899993896484,60.6300010681152,58.0699996948242,60.0699996948242,243533,60.0699996948242
"2007-02-22",60.1300010681152,61.25,59.6100006103516,60.9500007629395,259092,60.9500007629395
"2007-02-23",60.7200012207031,61.7999992370605,60.5,61.1399993896484,261829,61.1399993896484
"2007-02-26",60.8800010681152,61.75,60.4500007629395,61.3899993896484,203506,61.3899993896484
"2007-02-27",61.4599990844727,62.25,60.060001373291,61.4599990844727,291700,61.4599990844727
"2007-02-28",60.2799987792969,62.0999984741211,59.9199981689453,61.7900009155273,270667,61.7900009155273
"2007-03-01",61.8199996948242,62.4900016784668,60.7999992370605,62,242342,62
"2007-03-02",61.8400001525879,62.4000015258789,61.1599998474121,61.6399993896484,178215,61.6399993896484
"2007-03-05",61.2999992370605,61.2999992370605,59.5499992370605,60.0699996948242,230675,60.0699996948242
"2007-03-06",59.8899993896484,60.7999992370605,59.6500015258789,60.689998626709,223855,60.689998626709
"2007-03-07",60.7900009155273,62.0999984741211,60.6399993896484,61.8199996948242,253462,61.8199996948242
"2007-03-08",61.7400016784668,62.2999992370605,61.2000007629395,61.6399993896484,239556,61.6399993896484
"2007-03-09",61.7099990844727,61.8300018310547,59.8699989318848,60.0499992370605,248690,60.0499992370605
"2007-03-12",59.9599990844727,59.9599990844727,58.5999984741211,58.9099998474121,256103,58.9099998474121
"2007-03-13",59.0099983215332,59.9500007629395,57.75,57.9300003051758,291848,57.9300003051758
"2007-03-14",58.1699981689453,58.439998626709,57.2999992370605,58.1599998474121,226839,58.1599998474121
"2007-03-15",58.2000007629395,58.6399993896484,57.4000015258789,57.5499992370605,197137,57.5499992370605
"2007-03-16",57.5299987792969,58.2900009155273,56.1699981689453,57.1100006103516,149055,57.1100006103516
"2007-03-19",57.1100006103516,57.5999984741211,56.2999992370605,56.5900001525879,114242,56.5900001525879
"2007-03-20",56.6699981689453,57.5800018310547,56.0999984741211,56.7299995422363,234310,56.7299995422363
"2007-03-21",59.6500015258789,60.1300010681152,59.2099990844727,59.6100006103516,199403,59.6100006103516
"2007-03-22",60.0200004577637,62.0499992370605,59.9500007629395,61.689998626709,236870,61.689998626709
"2007-03-23",61.9700012207031,62.6500015258789,61.25,62.2799987792969,210693,62.2799987792969
"2007-03-26",62.3400001525879,63.2999992370605,62.3400001525879,62.9099998474121,229559,62.9099998474121
"2007-03-27",62.8300018310547,68.0899963378906,62.2400016784668,62.9300003051758,191030,62.9300003051758
"2007-03-28",64.4000015258789,64.9599990844727,63.3600006103516,64.0800018310547,245554,64.0800018310547
"2007-03-29",64.0299987792969,66.5,63.5,66.0299987792969,301254,66.0299987792969
"2007-03-30",66.0500030517578,66.7799987792969,65.5100021362305,65.870002746582,247788,65.870002746582
"2007-04-02",65.6999969482422,66.6900024414062,65.0800018310547,65.9400024414062,208921,65.9400024414062
"2007-04-03",65.8000030517578,65.9400024414062,63.9599990844727,64.6399993896484,200459,64.6399993896484
"2007-04-04",64.5199966430664,65.0899963378906,63.560001373291,64.379997253418,254552,64.379997253418
"2007-04-05",64.3899993896484,64.9400024414062,63.5999984741211,64.2799987792969,203939,64.2799987792969
"2007-04-09",63.8499984741211,64.3600006103516,61.3499984741211,61.5099983215332,274016,61.5099983215332
"2007-04-10",61.7200012207031,62.2799987792969,61.3499984741211,61.8899993896484,241522,61.8899993896484
"2007-04-11",61.810001373291,62.560001373291,61.5299987792969,62.0099983215332,248043,62.0099983215332
"2007-04-12",61.9199981689453,63.9599990844727,61.8600006103516,63.8499984741211,269305,63.8499984741211
"2007-04-13",63.9000015258789,64.5800018310547,63.3800010681152,63.6300010681152,229094,63.6300010681152
"2007-04-16",63.4099998474121,64.2099990844727,62.5,63.6100006103516,231803,63.6100006103516
"2007-04-17",63.5999984741211,64.6399993896484,63.0499992370605,63.0999984741211,217730,63.0999984741211
"2007-04-18",63.25,63.4099998474121,62.4000015258789,63.1300010681152,118227,63.1300010681152
"2007-04-19",62.9900016784668,63.2700004577637,61.3400001525879,61.8300018310547,84607,61.8300018310547
"2007-04-20",61.7900009155273,63.5999984741211,61.7700004577637,63.3800010681152,170314,63.3800010681152
"2007-04-23",64.1100006103516,65.9599990844727,63.7000007629395,65.8899993896484,190337,65.8899993896484
"2007-04-24",65.75,66.3000030517578,64.0999984741211,64.5800018310547,253742,64.5800018310547
"2007-04-25",64.6100006103516,65.9199981689453,64.5199966430664,65.8399963378906,199322,65.8399963378906
"2007-04-26",65.6800003051758,66.4000015258789,64.8199996948242,65.0599975585938,213017,65.0599975585938
"2007-04-27",65.3000030517578,66.6999969482422,64.5800018310547,66.4599990844727,218282,66.4599990844727
"2007-04-30",66.3600006103516,66.6500015258789,65.5299987792969,65.7099990844727,225414,65.7099990844727
"2007-05-01",65.6600036621094,66.1500015258789,64.1500015258789,64.4000015258789,263825,64.4000015258789
"2007-05-02",64.4300003051758,64.6699981689453,63.0499992370605,63.6800003051758,239556,63.6800003051758
"2007-05-03",63.4799995422363,64.0899963378906,62.7400016784668,63.189998626709,213561,63.189998626709
"2007-05-04",63.25,63.439998626709,61.560001373291,61.9300003051758,232525,61.9300003051758
"2007-05-07",61.7099990844727,62.060001373291,60.8499984741211,61.4700012207031,248499,61.4700012207031
"2007-05-08",61.6399993896484,62.5800018310547,61.2099990844727,62.2599983215332,277666,62.2599983215332
"2007-05-09",62.1800003051758,62.4799995422363,60.6800003051758,61.5499992370605,275338,61.5499992370605
"2007-05-10",61.5699996948242,62.5,61.3800010681152,61.810001373291,256968,61.810001373291
"2007-05-11",61.8899993896484,62.560001373291,61.6800003051758,62.3699989318848,216920,62.3699989318848
"2007-05-14",62.4300003051758,63.0699996948242,62.1399993896484,62.4599990844727,200433,62.4599990844727
"2007-05-15",62.5400009155273,63.2999992370605,62.0699996948242,63.1699981689453,185334,63.1699981689453
"2007-05-16",63.1500015258789,63.2999992370605,61.9000015258789,62.5499992370605,216160,62.5499992370605
"2007-05-17",62.6199989318848,65.0899963378906,62.4799995422363,64.8600006103516,267955,64.8600006103516
"2007-05-18",64.9199981689453,65.6399993896484,64.5699996948242,64.9400024414062,173061,64.9400024414062
"2007-05-21",64.9499969482422,66.379997253418,64.4499969482422,66.2699966430664,114928,66.2699966430664
"2007-05-22",66.2699966430664,66.3499984741211,64.8000030517578,64.9700012207031,201705,64.9700012207031
"2007-05-23",65.6100006103516,66.1999969482422,65.0500030517578,65.7699966430664,230829,65.7699966430664
"2007-05-24",65.7200012207031,66.1500015258789,63.8199996948242,64.1800003051758,212993,64.1800003051758
"2007-05-25",64.4800033569336,65.3000030517578,64.2099990844727,65.1999969482422,144492,65.1999969482422
"2007-05-29",64.9800033569336,65.2399978637695,62.5400009155273,63.1500015258789,221016,63.1500015258789
"2007-05-30",63.2599983215332,63.8699989318848,62.8800010681152,63.4900016784668,215024,63.4900016784668
"2007-05-31",63.310001373291,64.2699966430664,62.4300003051758,64.0100021362305,275955,64.0100021362305
"2007-06-01",64.2300033569336,65.25,63.7999992370605,65.0800018310547,225803,65.0800018310547
"2007-06-04",64.870002746582,66.4800033569336,64.5299987792969,66.2099990844727,228630,66.2099990844727
"2007-06-05",66.0500030517578,66.1999969482422,65.2300033569336,65.6100006103516,200804,65.6100006103516
"2007-06-06",65.6699981689453,66.3099975585938,65.2099990844727,65.9599990844727,222155,65.9599990844727
"2007-06-07",65.9000015258789,67.4199981689453,65.8199996948242,66.9300003051758,275768,66.9300003051758
"2007-06-08",66.6999969482422,66.8300018310547,64.5599975585938,64.7600021362305,284370,64.7600021362305
"2007-06-11",64.6999969482422,66.0699996948242,64.5199966430664,65.9700012207031,234653,65.9700012207031
"2007-06-12",65.879997253418,66.0800018310547,64.870002746582,65.3499984741211,187698,65.3499984741211
"2007-06-13",65.2200012207031,66.4800033569336,64.9000015258789,66.2600021362305,231771,66.2600021362305
"2007-06-14",66.0299987792969,67.8899993896484,65.9499969482422,67.6500015258789,228281,67.6500015258789
"2007-06-15",67.6900024414062,68.3000030517578,67.2399978637695,68,194410,68
"2007-06-18",68.129997253418,69.1500015258789,67.4000015258789,69.0899963378906,145142,69.0899963378906
"2007-06-19",69.0100021362305,69.5599975585938,68.4000015258789,69.0999984741211,127212,69.0999984741211
"2007-06-20",69.0199966430664,69.1699981689453,67.2900009155273,68.1900024414062,257224,68.1900024414062
"2007-06-21",68.6999969482422,69.879997253418,68.2799987792969,68.6500015258789,228408,68.6500015258789
"2007-06-22",68.6600036621094,69.5,68.1699981689453,69.1399993896484,191213,69.1399993896484
"2007-06-25",68.8499984741211,69.4499969482422,67.5500030517578,69.1800003051758,240247,69.1800003051758
"2007-06-26",69.0199966430664,69.1900024414062,67.5999984741211,67.7699966430664,199705,67.7699966430664
"2007-06-27",67.8300018310547,69.3600006103516,67.0699996948242,68.9700012207031,259461,68.9700012207031
"2007-06-28",69,70.5199966430664,68.9199981689453,69.5699996948242,261461,69.5699996948242
"2007-06-29",70.0999984741211,71.0599975585938,69.4599990844727,70.6800003051758,200610,70.6800003051758
"2007-07-02",70.5199966430664,71.3399963378906,69.5699996948242,71.0899963378906,217108,71.0899963378906
"2007-07-03",71.2799987792969,71.4899978637695,70.6999969482422,71.4100036621094,217108,71.4100036621094
"2007-07-05",71.25,72.3499984741211,70.8000030517578,71.8099975585938,226307,71.8099975585938
"2007-07-06",71.8000030517578,72.9400024414062,71.5599975585938,72.8099975585938,219298,72.8099975585938
"2007-07-09",72.75,73,71.8099975585938,72.1900024414062,227743,72.1900024414062
"2007-07-10",72.0500030517578,73.0800018310547,71.5999984741211,72.8099975585938,214253,72.8099975585938
"2007-07-11",72.6100006103516,73.0299987792969,72.0800018310547,72.5599975585938,207520,72.5599975585938
"2007-07-12",72.4499969482422,73.8000030517578,71.9199981689453,72.5,250479,72.5
"2007-07-13",72.7200012207031,74.0100021362305,72.2600021362305,73.9300003051758,243393,73.9300003051758
"2007-07-16",74.0100021362305,74.5,73.629997253418,74.1500015258789,203487,74.1500015258789
"2007-07-17",74.2799987792969,75.3499984741211,73.5,74.0199966430664,262637,74.0199966430664
"2007-07-18",74.2099990844727,75.2799987792969,73.9000015258789,75.0500030517578,172324,75.0500030517578
"2007-07-19",75.0699996948242,76,74.629997253418,75.9199981689453,126815,75.9199981689453
"2007-07-20",75.9599990844727,76.129997253418,75.1600036621094,75.5699996948242,173789,75.5699996948242
"2007-07-23",75.6900024414062,75.6900024414062,74.4400024414062,74.8899993896484,166780,74.8899993896484
"2007-07-24",74.8899993896484,74.9300003051758,72.9100036621094,73.5599975585938,243495,73.5599975585938
"2007-07-25",73.3499984741211,76.379997253418,73.0999984741211,75.879997253418,216078,75.879997253418
"2007-07-26",76.3099975585938,77.2399978637695,74.5999984741211,74.9499969482422,269575,74.9499969482422
"2007-07-27",75.0500030517578,77.120002746582,74.6999969482422,77.0199966430664,216573,77.0199966430664
"2007-07-30",76.9499969482422,77.3300018310547,76.0500030517578,76.8300018310547,189456,76.8300018310547
"2007-07-31",76.6999969482422,78.2799987792969,76.5999984741211,78.2099990844727,196464,78.2099990844727
"2007-08-01",77.9400024414062,78.7699966430664,76.0899963378906,76.5299987792969,306683,76.5299987792969
"2007-08-02",76.7399978637695,77.4400024414062,75.5199966430664,76.8600006103516,214006,76.8600006103516
"2007-08-03",76.8899993896484,77.3600006103516,75.0400009155273,75.4800033569336,233021,75.4800033569336
"2007-08-06",75.0400009155273,75.0999984741211,71.5999984741211,72.0599975585938,292987,72.0599975585938
"2007-08-07",72.0599975585938,72.620002746582,71.1399993896484,72.4199981689453,284128,72.4199981689453
"2007-08-08",72.379997253418,73.1999969482422,71.8499984741211,72.1500015258789,263747,72.1500015258789
"2007-08-09",72.2699966430664,72.4000015258789,70.5,71.5899963378906,269865,71.5899963378906
"2007-08-10",71.5899963378906,71.6900024414062,70.0999984741211,71.4700012207031,226674,71.4700012207031
"2007-08-13",71.4700012207031,73.1900024414062,71.120002746582,71.620002746582,245898,71.620002746582
"2007-08-14",71.5500030517578,72.7699966430664,71.3600006103516,72.379997253418,231544,72.379997253418
"2007-08-15",72.6900024414062,74.2300033569336,72.3199996948242,73.3300018310547,280131,73.3300018310547
"2007-08-16",73.1399993896484,73.1399993896484,70.0999984741211,71,293836,71
"2007-08-17",71.6699981689453,72.5400009155273,71,71.9800033569336,170218,71.9800033569336
"2007-08-20",71.7699966430664,71.7699966430664,70.0500030517578,71.120002746582,138081,71.120002746582
"2007-08-21",70.9000015258789,71.5,68.7600021362305,69.4700012207031,248510,69.4700012207031
"2007-08-22",69.6399993896484,70.3000030517578,68.629997253418,69.2600021362305,207894,69.2600021362305
"2007-08-23",69.3499984741211,70.0800018310547,69.0299987792969,69.8300018310547,170980,69.8300018310547
"2007-08-24",70.0199966430664,71.3499984741211,69.5199966430664,71.0899963378906,164270,71.0899963378906
"2007-08-27",71.0400009155273,72.1399993896484,70.1999969482422,71.9700012207031,186005,71.9700012207031
"2007-08-28",72.120002746582,72.25,71.1999969482422,71.7300033569336,181538,71.7300033569336
"2007-08-29",71.5800018310547,73.6399993896484,71.4100036621094,73.5100021362305,213070,73.5100021362305
"2007-08-30",73.5,73.9599990844727,72.75,73.3600006103516,180828,73.3600006103516
"2007-08-31",73.5999984741211,74.4400024414062,73.4000015258789,74.0400009155273,180828,74.0400009155273
"2007-09-04",73.9000015258789,75.25,73.4800033569336,75.0800018310547,221913,75.0800018310547
"2007-09-05",75.120002746582,75.9199981689453,74.75,75.7300033569336,226377,75.7300033569336
"2007-09-06",75.879997253418,77.4300003051758,75.3300018310547,76.3000030517578,330624,76.3000030517578
"2007-09-07",76.1500015258789,77,75.629997253418,76.6999969482422,222964,76.6999969482422
"2007-09-10",76.4599990844727,78.4700012207031,75.5199966430664,77.4899978637695,296680,77.4899978637695
"2007-09-11",77.7900009155273,78.370002746582,76.9199981689453,78.2300033569336,291803,78.2300033569336
"2007-09-12",78.1600036621094,80.1800003051758,78.0100021362305,79.9100036621094,302927,79.9100036621094
"2007-09-13",79.6500015258789,80.1999969482422,79.1900024414062,80.0899963378906,237513,80.0899963378906
"2007-09-14",79.9199981689453,80.3600006103516,78.75,79.0999984741211,257062,79.0999984741211
"2007-09-17",79.0299987792969,80.9199981689453,78.25,80.5699996948242,270760,80.5699996948242
"2007-09-18",80.8600006103516,82.379997253418,80.2300033569336,81.5100021362305,237631,81.5100021362305
"2007-09-19",82.1699981689453,82.5100021362305,80.870002746582,81.9300003051758,203173,81.9300003051758
"2007-09-20",81.7300033569336,83.9000015258789,81.6100006103516,83.3199996948242,232184,83.3199996948242
"2007-09-21",81.7799987792969,82.4000015258789,80.5500030517578,81.620002746582,225621,81.620002746582
"2007-09-24",81.3600006103516,81.5999984741211,80.370002746582,80.9499969482422,200779,80.9499969482422
"2007-09-25",80.6100006103516,80.620002746582,78.9599990844727,79.5299987792969,249620,79.5299987792969
"2007-09-26",79.3199996948242,80.8199996948242,78.4400024414062,80.3000030517578,342097,80.3000030517578
"2007-09-27",80.629997253418,83.0899963378906,80.5,82.879997253418,292697,82.879997253418
"2007-09-28",83.25,83.7600021362305,81.3899993896484,81.6600036621094,294397,81.6600036621094
"2007-10-01",81.75,82.0199966430664,79.4499969482422,80.2399978637695,269038,80.2399978637695
"2007-10-02",80.2200012207031,80.4300003051758,78.870002746582,80.0500030517578,219221,80.0500030517578
"2007-10-03",80.2300033569336,80.879997253418,79.5699996948242,79.9400024414062,227305,79.9400024414062
"2007-10-04",79.6800003051758,81.75,78.9100036621094,81.4400024414062,252123,81.4400024414062
"2007-10-05",81.4000015258789,81.6800003051758,80.5100021362305,81.2200012207031,230873,81.2200012207031
"2007-10-08",81.1100006103516,81.1100006103516,78.3499984741211,79.0199966430664,253108,79.0199966430664
"2007-10-09",79.2600021362305,81.0999984741211,78.3899993896484,80.2600021362305,324878,80.2600021362305
"2007-10-10",80.2200012207031,81.3499984741211,79.7200012207031,81.3000030517578,264143,81.3000030517578
"2007-10-11",81.3199996948242,83.6699981689453,81.25,83.0800018310547,289289,83.0800018310547
"2007-10-12",82.870002746582,84.0500030517578,82.6900024414062,83.6900024414062,205946,83.6900024414062
"2007-10-15",83.9100036621094,86.7099990844727,83.5,86.129997253418,238654,86.129997253418
"2007-10-16",86.5,88.1999969482422,86.129997253418,87.6100006103516,340705,87.6100006103516
"2007-10-17",87.5,89,86.9100036621094,87.4000015258789,323886,87.4000015258789
"2007-10-18",87.0999984741211,89.7799987792969,87.0999984741211,89.4700012207031,195959,89.4700012207031
"2007-10-19",89.7399978637695,90.0699996948242,87.8600006103516,88.5999984741211,176593,88.5999984741211
"2007-10-22",88.8600006103516,88.8600006103516,86.1699981689453,87.5599975585938,310584,87.5599975585938
"2007-10-23",85.7699966430664,86.7900009155273,84.8199996948242,85.2699966430664,262304,85.2699966430664
"2007-10-24",85.1699981689453,87.7900009155273,84.6800003051758,87.0999984741211,296425,87.0999984741211
"2007-10-25",87.629997253418,90.5199966430664,87.5400009155273,90.4599990844727,282486,90.4599990844727
"2007-10-26",90.3600006103516,92.2200012207031,90.1999969482422,91.8600006103516,318748,91.8600006103516
"2007-10-29",91.7200012207031,93.8000030517578,91.5199966430664,93.5299987792969,279080,93.5299987792969
"2007-10-30",93.6699981689453,93.6800003051758,89.5299987792969,90.379997253418,300422,90.379997253418
"2007-10-31",89.7200012207031,95.2799987792969,88.9199981689453,94.5299987792969,402154,94.5299987792969
"2007-11-01",95.1500015258789,96.2399978637695,92.0599975585938,93.4899978637695,349181,93.4899978637695
"2007-11-02",93.6500015258789,96.0299987792969,93.0500030517578,95.9300003051758,254477,95.9300003051758
"2007-11-05",95.9199981689453,96.120002746582,93.7200012207031,93.9800033569336,279964,93.9800033569336
"2007-11-06",94.4599990844727,97.0999984741211,94.4100036621094,96.6999969482422,302215,96.6999969482422
"2007-11-07",96.8300018310547,98.6399993896484,94.620002746582,96.370002746582,448361,96.370002746582
"2007-11-08",95.8399963378906,97.6999969482422,94.9300003051758,95.4599990844727,347189,95.4599990844727
"2007-11-09",95.9100036621094,96.6800003051758,94.5400009155273,96.3199996948242,329488,96.3199996948242
"2007-11-12",96.0100021362305,96.3499984741211,93.5400009155273,94.620002746582,317037,94.620002746582
"2007-11-13",93.5899963378906,94.6999969482422,90.129997253418,91.1699981689453,502947,91.1699981689453
"2007-11-14",91.3499984741211,94.370002746582,91.2099990844727,94.0899963378906,280743,94.0899963378906
"2007-11-15",93.9499969482422,94.6399993896484,91.8600006103516,93.4300003051758,226712,93.4300003051758
"2007-11-16",93.6999969482422,95.7300033569336,93.1999969482422,95.0999984741211,252035,95.0999984741211
"2007-11-19",93.879997253418,95.1500015258789,93.1600036621094,94.6399993896484,240219,94.6399993896484
"2007-11-20",94.879997253418,98.620002746582,93.9899978637695,98.0299987792969,286533,98.0299987792969
"2007-11-21",98.0899963378906,99.2900009155273,96.3099975585938,97.2900009155273,286533,97.2900009155273
"2007-11-23",97.3600006103516,98.4700012207031,96.1600036621094,98.1800003051758,82085,98.1800003051758
"2007-11-26",98.2799987792969,99.120002746582,96.5,97.6999969482422,231374,97.6999969482422
"2007-11-27",96.879997253418,97.2799987792969,94.2099990844727,94.4199981689453,266497,94.4199981689453
"2007-11-28",94.5599975585938,95.2200012207031,90.3300018310547,90.620002746582,353776,90.620002746582
"2007-11-29",91.3600006103516,95.1800003051758,90.4300003051758,91.0100021362305,409509,91.0100021362305
"2007-11-30",91.1900024414062,91.5199966430664,88.4499969482422,88.7099990844727,298158,88.7099990844727
"2007-12-03",88.7900009155273,89.9899978637695,87.1399993896484,89.3099975585938,308010,89.3099975585938
"2007-12-04",89.6800003051758,89.9899978637695,87.3399963378906,88.3199996948242,281146,88.3199996948242
"2007-12-05",88.2300033569336,90.3899993896484,86.8199996948242,87.4899978637695,295118,87.4899978637695
"2007-12-06",87.2699966430664,90.7300033569336,85.8199996948242,90.2300033569336,279601,90.2300033569336
"2007-12-07",90.5299987792969,90.6800003051758,87.0699996948242,88.2799987792969,288371,88.2799987792969
"2007-12-10",88.2699966430664,89.8000030517578,87.0899963378906,87.8600006103516,288602,87.8600006103516
"2007-12-11",88.2200012207031,90.5500030517578,87.9199981689453,90.0199966430664,260035,90.0199966430664
"2007-12-12",89.4599990844727,94.8499984741211,89.2600021362305,94.3899993896484,358039,94.3899993896484
"2007-12-13",94.2099990844727,94.8499984741211,91.8600006103516,92.25,339594,92.25
"2007-12-14",92.5699996948242,93.379997253418,90.5999984741211,91.2699966430664,234006,91.2699966430664
"2007-12-17",91.4300003051758,91.9499969482422,89.4899978637695,90.629997253418,161950,90.629997253418
"2007-12-18",90.9700012207031,92.879997253418,88.879997253418,90.4899978637695,262878,90.4899978637695
"2007-12-19",90.3499984741211,92.3399963378906,89.6999969482422,91.2399978637695,207862,91.2399978637695
"2007-12-20",91.3899993896484,92.25,90.5699996948242,91.0599975585938,165409,91.0599975585938
"2007-12-21",91.0400009155273,93.8399963378906,90.8300018310547,93.3099975585938,189546,93.3099975585938
"2007-12-24",93.5800018310547,94.2300033569336,92.5,94.129997253418,55642,94.129997253418
"2007-12-26",93.9899978637695,96.5400009155273,93.9899978637695,95.9700012207031,119876,95.9700012207031
"2007-12-27",95.8099975585938,97.7900009155273,95.2200012207031,96.620002746582,148819,96.620002746582
"2007-12-28",96.8399963378906,97.9199981689453,95.870002746582,96,143679,96
"2007-12-31",96.120002746582,96.7799987792969,94.7300033569336,95.9800033569336,108597,95.9800033569336
"2008-01-02",96.0500030517578,100,96.0500030517578,99.620002746582,227099,99.620002746582
"2008-01-03",99.2300033569336,100.089996337891,98.4499969482422,99.1800003051758,241269,99.1800003051758
"2008-01-04",99.1699981689453,99.4100036621094,97.0999984741211,97.9100036621094,231790,97.9100036621094
"2008-01-07",97.7900009155273,98.4000015258789,94.4700012207031,95.0899963378906,258890,95.0899963378906
"2008-01-08",95.3499984741211,97.5400009155273,95.2600021362305,96.3300018310547,287519,96.3300018310547
"2008-01-09",96.2399978637695,97.9700012207031,95.4199981689453,95.6699981689453,346504,95.6699981689453
"2008-01-10",95.7900009155273,96.2399978637695,93.2600021362305,93.7099990844727,315910,93.7099990844727
"2008-01-11",93.5500030517578,94.6500015258789,92.3099975585938,92.6900024414062,293791,92.6900024414062
"2008-01-14",92.9199981689453,94.4300003051758,92.4100036621094,94.1999969482422,257790,94.1999969482422
"2008-01-15",94.2399978637695,94.379997253418,90.9800033569336,91.9000015258789,316087,91.9000015258789
"2008-01-16",91.6800003051758,91.9000015258789,89.2600021362305,90.8399963378906,353599,90.8399963378906
"2008-01-17",91,92.1900024414062,89.5699996948242,90.129997253418,209723,90.129997253418
"2008-01-18",89.9000015258789,91.3199996948242,89.6100006103516,90.5699996948242,164876,90.5699996948242
"2008-01-22",87.4499969482422,91,86.1100006103516,89.8499984741211,347366,89.8499984741211
"2008-01-23",89.1500015258789,89.4400024414062,86.6500015258789,86.9899978637695,261820,86.9899978637695
"2008-01-24",87.7200012207031,89.75,87.0100021362305,89.4100036621094,286687,89.4100036621094
"2008-01-25",89.5500030517578,91.379997253418,89.5100021362305,90.7099990844727,306715,90.7099990844727
"2008-01-28",90.620002746582,91.3600006103516,88.7799987792969,90.9899978637695,261940,90.9899978637695
"2008-01-29",91.0500030517578,92.4199981689453,90.3300018310547,91.6399993896484,216738,91.6399993896484
"2008-01-30",92.370002746582,92.7099990844727,91.2399978637695,92.3300018310547,241095,92.3300018310547
"2008-01-31",91.7699966430664,92.3000030517578,89.5800018310547,91.75,316987,91.75
"2008-02-01",91.3600006103516,92.120002746582,88.4599990844727,88.9599990844727,287490,88.9599990844727
"2008-02-04",88.6600036621094,90.8300018310547,88.0699996948242,90.0199966430664,229467,90.0199966430664
"2008-02-05",89.9800033569336,90,87.5299987792969,88.4100036621094,259716,88.4100036621094
"2008-02-06",88.2699966430664,88.9400024414062,86.6600036621094,87.1399993896484,301813,87.1399993896484
"2008-02-07",87.0599975585938,88.4000015258789,86.2399978637695,88.1100006103516,281570,88.1100006103516
"2008-02-08",88.2900009155273,91.9800033569336,88,91.7699966430664,339273,91.7699966430664
"2008-02-11",91.7600021362305,94.7200012207031,90.9199981689453,93.5899963378906,320857,93.5899963378906
"2008-02-12",93.6100006103516,94.1500015258789,92.0599975585938,92.7799987792969,294314,92.7799987792969
"2008-02-13",92.5,93.8899993896484,91.9100036621094,93.2699966430664,270308,93.2699966430664
"2008-02-14",93.2900009155273,95.5899963378906,93.25,95.4599990844727,271470,95.4599990844727
"2008-02-15",95.2200012207031,96.6699981689453,94.6600036621094,95.5,215228,95.5
"2008-02-19",95.370002746582,100.059997558594,95.2300033569336,100.01000213623,194051,100.01000213623
"2008-02-20",99.9800033569336,101.319999694824,98.4000015258789,100.73999786377,275362,100.73999786377
"2008-02-21",100.01000213623,100.330001831055,96.870002746582,98.2300033569336,312097,98.2300033569336
"2008-02-22",97.5,99.370002746582,97.1600036621094,98.8099975585938,245946,98.8099975585938
"2008-02-25",98.9899978637695,99.6999969482422,97.75,99.2300033569336,206041,99.2300033569336
"2008-02-26",99.3499984741211,101.430000305176,98.4599990844727,100.879997253418,265974,100.879997253418
"2008-02-27",101.199996948242,102.080001831055,99.4300003051758,99.6399993896484,267762,99.6399993896484
"2008-02-28",99.629997253418,102.970001220703,98.9100036621094,102.589996337891,287914,102.589996337891
"2008-02-29",102.550003051758,103.050003051758,101.360000610352,101.839996337891,225732,101.839996337891
"2008-03-03",101.629997253418,103.949996948242,100.769996643066,102.449996948242,281850,102.449996948242
"2008-03-04",102.349998474121,103.330001831055,98.870002746582,99.5199966430664,366724,99.5199966430664
"2008-03-05",99.879997253418,104.949996948242,99.5500030517578,104.519996643066,414308,104.519996643066
"2008-03-06",104.639999389648,105.970001220703,102.849998474121,105.470001220703,337767,105.470001220703
"2008-03-07",105.580001831055,106.540000915527,103.910003662109,105.150001525879,321205,105.150001525879
"2008-03-10",105.25,108.209999084473,104.080001831055,107.900001525879,340551,107.900001525879
"2008-03-11",107.910003662109,109.720001220703,106.610000610352,108.75,349815,108.75
"2008-03-12",108.650001525879,110.199996948242,107.089996337891,109.919998168945,342575,109.919998168945
"2008-03-13",110.059997558594,110.980003356934,108.76000213623,110.330001831055,327857,110.330001831055
"2008-03-14",110.23999786377,110.919998168945,108.839996337891,110.209999084473,293217,110.209999084473
"2008-03-17",110.099998474121,111.800003051758,103.230003356934,105.680000305176,336081,105.680000305176
"2008-03-18",106.150001525879,109.800003051758,105.680000305176,109.419998168945,187052,109.419998168945
"2008-03-19",108.800003051758,108.980003356934,102.949996948242,104.480003356934,386956,104.480003356934
"2008-03-20",102.099998474121,102.690002441406,98.6500015258789,101.839996337891,332794,101.839996337891
"2008-03-24",101.699996948242,102.419998168945,99.9499969482422,100.860000610352,190177,100.860000610352
"2008-03-25",100.430000305176,101.860000610352,99.129997253418,101.220001220703,303743,101.220001220703
"2008-03-26",101.550003051758,106.360000610352,101.430000305176,105.900001525879,330867,105.900001525879
"2008-03-27",106,108.220001220703,105.029998779297,107.580001831055,311980,107.580001831055
"2008-03-28",107.190002441406,107.629997253418,104.709999084473,105.620002746582,261687,105.620002746582
"2008-03-31",105.120002746582,106.779998779297,100.25,101.580001831055,332269,101.580001831055
"2008-04-01",101.569999694824,102.550003051758,99.5500030517578,100.980003356934,299407,100.980003356934
"2008-04-02",100.830001831055,105.099998474121,99.8399963378906,104.830001831055,295756,104.830001831055
"2008-04-03",104.529998779297,106.440002441406,103.209999084473,103.830001831055,322592,103.830001831055
"2008-04-04",104.26000213623,106.379997253418,104.029998779297,106.230003356934,231012,106.230003356934
"2008-04-07",106.120002746582,109.480003356934,105.860000610352,109.089996337891,278967,109.089996337891
"2008-04-08",108.879997253418,109.639999389648,107.639999389648,108.5,307800,108.5
"2008-04-09",108.75,112.209999084473,107.949996948242,110.870002746582,326218,110.870002746582
"2008-04-10",110.699996948242,112.199996948242,108.75,110.110000610352,312662,110.110000610352
"2008-04-11",110.059997558594,110.819999694824,108.919998168945,110.139999389648,240810,110.139999389648
"2008-04-14",110,111.98999786377,109.559997558594,111.76000213623,199908,111.76000213623
"2008-04-15",111.800003051758,114.080001831055,111.800003051758,113.790000915527,222349,113.790000915527
"2008-04-16",113.849998474121,115.139999389648,112.190002441406,114.930000305176,297359,114.930000305176
"2008-04-17",115,115.540000915527,114.139999389648,114.860000610352,227415,114.860000610352
"2008-04-18",113.449996948242,116.970001220703,112.720001220703,116.690002441406,206377,116.690002441406
"2008-04-21",116.930000305176,117.830001831055,115.680000305176,117.480003356934,134017,117.480003356934
"2008-04-22",117.5,119.900001525879,117.349998474121,119.370002746582,281258,119.370002746582
"2008-04-23",118.330001831055,118.559997558594,116.449996948242,118.300003051758,243832,118.300003051758
"2008-04-24",117.930000305176,118.300003051758,114.25,116.059997558594,319982,116.059997558594
"2008-04-25",115.949996948242,119.550003051758,114.51000213623,118.519996643066,288727,118.519996643066
"2008-04-28",118.949996948242,119.930000305176,118.160003662109,118.75,201651,118.75
"2008-04-29",118.839996337891,118.839996337891,114.970001220703,115.629997253418,303543,115.629997253418
"2008-04-30",115.360000610352,116.699996948242,113.300003051758,113.459999084473,313044,113.459999084473
"2008-05-01",114.599998474121,115.230003356934,110.300003051758,112.519996643066,291258,112.519996643066
"2008-05-02",112.25,116.800003051758,111.779998779297,116.319999694824,287460,116.319999694824
"2008-05-05",116.5,120.360000610352,116.050003051758,119.970001220703,265273,119.970001220703
"2008-05-06",119.900001525879,122.730003356934,119.330001831055,121.839996337891,331913,121.839996337891
"2008-05-07",121.76000213623,123.930000305176,120.540000915527,123.529998779297,366207,123.529998779297
"2008-05-08",123.809997558594,124.610000610352,121.580001831055,123.690002441406,387993,123.690002441406
"2008-05-09",125.309997558594,126.269996643066,124.080001831055,125.959999084473,338771,125.959999084473
"2008-05-12",125.839996337891,126.400001525879,123.699996948242,124.230003356934,347942,124.230003356934
"2008-05-13",123.76000213623,126.980003356934,123.099998474121,125.800003051758,375770,125.800003051758
"2008-05-14",125.970001220703,126.040000915527,123.769996643066,124.220001220703,313213,124.220001220703
"2008-05-15",123.830001831055,126.639999389648,120.75,124.120002746582,411677,124.120002746582
"2008-05-16",124.400001525879,127.819999694824,124.040000915527,126.290000915527,269765,126.290000915527
"2008-05-19",126.349998474121,127.769996643066,125.279998779297,127.050003051758,213089,127.050003051758
"2008-05-20",127.48999786377,129.600006103516,126.669998168945,129.070007324219,315556,129.070007324219
"2008-05-21",129.100006103516,134.149993896484,128.600006103516,133.169998168945,362022,133.169998168945
"2008-05-22",133.889999389648,135.089996337891,130.070007324219,130.809997558594,425099,130.809997558594
"2008-05-23",130.75,133.710006713867,130.160003662109,132.190002441406,321344,132.190002441406
"2008-05-27",131.679992675781,133.649993896484,128.179992675781,128.850006103516,326598,128.850006103516
"2008-05-28",128.300003051758,131.580001831055,125.959999084473,131.029998779297,369868,131.029998779297
"2008-05-29",130.75,133.119995117188,126.110000610352,126.620002746582,424268,126.620002746582
"2008-05-30",126.589996337891,128.300003051758,124.669998168945,127.349998474121,309342,127.349998474121
"2008-06-02",127.629997253418,129.350006103516,125.220001220703,127.76000213623,304809,127.76000213623
"2008-06-03",127.5,127.980003356934,123.870002746582,124.309997558594,301116,124.309997558594
"2008-06-04",124.230003356934,125.080001831055,121.839996337891,122.300003051758,335547,122.300003051758
"2008-06-05",122.230003356934,128.380004882812,121.610000610352,127.790000915527,333372,127.790000915527
"2008-06-06",128.199996948242,139.119995117188,127.809997558594,138.539993286133,508749,138.539993286133
"2008-06-09",137.970001220703,138.25,133,134.350006103516,348554,134.350006103516
"2008-06-10",135.020004272461,137.979995727539,130.800003051758,131.309997558594,394361,131.309997558594
"2008-06-11",131.789993286133,138.300003051758,131.350006103516,136.380004882812,374434,136.380004882812
"2008-06-12",136.539993286133,137.460006713867,131.550003051758,136.740005493164,418094,136.740005493164
"2008-06-13",136.970001220703,137.080001831055,133.460006713867,134.860000610352,262875,134.860000610352
"2008-06-16",134.410003662109,139.889999389648,132.839996337891,134.610000610352,291340,134.610000610352
"2008-06-17",133.600006103516,135.229995727539,132,134.009994506836,307170,134.009994506836
"2008-06-18",133.5,136.880004882812,131.820007324219,136.679992675781,225864,136.679992675781
"2008-06-19",136.089996337891,137.820007324219,131.479995727539,131.929992675781,194147,131.929992675781
"2008-06-20",132.059997558594,136.800003051758,131.190002441406,134.619995117188,278598,134.619995117188
"2008-06-23",134.800003051758,138.139999389648,134.050003051758,136.740005493164,248739,136.740005493164
"2008-06-24",137.25,138.75,135.899993896484,137,229371,137
"2008-06-25",137.070007324219,137.580001831055,131.949996948242,134.550003051758,290400,134.550003051758
"2008-06-26",134.520004272461,140.389999389648,133.679992675781,139.639999389648,295773,139.639999389648
"2008-06-27",139.440002441406,142.990005493164,138.610000610352,140.210006713867,277517,140.210006713867
"2008-06-30",140.600006103516,143.669998168945,139.169998168945,140,253428,140
"2008-07-01",140.179992675781,143.330001831055,139.949996948242,140.970001220703,238751,140.970001220703
"2008-07-02",141.440002441406,144.320007324219,140.009994506836,143.570007324219,253397,143.570007324219
"2008-07-03",144.190002441406,145.850006103516,143.220001220703,145.289993286133,193841,145.289993286133
"2008-07-07",144.270004272461,144.529998779297,139.520004272461,141.369995117188,304148,141.369995117188
"2008-07-08",141.589996337891,142.440002441406,135.139999389648,136.039993286133,382404,136.039993286133
"2008-07-09",136,138.279998779297,135.339996337891,136.050003051758,299142,136.050003051758
"2008-07-10",135.800003051758,142.130004882812,135.429992675781,141.649993896484,294339,141.649993896484
"2008-07-11",141.800003051758,147.270004272461,141.440002441406,145.080001831055,334940,145.080001831055
"2008-07-14",144.690002441406,146.369995117188,142.490005493164,145.179992675781,252605,145.179992675781
"2008-07-15",145.190002441406,146.729995727539,135.919998168945,138.740005493164,392225,138.740005493164
"2008-07-16",138.770004272461,139.300003051758,132.100006103516,134.600006103516,293858,134.600006103516
"2008-07-17",135.110000610352,136.75,129,129.289993286133,379076,129.289993286133
"2008-07-18",129.559997558594,132.039993286133,128.229995727539,128.880004882812,208698,128.880004882812
"2008-07-21",128.880004882812,132.050003051758,128.630004882812,131.039993286133,133661,131.039993286133
"2008-07-22",131.039993286133,132.070007324219,125.629997253418,127.949996948242,293435,127.949996948242
"2008-07-23",128.5,128.699996948242,124.120002746582,124.440002441406,293200,124.440002441406
"2008-07-24",124.459999084473,126.440002441406,123.519996643066,125.48999786377,267709,125.48999786377
"2008-07-25",125.599998474121,126.51000213623,122.5,123.26000213623,217950,123.26000213623
"2008-07-28",123.410003662109,125.220001220703,122.629997253418,124.730003356934,197074,124.730003356934
"2008-07-29",124.940002441406,125.849998474121,120.419998168945,122.190002441406,263546,122.190002441406
"2008-07-30",121.900001525879,127.389999389648,120.800003051758,126.769996643066,309078,126.769996643066
"2008-07-31",126.900001525879,127.889999389648,122.709999084473,124.080001831055,280832,124.080001831055
"2008-08-01",124.059997558594,128.600006103516,122.099998474121,125.099998474121,277311,125.099998474121
"2008-08-04",125.980003356934,126.349998474121,119.5,121.410003662109,294048,121.410003662109
"2008-08-05",121,121.230003356934,118,119.169998168945,316589,119.169998168945
"2008-08-06",118.75,120.48999786377,117.110000610352,118.580001831055,307994,118.580001831055
"2008-08-07",118.800003051758,121.779998779297,117.910003662109,120.019996643066,304204,120.019996643066
"2008-08-08",119.900001525879,120.080001831055,114.620002746582,115.199996948242,297330,115.199996948242
"2008-08-11",115.199996948242,116.900001525879,112.720001220703,114.449996948242,295334,114.449996948242
"2008-08-12",114.529998779297,115.949996948242,112.309997558594,113.01000213623,303791,113.01000213623
"2008-08-13",113.089996337891,117.459999084473,112.870002746582,116,322967,116
"2008-08-14",116.389999389648,117.419998168945,112.589996337891,115.01000213623,268197,115.01000213623
"2008-08-15",114.830001831055,115.199996948242,111.339996337891,113.769996643066,276806,113.769996643066
"2008-08-18",113.940002441406,115.349998474121,112,112.870002746582,178631,112.870002746582
"2008-08-19",113.110000610352,116.650001525879,111.639999389648,114.529998779297,149293,114.529998779297
"2008-08-20",115.110000610352,117.029998779297,112.610000610352,114.980003356934,274859,114.980003356934
"2008-08-21",115.860000610352,122.040000915527,115.400001525879,121.180000305176,308114,121.180000305176
"2008-08-22",121.550003051758,121.860000610352,114.180000305176,114.589996337891,276216,114.589996337891
"2008-08-25",114.690002441406,116.059997558594,113.680000305176,115.110000610352,174446,115.110000610352
"2008-08-26",115.5,117.889999389648,112.360000610352,116.269996643066,311866,116.269996643066
"2008-08-27",116.040000915527,119.629997253418,115.639999389648,118.150001525879,265812,118.150001525879
"2008-08-28",118.160003662109,120.5,114.080001831055,115.589996337891,272322,115.589996337891
"2008-08-29",115.75,118.76000213623,115,115.459999084473,216481,115.459999084473
"2008-09-02",116.650001525879,118.599998474121,105.459999084473,109.709999084473,389706,109.709999084473
"2008-09-03",110.23999786377,110.300003051758,107.220001220703,109.349998474121,247584,109.349998474121
"2008-09-04",109.400001525879,110.599998474121,106.519996643066,107.889999389648,264187,107.889999389648
"2008-09-05",107.480003356934,108.099998474121,105.129997253418,106.230003356934,249111,106.230003356934
"2008-09-08",107.75,109.889999389648,104.699996948242,106.339996337891,317923,106.339996337891
"2008-09-09",106.660003662109,106.769996643066,101.73999786377,103.26000213623,332463,103.26000213623
"2008-09-10",102.199996948242,104.970001220703,101.360000610352,102.580001831055,331516,102.580001831055
"2008-09-11",102.779998779297,103.949996948242,100.180000305176,100.870002746582,311505,100.870002746582
"2008-09-12",101.150001525879,102.889999389648,99.9899978637695,101.180000305176,273124,101.180000305176
"2008-09-15",101,101.190002441406,94,95.7099990844727,334900,95.7099990844727
"2008-09-16",94.2300033569336,94.3199996948242,90.5100021362305,91.1500015258789,327157,91.1500015258789
"2008-09-17",92.8099975585938,97.629997253418,91.3600006103516,97.1600036621094,343691,97.1600036621094
"2008-09-18",97.0999984741211,102.23999786377,95.7300033569336,97.879997253418,243360,97.879997253418
"2008-09-19",97.9499969482422,105.25,97.3899993896484,104.550003051758,184766,104.550003051758
"2008-09-22",104.970001220703,130,103.349998474121,120.919998168945,335101,120.919998168945
"2008-09-23",108.980003356934,109.580001831055,104.050003051758,106.610000610352,316025,106.610000610352
"2008-09-24",106.930000305176,109.5,104.800003051758,105.730003356934,233417,105.730003356934
"2008-09-25",105.529998779297,108.669998168945,103.220001220703,108.019996643066,245163,108.019996643066
"2008-09-26",107.699996948242,108.110000610352,104.25,106.889999389648,168454,106.889999389648
"2008-09-29",106.889999389648,106.910003662109,95.0400009155273,96.370002746582,248522,96.370002746582
"2008-09-30",95.4000015258789,102.459999084473,93.3600006103516,100.639999389648,252741,100.639999389648
"2008-10-01",101.860000610352,102.839996337891,95.9700012207031,98.5299987792969,280295,98.5299987792969
"2008-10-02",98.7300033569336,100.370002746582,93.5599975585938,93.9700012207031,223270,93.9700012207031
"2008-10-03",93.8499984741211,96.0299987792969,91.3000030517578,93.879997253418,238984,93.879997253418
"2008-10-06",92.5,92.6800003051758,87.5599975585938,87.8099975585938,281987,87.8099975585938
"2008-10-07",88.9599990844727,93.0199966430664,87.870002746582,90.0599975585938,342917,90.0599975585938
"2008-10-08",89.5599975585938,90.9899978637695,86.0500030517578,88.9499969482422,339344,88.9499969482422
"2008-10-09",88.8000030517578,89.8199996948242,84.1900024414062,86.5899963378906,248211,86.5899963378906
"2008-10-10",84.9300003051758,85.129997253418,77.0899963378906,77.6999969482422,363996,77.6999969482422
"2008-10-13",80.120002746582,82.5199966430664,79.4499969482422,81.1900024414062,210714,81.1900024414062
"2008-10-14",82,84.8300018310547,78.3099975585938,78.629997253418,266143,78.629997253418
"2008-10-15",78.75,79.1699981689453,73.5500030517578,74.5400009155273,221136,74.5400009155273
"2008-10-16",73.5999984741211,74.5,68.5699996948242,69.8499984741211,283094,69.8499984741211
"2008-10-17",72.3000030517578,74.3000030517578,69.8399963378906,71.8499984741211,141907,71.8499984741211
"2008-10-20",72.1600036621094,76.129997253418,71.7699966430664,74.25,137299,74.25
"2008-10-21",75.620002746582,75.6900024414062,69.7699966430664,70.8899993896484,232994,70.8899993896484
"2008-10-22",71.4700012207031,71.8000030517578,66.1999969482422,66.75,272317,66.75
"2008-10-23",67.2099990844727,69.4199981689453,65.9000015258789,67.8399963378906,256890,67.8399963378906
"2008-10-24",69.4199981689453,69.5,62.6500015258789,64.1500015258789,253812,64.1500015258789
"2008-10-27",64.7799987792969,65.7699966430664,61.2999992370605,63.2200012207031,234150,63.2200012207031
"2008-10-28",62.2400016784668,65.1999969482422,61.6100006103516,62.7299995422363,222083,62.7299995422363
"2008-10-29",64.5,69.2399978637695,63.6500015258789,67.5,315415,67.5
"2008-10-30",68.1100006103516,70.5999984741211,64.0400009155273,65.9599990844727,279196,65.9599990844727
"2008-10-31",65.5800018310547,68.5999984741211,63.1199989318848,67.8099975585938,256881,67.8099975585938
"2008-11-03",67.370002746582,69.1900024414062,63.6300010681152,63.9099998474121,236426,63.9099998474121
"2008-11-04",63.7999992370605,71.7699966430664,62.25,70.5299987792969,329187,70.5299987792969
"2008-11-05",70,70.4599990844727,65,65.3000030517578,272470,65.3000030517578
"2008-11-06",65.0199966430664,65.5,60.1599998474121,60.7700004577637,292018,60.7700004577637
"2008-11-07",60.6699981689453,62.8199996948242,59.9700012207031,61.0400009155273,236045,61.0400009155273
"2008-11-10",61.7999992370605,65.5599975585938,59.0999984741211,62.4099998474121,286648,62.4099998474121
"2008-11-11",62.1399993896484,62.2799987792969,58.3199996948242,59.3300018310547,258306,59.3300018310547
"2008-11-12",59,59.5,55.5,56.1599998474121,261423,56.1599998474121
"2008-11-13",55.439998626709,59.6599998474121,54.6699981689453,58.2400016784668,322685,58.2400016784668
"2008-11-14",59.3899993896484,59.9599990844727,55.689998626709,57.0400009155273,245858,57.0400009155273
"2008-11-17",56.7400016784668,58.9799995422363,54.7200012207031,54.9500007629395,337536,54.9500007629395
"2008-11-18",55.0099983215332,55.9799995422363,53.9599990844727,54.3899993896484,189689,54.3899993896484
"2008-11-19",54.7000007629395,55.3400001525879,52.7900009155273,53.6199989318848,161384,53.6199989318848
"2008-11-20",50.4000015258789,50.4500007629395,48.5,49.6199989318848,274669,49.6199989318848
"2008-11-21",48.5699996948242,51.1199989318848,48.25,49.9300003051758,213647,49.9300003051758
"2008-11-24",50.9700012207031,55.2999992370605,48.7999992370605,54.5,233065,54.5
"2008-11-25",54.2999992370605,54.6599998474121,50.5200004577637,50.7700004577637,228413,50.7700004577637
"2008-11-26",50.6500015258789,54.9700012207031,50.1500015258789,54.439998626709,243440,54.439998626709
"2008-11-28",54.2999992370605,55.9799995422363,51.1199989318848,54.4300003051758,129155,54.4300003051758
"2008-12-01",54.6199989318848,54.6199989318848,48.6199989318848,49.2799987792969,217048,49.2799987792969
"2008-12-02",48.8499984741211,50.25,46.8199996948242,46.9599990844727,233248,46.9599990844727
"2008-12-03",47.7599983215332,48.0999984741211,46.2599983215332,46.7900009155273,217573,46.7900009155273
"2008-12-04",47,47.2700004577637,43.3600006103516,43.6699981689453,232447,43.6699981689453
"2008-12-05",43.7799987792969,44.4700012207031,40.5,40.810001373291,327140,40.810001373291
"2008-12-08",41.6399993896484,44.7000007629395,41.5499992370605,43.7099990844727,289529,43.7099990844727
"2008-12-09",44.0499992370605,44.5699996948242,41.8300018310547,42.0699996948242,240867,42.0699996948242
"2008-12-10",42.4000015258789,46.1699981689453,41.8899993896484,43.5200004577637,362393,43.5200004577637
"2008-12-11",44.0499992370605,49.1199989318848,43.2799987792969,47.9799995422363,317267,47.9799995422363
"2008-12-12",47,47.5099983215332,43.3199996948242,46.2799987792969,291629,46.2799987792969
"2008-12-15",46.7700004577637,50.0499992370605,44.0999984741211,44.5099983215332,256308,44.5099983215332
"2008-12-16",44.9500007629395,46.5299987792969,42.560001373291,43.5999984741211,259901,43.5999984741211
"2008-12-17",43.75,45.5,39.8800010681152,40.060001373291,174258,40.060001373291
"2008-12-18",40.3199996948242,40.9000015258789,35.9799995422363,36.2200012207031,95999,36.2200012207031
"2008-12-19",34.7599983215332,37.5,32.4000015258789,33.8699989318848,194858,33.8699989318848
"2008-12-22",42.7900009155273,43.439998626709,39.5,39.9099998474121,149135,39.9099998474121
"2008-12-23",39.5499992370605,40.6500015258789,37.7900009155273,38.9799995422363,146203,38.9799995422363
"2008-12-24",39.1500015258789,39.689998626709,35.1300010681152,35.3499984741211,93376,35.3499984741211
"2008-12-26",35.7000007629395,38.0299987792969,35.5999984741211,37.7099990844727,64554,37.7099990844727
"2008-12-29",38.4000015258789,42.2000007629395,37.5299987792969,40.0200004577637,150601,40.0200004577637
"2008-12-30",40.0099983215332,40.3899993896484,37.9300003051758,39.0299987792969,137263,39.0299987792969
"2008-12-31",39.1699981689453,45.5400009155273,36.939998626709,44.5999984741211,188601,44.5999984741211
"2009-01-02",43.7200012207031,46.7400016784668,41.0499992370605,46.3400001525879,184679,46.3400001525879
"2009-01-05",47.0400009155273,49.2799987792969,45.560001373291,48.810001373291,258762,48.810001373291
"2009-01-06",48.4000015258789,50.4700012207031,47.5999984741211,48.5800018310547,331307,48.5800018310547
"2009-01-07",48.4099998474121,49.0900001525879,42.4099998474121,42.6300010681152,306262,42.6300010681152
"2009-01-08",42.6300010681152,43.6300010681152,40.5400009155273,41.7000007629395,312485,41.7000007629395
"2009-01-09",42.4500007629395,42.7000007629395,39.3800010681152,40.8300018310547,277431,40.8300018310547
"2009-01-12",40.5499992370605,40.7999992370605,37.4799995422363,37.5900001525879,272828,37.5900001525879
"2009-01-13",37.4900016784668,39.5,36.0999984741211,37.7799987792969,340615,37.7799987792969
"2009-01-14",38.7200012207031,39.4500007629395,35.5200004577637,37.2799987792969,311078,37.2799987792969
"2009-01-15",37.3400001525879,37.9900016784668,33.2000007629395,35.4000015258789,179925,35.4000015258789
"2009-01-16",35.2799987792969,36.8699989318848,34.1800003051758,36.5099983215332,97975,36.5099983215332
"2009-01-20",36.1399993896484,39.5499992370605,32.7000007629395,38.7400016784668,354707,38.7400016784668
"2009-01-21",40.9099998474121,44.4300003051758,40.2400016784668,43.5499992370605,276261,43.5499992370605
"2009-01-22",44.2099990844727,45.0999984741211,40.4099998474121,43.6699981689453,317569,43.6699981689453
"2009-01-23",43.2599983215332,47,41.4000015258789,46.4700012207031,269756,46.4700012207031
"2009-01-26",46.0499992370605,48.5900001525879,45.25,45.7299995422363,277496,45.7299995422363
"2009-01-27",45.6500015258789,47.4900016784668,41.4099998474121,41.5800018310547,308439,41.5800018310547
"2009-01-28",41.9900016784668,43.5999984741211,40.5999984741211,42.1599998474121,291416,42.1599998474121
"2009-01-29",42.2200012207031,42.3199996948242,40.1800003051758,41.439998626709,245854,41.439998626709
"2009-01-30",41.6500015258789,43.439998626709,41.0200004577637,41.6800003051758,237726,41.6800003051758
"2009-02-02",42.2200012207031,42.25,39.8300018310547,40.0800018310547,263645,40.0800018310547
"2009-02-03",40.2799987792969,41.1699981689453,39.6500015258789,40.7799987792969,244615,40.7799987792969
"2009-02-04",40.9300003051758,41.9199981689453,39.7400016784668,40.3199996948242,254203,40.3199996948242
"2009-02-05",40.2999992370605,41.25,39.4599990844727,41.1699981689453,229734,41.1699981689453
"2009-02-06",41,42.6800003051758,38.5999984741211,40.1699981689453,518382,40.1699981689453
"2009-02-09",39.8800010681152,42.4300003051758,39.4199981689453,39.560001373291,317497,39.560001373291
"2009-02-10",39.7599983215332,41.7999992370605,37.3499984741211,37.5499992370605,359674,37.5499992370605
"2009-02-11",38.1500015258789,38.4700012207031,35.6500015258789,35.939998626709,315650,35.939998626709
"2009-02-12",35.9199981689453,36.25,33.5499992370605,33.9799995422363,326176,33.9799995422363
"2009-02-13",34.3600006103516,38.25,33.810001373291,37.5099983215332,281710,37.5099983215332
"2009-02-17",37.810001373291,38.4900016784668,34.4500007629395,34.9300003051758,153708,34.9300003051758
"2009-02-18",35.0200004577637,36.2200012207031,34.1300010681152,34.6199989318848,73864,34.6199989318848
"2009-02-19",34.75,39.8499984741211,34.5900001525879,39.4799995422363,82550,39.4799995422363
"2009-02-20",38.8600006103516,39.5,36.9099998474121,38.939998626709,244809,38.939998626709
"2009-02-23",39.7299995422363,41.4900016784668,37.8699989318848,38.439998626709,285905,38.439998626709
"2009-02-24",38.0999984741211,40.1300010681152,37.6500015258789,39.9599990844727,238188,39.9599990844727
"2009-02-25",39.9199981689453,42.8300018310547,39.4000015258789,42.5,323428,42.5
"2009-02-26",42.3899993896484,45.2999992370605,42.2700004577637,45.2200012207031,287202,45.2200012207031
"2009-02-27",44.5900001525879,44.9099998474121,42.5499992370605,44.7599983215332,274579,44.7599983215332
"2009-03-02",44.3400001525879,44.4900016784668,39.8400001525879,40.1500015258789,245234,40.1500015258789
"2009-03-03",40.0999984741211,42.0699996948242,39.439998626709,41.6500015258789,241538,41.6500015258789
"2009-03-04",41.3800010681152,45.7599983215332,41.0400009155273,45.3800010681152,319761,45.3800010681152
"2009-03-05",45.4199981689453,45.7000007629395,42.8600006103516,43.6100006103516,228192,43.6100006103516
"2009-03-06",43.6100006103516,46.2999992370605,43.4500007629395,45.5200004577637,306347,45.5200004577637
"2009-03-09",45.7599983215332,48.8300018310547,44.9700012207031,47.0699996948242,390590,47.0699996948242
"2009-03-10",47.25,48.3199996948242,45.3300018310547,45.7099990844727,289157,45.7099990844727
"2009-03-11",45.5699996948242,46.0400009155273,42.0800018310547,42.3300018310547,339876,42.3300018310547
"2009-03-12",42.7299995422363,47.2200012207031,42.5099983215332,47.0299987792969,316566,47.0299987792969
"2009-03-13",47.2099990844727,48.1399993896484,45.5999984741211,46.25,221028,46.25
"2009-03-16",45.2000007629395,47.6300010681152,43.6199989318848,47.3499984741211,240078,47.3499984741211
"2009-03-17",47.060001373291,49.8199996948242,46.5299987792969,49.1599998474121,214930,49.1599998474121
"2009-03-18",48.6699981689453,49.8699989318848,46.9199981689453,48.1399993896484,125337,48.1399993896484
"2009-03-19",49.7299995422363,52.25,48.7799987792969,51.6100006103516,96379,51.6100006103516
"2009-03-20",51.060001373291,52.1300010681152,50.2999992370605,51.060001373291,180152,51.060001373291
"2009-03-23",52.1300010681152,54.0499992370605,51.6199989318848,53.7999992370605,229890,53.7999992370605
"2009-03-24",53.8300018310547,54.060001373291,52.4500007629395,53.9799995422363,212790,53.9799995422363
"2009-03-25",53.7299995422363,54.1800003051758,51.8600006103516,52.7700004577637,283727,52.7700004577637
"2009-03-26",52.8400001525879,54.6599998474121,52.7599983215332,54.3400001525879,196916,54.3400001525879
"2009-03-27",54,54.2799987792969,51.6399993896484,52.3800010681152,181165,52.3800010681152
"2009-03-30",52.25,52.25,48.1100006103516,48.4099998474121,222171,48.4099998474121
"2009-03-31",48.6399993896484,50,47.7700004577637,49.6599998474121,240254,49.6599998474121
"2009-04-01",48.9599990844727,48.9599990844727,47.2599983215332,48.3899993896484,234224,48.3899993896484
"2009-04-02",48.4500007629395,52.8699989318848,48.4500007629395,52.6399993896484,270270,52.6399993896484
"2009-04-03",52.3600006103516,53.9000015258789,51.0200004577637,52.5099983215332,212172,52.5099983215332
"2009-04-06",52.4000015258789,53.5999984741211,49.810001373291,51.0499992370605,228983,51.0499992370605
"2009-04-07",51.3899993896484,51.8199996948242,48.4000015258789,49.1500015258789,254031,49.1500015258789
"2009-04-08",48.4700012207031,51.2999992370605,47.3699989318848,49.3800010681152,352611,49.3800010681152
"2009-04-09",49.9599990844727,52.4500007629395,49.7200012207031,52.2400016784668,294835,52.2400016784668
"2009-04-13",52,52.1500015258789,48.8400001525879,50.0499992370605,290456,50.0499992370605
"2009-04-14",49.9599990844727,51.1199989318848,48.8499984741211,49.4099998474121,284710,49.4099998474121
"2009-04-15",49.1599998474121,50.7900009155273,48.9099998474121,49.25,228056,49.25
"2009-04-16",49.7000007629395,50.4799995422363,49.1100006103516,49.9799995422363,196957,49.9799995422363
"2009-04-17",49.9300003051758,51.3699989318848,49.4099998474121,50.3300018310547,137021,50.3300018310547
"2009-04-20",50.1599998474121,50.310001373291,45.439998626709,45.8800010681152,89895,45.8800010681152
"2009-04-21",45.2599983215332,47.2000007629395,43.8300018310547,46.5099983215332,287925,46.5099983215332
"2009-04-22",48.6800003051758,49.0900001525879,47.7000007629395,48.8499984741211,238729,48.8499984741211
"2009-04-23",48.4900016784668,49.9199981689453,48.3699989318848,49.6199989318848,227296,49.6199989318848
"2009-04-24",49.6500015258789,51.75,49.060001373291,51.5499992370605,230865,51.5499992370605
"2009-04-27",51.4500007629395,51.4500007629395,48.0099983215332,50.1399993896484,265293,50.1399993896484
"2009-04-28",50.0999984741211,50.189998626709,48.5499992370605,49.9199981689453,186823,49.9199981689453
"2009-04-29",49.25,51.4199981689453,49.1199989318848,50.9700012207031,234826,50.9700012207031
"2009-04-30",50.7900009155273,51.939998626709,50.2099990844727,51.1199989318848,208296,51.1199989318848
"2009-05-01",50.9500007629395,53.6500015258789,50.4300003051758,53.2000007629395,248750,53.2000007629395
"2009-05-04",52.6199989318848,54.6399993896484,52.560001373291,54.4700012207031,229782,54.4700012207031
"2009-05-05",54.4599990844727,54.8300018310547,53.5,53.8400001525879,234306,53.8400001525879
"2009-05-06",54.1199989318848,56.4700012207031,53.5699996948242,56.3400001525879,334302,56.3400001525879
"2009-05-07",56.2999992370605,58.5699996948242,55.4599990844727,56.7099990844727,377826,56.7099990844727
"2009-05-08",56.5,58.75,56.1500015258789,58.6300010681152,291819,58.6300010681152
"2009-05-11",58.4900016784668,58.6300010681152,56.7799987792969,58.5,290030,58.5
"2009-05-12",58.0999984741211,60.0800018310547,57.810001373291,58.8499984741211,305957,58.8499984741211
"2009-05-13",59.2900009155273,59.9000015258789,57.4099998474121,58.0200004577637,311802,58.0200004577637
"2009-05-14",57.7299995422363,59,56.5499992370605,58.6199989318848,260456,58.6199989318848
"2009-05-15",58.5400009155273,58.8800010681152,56.0699996948242,56.3400001525879,216089,56.3400001525879
"2009-05-18",56.4700012207031,59.3300018310547,56.1199989318848,59.0299987792969,134714,59.0299987792969
"2009-05-19",59.1599998474121,60.4799995422363,58.5499992370605,59.6500015258789,252709,59.6500015258789
"2009-05-20",60.1800003051758,62.2599983215332,59.8600006103516,62.0400009155273,270022,62.0400009155273
"2009-05-21",61.6800003051758,61.8699989318848,59.9199981689453,61.0499992370605,237412,61.0499992370605
"2009-05-22",61.0499992370605,61.9799995422363,60.5,61.6699981689453,186302,61.6699981689453
"2009-05-26",61.5,62.5400009155273,59.5299987792969,62.4500007629395,267127,62.4500007629395
"2009-05-27",62.8699989318848,63.8199996948242,62.189998626709,63.4500007629395,261888,63.4500007629395
"2009-05-28",62.9099998474121,65.4400024414062,62.75,65.0800018310547,281439,65.0800018310547
"2009-05-29",64.7699966430664,66.6399993896484,64.6800003051758,66.3099975585938,261370,66.3099975585938
"2009-06-01",66.4800033569336,68.6800003051758,66.2300033569336,68.5800018310547,234080,68.5800018310547
"2009-06-02",68.0400009155273,69.0500030517578,67.5,68.5500030517578,266861,68.5500030517578
"2009-06-03",68.25,68.9499969482422,64.9499969482422,66.120002746582,322365,66.120002746582
"2009-06-04",66.0899963378906,69.5999984741211,65.9199981689453,68.8099975585938,304674,68.8099975585938
"2009-06-05",68.7300033569336,70.3199996948242,67.5400009155273,68.4400024414062,329259,68.4400024414062
"2009-06-08",68.3199996948242,68.9499969482422,66.7799987792969,68.0899963378906,289278,68.0899963378906
"2009-06-09",68.6900024414062,70.6900024414062,68.4300003051758,70.0100021362305,316884,70.0100021362305
"2009-06-10",70.5100021362305,71.7900009155273,70.4300003051758,71.3300018310547,346248,71.3300018310547
"2009-06-11",71.4599990844727,73.2300033569336,71.3199996948242,72.6800003051758,314790,72.6800003051758
"2009-06-12",72.4300003051758,72.629997253418,70.8000030517578,72.0400009155273,224601,72.0400009155273
"2009-06-15",72.1999969482422,72.3499984741211,69.5800018310547,70.620002746582,242211,70.620002746582
"2009-06-16",70.3099975585938,72.7699966430664,69.8000030517578,70.4700012207031,266350,70.4700012207031
"2009-06-17",70.2600021362305,71.2799987792969,69,71.0299987792969,265584,71.0299987792969
"2009-06-18",70.8199996948242,71.75,70.2200012207031,71.370002746582,178851,71.370002746582
"2009-06-19",71.3499984741211,72.3000030517578,68.9000015258789,69.5500030517578,115712,69.5500030517578
"2009-06-22",69.8899993896484,69.8899993896484,66.25,66.9300003051758,278468,66.9300003051758
"2009-06-23",67.1500015258789,69.6800003051758,66.370002746582,69.2399978637695,279901,69.2399978637695
"2009-06-24",68.5500030517578,69.8600006103516,68.0599975585938,68.6699981689453,242855,68.6699981689453
"2009-06-25",68.2900009155273,70.9300003051758,68.1100006103516,70.2300033569336,254942,70.2300033569336
"2009-06-26",70.3399963378906,71.2900009155273,68.8099975585938,69.1600036621094,208025,69.1600036621094
"2009-06-29",69.25,71.9199981689453,68.3600006103516,71.4899978637695,229882,71.4899978637695
"2009-06-30",71.5999984741211,73.379997253418,68.9000015258789,69.8899993896484,331550,69.8899993896484
"2009-07-01",70.4499969482422,71.8499984741211,68.5199966430664,69.3099975585938,304636,69.3099975585938
"2009-07-02",69.2200012207031,69.7399978637695,66.2600021362305,66.7300033569336,243250,66.7300033569336
"2009-07-06",65.5400009155273,65.6500015258789,63.4000015258789,64.0500030517578,256986,64.0500030517578
"2009-07-07",64.1900024414062,64.9100036621094,62.2099990844727,62.9300003051758,262358,62.9300003051758
"2009-07-08",61.75,62.6800003051758,60.0099983215332,60.1399993896484,334958,60.1399993896484
"2009-07-09",60.3800010681152,61.6199989318848,59.25,60.4099998474121,314800,60.4099998474121
"2009-07-10",60.4500007629395,60.8899993896484,58.7200012207031,59.8899993896484,264745,59.8899993896484
"2009-07-13",59.8600006103516,60.6699981689453,58.3199996948242,59.689998626709,301907,59.689998626709
"2009-07-14",60.1399993896484,61.4599990844727,59.1500015258789,59.5200004577637,305947,59.5200004577637
"2009-07-15",59.7900009155273,62,59.6500015258789,61.5400009155273,279729,61.5400009155273
"2009-07-16",62,62.25,60.2900009155273,62.0200004577637,250043,62.0200004577637
"2009-07-17",62.2400016784668,63.9900016784668,61.0400009155273,63.560001373291,186315,63.560001373291
"2009-07-20",63.3800010681152,64.9000015258789,63.189998626709,63.9799995422363,125148,63.9799995422363
"2009-07-21",64.1999969482422,65.5299987792969,63.5099983215332,64.7200012207031,279584,64.7200012207031
"2009-07-22",65.0299987792969,65.7699966430664,63.7599983215332,65.4000015258789,319989,65.4000015258789
"2009-07-23",65.4000015258789,67.4899978637695,64.4000015258789,67.1600036621094,321627,67.1600036621094
"2009-07-24",66.620002746582,68.1999969482422,66.4599990844727,68.0500030517578,217270,68.0500030517578
"2009-07-27",68.0500030517578,68.9899978637695,67.5999984741211,68.379997253418,245180,68.379997253418
"2009-07-28",68.2600021362305,68.8600006103516,66.4800033569336,67.2300033569336,253558,67.2300033569336
"2009-07-29",66.6800003051758,67.0100021362305,62.7000007629395,63.3499984741211,342411,63.3499984741211
"2009-07-30",62.8600006103516,67.2900009155273,62.7599983215332,66.9400024414062,344216,66.9400024414062
"2009-07-31",66.6900024414062,69.7399978637695,64.9599990844727,69.4499969482422,400836,69.4499969482422
"2009-08-03",69.3000030517578,72.1999969482422,69.0899963378906,71.5800018310547,323455,71.5800018310547
"2009-08-04",71.3399963378906,71.9499969482422,70.1600036621094,71.4199981689453,285877,71.4199981689453
"2009-08-05",71.8199996948242,72.0999984741211,69.7099990844727,71.9700012207031,307551,71.9700012207031
"2009-08-06",71.8300018310547,72.4199981689453,70.1800003051758,71.9400024414062,328670,71.9400024414062
"2009-08-07",71.8099975585938,72.8399963378906,70.379997253418,70.9300003051758,367023,70.9300003051758
"2009-08-10",70.6699981689453,71.5699996948242,70.0899963378906,70.5999984741211,304092,70.5999984741211
"2009-08-11",70.7600021362305,71.25,68.7099990844727,69.4499969482422,389079,69.4499969482422
"2009-08-12",69.6699981689453,71.129997253418,68.8399963378906,70.1600036621094,342269,70.1600036621094
"2009-08-13",70.5400009155273,72.2099990844727,70.0500030517578,70.5199966430664,322969,70.5199966430664
"2009-08-14",70.9000015258789,71.5999984741211,67.120002746582,67.5100021362305,320144,67.5100021362305
"2009-08-17",67.6900024414062,67.6900024414062,65.2300033569336,66.75,264790,66.75
"2009-08-18",66.8000030517578,70.2900009155273,66.1100006103516,69.1900024414062,182990,69.1900024414062
"2009-08-19",70.25,72.8000030517578,68.0500030517578,72.4199981689453,126682,72.4199981689453
"2009-08-20",72.1500015258789,72.879997253418,71.6500015258789,72.5400009155273,241477,72.5400009155273
"2009-08-21",72.879997253418,74.7200012207031,72.0299987792969,73.8899993896484,246228,73.8899993896484
"2009-08-24",73.75,74.8099975585938,73.5699996948242,74.370002746582,208702,74.370002746582
"2009-08-25",73.9700012207031,75,71.1100006103516,72.0500030517578,324399,72.0500030517578
"2009-08-26",71.3499984741211,72.6399993896484,70.6699981689453,71.4300003051758,255501,71.4300003051758
"2009-08-27",71.3600006103516,72.9499969482422,69.8300018310547,72.4899978637695,272730,72.4899978637695
"2009-08-28",72.8600006103516,73.5199966430664,71.7799987792969,72.7399978637695,239217,72.7399978637695
"2009-08-31",72.75,73.3600006103516,69.129997253418,69.9599990844727,276967,69.9599990844727
"2009-09-01",69.5599975585938,71.370002746582,68,68.0500030517578,336835,68.0500030517578
"2009-09-02",68.1999969482422,68.8000030517578,67.0500030517578,68.0500030517578,269497,68.0500030517578
"2009-09-03",68.1500015258789,69.4000015258789,67.6600036621094,67.9599990844727,231967,67.9599990844727
"2009-09-04",68.1900024414062,68.7799987792969,67.120002746582,68.0199966430664,229782,68.0199966430664
"2009-09-08",68.1100006103516,71.7900009155273,67.5400009155273,71.0999984741211,374237,71.0999984741211
"2009-09-09",71.3300018310547,72.5199966430664,70.6600036621094,71.3099975585938,331984,71.3099975585938
"2009-09-10",71.6399993896484,72.4400024414062,70.8600006103516,71.9400024414062,345551,71.9400024414062
"2009-09-11",72.0500030517578,72.9000015258789,68.8199996948242,69.2900009155273,374693,69.2900009155273
"2009-09-14",69.1500015258789,69.5100021362305,68.0199966430664,68.8600006103516,255720,68.8600006103516
"2009-09-15",68.7799987792969,71.1900024414062,68.4800033569336,70.9300003051758,288040,70.9300003051758
"2009-09-16",70.4000015258789,72.5599975585938,70.1399993896484,72.5100021362305,291946,72.5100021362305
"2009-09-17",72.3099975585938,73.1600036621094,71.6600036621094,72.4700012207031,235707,72.4700012207031
"2009-09-18",72.4000015258789,72.6600036621094,71.2699966430664,72.0400009155273,165696,72.0400009155273
"2009-09-21",71.7799987792969,72.1999969482422,68.9599990844727,69.7099990844727,142853,69.7099990844727
"2009-09-22",69.6699981689453,71.8499984741211,69.6100006103516,71.5500030517578,218292,71.5500030517578
"2009-09-23",71.629997253418,71.8099975585938,68.0400009155273,68.9700012207031,307578,68.9700012207031
"2009-09-24",68.3300018310547,68.7699966430664,65.5999984741211,65.8899993896484,357456,65.8899993896484
"2009-09-25",65.9199981689453,67.0899963378906,65.0500030517578,66.0199966430664,315319,66.0199966430664
"2009-09-28",66.1500015258789,67.5400009155273,65.4100036621094,66.8399963378906,231410,66.8399963378906
"2009-09-29",67.1100006103516,67.3300018310547,65.8199996948242,66.7099990844727,247345,66.7099990844727
"2009-09-30",66.7099990844727,70.7200012207031,66.2200012207031,70.6100006103516,386690,70.6100006103516
"2009-10-01",70.4000015258789,71.3899993896484,69.129997253418,70.8199996948242,334690,70.8199996948242
"2009-10-02",70.3499984741211,70.6900024414062,68.3199996948242,69.9499969482422,312014,69.9499969482422
"2009-10-05",69.8099975585938,71,68.0500030517578,70.4100036621094,346922,70.4100036621094
"2009-10-06",70.2600021362305,71.9700012207031,70.0599975585938,70.879997253418,372435,70.879997253418
"2009-10-07",71.1600036621094,71.7600021362305,68.879997253418,69.5699996948242,372435,69.5699996948242
"2009-10-08",69.8000030517578,72.5500030517578,69.1699981689453,71.6900024414062,405214,71.6900024414062
"2009-10-09",71.4199981689453,72.3499984741211,70.620002746582,71.7699966430664,322276,71.7699966430664
"2009-10-12",72.2399978637695,73.8399963378906,72.0500030517578,73.2699966430664,260226,73.2699966430664
"2009-10-13",73.1699981689453,74.5500030517578,72.8300018310547,74.1500015258789,361151,74.1500015258789
"2009-10-14",74.4000015258789,75.5299987792969,74.4000015258789,75.1800003051758,296006,75.1800003051758
"2009-10-15",75.3399963378906,77.9700012207031,74.7900009155273,77.5800018310547,355573,77.5800018310547
"2009-10-16",77.7600021362305,78.75,76.8199996948242,78.5299987792969,238421,78.5299987792969
"2009-10-19",78.5599975585938,79.6900024414062,78.0500030517578,79.6100006103516,131534,79.6100006103516
"2009-10-20",79.6100006103516,80.0500030517578,78.0500030517578,79.0899963378906,320697,79.0899963378906
"2009-10-21",78.6900024414062,82,77.6399993896484,81.370002746582,395742,81.370002746582
"2009-10-22",81.0400009155273,81.5,79.8600006103516,81.1900024414062,295407,81.1900024414062
"2009-10-23",81.2600021362305,81.7799987792969,79.5500030517578,80.5,293751,80.5
"2009-10-26",79.6500015258789,81.5800018310547,77.9700012207031,78.6800003051758,363907,78.6800003051758
"2009-10-27",78.6800003051758,79.8899993896484,77.8099975585938,79.5500030517578,375672,79.5500030517578
"2009-10-28",79.4700012207031,79.8300018310547,77.0599975585938,77.4599990844727,359438,77.4599990844727
"2009-10-29",77.1100006103516,80.4599990844727,77.0299987792969,79.870002746582,360575,79.870002746582
"2009-10-30",79.9800033569336,80.2099990844727,76.8499984741211,77,412394,77
"2009-11-02",77.0199966430664,78.6600036621094,76.5599975585938,78.129997253418,371006,78.129997253418
"2009-11-03",78.0899963378906,79.7699966430664,76.5500030517578,79.5999984741211,373992,79.5999984741211
"2009-11-04",79.4700012207031,81.0599975585938,79.120002746582,80.4000015258789,366103,80.4000015258789
"2009-11-05",80.2900009155273,80.5199966430664,79.3399963378906,79.620002746582,257603,79.620002746582
"2009-11-06",79.8000030517578,80.3399963378906,76.7099990844727,77.4300003051758,395797,77.4300003051758
"2009-11-09",77.870002746582,80.1900024414062,77.7699966430664,79.4300003051758,327402,79.4300003051758
"2009-11-10",79.2399978637695,80.5100021362305,77.8899993896484,79.0500030517578,371088,79.0500030517578
"2009-11-11",78.879997253418,80.0999984741211,78.5699996948242,79.2799987792969,297815,79.2799987792969
"2009-11-12",79.25,79.6900024414062,76.5199966430664,76.9400024414062,412833,76.9400024414062
"2009-11-13",76.7799987792969,77.6699981689453,75.5699996948242,76.3499984741211,335366,76.3499984741211
"2009-11-16",76.5800018310547,79.4300003051758,76.3499984741211,78.9000015258789,361387,78.9000015258789
"2009-11-17",78.9300003051758,79.7300033569336,78.1399993896484,79.1399993896484,319240,79.1399993896484
"2009-11-18",79.379997253418,80.3300018310547,78.6699981689453,79.5800018310547,253658,79.5800018310547
"2009-11-19",79.629997253418,79.870002746582,77.0599975585938,77.4599990844727,175227,77.4599990844727
"2009-11-20",77.5899963378906,77.9899978637695,76.1999969482422,76.7200012207031,263044,76.7200012207031
"2009-11-23",77.8000030517578,79.9199981689453,77.1500015258789,77.5599975585938,382888,77.5599975585938
"2009-11-24",77.4499969482422,77.8000030517578,75.5999984741211,76.0199966430664,413033,76.0199966430664
"2009-11-25",75.8300018310547,78.0899963378906,75.5,77.9599990844727,337389,77.9599990844727
"2009-11-27",77.8000030517578,77.9400024414062,72.3899993896484,76.0500030517578,301347,76.0500030517578
"2009-11-30",76.0500030517578,78,75.129997253418,77.2799987792969,358538,77.2799987792969
"2009-12-01",77.3499984741211,79.0400009155273,77.0100021362305,78.370002746582,310483,78.370002746582
"2009-12-02",77.9000015258789,78.5899963378906,76.2200012207031,76.5999984741211,340897,76.5999984741211
"2009-12-03",76.5100021362305,77.5,75.5400009155273,76.4599990844727,351788,76.4599990844727
"2009-12-04",75.8300018310547,77.9000015258789,74.8499984741211,75.4700012207031,411579,75.4700012207031
"2009-12-07",75.8000030517578,76.0999984741211,73.6999969482422,73.9300003051758,359248,73.9300003051758
"2009-12-08",74,74.3899993896484,72.5100021362305,72.620002746582,424771,72.620002746582
"2009-12-09",73.120002746582,73.870002746582,70.129997253418,70.6699981689453,526968,70.6699981689453
"2009-12-10",70.8000030517578,71.3899993896484,69.8099975585938,70.5400009155273,407657,70.5400009155273
"2009-12-11",70.5699996948242,71.1999969482422,69.4599990844727,69.870002746582,343411,69.870002746582
"2009-12-14",69.629997253418,70.2200012207031,68.5899963378906,69.5100021362305,268931,69.5100021362305
"2009-12-15",69.5699996948242,71.1500015258789,69.3099975585938,70.6900024414062,262945,70.6900024414062
"2009-12-16",70.7799987792969,73.5500030517578,70.5899963378906,72.6600036621094,298377,72.6600036621094
"2009-12-17",72.7399978637695,73.129997253418,71.2099990844727,72.6500015258789,173958,72.6500015258789
"2009-12-18",72.5999984741211,74.6900024414062,72.5500030517578,73.3600006103516,122741,73.3600006103516
"2009-12-21",73.0500030517578,74.3199996948242,71.9899978637695,72.4700012207031,189118,72.4700012207031
"2009-12-22",73.4300003051758,74.9100036621094,72.7200012207031,74.4000015258789,196830,74.4000015258789
"2009-12-23",74.5199966430664,77,74.25,76.6699981689453,205585,76.6699981689453
"2009-12-24",76.5899963378906,78.25,76.1900024414062,78.0500030517578,102484,78.0500030517578
"2009-12-28",77.9199981689453,79.120002746582,77.7600021362305,78.7699966430664,108895,78.7699966430664
"2009-12-29",78.6600036621094,79.3899993896484,78.0199966430664,78.870002746582,137090,78.870002746582
"2009-12-30",78.8000030517578,79.8000030517578,78.4599990844727,79.2799987792969,156075,79.2799987792969
"2009-12-31",79.2799987792969,80,79.1600036621094,79.3600006103516,120372,79.3600006103516
"2010-01-04",79.629997253418,81.6800003051758,79.629997253418,81.5100021362305,263542,81.5100021362305
"2010-01-05",81.629997253418,82,80.9499969482422,81.7699966430664,258887,81.7699966430664
"2010-01-06",81.4300003051758,83.5199966430664,80.8499984741211,83.1800003051758,370059,83.1800003051758
"2010-01-07",83.1999969482422,83.3600006103516,82.2600021362305,82.6600036621094,246632,82.6600036621094
"2010-01-08",82.6500015258789,83.4700012207031,81.8000030517578,82.75,310377,82.75
"2010-01-11",82.879997253418,83.9499969482422,81.9599990844727,82.5199966430664,296304,82.5199966430664
"2010-01-12",82.0699996948242,82.3399963378906,79.9100036621094,80.7900009155273,333866,80.7900009155273
"2010-01-13",80.0599975585938,80.6699981689453,78.370002746582,79.6500015258789,401627,79.6500015258789
"2010-01-14",79.629997253418,80.3600006103516,78.9199981689453,79.3899993896484,275404,79.3899993896484
"2010-01-15",79.1999969482422,79.3099975585938,77.6999969482422,78,200555,78
"2010-01-19",77.8499984741211,79.1500015258789,76.7600021362305,79.0199966430664,186882,79.0199966430664
"2010-01-20",78.879997253418,79.0299987792969,76.9599990844727,77.620002746582,303758,77.620002746582
"2010-01-21",77.5599975585938,78.3600006103516,75.6600036621094,76.0800018310547,327417,76.0800018310547
"2010-01-22",75.8399963378906,76.5,74.0100021362305,74.5400009155273,348819,74.5400009155273
"2010-01-25",74.2399978637695,75.4199981689453,74.0599975585938,75.2600021362305,280559,75.2600021362305
"2010-01-26",75.2799987792969,75.3899993896484,73.8199996948242,74.7099990844727,256207,74.7099990844727
"2010-01-27",74.6900024414062,75.0899963378906,72.6500015258789,73.6699981689453,356179,73.6699981689453
"2010-01-28",73.75,74.4899978637695,72.9300003051758,73.6399993896484,292911,73.6399993896484
"2010-01-29",73.8899993896484,74.8199996948242,72.4300003051758,72.8899993896484,335270,72.8899993896484
"2010-02-01",72.8399963378906,74.9899978637695,72.4899978637695,74.4300003051758,277411,74.4300003051758
"2010-02-02",74.9400024414062,77.4100036621094,74.4000015258789,77.2300033569336,366269,77.2300033569336
"2010-02-03",76.9899978637695,78.0400009155273,76.5199966430664,76.9800033569336,391294,76.9800033569336
"2010-02-04",77.0899963378906,77.1699981689453,72.4199981689453,73.1399993896484,523892,73.1399993896484
"2010-02-05",73.0400009155273,73.9400024414062,69.5,71.1900024414062,596142,71.1900024414062
"2010-02-08",72.1800003051758,72.3899993896484,70.7699966430664,71.8899993896484,345638,71.8899993896484
"2010-02-09",71.6800003051758,74.1500015258789,71.3199996948242,73.75,429845,73.75
"2010-02-10",73.7900009155273,74.9700012207031,72.5999984741211,74.5199966430664,422057,74.5199966430664
"2010-02-11",74.6500015258789,75.6900024414062,73.379997253418,75.2799987792969,464441,75.2799987792969
"2010-02-12",75.3000030517578,75.3499984741211,72.6600036621094,74.129997253418,335805,74.129997253418
"2010-02-16",74.0199966430664,77.4199981689453,73.7099990844727,77.0100021362305,365032,77.0100021362305
"2010-02-17",77.3199996948242,77.8199996948242,76.5299987792969,77.3300018310547,283816,77.3300018310547
"2010-02-18",77.2900009155273,79.2900009155273,76.3199996948242,79.0599975585938,274169,79.0599975585938
"2010-02-19",78.370002746582,80.0999984741211,77.7600021362305,79.8099975585938,183234,79.8099975585938
"2010-02-22",80.0999984741211,80.5100021362305,79.4499969482422,80.1600036621094,238956,80.1600036621094
"2010-02-23",80.0299987792969,80.3899993896484,78.2200012207031,78.8600006103516,316878,78.8600006103516
"2010-02-24",79.129997253418,80.4499969482422,78.25,80,289321,80
"2010-02-25",80.3099975585938,80.3199996948242,77.0500030517578,78.1699981689453,346025,78.1699981689453
"2010-02-26",78.3300018310547,80.0500030517578,77.8199996948242,79.6600036621094,319038,79.6600036621094
"2010-03-01",79.8399963378906,80.620002746582,78.0599975585938,78.6999969482422,298718,78.6999969482422
"2010-03-02",78.879997253418,80.9499969482422,78.2600021362305,79.6800003051758,301698,79.6800003051758
"2010-03-03",79.6399993896484,81.2300033569336,79.4400024414062,80.870002746582,306910,80.870002746582
"2010-03-04",81.0100021362305,81.0899963378906,79.6999969482422,80.2099990844727,278889,80.2099990844727
"2010-03-05",80.5800018310547,82.0699996948242,80.4700012207031,81.5,299634,81.5
"2010-03-08",81.7900009155273,82.4100036621094,80.75,81.870002746582,295351,81.870002746582
"2010-03-09",81.75,81.9100036621094,80.1600036621094,81.4899978637695,332133,81.4899978637695
"2010-03-10",81.379997253418,83.0299987792969,80.8099975585938,82.0899963378906,430148,82.0899963378906
"2010-03-11",81.9800033569336,82.379997253418,81.3300018310547,82.1100006103516,279161,82.1100006103516
"2010-03-12",82.1999969482422,83.1600036621094,80.5699996948242,81.2399978637695,337201,81.2399978637695
"2010-03-15",81.129997253418,81.3099975585938,79.129997253418,79.8000030517578,283135,79.8000030517578
"2010-03-16",79.8399963378906,82.0400009155273,79.3199996948242,81.6999969482422,290180,81.6999969482422
"2010-03-17",82.0500030517578,83.0899963378906,81.7200012207031,82.9300003051758,275205,82.9300003051758
"2010-03-18",82.8499984741211,82.8499984741211,81.6800003051758,82.1999969482422,208343,82.1999969482422
"2010-03-19",82.1699981689453,82.1699981689453,79.8600006103516,80.6800003051758,150682,80.6800003051758
"2010-03-22",80.9300003051758,81.4899978637695,78.5699996948242,81.25,351220,81.25
"2010-03-23",81.8099975585938,82.1999969482422,80.8499984741211,81.9100036621094,261873,81.9100036621094
"2010-03-24",81.5800018310547,81.6399993896484,79.879997253418,80.6100006103516,307763,80.6100006103516
"2010-03-25",80.25,81.4800033569336,80.1999969482422,80.5299987792969,296271,80.5299987792969
"2010-03-26",80.129997253418,81.4599990844727,79.5400009155273,80,324607,80
"2010-03-29",80.2399978637695,82.7799987792969,80.1800003051758,82.1699981689453,311042,82.1699981689453
"2010-03-30",82.5,82.7399978637695,81.7699966430664,82.370002746582,244435,82.370002746582
"2010-03-31",82.5,83.8499984741211,82.2200012207031,83.7600021362305,371961,83.7600021362305
"2010-04-01",83.3600006103516,85.2200012207031,83.2099990844727,84.870002746582,295387,84.870002746582
"2010-04-05",85.3099975585938,86.9000015258789,85.0599975585938,86.620002746582,244106,86.620002746582
"2010-04-06",86.7399978637695,87.0899963378906,86.129997253418,86.8399963378906,290480,86.8399963378906
"2010-04-07",86.7600021362305,87,85.5199966430664,85.879997253418,379528,85.879997253418
"2010-04-08",85.6399993896484,85.879997253418,84.379997253418,85.3899993896484,389596,85.3899993896484
"2010-04-09",85.5599975585938,86.370002746582,84.120002746582,84.9199981689453,442943,84.9199981689453
"2010-04-12",85.1699981689453,85.7099990844727,84.0800018310547,84.3399963378906,421904,84.3399963378906
"2010-04-13",84.3600006103516,84.4199981689453,82.5100021362305,84.0500030517578,552298,84.0500030517578
"2010-04-14",83.8199996948242,86.3899993896484,83.7099990844727,85.8399963378906,425166,85.8399963378906
"2010-04-15",85.9100036621094,86.2699966430664,85.2699966430664,85.5100021362305,274095,85.5100021362305
"2010-04-16",85.3499984741211,85.4400024414062,82.5199966430664,83.2399978637695,268760,83.2399978637695
"2010-04-19",82.9199981689453,83,80.5299987792969,81.4499969482422,122831,81.4499969482422
"2010-04-20",81.6900024414062,83.6500015258789,81.5100021362305,83.4499969482422,344024,83.4499969482422
"2010-04-21",84.0299987792969,84.6399993896484,82.9199981689453,83.6800003051758,428236,83.6800003051758
"2010-04-22",83.4700012207031,84.0699996948242,81.7300033569336,83.6999969482422,433947,83.6999969482422
"2010-04-23",83.75,85.1900024414062,82.9199981689453,85.120002746582,322550,85.120002746582
"2010-04-26",85.2200012207031,85.629997253418,83.7300033569336,84.1999969482422,337123,84.1999969482422
"2010-04-27",83.8899993896484,84.3300018310547,81.7900009155273,82.4400024414062,462842,82.4400024414062
"2010-04-28",81.8399963378906,83.3899993896484,81.2900009155273,83.2200012207031,400695,83.2200012207031
"2010-04-29",83.3300018310547,85.4599990844727,83.0100021362305,85.1699981689453,393689,85.1699981689453
"2010-04-30",85.5800018310547,86.5,85.1600036621094,86.1500015258789,392139,86.1500015258789
"2010-05-03",86.1999969482422,87.1500015258789,85.8300018310547,86.1900024414062,324726,86.1900024414062
"2010-05-04",86.0899963378906,86.2399978637695,82.5500030517578,82.7399978637695,497427,82.7399978637695
"2010-05-05",82.129997253418,82.8300018310547,79.1500015258789,79.9700012207031,512285,79.9700012207031
"2010-05-06",79.629997253418,80.3899993896484,74.5800018310547,77.1100006103516,605011,77.1100006103516
"2010-05-07",76.9499969482422,78.1900024414062,74.5100021362305,75.1100006103516,601534,75.1100006103516
"2010-05-10",76.1100006103516,78.5100021362305,75.8000030517578,76.8000030517578,447158,76.8000030517578
"2010-05-11",77.2600021362305,77.6800003051758,75.3600006103516,76.370002746582,441537,76.370002746582
"2010-05-12",75.8899993896484,77,74.75,75.6500015258789,475847,75.6500015258789
"2010-05-13",75.4700012207031,76.4499969482422,73.620002746582,74.4000015258789,532331,74.4000015258789
"2010-05-14",73.9899978637695,74.129997253418,70.8300018310547,71.6100006103516,373981,71.6100006103516
"2010-05-17",71.7900009155273,72.25,69.2699966430664,70.0800018310547,355833,70.0800018310547
"2010-05-18",70.5,72.5199966430664,68.9100036621094,69.4100036621094,206381,69.4100036621094
"2010-05-19",69.1100006103516,71.3000030517578,67.9000015258789,69.870002746582,129166,69.870002746582
"2010-05-20",71.1999969482422,71.2900009155273,64.2399978637695,68.0100021362305,553741,68.0100021362305
"2010-05-21",69.5199966430664,71.2300033569336,69,70.0400009155273,449428,70.0400009155273
"2010-05-24",70.620002746582,70.9599990844727,69.5699996948242,70.2099990844727,279820,70.2099990844727
"2010-05-25",69.9000015258789,70.0400009155273,67.1500015258789,68.75,395399,68.75
"2010-05-26",70.0599975585938,71.6999969482422,69.2099990844727,71.5100021362305,405519,71.5100021362305
"2010-05-27",70.7399978637695,74.75,70.6699981689453,74.5500030517578,401812,74.5500030517578
"2010-05-28",74.9000015258789,75.7200012207031,73.129997253418,73.9700012207031,420674,73.9700012207031
"2010-06-01",73.9700012207031,75.3300018310547,71.6399993896484,72.5800018310547,438588,72.5800018310547
"2010-06-02",71.9400024414062,73.9300003051758,71.6800003051758,72.8600006103516,391034,72.8600006103516
"2010-06-03",73.6999969482422,74.9499969482422,72.3199996948242,74.6100006103516,439431,74.6100006103516
"2010-06-04",74.6100006103516,75.4199981689453,70.7900009155273,71.5100021362305,448494,71.5100021362305
"2010-06-07",70.3499984741211,72.4899978637695,69.5100021362305,71.4400024414062,417308,71.4400024414062
"2010-06-08",71.1600036621094,72.4000015258789,70.75,71.9899978637695,421966,71.9899978637695
"2010-06-09",72.5100021362305,74.9599990844727,72.0299987792969,74.379997253418,436981,74.379997253418
"2010-06-10",73.870002746582,76.3000030517578,73.7200012207031,75.4800033569336,430042,75.4800033569336
"2010-06-11",75.5199966430664,75.6399993896484,73.2600021362305,73.7799987792969,421739,73.7799987792969
"2010-06-14",74.0599975585938,75.9899978637695,74.0400009155273,75.120002746582,321671,75.120002746582
"2010-06-15",74.7699966430664,77.1600036621094,74.620002746582,76.9400024414062,308294,76.9400024414062
"2010-06-16",77.0599975585938,78.129997253418,76.0599975585938,77.6699981689453,323357,77.6699981689453
"2010-06-17",77.4499969482422,77.7900009155273,76.1699981689453,76.7900009155273,303284,76.7900009155273
"2010-06-18",76.5500030517578,77.4499969482422,75.5599975585938,77.1800003051758,157434,77.1800003051758
"2010-06-21",77.5,78.9199981689453,76.879997253418,77.8199996948242,124289,77.8199996948242
"2010-06-22",77.3499984741211,78.0999984741211,76.5299987792969,77.2099990844727,285495,77.2099990844727
"2010-06-23",77.5199966430664,77.8300018310547,75.1699981689453,76.3499984741211,365038,76.3499984741211
"2010-06-24",76,76.5699996948242,75.3199996948242,76.5100021362305,260401,76.5100021362305
"2010-06-25",76.5599975585938,79.1900024414062,75.9000015258789,78.8600006103516,316456,78.8600006103516
"2010-06-28",79,79.379997253418,77.7200012207031,78.25,223305,78.25
"2010-06-29",78.1500015258789,78.3199996948242,75.2099990844727,75.9400024414062,323267,75.9400024414062
"2010-06-30",75.4599990844727,76.8300018310547,74.3899993896484,75.629997253418,357752,75.629997253418
"2010-07-01",75.370002746582,75.4000015258789,72.0500030517578,72.9499969482422,405081,72.9499969482422
"2010-07-02",72.6699981689453,73.379997253418,71.620002746582,72.1399993896484,256171,72.1399993896484
"2010-07-06",72.0599975585938,73.8600006103516,71.0899963378906,71.9800033569336,325727,71.9800033569336
"2010-07-07",72.0699996948242,74.5599975585938,71.4400024414062,74.0699996948242,288660,74.0699996948242
"2010-07-08",74.8499984741211,76,74.379997253418,75.4400024414062,325813,75.4400024414062
"2010-07-09",75.8499984741211,76.4800033569336,75,76.0899963378906,269887,76.0899963378906
"2010-07-12",76.3000030517578,76.4300003051758,74.5199966430664,74.9499969482422,309169,74.9499969482422
"2010-07-13",75.0599975585938,77.370002746582,74.25,77.1500015258789,361792,77.1500015258789
"2010-07-14",77.129997253418,78.1500015258789,76.379997253418,77.0400009155273,364471,77.0400009155273
"2010-07-15",76.7600021362305,77.6600036621094,75.3300018310547,76.620002746582,366023,76.620002746582
"2010-07-16",76.8199996948242,77.1500015258789,75.25,76.0100021362305,225250,76.0100021362305
"2010-07-19",75.7200012207031,77.6900024414062,75.5,76.5400009155273,169548,76.5400009155273
"2010-07-20",76.4000015258789,77.5699996948242,75.6500015258789,77.4400024414062,285817,77.4400024414062
"2010-07-21",77.8499984741211,78.5699996948242,76.1999969482422,76.5599975585938,322410,76.5599975585938
"2010-07-22",76.4300003051758,79.4199981689453,76.1600036621094,79.3000030517578,358815,79.3000030517578
"2010-07-23",79.2699966430664,79.5999984741211,78.4000015258789,78.9800033569336,259741,78.9800033569336
"2010-07-26",78.9800033569336,79.3300018310547,78.0599975585938,78.9800033569336,227656,78.9800033569336
"2010-07-27",78.9199981689453,79.6900024414062,76.7900009155273,77.5,377844,77.5
"2010-07-28",77.0800018310547,77.7399978637695,75.9000015258789,76.9899978637695,314173,76.9899978637695
"2010-07-29",76.8899993896484,78.8899993896484,76.4499969482422,78.3600006103516,350581,78.3600006103516
"2010-07-30",78.25,79.0500030517578,76.8300018310547,78.9499969482422,294425,78.9499969482422
"2010-08-02",78.9499969482422,81.7699966430664,78.8300018310547,81.3399963378906,306098,81.3399963378906
"2010-08-03",81.4100036621094,82.6399993896484,81.1100006103516,82.5500030517578,290979,82.5500030517578
"2010-08-04",82.4199981689453,82.9700012207031,81.620002746582,82.4700012207031,293321,82.4700012207031
"2010-08-05",82.4400024414062,82.4800033569336,81.5599975585938,82.0100021362305,234811,82.0100021362305
"2010-08-06",82.120002746582,82.6699981689453,80.0400009155273,80.6999969482422,397532,80.6999969482422
"2010-08-09",80.9100036621094,81.7600021362305,80.7099990844727,81.4800033569336,267083,81.4800033569336
"2010-08-10",81.4400024414062,81.620002746582,79.1999969482422,80.25,385854,80.25
"2010-08-11",80.2200012207031,80.4400024414062,77.4199981689453,78.0199966430664,416889,78.0199966430664
"2010-08-12",77.3099975585938,77.9700012207031,75.5199966430664,75.7399978637695,430788,75.7399978637695
"2010-08-13",75.75,76.7399978637695,75.0100021362305,75.3899993896484,286126,75.3899993896484
"2010-08-16",75.5999984741211,75.9499969482422,74.8600006103516,75.2399978637695,237455,75.2399978637695
"2010-08-17",75.0599975585938,76.629997253418,75.0100021362305,75.7699966430664,347432,75.7699966430664
"2010-08-18",75.4499969482422,75.7399978637695,73.8300018310547,75.4199981689453,247104,75.4199981689453
"2010-08-19",75.2699966430664,76.0999984741211,73.9599990844727,74.4300003051758,123224,74.4300003051758
"2010-08-20",74.4499969482422,74.5999984741211,73.1900024414062,73.4599990844727,246977,73.4599990844727
"2010-08-23",73.9000015258789,74.4800033569336,72.75,73.0999984741211,252439,73.0999984741211
"2010-08-24",72.9499969482422,73.0500030517578,71.3199996948242,71.629997253418,340994,71.629997253418
"2010-08-25",71.4700012207031,72.870002746582,70.7600021362305,72.5199966430664,343405,72.5199966430664
"2010-08-26",72.8199996948242,73.9800033569336,72.5400009155273,73.3600006103516,362828,73.3600006103516
"2010-08-27",73.1800003051758,75.4499969482422,72.0400009155273,75.1699981689453,477903,75.1699981689453
"2010-08-30",75.5,75.5800018310547,74.1699981689453,74.6999969482422,260666,74.6999969482422
"2010-08-31",74.0699996948242,74.7300033569336,71.5299987792969,71.9199981689453,469412,71.9199981689453
"2010-09-01",71.6999969482422,74.4800033569336,71.6699981689453,73.9100036621094,396607,73.9100036621094
"2010-09-02",73.9100036621094,75.1399993896484,73.1100006103516,75.0199966430664,340168,75.0199966430664
"2010-09-03",74.9300003051758,75.4400024414062,73.1999969482422,74.5999984741211,379300,74.5999984741211
"2010-09-07",74.3000030517578,74.629997253418,72.629997253418,74.0899963378906,406641,74.0899963378906
"2010-09-08",73.9100036621094,75.3899993896484,73.370002746582,74.6699981689453,359759,74.6699981689453
"2010-09-09",74.9199981689453,75.9599990844727,73.879997253418,74.25,372881,74.25
"2010-09-10",74.4000015258789,76.7300033569336,74.370002746582,76.4499969482422,431370,76.4499969482422
"2010-09-13",76.3600006103516,78.0400009155273,76.3600006103516,77.1900024414062,349157,77.1900024414062
"2010-09-14",77.1699981689453,77.9899978637695,76.2099990844727,76.8000030517578,416114,76.8000030517578
"2010-09-15",76.6399993896484,76.6500015258789,74.6600036621094,76.0199966430664,356325,76.0199966430664
"2010-09-16",75.7600021362305,75.9899978637695,74.1100006103516,74.5699996948242,289281,74.5699996948242
"2010-09-17",74.4700012207031,75.25,72.75,73.6600036621094,195831,73.6600036621094
"2010-09-20",73.5899963378906,75.4499969482422,73.3199996948242,74.8600006103516,132427,74.8600006103516
"2010-09-21",74.5699996948242,74.5999984741211,72.8099975585938,73.5199966430664,311954,73.5199966430664
"2010-09-22",74.7900009155273,76,73.8399963378906,74.7099990844727,343846,74.7099990844727
"2010-09-23",74.8399963378906,75.6100006103516,73.5800018310547,75.1800003051758,295903,75.1800003051758
"2010-09-24",74.9499969482422,76.6800003051758,74.6600036621094,76.4899978637695,288499,76.4899978637695
"2010-09-27",76.4700012207031,77.1699981689453,75.5199966430664,76.5199966430664,289641,76.5199966430664
"2010-09-28",76.2300033569336,77.120002746582,75.5299987792969,76.1800003051758,329350,76.1800003051758
"2010-09-29",76.1999969482422,78.129997253418,75.5999984741211,77.8600006103516,388993,77.8600006103516
"2010-09-30",77.9100036621094,80.1800003051758,77.5500030517578,79.9700012207031,418628,79.9700012207031
"2010-10-01",79.8399963378906,81.6900024414062,79.6999969482422,81.5800018310547,359944,81.5800018310547
"2010-10-04",81.6800003051758,82.379997253418,80.7699966430664,81.4700012207031,313306,81.4700012207031
"2010-10-05",81.370002746582,82.9899978637695,81.1500015258789,82.8199996948242,336832,82.8199996948242
"2010-10-06",82.5999984741211,84.0899963378906,82.2900009155273,83.2300033569336,349174,83.2300033569336
"2010-10-07",83.2699966430664,84.4300003051758,81,81.6699981689453,450952,81.6699981689453
"2010-10-08",81.4300003051758,83.129997253418,80.3000030517578,82.6600036621094,414081,82.6600036621094
"2010-10-11",82.9499969482422,83.5,81.8499984741211,82.2099990844727,234320,82.2099990844727
"2010-10-12",81.9400024414062,82.3300018310547,80.879997253418,81.6699981689453,333582,81.6699981689453
"2010-10-13",81.7200012207031,83.4499969482422,81.6800003051758,83.0100021362305,330288,83.0100021362305
"2010-10-14",83.2300033569336,84.120002746582,82.2099990844727,82.6900024414062,340955,82.6900024414062
"2010-10-15",82.7699966430664,83.3300018310547,80.75,81.25,345844,81.25
"2010-10-18",81.379997253418,83.2799987792969,80.3499984741211,83.0800018310547,225081,83.0800018310547
"2010-10-19",82.9499969482422,83.2099990844727,79.3899993896484,79.4899978637695,151357,79.4899978637695
"2010-10-20",79.4800033569336,82.0299987792969,79.3499984741211,81.7699966430664,422745,81.7699966430664
"2010-10-21",82.5500030517578,82.6999969482422,80.0899963378906,80.5599975585938,378285,80.5599975585938
"2010-10-22",80.7300033569336,82.0699996948242,80.4100036621094,81.6900024414062,256382,81.6900024414062
"2010-10-25",82.0100021362305,83.2799987792969,81.4499969482422,82.5199966430664,339395,82.5199966430664
"2010-10-26",82.4700012207031,82.879997253418,81.8099975585938,82.5500030517578,265930,82.5500030517578
"2010-10-27",82.4800033569336,82.6900024414062,80.5199966430664,81.9400024414062,375249,81.9400024414062
"2010-10-28",81.9899978637695,82.6399993896484,81.5,82.1800003051758,296748,82.1800003051758
"2010-10-29",81.9199981689453,82.120002746582,80.5599975585938,81.4300003051758,313874,81.4300003051758
"2010-11-01",81.4499969482422,83.8600006103516,81.3199996948242,82.9499969482422,358535,82.9499969482422
"2010-11-02",82.879997253418,84.4700012207031,82.8300018310547,83.9000015258789,281834,83.9000015258789
"2010-11-03",84.370002746582,85.3600006103516,83.5699996948242,84.6900024414062,393735,84.6900024414062
"2010-11-04",85.0899963378906,86.8300018310547,84.9199981689453,86.4899978637695,317997,86.4899978637695
"2010-11-05",86.5999984741211,87.4300003051758,85.9599990844727,86.8499984741211,317997,86.8499984741211
"2010-11-08",87.3899993896484,87.4899978637695,85.9599990844727,87.0599975585938,309966,87.0599975585938
"2010-11-09",86.75,87.629997253418,85.4800033569336,86.7200012207031,367995,86.7200012207031
"2010-11-10",86.4499969482422,88.2099990844727,86.0999984741211,87.8099975585938,472840,87.8099975585938
"2010-11-11",87.8499984741211,88.629997253418,87.5400009155273,87.8099975585938,343012,87.8099975585938
"2010-11-12",87.7300033569336,87.8499984741211,84.5199966430664,84.879997253418,478815,84.879997253418
"2010-11-15",84.870002746582,85.7699966430664,84.4800033569336,84.8600006103516,315260,84.8600006103516
"2010-11-16",84.5800018310547,84.7399978637695,82.0699996948242,82.3399963378906,454828,82.3399963378906
"2010-11-17",82.4400024414062,82.6699981689453,80.0599975585938,80.4400024414062,334525,80.4400024414062
"2010-11-18",80.4499969482422,82.3499984741211,80.4400024414062,81.8499984741211,160405,81.8499984741211
"2010-11-19",82.2399978637695,82.75,80.5899963378906,81.5100021362305,324513,81.5100021362305
"2010-11-22",82.1500015258789,82.870002746582,80.6800003051758,81.7399978637695,290222,81.7399978637695
"2010-11-23",81.6100006103516,82.0999984741211,80.2799987792969,81.25,351860,81.25
"2010-11-24",80.9899978637695,84.1999969482422,80.9700012207031,83.8600006103516,324511,83.8600006103516
"2010-11-26",84.2099990844727,84.5299987792969,82.7799987792969,83.7600021362305,174178,83.7600021362305
"2010-11-29",83.9000015258789,85.8300018310547,83.5899963378906,85.7300033569336,335800,85.7300033569336
"2010-11-30",85.8099975585938,85.9000015258789,83.5500030517578,84.1100006103516,338358,84.1100006103516
"2010-12-01",83.6600036621094,86.9499969482422,83.629997253418,86.75,340736,86.75
"2010-12-02",86.8000030517578,88.129997253418,86.2699966430664,88,330642,88
"2010-12-03",87.9400024414062,89.4899978637695,87.1399993896484,89.1900024414062,354635,89.1900024414062
"2010-12-06",89.4400024414062,89.7600021362305,88.5599975585938,89.379997253418,293836,89.379997253418
"2010-12-07",88.9199981689453,90.7600021362305,88.0999984741211,88.6900024414062,462689,88.6900024414062
"2010-12-08",88.3499984741211,88.9899978637695,87.3300018310547,88.2799987792969,383144,88.2799987792969
"2010-12-09",88.5500030517578,89.4199981689453,87.7099990844727,88.370002746582,353964,88.370002746582
"2010-12-10",88.5100021362305,89,87.0999984741211,87.7900009155273,313842,87.7900009155273
"2010-12-13",87.6800003051758,89.4899978637695,87.4400024414062,88.6100006103516,329766,88.6100006103516
"2010-12-14",88.1900024414062,88.9499969482422,87.7399978637695,88.2799987792969,281851,88.2799987792969
"2010-12-15",88.2799987792969,89.0899963378906,86.8300018310547,88.620002746582,355056,88.620002746582
"2010-12-16",88.4800033569336,88.6500015258789,87.629997253418,87.6999969482422,221145,87.6999969482422
"2010-12-17",87.870002746582,88.5199966430664,87.0100021362305,88.0199966430664,152396,88.0199966430664
"2010-12-20",88.1800003051758,88.9800033569336,87.2600021362305,88.8099975585938,265975,88.8099975585938
"2010-12-21",89.2200012207031,89.9700012207031,89.0599975585938,89.8199996948242,187321,89.8199996948242
"2010-12-22",89.9899978637695,90.8000030517578,89.8499984741211,90.4800033569336,187386,90.4800033569336
"2010-12-23",90.6100006103516,91.629997253418,90.3300018310547,91.5100021362305,145007,91.5100021362305
"2010-12-27",91.0699996948242,91.879997253418,90.5100021362305,91,104321,91
"2010-12-28",90.7900009155273,91.6699981689453,90.75,91.4899978637695,104415,91.4899978637695
"2010-12-29",91.2699966430664,91.5299987792969,90.8000030517578,91.120002746582,117853,91.120002746582
"2010-12-30",90.9800033569336,91.4000015258789,89.0199966430664,89.8399963378906,209645,89.8399963378906
"2010-12-31",89.6699981689453,92.0599975585938,89.0500030517578,91.379997253418,171010,91.379997253418
"2011-01-03",91.3099975585938,92.5800018310547,91.2099990844727,91.5500030517578,225189,91.5500030517578
"2011-01-04",91.5,92.0699996948242,88.3600006103516,89.379997253418,415521,89.379997253418
"2011-01-05",89.2900009155273,90.8399963378906,88.0999984741211,90.3000030517578,416908,90.3000030517578
"2011-01-06",90.4700012207031,90.7099990844727,87.8499984741211,88.379997253418,440456,88.379997253418
"2011-01-07",88.1800003051758,89.4800033569336,87.25,88.0299987792969,444813,88.0299987792969
"2011-01-10",89,89.9800033569336,88.129997253418,89.25,430277,89.25
"2011-01-11",89.3099975585938,91.3899993896484,88.9300003051758,91.1100006103516,429761,91.1100006103516
"2011-01-12",91.1800003051758,92.3899993896484,90.7900009155273,91.8600006103516,382686,91.8600006103516
"2011-01-13",92,92.370002746582,90.75,91.4000015258789,358898,91.4000015258789
"2011-01-14",90.9899978637695,91.6900024414062,90.0999984741211,91.5400009155273,313331,91.5400009155273
"2011-01-18",91.5100021362305,91.9000015258789,90.5500030517578,91.379997253418,211930,91.379997253418
"2011-01-19",91.3399963378906,92.0999984741211,90.4700012207031,90.8600006103516,109525,90.8600006103516
"2011-01-20",90.6999969482422,90.8600006103516,88,88.8600006103516,442041,88.8600006103516
"2011-01-21",89.4499969482422,90.2200012207031,88.870002746582,89.1100006103516,287810,89.1100006103516
"2011-01-24",89.2600021362305,89.629997253418,87.2699966430664,87.870002746582,356085,87.870002746582
"2011-01-25",87.6999969482422,87.8499984741211,86.120002746582,86.1900024414062,338646,86.1900024414062
"2011-01-26",86.2300033569336,87.7799987792969,86.0299987792969,87.3300018310547,347753,87.3300018310547
"2011-01-27",87.5500030517578,87.6600036621094,85.4199981689453,85.6399993896484,369379,85.6399993896484
"2011-01-28",85.2799987792969,89.7300033569336,85.1100006103516,89.3399963378906,584789,89.3399963378906
"2011-01-31",89.9700012207031,92.8399963378906,88.4000015258789,92.1900024414062,436801,92.1900024414062
"2011-02-01",92.1999969482422,92.4499969482422,90.4400024414062,90.7699966430664,392882,90.7699966430664
"2011-02-02",90.5100021362305,91.7799987792969,90.0999984741211,90.8600006103516,312107,90.8600006103516
"2011-02-03",90.9300003051758,92.0500030517578,90,90.5400009155273,290494,90.5400009155273
"2011-02-04",90.629997253418,91.6699981689453,88.4499969482422,89.0299987792969,359925,89.0299987792969
"2011-02-07",89.0599975585938,89.5400009155273,87.1800003051758,87.4800033569336,324984,87.4800033569336
"2011-02-08",87.4100036621094,88.1100006103516,85.879997253418,86.9400024414062,414877,86.9400024414062
"2011-02-09",87.3499984741211,87.9499969482422,86.3600006103516,86.7099990844727,367209,86.7099990844727
"2011-02-10",86.9300003051758,87.9000015258789,85.9599990844727,86.7300033569336,419188,86.7300033569336
"2011-02-11",87.6999969482422,87.7699966430664,85.0999984741211,85.5800018310547,383391,85.5800018310547
"2011-02-14",85.5,86.5199966430664,84.5800018310547,84.8099975585938,319329,84.8099975585938
"2011-02-15",84.8399963378906,85.9700012207031,83.8499984741211,84.3199996948242,284165,84.3199996948242
"2011-02-16",84.4400024414062,85.9499969482422,84.120002746582,84.9899978637695,297660,84.9899978637695
"2011-02-17",85.25,86.629997253418,84.379997253418,86.3600006103516,176128,86.3600006103516
"2011-02-18",86.4000015258789,87.879997253418,85.6500015258789,86.1999969482422,155296,86.1999969482422
"2011-02-22",86.379997253418,94.4899978637695,86.25,93.5699996948242,638193,93.5699996948242
"2011-02-23",95.6800003051758,100,95.1399993896484,98.0999984741211,489667,98.0999984741211
"2011-02-24",98.9700012207031,103.410003662109,95.620002746582,97.2799987792969,507456,97.2799987792969
"2011-02-25",96.629997253418,99.1999969482422,96.1699981689453,97.879997253418,307903,97.879997253418
"2011-02-28",98.5,99.9599990844727,96.7099990844727,96.9700012207031,262001,96.9700012207031
"2011-03-01",96.9700012207031,100.680000305176,96.370002746582,99.629997253418,322429,99.629997253418
"2011-03-02",100.480003356934,102.430000305176,99.2099990844727,102.230003356934,446378,102.230003356934
"2011-03-03",102.389999389648,102.940002441406,100.150001525879,101.910003662109,382555,101.910003662109
"2011-03-04",101.699996948242,105.169998168945,101.540000915527,104.419998168945,369148,104.419998168945
"2011-03-07",104.650001525879,106.949996948242,104.25,105.440002441406,404435,105.440002441406
"2011-03-08",104.849998474121,105.790000915527,103.330001831055,105.019996643066,420036,105.019996643066
"2011-03-09",104.959999084473,105.919998168945,103.900001525879,104.379997253418,353948,104.379997253418
"2011-03-10",104.449996948242,105.059997558594,100.620002746582,102.699996948242,432988,102.699996948242
"2011-03-11",102.639999389648,103,99.0100021362305,101.160003662109,342531,101.160003662109
"2011-03-14",100.309997558594,101.599998474121,98.4700012207031,101.190002441406,289434,101.190002441406
"2011-03-15",101.860000610352,101.870002746582,96.7099990844727,97.1800003051758,388736,97.1800003051758
"2011-03-16",97.4000015258789,99.5999984741211,96.2200012207031,97.9800033569336,357944,97.9800033569336
"2011-03-17",98.0999984741211,101.98999786377,96.5999984741211,101.419998168945,261573,101.419998168945
"2011-03-18",101.779998779297,103.660003662109,100.139999389648,101.069999694824,217675,101.069999694824
"2011-03-21",102.120002746582,103.349998474121,101.660003662109,102.330001831055,103960,102.330001831055
"2011-03-22",102.099998474121,104.540000915527,101.430000305176,104,303365,104
"2011-03-23",104.849998474121,106.339996337891,104.379997253418,105.75,254571,105.75
"2011-03-24",105.519996643066,106.690002441406,104.76000213623,105.599998474121,258015,105.599998474121
"2011-03-25",105.459999084473,105.949996948242,104.5,105.400001525879,235658,105.400001525879
"2011-03-28",105.430000305176,105.76000213623,103.599998474121,103.980003356934,223079,103.980003356934
"2011-03-29",103.940002441406,105,102.699996948242,104.790000915527,246824,104.790000915527
"2011-03-30",104.449996948242,105.150001525879,103.440002441406,104.269996643066,256895,104.269996643066
"2011-03-31",104.309997558594,106.830001831055,104.120002746582,106.720001220703,270630,106.720001220703
"2011-04-01",106.620002746582,108.230003356934,106.300003051758,107.940002441406,283710,107.940002441406
"2011-04-04",108.290000915527,108.779998779297,107.580001831055,108.470001220703,228494,108.470001220703
"2011-04-05",108.199996948242,108.599998474121,107.5,108.339996337891,249358,108.339996337891
"2011-04-06",107.98999786377,109.150001525879,107.720001220703,108.830001831055,255598,108.830001831055
"2011-04-07",108.669998168945,110.440002441406,108.230003356934,110.300003051758,334906,110.300003051758
"2011-04-08",110.319999694824,113.180000305176,110.110000610352,112.790000915527,319475,112.790000915527
"2011-04-11",113.279998779297,113.459999084473,108.879997253418,109.919998168945,364348,109.919998168945
"2011-04-12",108.970001220703,110.23999786377,105.470001220703,106.25,555625,106.25
"2011-04-13",106.019996643066,107.430000305176,105.309997558594,107.110000610352,456863,107.110000610352
"2011-04-14",107.319999694824,108.550003051758,105.769996643066,108.110000610352,352072,108.110000610352
"2011-04-15",108.449996948242,110.099998474121,107.209999084473,109.660003662109,224394,109.660003662109
"2011-04-18",109.430000305176,109.440002441406,106.540000915527,107.120002746582,138178,107.120002746582
"2011-04-19",107.519996643066,108.449996948242,105.5,108.150001525879,324778,108.150001525879
"2011-04-20",108.449996948242,111.660003662109,107.959999084473,111.449996948242,291546,111.449996948242
"2011-04-21",111.370002746582,112.480003356934,111,112.290000915527,240462,112.290000915527
"2011-04-25",112.339996337891,113.480003356934,111.080001831055,112.279998779297,209683,112.279998779297
"2011-04-26",112.150001525879,112.639999389648,111.120002746582,112.209999084473,234441,112.209999084473
"2011-04-27",111.889999389648,113.400001525879,110.709999084473,112.76000213623,338697,112.76000213623
"2011-04-28",113.129997253418,113.970001220703,111.690002441406,112.860000610352,301604,112.860000610352
"2011-04-29",112.819999694824,114.180000305176,112.25,113.930000305176,201831,113.930000305176
"2011-05-02",113.889999389648,114.830001831055,110.819999694824,113.519996643066,310994,113.519996643066
"2011-05-03",112.980003356934,113.220001220703,110.300003051758,111.050003051758,300333,111.050003051758
"2011-05-04",110.680000305176,111.220001220703,108.480003356934,109.23999786377,333018,109.23999786377
"2011-05-05",108.779998779297,109.379997253418,98.25,99.8000030517578,670082,99.8000030517578
"2011-05-06",99.7600021362305,102.379997253418,94.629997253418,97.1800003051758,606528,97.1800003051758
"2011-05-09",98.1100006103516,103.400001525879,97.4199981689453,102.550003051758,469290,102.550003051758
"2011-05-10",102.440002441406,103.949996948242,100.120002746582,103.879997253418,439607,103.879997253418
"2011-05-11",103.690002441406,104.599998474121,97.5,98.2099990844727,524761,98.2099990844727
"2011-05-12",98.5899963378906,100.48999786377,95.25,98.9700012207031,522503,98.9700012207031
"2011-05-13",98.8099975585938,100.699996948242,97.0899963378906,99.6500015258789,367717,99.6500015258789
"2011-05-16",99.3600006103516,99.6500015258789,96.8899993896484,97.370002746582,335318,97.370002746582
"2011-05-17",96.9800033569336,97.8099975585938,95.0199966430664,96.9100036621094,399128,96.9100036621094
"2011-05-18",97.5699996948242,100.98999786377,97.4599990844727,100.099998474121,285299,100.099998474121
"2011-05-19",99.7600021362305,100.790000915527,98.1600036621094,98.4400024414062,142668,98.4400024414062
"2011-05-20",98.5999984741211,99.9000015258789,95.9899978637695,99.4899978637695,394911,99.4899978637695
"2011-05-23",99.6800003051758,100.040000915527,96.370002746582,97.6999969482422,296828,97.6999969482422
"2011-05-24",97.5400009155273,100.089996337891,96.6100006103516,99.5899963378906,339530,99.5899963378906
"2011-05-25",99.2699966430664,101.629997253418,98.1999969482422,101.319999694824,354880,101.319999694824
"2011-05-26",101.23999786377,101.900001525879,99.6100006103516,100.230003356934,332135,100.230003356934
"2011-05-27",100.160003662109,101.23999786377,100.040000915527,100.589996337891,212254,100.589996337891
"2011-05-31",100.690002441406,103.389999389648,99.5999984741211,102.699996948242,319037,102.699996948242
"2011-06-01",102.680000305176,103.309997558594,99.8600006103516,100.290000915527,376476,100.290000915527
"2011-06-02",99.7900009155273,100.900001525879,98.4599990844727,100.400001525879,389637,100.400001525879
"2011-06-03",100.870002746582,100.870002746582,98.120002746582,100.220001220703,351309,100.220001220703
"2011-06-06",100.419998168945,100.680000305176,98.5500030517578,99.0100021362305,289670,99.0100021362305
"2011-06-07",98.8199996948242,99.6999969482422,97.7399978637695,99.0899963378906,415373,99.0899963378906
"2011-06-08",99.5800018310547,101.889999389648,98.0199966430664,100.73999786377,484275,100.73999786377
"2011-06-09",100.830001831055,102.440002441406,100.73999786377,101.930000305176,345542,101.930000305176
"2011-06-10",101.839996337891,102.150001525879,98.5999984741211,99.2900009155273,379238,99.2900009155273
"2011-06-13",98.7699966430664,99.3199996948242,96.129997253418,97.3000030517578,381993,97.3000030517578
"2011-06-14",97.0899963378906,99.4400024414062,96.5100021362305,99.370002746582,347721,99.370002746582
"2011-06-15",99.6800003051758,99.9499969482422,94.0100021362305,94.8099975585938,508717,94.8099975585938
"2011-06-16",95.2900009155273,95.75,94.2900009155273,94.9499969482422,336011,94.9499969482422
"2011-06-17",95.0999984741211,95.4000015258789,91.8399963378906,93.0100021362305,245013,93.0100021362305
"2011-06-20",92.8000030517578,93.4899978637695,91.1399993896484,93.2600021362305,136837,93.2600021362305
"2011-06-21",93.4899978637695,94.7399978637695,92.5,93.4000015258789,323911,93.4000015258789
"2011-06-22",93.7600021362305,95.6999969482422,93.2399978637695,95.4100036621094,296275,95.4100036621094
"2011-06-23",94.4000015258789,94.4700012207031,89.6900024414062,91.0199966430664,484057,91.0199966430664
"2011-06-24",92.2900009155273,92.3399963378906,89.8199996948242,91.1600036621094,337767,91.1600036621094
"2011-06-27",91.1600036621094,91.3000030517578,89.6100006103516,90.6100006103516,278681,90.6100006103516
"2011-06-28",90.7099990844727,92.9599990844727,90.4400024414062,92.8899993896484,279024,92.8899993896484
"2011-06-29",93.370002746582,95.8399963378906,92.6600036621094,94.7699966430664,348790,94.7699966430664
"2011-06-30",95.0800018310547,95.8199996948242,93.879997253418,95.4199981689453,276580,95.4199981689453
"2011-07-01",95.120002746582,95.3899993896484,93.4499969482422,94.9400024414062,263626,94.9400024414062
"2011-07-05",94.9800033569336,97.4800033569336,94.3399963378906,96.8899993896484,275650,96.8899993896484
"2011-07-06",97,97.7900009155273,95.9000015258789,96.6500015258789,288321,96.6500015258789
"2011-07-07",97.0400009155273,99.4199981689453,96.9899978637695,98.6699981689453,339270,98.6699981689453
"2011-07-08",98.7900009155273,99.1800003051758,95.5999984741211,96.1999969482422,347999,96.1999969482422
"2011-07-11",96.0999984741211,96.75,94.1399993896484,95.1500015258789,311449,95.1500015258789
"2011-07-12",95.0899963378906,97.5,93.5500030517578,97.4300003051758,343493,97.4300003051758
"2011-07-13",96.7200012207031,99.2099990844727,96.5299987792969,98.0500030517578,355098,98.0500030517578
"2011-07-14",97.5899963378906,98.879997253418,94.5299987792969,95.6900024414062,403419,95.6900024414062
"2011-07-15",96.0299987792969,97.7399978637695,95.2099990844727,97.2399978637695,266461,97.2399978637695
"2011-07-18",97.370002746582,97.6900024414062,94.6900024414062,95.9300003051758,203973,95.9300003051758
"2011-07-19",96.1600036621094,98.6500015258789,95.9300003051758,97.5,138045,97.5
"2011-07-20",98.1100006103516,99.0199966430664,96.6399993896484,98.1399993896484,295669,98.1399993896484
"2011-07-21",98.3600006103516,100.160003662109,97.1999969482422,99.129997253418,293973,99.129997253418
"2011-07-22",99.1999969482422,100.190002441406,98.4300003051758,99.870002746582,223266,99.870002746582
"2011-07-25",99.7600021362305,99.870002746582,98.5199966430664,99.1999969482422,205209,99.1999969482422
"2011-07-26",99.1500015258789,100.620002746582,97.7600021362305,99.5899963378906,332692,99.5899963378906
"2011-07-27",99.1800003051758,99.5,97.1399993896484,97.4000015258789,304524,97.4000015258789
"2011-07-28",97.2699966430664,98.0100021362305,96.5100021362305,97.4400024414062,236246,97.4400024414062
"2011-07-29",97.1600036621094,97.3899993896484,94.9499969482422,95.6999969482422,284385,95.6999969482422
"2011-08-01",96.1999969482422,98.5999984741211,93.4199981689453,94.8899993896484,398857,94.8899993896484
"2011-08-02",95.0199966430664,95.6800003051758,93.0800018310547,93.7900009155273,328175,93.7900009155273
"2011-08-03",93.1500015258789,93.75,91.2200012207031,91.9300003051758,350221,91.9300003051758
"2011-08-04",91.9400024414062,92.5899963378906,86.0400009155273,86.629997253418,535941,86.629997253418
"2011-08-05",86.5,88.3199996948242,82.870002746582,86.879997253418,512488,86.879997253418
"2011-08-08",85.7099990844727,85.7300033569336,80.1699981689453,81.3099975585938,521066,81.3099975585938
"2011-08-09",81.0999984741211,83.0500030517578,75.7099990844727,79.3000030517578,605796,79.3000030517578
"2011-08-10",81.9000015258789,83.1399993896484,79.5299987792969,82.8899993896484,520144,82.8899993896484
"2011-08-11",81.9499969482422,85.9700012207031,81.0299987792969,85.7200012207031,502092,85.7200012207031
"2011-08-12",85.5500030517578,87.370002746582,84.0199966430664,85.379997253418,350091,85.379997253418
"2011-08-15",85.5899963378906,88.0500030517578,84.4000015258789,87.879997253418,292796,87.879997253418
"2011-08-16",87.6800003051758,87.9300003051758,85.620002746582,86.6500015258789,375339,86.6500015258789
"2011-08-17",87.0999984741211,89,86.6500015258789,87.5800018310547,344487,87.5800018310547
"2011-08-18",87.4100036621094,87.5299987792969,81.1500015258789,82.379997253418,331275,82.379997253418
"2011-08-19",81.3000030517578,83.5500030517578,79.1699981689453,82.2600021362305,148811,82.2600021362305
"2011-08-22",82.4199981689453,84.6699981689453,81.129997253418,84.120002746582,374045,84.120002746582
"2011-08-23",84.4499969482422,86.3899993896484,83.4000015258789,85.4400024414062,353947,85.4400024414062
"2011-08-24",85.6699981689453,86.5899963378906,84.5500030517578,85.1600036621094,294928,85.1600036621094
"2011-08-25",85.1699981689453,86.5599975585938,83.0100021362305,85.3000030517578,357816,85.3000030517578
"2011-08-26",85.0899963378906,85.6399993896484,82.9499969482422,85.370002746582,283261,85.370002746582
"2011-08-29",85.3300018310547,87.620002746582,85.1100006103516,87.2699966430664,208605,87.2699966430664
"2011-08-30",87.5100021362305,89.2099990844727,86.4599990844727,88.9000015258789,315383,88.9000015258789
"2011-08-31",88.7900009155273,89.5400009155273,87.6699981689453,88.8099975585938,317696,88.8099975585938
"2011-09-01",88.7300033569336,89.9000015258789,88.2099990844727,88.9300003051758,282342,88.9300003051758
"2011-09-02",88.7799987792969,88.9899978637695,85.4199981689453,86.4499969482422,307284,86.4499969482422
"2011-09-06",86.4599990844727,86.5999984741211,83.1999969482422,86.0199966430664,316166,86.0199966430664
"2011-09-07",86.5,90.4800033569336,86.1500015258789,89.3399963378906,313728,89.3399963378906
"2011-09-08",90.1100006103516,90.2300033569336,88.5899963378906,89.0500030517578,336725,89.0500030517578
"2011-09-09",88.7699966430664,89.5,85.6399993896484,87.2399978637695,349238,87.2399978637695
"2011-09-12",86.6999969482422,88.9499969482422,85,88.1900024414062,355070,88.1900024414062
"2011-09-13",88.9499969482422,90.5199966430664,87.8099975585938,90.2099990844727,364262,90.2099990844727
"2011-09-14",89.879997253418,90.25,88.2099990844727,88.9100036621094,330978,88.9100036621094
"2011-09-15",88.5999984741211,90.1500015258789,88.0100021362305,89.4000015258789,296285,89.4000015258789
"2011-09-16",89.1100006103516,89.7799987792969,87,87.9599990844727,210962,87.9599990844727
"2011-09-19",87.75,87.75,84.7900009155273,85.6999969482422,132221,85.6999969482422
"2011-09-20",85.8399963378906,87.4599990844727,85.1100006103516,86.8899993896484,264593,86.8899993896484
"2011-09-21",86.5100021362305,87.9899978637695,84.9199981689453,85.9199981689453,298905,85.9199981689453
"2011-09-22",84.8099975585938,85,79.6600036621094,80.5100021362305,459998,80.5100021362305
"2011-09-23",80.4000015258789,81.8099975585938,77.5500030517578,79.8499984741211,427569,79.8499984741211
"2011-09-26",79.6399993896484,81.3600006103516,77.1100006103516,80.2399978637695,325671,80.2399978637695
"2011-09-27",81.4800033569336,84.7699966430664,80.9199981689453,84.4499969482422,313568,84.4499969482422
"2011-09-28",83.7600021362305,84.620002746582,80.5400009155273,81.2099990844727,282850,81.2099990844727
"2011-09-29",80.6699981689453,83.9800033569336,79.6399993896484,82.1399993896484,351345,82.1399993896484
"2011-09-30",83.0699996948242,83.2300033569336,78.5999984741211,79.1999969482422,367957,79.1999969482422
"2011-10-03",78.9199981689453,79.6399993896484,76.6500015258789,77.6100006103516,392782,77.6100006103516
"2011-10-04",76.4000015258789,77.9899978637695,74.9499969482422,75.6699981689453,428113,75.6699981689453
"2011-10-05",78.25,79.8199996948242,76.9400024414062,79.6800003051758,336067,79.6800003051758
"2011-10-06",79.7099990844727,82.9000015258789,79.0800018310547,82.5899963378906,386089,82.5899963378906
"2011-10-07",82.5699996948242,84,81.3600006103516,82.9800033569336,377540,82.9800033569336
"2011-10-10",82.75,86.0899963378906,82.75,85.4100036621094,264825,85.4100036621094
"2011-10-11",85.6999969482422,86.6399993896484,83.9700012207031,85.8099975585938,362324,85.8099975585938
"2011-10-12",85.1999969482422,86.5899963378906,84.5199966430664,85.5699996948242,294230,85.5699996948242
"2011-10-13",84.9300003051758,85.3899993896484,83.1699981689453,84.2300033569336,360268,84.2300033569336
"2011-10-14",84.4700012207031,87.4000015258789,83.7699966430664,86.8000030517578,274846,86.8000030517578
"2011-10-17",87.4800033569336,88.1800003051758,85.879997253418,86.379997253418,227298,86.379997253418
"2011-10-18",86.1999969482422,89.0299987792969,85.5500030517578,88.3399963378906,203765,88.3399963378906
"2011-10-19",88.2600021362305,89.5100021362305,85.870002746582,86.1100006103516,112020,86.1100006103516
"2011-10-20",86.0999984741211,86.9400024414062,84.0999984741211,85.3000030517578,389241,85.3000030517578
"2011-10-21",86.5,88.8899993896484,85.9499969482422,87.4000015258789,296555,87.4000015258789
"2011-10-24",87.0500030517578,91.879997253418,87,91.2699966430664,484139,91.2699966430664
"2011-10-25",91.6900024414062,94.6500015258789,91.0999984741211,93.1699981689453,489373,93.1699981689453
"2011-10-26",92.5899963378906,93.9199981689453,90,90.1999969482422,411445,90.1999969482422
"2011-10-27",90.9800033569336,94.25,90.7399978637695,93.9599990844727,327446,93.9599990844727
"2011-10-28",93.9300003051758,93.9300003051758,92.0100021362305,93.3199996948242,276760,93.3199996948242
"2011-10-31",93.5299987792969,93.8000030517578,91.3600006103516,93.1900024414062,228561,93.1900024414062
"2011-11-01",92.5800018310547,92.879997253418,89.1699981689453,92.1900024414062,351343,92.1900024414062
"2011-11-02",91.5999984741211,93.7900009155273,90.9700012207031,92.5100021362305,265626,92.5100021362305
"2011-11-03",92.9899978637695,94.6100006103516,90.870002746582,94.0699996948242,299987,94.0699996948242
"2011-11-04",94.2399978637695,94.9300003051758,92.870002746582,94.2600021362305,295457,94.2600021362305
"2011-11-07",94.2600021362305,96.1100006103516,93.2300033569336,95.5199966430664,321186,95.5199966430664
"2011-11-08",95.870002746582,97.0800018310547,95.2300033569336,96.8000030517578,313566,96.8000030517578
"2011-11-09",96.8099975585938,97.8399963378906,94.5400009155273,95.7399978637695,445712,95.7399978637695
"2011-11-10",95.75,98.3499984741211,95.1999969482422,97.7799987792969,347730,97.7799987792969
"2011-11-11",97.5100021362305,99.1999969482422,97.3499984741211,98.9899978637695,282786,98.9899978637695
"2011-11-14",99.3000030517578,99.6900024414062,97.1900024414062,98.1399993896484,351523,98.1399993896484
"2011-11-15",98.0400009155273,99.8399963378906,97.5100021362305,99.370002746582,353319,99.370002746582
"2011-11-16",99.3199996948242,102.889999389648,98.3899993896484,102.589996337891,379612,102.589996337891
"2011-11-17",101.76000213623,103.370002746582,98.2799987792969,98.8199996948242,194039,98.8199996948242
"2011-11-18",98.6100006103516,100.150001525879,96.6399993896484,97.4100036621094,341638,97.4100036621094
"2011-11-21",97.5400009155273,97.8600006103516,95.2399978637695,96.9199981689453,279104,96.9199981689453
"2011-11-22",97.1999969482422,98.6999969482422,96.5500030517578,98.0100021362305,319245,98.0100021362305
"2011-11-23",97.7900009155273,97.870002746582,95.3499984741211,96.1699981689453,283449,96.1699981689453
"2011-11-25",95.7900009155273,97.5500030517578,94.9899978637695,96.7699966430664,185841,96.7699966430664
"2011-11-28",97.5,100.73999786377,97.129997253418,98.2099990844727,311735,98.2099990844727
"2011-11-29",97.75,100.150001525879,97.2300033569336,99.7900009155273,320858,99.7900009155273
"2011-11-30",99.4800033569336,101.75,98.9199981689453,100.360000610352,302863,100.360000610352
"2011-12-01",100.51000213623,101.169998168945,98.870002746582,100.199996948242,275858,100.199996948242
"2011-12-02",100,101.559997558594,99.7600021362305,100.959999084473,245915,100.959999084473
"2011-12-05",101.230003356934,102.440002441406,100.23999786377,100.98999786377,239380,100.98999786377
"2011-12-06",100.449996948242,101.419998168945,100.199996948242,101.279998779297,217029,101.279998779297
"2011-12-07",101.110000610352,101.940002441406,99.6699981689453,100.48999786377,330533,100.48999786377
"2011-12-08",100.839996337891,101.730003356934,97.7099990844727,98.3399963378906,340677,98.3399963378906
"2011-12-09",98.0800018310547,99.9100036621094,97.3600006103516,99.4100036621094,318767,99.4100036621094
"2011-12-12",99.5800018310547,99.6800003051758,97.5400009155273,97.7699966430664,279146,97.7699966430664
"2011-12-13",97.8499984741211,101.25,97.6399993896484,100.139999389648,380754,100.139999389648
"2011-12-14",100.330001831055,100.330001831055,94.2099990844727,94.9499969482422,377475,94.9499969482422
"2011-12-15",94.8899993896484,95.9899978637695,93.3099975585938,93.870002746582,273761,93.870002746582
"2011-12-16",93.4199981689453,94.7900009155273,92.5199966430664,93.5299987792969,205893,93.5299987792969
"2011-12-19",93.7600021362305,94.4199981689453,92.5400009155273,93.879997253418,114563,93.879997253418
"2011-12-20",94.1399993896484,97.4499969482422,94.1399993896484,97.2200012207031,242305,97.2200012207031
"2011-12-21",97.5299987792969,99.25,96.8000030517578,98.6699981689453,219505,98.6699981689453
"2011-12-22",99.0299987792969,100.050003051758,98.5100021362305,99.5299987792969,151560,99.5299987792969
"2011-12-23",99.4800033569336,100.230003356934,99.2399978637695,99.6800003051758,95270,99.6800003051758
"2011-12-27",99.9199981689453,101.769996643066,99.370002746582,101.339996337891,124238,101.339996337891
"2011-12-28",101.25,101.709999084473,99.1100006103516,99.3600006103516,164655,99.3600006103516
"2011-12-29",99.5899963378906,99.9199981689453,98.3000030517578,99.6500015258789,153915,99.6500015258789
"2011-12-30",99.7799987792969,100.160003662109,98.6100006103516,98.8300018310547,154064,98.8300018310547
"2012-01-03",99.6999969482422,103.180000305176,99.6500015258789,102.959999084473,275481,102.959999084473
"2012-01-04",102.98999786377,103.73999786377,101.879997253418,103.220001220703,271711,103.220001220703
"2012-01-05",103.290000915527,103.730003356934,101.300003051758,101.809997558594,295615,101.809997558594
"2012-01-06",101.349998474121,102.800003051758,100.879997253418,101.559997558594,290458,101.559997558594
"2012-01-09",101.919998168945,102.150001525879,100.099998474121,101.309997558594,311866,101.309997558594
"2012-01-10",101.300003051758,103.410003662109,101.300003051758,102.23999786377,291273,102.23999786377
"2012-01-11",102.199996948242,102.459999084473,100.550003051758,100.870002746582,311641,100.870002746582
"2012-01-12",101,102.980003356934,98.5,99.0999984741211,370509,99.0999984741211
"2012-01-13",99.1999969482422,100.190002441406,97.6999969482422,98.6999969482422,335624,98.6999969482422
"2012-01-17",98.9499969482422,101.01000213623,98.5999984741211,100.709999084473,341887,100.709999084473
"2012-01-18",100.910003662109,102.059997558594,99.8399963378906,100.589996337891,269387,100.589996337891
"2012-01-19",101.139999389648,102.059997558594,99.9800033569336,100.389999389648,120170,100.389999389648
"2012-01-20",100.389999389648,100.73999786377,97.9100036621094,98.4599990844727,304986,98.4599990844727
"2012-01-23",98.3399963378906,100.23999786377,97.4000015258789,99.5800018310547,238960,99.5800018310547
"2012-01-24",99.879997253418,100.180000305176,98.25,98.9499969482422,242477,98.9499969482422
"2012-01-25",99.1999969482422,100.400001525879,97.5299987792969,99.4000015258789,322794,99.4000015258789
"2012-01-26",99.9599990844727,101.389999389648,99.2300033569336,99.6999969482422,260744,99.6999969482422
"2012-01-27",99.9300003051758,100.629997253418,99.129997253418,99.5599975585938,253456,99.5599975585938
"2012-01-30",100,100.050003051758,98.4300003051758,98.7799987792969,215829,98.7799987792969
"2012-01-31",98.879997253418,101.290000915527,97.8600006103516,98.4800033569336,373891,98.4800033569336
"2012-02-01",98.379997253418,99.4899978637695,97.1100006103516,97.6100006103516,293554,97.6100006103516
"2012-02-02",97.1100006103516,97.9899978637695,95.4400024414062,96.3600006103516,331240,96.3600006103516
"2012-02-03",96.6100006103516,98.0299987792969,96.0100021362305,97.8399963378906,318638,97.8399963378906
"2012-02-06",97.7399978637695,97.75,96.379997253418,96.9100036621094,257715,96.9100036621094
"2012-02-07",97.129997253418,99.129997253418,95.8399963378906,98.4100036621094,415728,98.4100036621094
"2012-02-08",98.7699966430664,100.089996337891,98.0999984741211,98.7099990844727,364737,98.7099990844727
"2012-02-09",99.0999984741211,100.180000305176,98.6600036621094,99.8399963378906,295425,99.8399963378906
"2012-02-10",99.8899993896484,99.8899993896484,97.3199996948242,98.6699981689453,307564,98.6699981689453
"2012-02-13",99.3300018310547,101,99.0899963378906,100.910003662109,268062,100.910003662109
"2012-02-14",100.730003356934,101.839996337891,100.279998779297,100.73999786377,314286,100.73999786377
"2012-02-15",100.900001525879,102.540000915527,100.610000610352,101.800003051758,278272,101.800003051758
"2012-02-16",101.900001525879,102.690002441406,100.839996337891,102.309997558594,197307,102.309997558594
"2012-02-17",102.349998474121,104.139999389648,102.25,103.23999786377,134499,103.23999786377
"2012-02-21",104.650001525879,106.069999694824,104.26000213623,105.839996337891,316239,105.839996337891
"2012-02-22",106.01000213623,106.720001220703,105.610000610352,106.279998779297,241329,106.279998779297
"2012-02-23",105.949996948242,108.73999786377,105.449996948242,107.830001831055,325662,107.830001831055
"2012-02-24",108.660003662109,109.949996948242,107.949996948242,109.769996643066,267713,109.769996643066
"2012-02-27",109.669998168945,109.769996643066,107.269996643066,108.559997558594,277597,108.559997558594
"2012-02-28",107.949996948242,108.790000915527,106.300003051758,106.550003051758,278723,106.550003051758
"2012-02-29",106.459999084473,107.430000305176,104.839996337891,107.069999694824,353125,107.069999694824
"2012-03-01",106.819999694824,110.550003051758,106.550003051758,108.839996337891,389838,108.839996337891
"2012-03-02",108.75,109.029998779297,105.800003051758,106.699996948242,299664,106.699996948242
"2012-03-05",106.75,107.419998168945,105.5,106.720001220703,237450,106.720001220703
"2012-03-06",107.110000610352,107.339996337891,104.51000213623,104.699996948242,332561,104.699996948242
"2012-03-07",104.930000305176,106.550003051758,104.349998474121,106.160003662109,333242,106.160003662109
"2012-03-08",106.23999786377,107.199996948242,105.839996337891,106.580001831055,279597,106.580001831055
"2012-03-09",106.910003662109,108.199996948242,106.129997253418,107.400001525879,292694,107.400001525879
"2012-03-12",107.5,107.559997558594,105.379997253418,106.339996337891,234727,106.339996337891
"2012-03-13",106.550003051758,107.349998474121,105.669998168945,106.709999084473,282350,106.709999084473
"2012-03-14",106.690002441406,107.019996643066,105.120002746582,105.430000305176,283510,105.430000305176
"2012-03-15",105.5,106.180000305176,103.779998779297,105.110000610352,371039,105.110000610352
"2012-03-16",105.440002441406,107.339996337891,105.129997253418,107.059997558594,192992,107.059997558594
"2012-03-19",107.180000305176,108.23999786377,106.550003051758,108.089996337891,110353,108.089996337891
"2012-03-20",107.819999694824,107.910003662109,105.349998474121,105.610000610352,329535,105.610000610352
"2012-03-21",106.330001831055,107.639999389648,106.059997558594,107.269996643066,252603,107.269996643066
"2012-03-22",106.809997558594,107.120002746582,104.5,105.349998474121,295474,105.349998474121
"2012-03-23",105.519996643066,108.25,105.160003662109,106.870002746582,260269,106.870002746582
"2012-03-26",106.790000915527,107.319999694824,106.190002441406,107.029998779297,162276,107.029998779297
"2012-03-27",107.089996337891,107.730003356934,106.519996643066,107.330001831055,209036,107.330001831055
"2012-03-28",106.809997558594,106.940002441406,104.669998168945,105.410003662109,309064,105.410003662109
"2012-03-29",105.580001831055,105.699996948242,102.129997253418,102.779998779297,319988,102.779998779297
"2012-03-30",103.290000915527,104.150001525879,102.779998779297,103.019996643066,244155,103.019996643066
"2012-04-02",103.269996643066,105.48999786377,102.059997558594,105.230003356934,278097,105.230003356934
"2012-04-03",105.040000915527,105.180000305176,103.589996337891,104.01000213623,245541,104.01000213623
"2012-04-04",104.089996337891,104.120002746582,101.080001831055,101.470001220703,300729,101.470001220703
"2012-04-05",101.959999084473,103.400001525879,101.370002746582,103.309997558594,242903,103.309997558594
"2012-04-09",102.529998779297,102.599998474121,100.809997558594,102.459999084473,205924,102.459999084473
"2012-04-10",102.330001831055,102.959999084473,100.680000305176,101.019996643066,312927,101.019996643066
"2012-04-11",100.940002441406,103.129997253418,100.839996337891,102.699996948242,283008,102.699996948242
"2012-04-12",102.550003051758,104.23999786377,102.389999389648,103.639999389648,271285,103.639999389648
"2012-04-13",103.660003662109,103.900001525879,102.610000610352,102.830001831055,227259,102.830001831055
"2012-04-16",102.800003051758,103.370002746582,101.800003051758,102.930000305176,284959,102.930000305176
"2012-04-17",103.150001525879,105.069999694824,102.660003662109,104.199996948242,244523,104.199996948242
"2012-04-18",104.220001220703,104.51000213623,102.190002441406,102.669998168945,195812,102.669998168945
"2012-04-19",102.730003356934,103.209999084473,101.669998168945,102.269996643066,91398,102.269996643066
"2012-04-20",102.569999694824,104.269996643066,102.449996948242,103.050003051758,225790,103.050003051758
"2012-04-23",103.819999694824,103.900001525879,101.819999694824,103.110000610352,213202,103.110000610352
"2012-04-24",103.110000610352,104.099998474121,102.790000915527,103.550003051758,196136,103.550003051758
"2012-04-25",103.76000213623,104.569999694824,103.110000610352,104.120002746582,276652,104.120002746582
"2012-04-26",103.959999084473,104.919998168945,103.839996337891,104.550003051758,192832,104.550003051758
"2012-04-27",104.099998474121,105,103.73999786377,104.930000305176,182104,104.930000305176
"2012-04-30",104.930000305176,105.160003662109,103.879997253418,104.870002746582,211453,104.870002746582
"2012-05-01",104.889999389648,106.430000305176,104.389999389648,106.160003662109,245921,106.160003662109
"2012-05-02",105.980003356934,106.050003051758,104.910003662109,105.220001220703,256649,105.220001220703
"2012-05-03",105.389999389648,105.419998168945,102.360000610352,102.540000915527,316883,102.540000915527
"2012-05-04",102.589996337891,102.720001220703,97.5100021362305,98.4899978637695,443060,98.4899978637695
"2012-05-07",98.0500030517578,98.2399978637695,95.3399963378906,97.9400024414062,300474,97.9400024414062
"2012-05-08",97.9599990844727,98.120002746582,95.5199966430664,97.0100021362305,333767,97.0100021362305
"2012-05-09",97.379997253418,97.3899993896484,95.1699981689453,96.8099975585938,332865,96.8099975585938
"2012-05-10",96.4499969482422,97.6900024414062,96.0800018310547,97.0800018310547,282314,97.0800018310547
"2012-05-11",96.5299987792969,97.1999969482422,95.5599975585938,96.129997253418,260539,96.129997253418
"2012-05-14",95.7900009155273,95.8300018310547,93.6500015258789,94.7799987792969,251994,94.7799987792969
"2012-05-15",93.9100036621094,95.4800033569336,93.0199966430664,93.9800033569336,284712,93.9800033569336
"2012-05-16",93.1600036621094,94.1600036621094,91.8099975585938,92.8099975585938,308371,92.8099975585938
"2012-05-17",92.7699966430664,93.879997253418,92.0899963378906,92.5599975585938,280073,92.5599975585938
"2012-05-18",92.8600006103516,92.879997253418,90.9300003051758,91.4800033569336,211749,91.4800033569336
"2012-05-21",91.2699966430664,93.0599975585938,90.8399963378906,92.5699996948242,107239,92.5699996948242
"2012-05-22",92.6399993896484,93.0100021362305,91.4000015258789,91.6600036621094,226226,91.6600036621094
"2012-05-23",91.5400009155273,91.7200012207031,89.2799987792969,89.9000015258789,275522,89.9000015258789
"2012-05-24",90.5299987792969,91.5199966430664,89.8099975585938,90.6600036621094,231521,90.6600036621094
"2012-05-25",90.7900009155273,91.3199996948242,90.1999969482422,90.8600006103516,153921,90.8600006103516
"2012-05-29",91,92.2099990844727,90.25,90.7600021362305,262562,90.7600021362305
"2012-05-30",90.8600006103516,90.9199981689453,87.2699966430664,87.8199996948242,297197,87.8199996948242
"2012-05-31",87.5500030517578,88.2799987792969,85.8600006103516,86.5299987792969,345433,86.5299987792969
"2012-06-01",86.4400024414062,86.5899963378906,82.2900009155273,83.2300033569336,407579,83.2300033569336
"2012-06-04",82.9599990844727,84.379997253418,81.2099990844727,83.9800033569336,309777,83.9800033569336
"2012-06-05",84.1399993896484,84.9199981689453,83.3099975585938,84.2900009155273,246358,84.2900009155273
"2012-06-06",84.120002746582,86.2699966430664,84.0299987792969,85.0199966430664,313102,85.0199966430664
"2012-06-07",85.5,87.0299987792969,83.4300003051758,84.8199996948242,339002,84.8199996948242
"2012-06-08",83.629997253418,84.6699981689453,82,84.0999984741211,304641,84.0999984741211
"2012-06-11",85.7200012207031,86.6399993896484,81.1100006103516,82.6999969482422,343211,82.6999969482422
"2012-06-12",81.1800003051758,83.7200012207031,81.0699996948242,83.3199996948242,320803,83.3199996948242
"2012-06-13",83.5100021362305,84.0100021362305,82.1500015258789,82.620002746582,327544,82.620002746582
"2012-06-14",82.4400024414062,84.4199981689453,82.2699966430664,83.9100036621094,278944,83.9100036621094
"2012-06-15",84.3300018310547,84.8000030517578,83.4199981689453,84.0299987792969,216554,84.0299987792969
"2012-06-18",85.0899963378906,85.5999984741211,82.0400009155273,83.2699966430664,216955,83.2699966430664
"2012-06-19",83.0599975585938,84.4100036621094,82.2799987792969,84.0299987792969,109008,84.0299987792969
"2012-06-20",84.0400009155273,84.3399963378906,80.9100036621094,81.8000030517578,413790,81.8000030517578
"2012-06-21",81.0800018310547,81.1999969482422,77.9300003051758,78.1999969482422,376969,78.1999969482422
"2012-06-22",78.1100006103516,80.370002746582,77.5599975585938,79.7600021362305,293224,79.7600021362305
"2012-06-25",80.1999969482422,80.6800003051758,78.0299987792969,79.2099990844727,249004,79.2099990844727
"2012-06-26",79.2300033569336,79.6800003051758,78.3600006103516,79.3600006103516,253304,79.3600006103516
"2012-06-27",79.4700012207031,80.9199981689453,78.6800003051758,80.2099990844727,253006,80.2099990844727
"2012-06-28",80.4800033569336,80.8399963378906,77.2799987792969,77.6900024414062,310148,77.6900024414062
"2012-06-29",78.4599990844727,85.3399963378906,78.2799987792969,84.9599990844727,439010,84.9599990844727
"2012-07-02",84.6500015258789,85.0500030517578,82.0999984741211,83.75,299104,83.75
"2012-07-03",83.6699981689453,88.0400009155273,83.3300018310547,87.6600036621094,336186,87.6600036621094
"2012-07-05",87.75,88.9800033569336,86.5,87.2200012207031,368616,87.2200012207031
"2012-07-06",86.7300033569336,87.129997253418,84.0199966430664,84.4499969482422,296204,84.4499969482422
"2012-07-09",84.1999969482422,86.4800033569336,84,85.9899978637695,256901,85.9899978637695
"2012-07-10",85.8399963378906,85.9499969482422,83.6500015258789,83.9100036621094,291409,83.9100036621094
"2012-07-11",84.0100021362305,86.4899978637695,84.0100021362305,85.8099975585938,307821,85.8099975585938
"2012-07-12",86.1999969482422,86.370002746582,84.2099990844727,86.0800018310547,240725,86.0800018310547
"2012-07-13",85.8600006103516,87.6100006103516,85.5800018310547,87.0999984741211,260828,87.0999984741211
"2012-07-16",87.129997253418,88.4800033569336,86.4100036621094,88.4300003051758,223124,88.4300003051758
"2012-07-17",88.2600021362305,89.4599990844727,87.4100036621094,89.2200012207031,262785,89.2200012207031
"2012-07-18",89.129997253418,90.0400009155273,88.5899963378906,89.870002746582,192847,89.870002746582
"2012-07-19",90.0800018310547,92.9400024414062,89.8600006103516,92.6600036621094,102928,92.6600036621094
"2012-07-20",92.2200012207031,92.3000030517578,90.6600036621094,91.4400024414062,249172,91.4400024414062
"2012-07-23",91.6100006103516,91.6399993896484,87.9100036621094,88.1399993896484,290355,88.1399993896484
"2012-07-24",88.0500030517578,89.0899963378906,87.4300003051758,88.5,309865,88.5
"2012-07-25",88.1999969482422,89.3600006103516,86.8399963378906,88.9700012207031,289552,88.9700012207031
"2012-07-26",89.0999984741211,90.4700012207031,88.0699996948242,89.3899993896484,233400,89.3899993896484
"2012-07-27",89.4300003051758,90.4499969482422,89.129997253418,90.129997253418,210412,90.129997253418
"2012-07-30",90.1399993896484,90.9499969482422,89.3300018310547,89.7799987792969,191095,89.7799987792969
"2012-07-31",89.6699981689453,90.3000030517578,87.3099975585938,88.0599975585938,282851,88.0599975585938
"2012-08-01",88.0299987792969,89.4700012207031,87.5100021362305,88.9100036621094,281204,88.9100036621094
"2012-08-02",88.870002746582,89.629997253418,86.9199981689453,87.129997253418,302698,87.129997253418
"2012-08-03",87.2600021362305,91.7399978637695,87.2300033569336,91.4000015258789,301783,91.4000015258789
"2012-08-06",91.3399963378906,92.3300018310547,90.629997253418,92.1999969482422,194374,92.1999969482422
"2012-08-07",92.0500030517578,94.4199981689453,91.7799987792969,93.6699981689453,260012,93.6699981689453
"2012-08-08",93.4100036621094,94.7200012207031,92.8199996948242,93.3499984741211,269931,93.3499984741211
"2012-08-09",93.4300003051758,94.2099990844727,93.0699996948242,93.3600006103516,258637,93.3600006103516
"2012-08-10",93.4599990844727,93.870002746582,91.7099990844727,92.870002746582,224512,92.870002746582
"2012-08-13",93.25,94.1399993896484,92.0500030517578,92.7300033569336,280268,92.7300033569336
"2012-08-14",92.7099990844727,93.9199981689453,92.5599975585938,93.4300003051758,200411,93.4300003051758
"2012-08-15",93.25,94.9000015258789,92.6800003051758,94.3300018310547,281643,94.3300018310547
"2012-08-16",94.2099990844727,95.75,93.9300003051758,95.5999984741211,212628,95.5999984741211
"2012-08-17",95.2300033569336,96.2799987792969,94.9800033569336,96.0100021362305,162591,96.0100021362305
"2012-08-20",96.3600006103516,96.5299987792969,95.0199966430664,95.9700012207031,113309,95.9700012207031
"2012-08-21",95.9700012207031,97.5999984741211,95.8099975585938,96.6800003051758,220192,96.6800003051758
"2012-08-22",96.9400024414062,97.5400009155273,96.2600021362305,97.2600021362305,217435,97.2600021362305
"2012-08-23",97.3000030517578,98.2900009155273,95.75,96.2699966430664,225156,96.2699966430664
"2012-08-24",96.0599975585938,97.1699981689453,95.4100036621094,96.1500015258789,204231,96.1500015258789
"2012-08-27",96.6699981689453,97.7200012207031,94.4100036621094,95.4700012207031,230844,95.4700012207031
"2012-08-28",95.6600036621094,96.5400009155273,95.1399993896484,96.3300018310547,198458,96.3300018310547
"2012-08-29",96.0800018310547,96.370002746582,94.7600021362305,95.4899978637695,185887,95.4899978637695
"2012-08-30",95.3000030517578,95.5999984741211,93.9499969482422,94.620002746582,192455,94.620002746582
"2012-08-31",94.75,96.9199981689453,94.5100021362305,96.4700012207031,249063,96.4700012207031
"2012-09-04",96.379997253418,97.370002746582,94.9700012207031,95.3000030517578,256147,95.3000030517578
"2012-09-05",95.6100006103516,96.0299987792969,94.2600021362305,95.3600006103516,233044,95.3600006103516
"2012-09-06",96,97.7099990844727,94.5899963378906,95.5299987792969,327082,95.5299987792969
"2012-09-07",94.6999969482422,96.7399978637695,94.0800018310547,96.4199981689453,293026,96.4199981689453
"2012-09-10",96.2399978637695,96.629997253418,95.3399963378906,96.5400009155273,221996,96.5400009155273
"2012-09-11",96.2900009155273,97.3099975585938,96.0800018310547,97.1699981689453,222006,97.1699981689453
"2012-09-12",96.8499984741211,98.0599975585938,96.3099975585938,97.0100021362305,223528,97.0100021362305
"2012-09-13",96.9300003051758,98.5800018310547,96.5100021362305,98.3099975585938,291055,98.3099975585938
"2012-09-14",98.0400009155273,100.419998168945,97.9899978637695,99,271794,99
"2012-09-17",99.1500015258789,99.5199966430664,94.6500015258789,96.620002746582,308274,96.620002746582
"2012-09-18",96.7099990844727,97.2300033569336,95.1100006103516,95.2900009155273,196211,95.2900009155273
"2012-09-19",95.4899978637695,96.1699981689453,91.25,91.9800033569336,133035,91.9800033569336
"2012-09-20",91.7699966430664,92.370002746582,90.6600036621094,91.870002746582,244553,91.870002746582
"2012-09-21",92.9300003051758,93.8399963378906,92.5899963378906,92.8899993896484,181036,92.8899993896484
"2012-09-24",93.1800003051758,93.1800003051758,91.0599975585938,91.9300003051758,188315,91.9300003051758
"2012-09-25",92.1100006103516,93.1999969482422,90.5699996948242,91.370002746582,239024,91.370002746582
"2012-09-26",90.8199996948242,91.3399963378906,88.9499969482422,89.9800033569336,272057,89.9800033569336
"2012-09-27",90.0800018310547,92.3899993896484,89.879997253418,91.8499984741211,237289,91.8499984741211
"2012-09-28",92.3499984741211,92.7099990844727,91.4000015258789,92.1900024414062,210195,92.1900024414062
"2012-10-01",92.1500015258789,93.3300018310547,91.2600021362305,92.4800033569336,216005,92.4800033569336
"2012-10-02",92.4100036621094,92.9400024414062,91.620002746582,91.8899993896484,177728,91.8899993896484
"2012-10-03",91.6399993896484,91.8199996948242,87.6999969482422,88.1399993896484,339506,88.1399993896484
"2012-10-04",88.0100021362305,91.8399963378906,87.9100036621094,91.7099990844727,291389,91.7099990844727
"2012-10-05",91.5100021362305,91.7099990844727,89.0100021362305,89.879997253418,279131,89.879997253418
"2012-10-08",89.8499984741211,89.8899993896484,88.2099990844727,89.3300018310547,202688,89.3300018310547
"2012-10-09",89.620002746582,92.9100036621094,89.2900009155273,92.3899993896484,378040,92.3899993896484
"2012-10-10",92.2600021362305,93.6600036621094,91.0199966430664,91.25,303502,91.25
"2012-10-11",91.2699966430664,92.9400024414062,91.0899963378906,92.0699996948242,300087,92.0699996948242
"2012-10-12",92.4100036621094,92.6399993896484,91.1600036621094,91.8600006103516,198462,91.8600006103516
"2012-10-15",91.629997253418,92.1999969482422,89.7900009155273,91.8499984741211,269016,91.8499984741211
"2012-10-16",91.7600021362305,92.3199996948242,91.3000030517578,92.0899963378906,232217,92.0899963378906
"2012-10-17",92.0800018310547,92.8499984741211,91.5500030517578,92.120002746582,226343,92.120002746582
"2012-10-18",92.0599975585938,92.5899963378906,90.6600036621094,92.0999984741211,184654,92.0999984741211
"2012-10-19",92.0400009155273,93.0500030517578,89.8300018310547,90.0500030517578,123648,90.0500030517578
"2012-10-22",89.5199966430664,90.8000030517578,88.1999969482422,88.7300033569336,275720,88.7300033569336
"2012-10-23",89.1399993896484,89.2900009155273,85.6900024414062,86.6699981689453,309492,86.6699981689453
"2012-10-24",86.5999984741211,87.4700012207031,84.9400024414062,85.7300033569336,298160,85.7300033569336
"2012-10-25",85.6500015258789,86.75,85.2300033569336,86.0500030517578,208678,86.0500030517578
"2012-10-26",86,86.370002746582,85,86.2799987792969,212378,86.2799987792969
"2012-10-31",85.7300033569336,87.1900024414062,85.6100006103516,86.2399978637695,212577,86.2399978637695
"2012-11-01",86.0999984741211,87.4199981689453,85.9199981689453,87.0899963378906,197179,87.0899963378906
"2012-11-02",86.9100036621094,87.2399978637695,84.6600036621094,84.8600006103516,297311,84.8600006103516
"2012-11-05",84.6500015258789,85.9000015258789,84.3399963378906,85.6500015258789,221397,85.6500015258789
"2012-11-06",85.6699981689453,89.2200012207031,85.4199981689453,88.7099990844727,303429,88.7099990844727
"2012-11-07",88.4199981689453,88.8000030517578,84.0500030517578,84.4400024414062,422211,84.4400024414062
"2012-11-08",84.5199966430664,85.6999969482422,84.2200012207031,85.0899963378906,296599,85.0899963378906
"2012-11-09",85,86.7699966430664,84.129997253418,86.0699996948242,322403,86.0699996948242
"2012-11-12",86.1900024414062,86.5400009155273,85.2699966430664,85.5699996948242,280690,85.5699996948242
"2012-11-13",85.5899963378906,85.9499969482422,84.5699996948242,85.379997253418,352247,85.379997253418
"2012-11-14",85.370002746582,86.6500015258789,84.9300003051758,86.3199996948242,265306,86.3199996948242
"2012-11-15",86.3600006103516,86.8300018310547,84.6800003051758,85.4499969482422,168098,85.4499969482422
"2012-11-16",85.2799987792969,87.0100021362305,85.0199966430664,86.6699981689453,271209,86.6699981689453
"2012-11-19",87.3000030517578,89.8000030517578,87.1100006103516,89.2799987792969,247078,89.2799987792969
"2012-11-20",89.1500015258789,89.1900024414062,86.1699981689453,86.75,322630,86.75
"2012-11-21",87.2799987792969,87.8899993896484,86.370002746582,87.379997253418,220980,87.379997253418
"2012-11-23",87.6800003051758,88.5299987792969,86.7099990844727,88.2799987792969,104944,88.2799987792969
"2012-11-26",88.2099990844727,88.2900009155273,87.2699966430664,87.7399978637695,156593,87.7399978637695
"2012-11-27",87.8199996948242,88.25,86.8300018310547,87.1800003051758,210470,87.1800003051758
"2012-11-28",87.3300018310547,87.3399963378906,85.3600006103516,86.4899978637695,249744,86.4899978637695
"2012-11-29",86.5699996948242,88.6900024414062,86.5500030517578,88.0699996948242,270030,88.0699996948242
"2012-11-30",87.6600036621094,88.9899978637695,87.4700012207031,88.9100036621094,216206,88.9100036621094
"2012-12-03",88.8499984741211,90.3300018310547,88.6600036621094,89.0899963378906,235987,89.0899963378906
"2012-12-04",88.9300003051758,89.1800003051758,87.5699996948242,88.5,206265,88.5
"2012-12-05",88.5,89.0500030517578,87.4599990844727,87.879997253418,220850,87.879997253418
"2012-12-06",87.870002746582,88.2300033569336,85.6800003051758,86.2600021362305,269293,86.2600021362305
"2012-12-07",86.3899993896484,86.9199981689453,85.7699966430664,85.9300003051758,244993,85.9300003051758
"2012-12-10",85.9800033569336,86.7799987792969,85.3300018310547,85.5599975585938,211603,85.5599975585938
"2012-12-11",85.6999969482422,86.370002746582,85.2099990844727,85.7900009155273,217859,85.7900009155273
"2012-12-12",85.6900024414062,87.6800003051758,85.6800003051758,86.7699966430664,300353,86.7699966430664
"2012-12-13",86.7699966430664,86.9700012207031,85.8099975585938,85.8899993896484,228417,85.8899993896484
"2012-12-14",86.129997253418,86.9199981689453,86.0500030517578,86.7300033569336,218265,86.7300033569336
"2012-12-17",86.879997253418,87.7099990844727,86.4800033569336,87.1999969482422,157226,87.1999969482422
"2012-12-18",87.4499969482422,88.1600036621094,87.2099990844727,87.9300003051758,93130,87.9300003051758
"2012-12-19",87.9400024414062,89.9000015258789,87.8099975585938,89.5100021362305,233083,89.5100021362305
"2012-12-20",89.6900024414062,90.5400009155273,89.2600021362305,90.129997253418,178144,90.129997253418
"2012-12-21",90.0199966430664,90.0699996948242,87.9599990844727,88.6600036621094,180375,88.6600036621094
"2012-12-24",88.5999984741211,88.8600006103516,88.1999969482422,88.6100006103516,48516,88.6100006103516
"2012-12-26",88.620002746582,91.3000030517578,88.5899963378906,90.9800033569336,141598,90.9800033569336
"2012-12-27",91,91.4400024414062,90.0500030517578,90.870002746582,152771,90.870002746582
"2012-12-28",91.1500015258789,91.4899978637695,90.3199996948242,90.8000030517578,131374,90.8000030517578
"2012-12-31",90.4100036621094,91.9899978637695,90,91.8199996948242,119525,91.8199996948242
"2013-01-02",91.7799987792969,93.870002746582,91.5599975585938,93.120002746582,203865,93.120002746582
"2013-01-03",92.9100036621094,93.3000030517578,92.4899978637695,92.9199981689453,189812,92.9199981689453
"2013-01-04",92.8600006103516,93.2099990844727,91.5199966430664,93.0899963378906,210747,93.0899963378906
"2013-01-07",93.2099990844727,93.3499984741211,92.4199981689453,93.1900024414062,166292,93.1900024414062
"2013-01-08",93.3199996948242,93.8000030517578,92.6699981689453,93.1500015258789,195867,93.1500015258789
"2013-01-09",93.1500015258789,93.6500015258789,92.6800003051758,93.0999984741211,201385,93.0999984741211
"2013-01-10",93.1900024414062,94.6999969482422,93.0800018310547,93.8199996948242,279295,93.8199996948242
"2013-01-11",93.870002746582,94.129997253418,92.6500015258789,93.5599975585938,257821,93.5599975585938
"2013-01-14",93.7399978637695,94.2900009155273,92.9499969482422,94.1399993896484,248600,94.1399993896484
"2013-01-15",94.1999969482422,94.4400024414062,93.2200012207031,93.2799987792969,248136,93.2799987792969
"2013-01-16",93.4000015258789,94.3600006103516,93.0999984741211,94.2399978637695,241531,94.2399978637695
"2013-01-17",94.1900024414062,96.0400009155273,93.8000030517578,95.4899978637695,178285,95.4899978637695
"2013-01-18",95.1900024414062,95.6699981689453,94.9100036621094,95.5599975585938,118549,95.5599975585938
"2013-01-22",95.25,96.4000015258789,94.9800033569336,96.2399978637695,236391,96.2399978637695
"2013-01-23",96.7600021362305,96.9199981689453,94.9499969482422,95.2300033569336,318008,95.2300033569336
"2013-01-24",95.5,96.6800003051758,95.120002746582,95.9499969482422,232035,95.9499969482422
"2013-01-25",95.9499969482422,96.5599975585938,95.4300003051758,95.879997253418,184873,95.879997253418
"2013-01-28",96.0400009155273,96.8099975585938,95.4700012207031,96.4400024414062,167186,96.4400024414062
"2013-01-29",96.4599990844727,97.8199996948242,96.2900009155273,97.5699996948242,252931,97.5699996948242
"2013-01-30",97.3199996948242,98.2399978637695,97.3199996948242,97.9400024414062,211277,97.9400024414062
"2013-01-31",97.9599990844727,98.0400009155273,96.8399963378906,97.4899978637695,230630,97.4899978637695
"2013-02-01",97.4199981689453,98.1500015258789,96.5100021362305,97.7699966430664,270275,97.7699966430664
"2013-02-04",97.7200012207031,97.7600021362305,95.8899993896484,96.1699981689453,196975,96.1699981689453
"2013-02-05",96.129997253418,97.0699996948242,95.9100036621094,96.6399993896484,188841,96.6399993896484
"2013-02-06",96.6399993896484,96.9899978637695,95.0400009155273,96.620002746582,282803,96.620002746582
"2013-02-07",96.8600006103516,97.2099990844727,95.5400009155273,95.8300018310547,275474,95.8300018310547
"2013-02-08",95.9199981689453,96.5699996948242,95.2699966430664,95.7200012207031,229242,95.7200012207031
"2013-02-11",95.7900009155273,97.0899963378906,94.9700012207031,97.0299987792969,283956,97.0299987792969
"2013-02-12",96.9599990844727,97.7900009155273,96.6800003051758,97.5100021362305,239796,97.5100021362305
"2013-02-13",97.5899963378906,98.1100006103516,96.629997253418,97.0100021362305,246437,97.0100021362305
"2013-02-14",97.1699981689453,97.7099990844727,96.7699966430664,97.3099975585938,174599,97.3099975585938
"2013-02-15",97.3399963378906,97.4700012207031,95.2099990844727,95.8600006103516,223592,95.8600006103516
"2013-02-19",95.9700012207031,96.7300033569336,95.25,96.6600036621094,118307,96.6600036621094
"2013-02-20",96.6600036621094,97.0699996948242,93.9199981689453,94.4599990844727,338967,94.4599990844727
"2013-02-21",94.7200012207031,94.9199981689453,92.629997253418,92.8399963378906,286434,92.8399963378906
"2013-02-22",92.9599990844727,93.4800033569336,92.4400024414062,93.129997253418,204258,93.129997253418
"2013-02-25",93.2300033569336,94.4599990844727,92.0699996948242,93.1100006103516,217519,93.1100006103516
"2013-02-26",91.9199981689453,93.4400024414062,91.9199981689453,92.629997253418,230836,92.629997253418
"2013-02-27",92.7200012207031,93.370002746582,92.1800003051758,92.7600021362305,201512,92.7600021362305
"2013-02-28",92.8899993896484,93.1800003051758,91.5699996948242,92.0500030517578,218119,92.0500030517578
"2013-03-01",91.7600021362305,91.9700012207031,90.0400009155273,90.6800003051758,248466,90.6800003051758
"2013-03-04",90.7099990844727,90.9100036621094,89.3300018310547,90.120002746582,231108,90.120002746582
"2013-03-05",90.2300033569336,90.9899978637695,90.0199966430664,90.8199996948242,209874,90.8199996948242
"2013-03-06",90.8300018310547,91.1699981689453,89.5500030517578,90.4300003051758,244168,90.4300003051758
"2013-03-07",90.4199981689453,91.7300033569336,90.2200012207031,91.5599975585938,234921,91.5599975585938
"2013-03-08",91.4199981689453,92.0299987792969,90.8300018310547,91.9499969482422,219961,91.9499969482422
"2013-03-11",91.8300018310547,92.1500015258789,90.8899993896484,92.0599975585938,194607,92.0599975585938
"2013-03-12",91.9400024414062,93.4700012207031,91.5999984741211,92.5400009155273,283114,92.5400009155273
"2013-03-13",92.620002746582,93.4000015258789,91.9100036621094,92.5199966430664,251336,92.5199966430664
"2013-03-14",92.5100021362305,93.25,92.0100021362305,93.0299987792969,174701,93.0299987792969
"2013-03-15",93.1500015258789,93.8399963378906,93,93.4499969482422,175611,93.4499969482422
"2013-03-18",93.2600021362305,93.9400024414062,91.7600021362305,93.7399978637695,151208,93.7399978637695
"2013-03-19",93.8000030517578,94.0899963378906,92.0299987792969,92.1600036621094,96796,92.1600036621094
"2013-03-20",92.0899963378906,93.3000030517578,92.0899963378906,92.9599990844727,226790,92.9599990844727
"2013-03-21",93.4000015258789,93.5299987792969,91.8399963378906,92.4499969482422,214131,92.4499969482422
"2013-03-22",92.3300018310547,93.9400024414062,92.3300018310547,93.7099990844727,202666,93.7099990844727
"2013-03-25",93.7200012207031,95.6500015258789,93.6999969482422,94.8099975585938,270651,94.8099975585938
"2013-03-26",94.75,96.4499969482422,94.6699981689453,96.3399963378906,214345,96.3399963378906
"2013-03-27",96.1800003051758,96.8399963378906,95.5800018310547,96.5800018310547,207777,96.5800018310547
"2013-03-28",96.6800003051758,97.3499984741211,96.2600021362305,97.2300033569336,174390,97.2300033569336
"2013-03-29",NA,NA,NA,NA,NA,NA
"2013-04-01",97.3600006103516,97.8000030517578,95.9199981689453,97.0699996948242,192396,97.0699996948242
"2013-04-02",97,97.4400024414062,95.9100036621094,97.1900024414062,209877,97.1900024414062
"2013-04-03",96.9300003051758,96.9599990844727,94.1800003051758,94.4499969482422,302235,94.4499969482422
"2013-04-04",94.5,94.8399963378906,92.120002746582,93.2600021362305,355321,93.2600021362305
"2013-04-05",93.3600006103516,93.5699996948242,91.9100036621094,92.6999969482422,267276,92.6999969482422
"2013-04-08",93.0199966430664,93.75,92.4599990844727,93.3600006103516,212117,93.3600006103516
"2013-04-09",93.4899978637695,94.4800033569336,92.8600006103516,94.1999969482422,234720,94.1999969482422
"2013-04-10",93.9599990844727,94.8199996948242,93.4000015258789,94.6399993896484,248557,94.6399993896484
"2013-04-11",94.5599975585938,94.6399993896484,93.0599975585938,93.5100021362305,222439,93.5100021362305
"2013-04-12",93.4899978637695,93.5199966430664,90.2699966430664,91.2900009155273,325580,91.2900009155273
"2013-04-15",90.9499969482422,90.9800033569336,87.1999969482422,88.7099990844727,362524,88.7099990844727
"2013-04-16",87.4199981689453,88.9599990844727,86.0599975585938,88.7200012207031,287410,88.7200012207031
"2013-04-17",88.8000030517578,89.0899963378906,86.0599975585938,86.6800003051758,294274,86.6800003051758
"2013-04-18",86.3899993896484,88.5100021362305,85.6100006103516,87.7300033569336,228200,87.7300033569336
"2013-04-19",88.370002746582,88.7900009155273,87.5599975585938,88.0100021362305,100652,88.0100021362305
"2013-04-22",87.9599990844727,89.129997253418,87.5500030517578,88.7600021362305,238730,88.7600021362305
"2013-04-23",89.2799987792969,89.5999984741211,87.8000030517578,89.1800003051758,288801,89.1800003051758
"2013-04-24",89.5999984741211,91.7200012207031,89.2099990844727,91.4300003051758,257736,91.4300003051758
"2013-04-25",91.5800018310547,93.870002746582,91.1100006103516,93.6399993896484,270121,93.6399993896484
"2013-04-26",93.2399978637695,93.5800018310547,92.0599975585938,93,240966,93
"2013-04-29",92.6999969482422,94.6900024414062,92.4300003051758,94.5,214608,94.5
"2013-04-30",94.4199981689453,94.620002746582,92.8600006103516,93.4599990844727,277499,93.4599990844727
"2013-05-01",93.0800018310547,93.2600021362305,90.1100006103516,91.0299987792969,332382,91.0299987792969
"2013-05-02",91,94.25,90.6500015258789,93.9899978637695,310808,93.9899978637695
"2013-05-03",93.9899978637695,96.0400009155273,93.5599975585938,95.6100006103516,297522,95.6100006103516
"2013-05-06",95.5800018310547,97.1699981689453,94.8499984741211,96.1600036621094,271004,96.1600036621094
"2013-05-07",95.7900009155273,96.2600021362305,94.9199981689453,95.620002746582,260141,95.620002746582
"2013-05-08",95.5599975585938,96.7699966430664,95.2399978637695,96.620002746582,276315,96.620002746582
"2013-05-09",96.5999984741211,96.7699966430664,95.3499984741211,96.3899993896484,272196,96.3899993896484
"2013-05-10",96.1600036621094,96.2399978637695,93.370002746582,96.0400009155273,354119,96.0400009155273
"2013-05-13",95.7600021362305,95.8099975585938,94.4700012207031,95.1699981689453,297036,95.1699981689453
"2013-05-14",94.9300003051758,95.6600036621094,93.8499984741211,94.2099990844727,269403,94.2099990844727
"2013-05-15",94.129997253418,94.4400024414062,92.129997253418,94.3000030517578,360684,94.3000030517578
"2013-05-16",94.3399963378906,95.5699996948242,93.2300033569336,95.1600036621094,297863,95.1600036621094
"2013-05-17",95.1500015258789,96.4499969482422,94.7900009155273,96.0199966430664,187754,96.0199966430664
"2013-05-20",95.9300003051758,97.1100006103516,95.2300033569336,96.7099990844727,118621,96.7099990844727
"2013-05-21",96.6999969482422,96.9700012207031,95.5,96.1600036621094,259159,96.1600036621094
"2013-05-22",95.9000015258789,96.1900024414062,94.0100021362305,94.2799987792969,336497,94.2799987792969
"2013-05-23",94.1800003051758,94.4599990844727,92.2099990844727,94.25,323633,94.25
"2013-05-24",94.370002746582,94.3899993896484,93.0400009155273,94.1500015258789,203991,94.1500015258789
"2013-05-28",93.8899993896484,95.9199981689453,93.2300033569336,95.0100021362305,240990,95.0100021362305
"2013-05-29",95.0500030517578,95.2200012207031,92.8300018310547,93.129997253418,293461,93.129997253418
"2013-05-30",92.8899993896484,93.9899978637695,91.6500015258789,93.6100006103516,294855,93.6100006103516
"2013-05-31",93.6399993896484,93.8499984741211,91.5599975585938,91.9700012207031,267978,91.9700012207031
"2013-06-03",91.7300033569336,93.6999969482422,91.2600021362305,93.4499969482422,287474,93.4499969482422
"2013-06-04",93.3499984741211,94.4100036621094,92.379997253418,93.3099975585938,301136,93.3099975585938
"2013-06-05",93.8600006103516,94.4800033569336,93.4100036621094,93.7399978637695,268909,93.7399978637695
"2013-06-06",93.6999969482422,95.3199996948242,93.6900024414062,94.7600021362305,267164,94.7600021362305
"2013-06-07",94.7200012207031,96.3899993896484,93.7200012207031,96.0299987792969,330833,96.0299987792969
"2013-06-10",96.0899963378906,96.25,95.1900024414062,95.7699966430664,234601,95.7699966430664
"2013-06-11",95.7600021362305,95.9100036621094,94.0400009155273,95.379997253418,257474,95.379997253418
"2013-06-12",94.8899993896484,96.4499969482422,94.4599990844727,95.879997253418,244870,95.879997253418
"2013-06-13",95.7699966430664,96.9199981689453,95.0199966430664,96.6900024414062,224449,96.6900024414062
"2013-06-14",96.6399993896484,98.25,96.4199981689453,97.8499984741211,240906,97.8499984741211
"2013-06-17",97.8499984741211,98.7399978637695,97.379997253418,97.7699966430664,242794,97.7699966430664
"2013-06-18",97.9300003051758,98.6699981689453,97.4100036621094,98.4400024414062,145618,98.4400024414062
"2013-06-19",98.5899963378906,99.0100021362305,97.5699996948242,98.2399978637695,111300,98.2399978637695
"2013-06-20",98.0199966430664,98.0299987792969,94.8899993896484,95.4000015258789,376229,95.4000015258789
"2013-06-21",94.9599990844727,95.8399963378906,93.120002746582,93.6900024414062,340903,93.6900024414062
"2013-06-24",93.8499984741211,95.5899963378906,92.6699981689453,95.1800003051758,315821,95.1800003051758
"2013-06-25",95.0199966430664,96.1699981689453,94.5899963378906,95.3199996948242,267541,95.3199996948242
"2013-06-26",95.1699981689453,95.6999969482422,93.6800003051758,95.5,291417,95.5
"2013-06-27",95.5199966430664,97.4100036621094,95.3499984741211,97.0500030517578,269312,97.0500030517578
"2013-06-28",96.8099975585938,97.8199996948242,96.3300018310547,96.5599975585938,247607,96.5599975585938
"2013-07-01",96.5800018310547,98.2799987792969,96.0699996948242,97.9899978637695,229193,97.9899978637695
"2013-07-02",98.0599975585938,99.870002746582,97.7799987792969,99.5999984741211,285781,99.5999984741211
"2013-07-03",99.6100006103516,102.180000305176,99.5899963378906,101.23999786377,353250,101.23999786377
"2013-07-05",101.089996337891,103.680000305176,100.709999084473,103.220001220703,256027,103.220001220703
"2013-07-08",103.949996948242,104.120002746582,102.129997253418,103.139999389648,253202,103.139999389648
"2013-07-09",103,104.76000213623,102.309997558594,103.529998779297,285670,103.529998779297
"2013-07-10",104.569999694824,106.660003662109,104.209999084473,106.519996643066,404821,106.519996643066
"2013-07-11",106.150001525879,107.449996948242,104.309997558594,104.910003662109,316730,104.910003662109
"2013-07-12",104.580001831055,106.330001831055,104.360000610352,105.949996948242,234756,105.949996948242
"2013-07-15",106.050003051758,106.629997253418,104.650001525879,106.319999694824,210806,106.319999694824
"2013-07-16",106.440002441406,107.180000305176,105.660003662109,106,250921,106
"2013-07-17",105.779998779297,106.599998474121,105.110000610352,106.480003356934,262789,106.480003356934
"2013-07-18",106.559997558594,108.430000305176,106.150001525879,108.040000915527,155963,108.040000915527
"2013-07-19",108.120002746582,109.319999694824,107.480003356934,108.050003051758,112373,108.050003051758
"2013-07-22",108.339996337891,108.790000915527,106.430000305176,106.910003662109,283866,106.910003662109
"2013-07-23",107,107.550003051758,105.459999084473,107.230003356934,241640,107.230003356934
"2013-07-24",107.360000610352,107.519996643066,104.790000915527,105.389999389648,278262,105.389999389648
"2013-07-25",105.370002746582,105.870002746582,104.080001831055,105.48999786377,270580,105.48999786377
"2013-07-26",105.559997558594,105.629997253418,103.900001525879,104.699996948242,208855,104.699996948242
"2013-07-29",104.610000610352,105.370002746582,103.870002746582,104.550003051758,206326,104.550003051758
"2013-07-30",104.519996643066,104.540000915527,102.669998168945,103.080001831055,235605,103.080001831055
"2013-07-31",103.150001525879,105.430000305176,102.930000305176,105.029998779297,299127,105.029998779297
"2013-08-01",105.26000213623,108.059997558594,105.099998474121,107.889999389648,267594,107.889999389648
"2013-08-02",107.800003051758,108.819999694824,106.449996948242,106.940002441406,249314,106.940002441406
"2013-08-05",106.839996337891,107.690002441406,105.699996948242,106.559997558594,204860,106.559997558594
"2013-08-06",106.480003356934,107.269996643066,104.860000610352,105.300003051758,272996,105.300003051758
"2013-08-07",105.680000305176,105.769996643066,104.099998474121,104.370002746582,294242,104.370002746582
"2013-08-08",104.180000305176,104.959999084473,102.220001220703,103.400001525879,320070,103.400001525879
"2013-08-09",103.870002746582,106.23999786377,103.620002746582,105.970001220703,303796,105.970001220703
"2013-08-12",105.839996337891,106.459999084473,105.029998779297,106.110000610352,257139,106.110000610352
"2013-08-13",106.150001525879,107.199996948242,105.559997558594,106.830001831055,276773,106.830001831055
"2013-08-14",106.540000915527,107.059997558594,105.599998474121,106.849998474121,270921,106.849998474121
"2013-08-15",106.980003356934,107.870002746582,106.599998474121,107.330001831055,251868,107.330001831055
"2013-08-16",107.180000305176,108.169998168945,106.559997558594,107.459999084473,179859,107.459999084473
"2013-08-19",107.779998779297,107.800003051758,106.559997558594,107.099998474121,102781,107.099998474121
"2013-08-20",106.930000305176,107.099998474121,104.5,104.970001220703,361065,104.970001220703
"2013-08-21",105.180000305176,105.349998474121,103.5,103.849998474121,259243,103.849998474121
"2013-08-22",103.879997253418,105.25,103.529998779297,105.029998779297,204692,105.029998779297
"2013-08-23",105.220001220703,106.940002441406,104.300003051758,106.419998168945,259545,106.419998168945
"2013-08-26",106.910003662109,107.370002746582,105.559997558594,105.919998168945,165995,105.919998168945
"2013-08-27",106.139999389648,109.319999694824,105.879997253418,109.01000213623,295934,109.01000213623
"2013-08-28",109.220001220703,112.23999786377,109.110000610352,110.099998474121,336171,110.099998474121
"2013-08-29",109.529998779297,110.069999694824,107.720001220703,108.800003051758,250038,108.800003051758
"2013-08-30",108.169998168945,108.75,106.75,107.650001525879,250038,107.650001525879
"2013-09-03",107.069999694824,108.830001831055,104.209999084473,108.540000915527,288018,108.540000915527
"2013-09-04",108.440002441406,108.610000610352,106.769996643066,107.230003356934,224377,107.230003356934
"2013-09-05",107.589996337891,108.540000915527,107.129997253418,108.370002746582,184889,108.370002746582
"2013-09-06",108.519996643066,110.699996948242,108.120002746582,110.529998779297,269866,110.529998779297
"2013-09-09",110.279998779297,110.459999084473,108.76000213623,109.519996643066,266915,109.519996643066
"2013-09-10",108.919998168945,108.949996948242,106.389999389648,107.389999389648,325314,107.389999389648
"2013-09-11",107.360000610352,108.089996337891,106.529998779297,107.559997558594,238235,107.559997558594
"2013-09-12",107.769996643066,109.160003662109,107.300003051758,108.599998474121,249780,108.599998474121
"2013-09-13",108.639999389648,108.73999786377,107.230003356934,108.209999084473,207037,108.209999084473
"2013-09-16",107.5,108,106.059997558594,106.589996337891,282888,106.589996337891
"2013-09-17",106.220001220703,106.430000305176,104.940002441406,105.419998168945,304851,105.419998168945
"2013-09-18",105.529998779297,108.48999786377,105.319999694824,108.069999694824,199888,108.069999694824
"2013-09-19",108.220001220703,108.98999786377,106.080001831055,106.389999389648,139835,106.389999389648
"2013-09-20",106.370002746582,106.459999084473,104.319999694824,104.680000305176,250360,104.680000305176
"2013-09-23",104.889999389648,105.120002746582,103.120002746582,103.589996337891,223392,103.589996337891
"2013-09-24",103.440002441406,103.639999389648,102.300003051758,103.129997253418,259543,103.129997253418
"2013-09-25",103.410003662109,103.959999084473,102.199996948242,102.660003662109,236195,102.660003662109
"2013-09-26",102.300003051758,103.290000915527,102.199996948242,103.029998779297,183778,103.029998779297
"2013-09-27",102.910003662109,103.769996643066,102.360000610352,102.870002746582,232299,102.870002746582
"2013-09-30",102.459999084473,102.76000213623,101.050003051758,102.330001831055,226707,102.330001831055
"2013-10-01",102.309997558594,102.580001831055,101.059997558594,102.040000915527,223028,102.040000915527
"2013-10-02",101.620002746582,104.230003356934,101.430000305176,104.099998474121,300526,104.099998474121
"2013-10-03",103.819999694824,104.379997253418,102.870002746582,103.309997558594,226225,103.309997558594
"2013-10-04",102.919998168945,104.190002441406,102.900001525879,103.839996337891,165197,103.839996337891
"2013-10-07",103.449996948242,103.73999786377,101.860000610352,103.029998779297,269025,103.029998779297
"2013-10-08",103.160003662109,104.080001831055,102.849998474121,103.48999786377,194195,103.48999786377
"2013-10-09",103.48999786377,103.75,101.180000305176,101.610000610352,283131,101.610000610352
"2013-10-10",101.459999084473,103.569999694824,101.160003662109,103.01000213623,296858,103.01000213623
"2013-10-11",102.940002441406,102.949996948242,100.599998474121,102.019996643066,298216,102.019996643066
"2013-10-14",101.370002746582,102.620002746582,101.059997558594,102.410003662109,170674,102.410003662109
"2013-10-15",102.190002441406,102.459999084473,100.870002746582,101.209999084473,240218,101.209999084473
"2013-10-16",100.879997253418,102.970001220703,100.75,102.290000915527,235236,102.290000915527
"2013-10-17",102.129997253418,102.319999694824,100.029998779297,100.669998168945,266625,100.669998168945
"2013-10-18",100.720001220703,101.709999084473,100.51000213623,100.809997558594,116680,100.809997558594
"2013-10-21",100.629997253418,100.949996948242,98.9800033569336,99.2200012207031,90824,99.2200012207031
"2013-10-22",99.0599975585938,99.7699966430664,97.5,97.8000030517578,347314,97.8000030517578
"2013-10-23",98.120002746582,98.2900009155273,96.1600036621094,96.8600006103516,356194,96.8600006103516
"2013-10-24",97.0999984741211,97.6900024414062,95.9499969482422,97.1100006103516,248742,97.1100006103516
"2013-10-25",97.1900024414062,98.0599975585938,96.9899978637695,97.8499984741211,192632,97.8499984741211
"2013-10-28",97.879997253418,98.8199996948242,97.370002746582,98.6800003051758,230155,98.6800003051758
"2013-10-29",98.5400009155273,98.5699996948242,97.6900024414062,98.1999969482422,183243,98.1999969482422
"2013-10-30",97.7699966430664,97.8199996948242,96.5500030517578,96.7699966430664,268138,96.7699966430664
"2013-10-31",96.620002746582,97.0299987792969,96.0299987792969,96.379997253418,255401,96.379997253418
"2013-11-01",96.3199996948242,96.6500015258789,94.3600006103516,94.6100006103516,282138,94.6100006103516
"2013-11-04",94.5199966430664,95.1100006103516,94.0599975585938,94.620002746582,219109,94.620002746582
"2013-11-05",94.4700012207031,94.9000015258789,93.0699996948242,93.370002746582,226454,93.370002746582
"2013-11-06",93.7399978637695,95.4000015258789,93.6500015258789,94.8000030517578,282722,94.8000030517578
"2013-11-07",94.9100036621094,95.3099975585938,93.8000030517578,94.1999969482422,260597,94.1999969482422
"2013-11-08",94.3600006103516,94.9199981689453,93.9000015258789,94.5999984741211,241690,94.5999984741211
"2013-11-11",94.4499969482422,95.379997253418,94.1100006103516,95.1399993896484,206721,95.1399993896484
"2013-11-12",95,95.2200012207031,92.8600006103516,93.0400009155273,353689,93.0400009155273
"2013-11-13",93.0699996948242,94.5400009155273,92.9300003051758,93.879997253418,305009,93.879997253418
"2013-11-14",93.5,94.4300003051758,92.5100021362305,93.7600021362305,315066,93.7600021362305
"2013-11-15",93.8899993896484,94.5500030517578,93.5800018310547,93.8399963378906,204366,93.8399963378906
"2013-11-18",93.7799987792969,94.3000030517578,92.7200012207031,93.0299987792969,169443,93.0299987792969
"2013-11-19",93,93.4599990844727,92.4300003051758,93.3399963378906,131463,93.3399963378906
"2013-11-20",93.3300018310547,93.9300003051758,92.7300033569336,93.3300018310547,225891,93.3300018310547
"2013-11-21",93.7300033569336,95.629997253418,93.4700012207031,95.4400024414062,222138,95.4400024414062
"2013-11-22",95.2900009155273,95.5699996948242,94.0500030517578,94.8399963378906,257843,94.8399963378906
"2013-11-25",94.1500015258789,94.5,93.0800018310547,94.0899963378906,270860,94.0899963378906
"2013-11-26",94.2099990844727,94.6900024414062,93.4300003051758,93.6800003051758,160178,93.6800003051758
"2013-11-27",93.5,93.5999984741211,91.7699966430664,92.3000030517578,230878,92.3000030517578
"2013-11-29",92.3300018310547,93.9000015258789,92.0599975585938,92.7200012207031,143205,92.7200012207031
"2013-12-02",92.7099990844727,94.0800018310547,92.5599975585938,93.8199996948242,234800,93.8199996948242
"2013-12-03",93.8600006103516,96.9599990844727,93.6699981689453,96.0400009155273,319271,96.0400009155273
"2013-12-04",96.9000015258789,97.5800018310547,96.3000030517578,97.1999969482422,325857,97.1999969482422
"2013-12-05",97.3300018310547,97.9899978637695,97.0100021362305,97.379997253418,216392,97.379997253418
"2013-12-06",97.379997253418,98.0699996948242,97.0800018310547,97.6500015258789,223944,97.6500015258789
"2013-12-09",97.6600036621094,97.9700012207031,97.0999984741211,97.3399963378906,210090,97.3399963378906
"2013-12-10",97.25,98.7399978637695,97.2399978637695,98.5100021362305,264838,98.5100021362305
"2013-12-11",98.6500015258789,98.75,97.1999969482422,97.4400024414062,274194,97.4400024414062
"2013-12-12",97.5500030517578,98.1800003051758,97.3099975585938,97.5,205749,97.5
"2013-12-13",97.5800018310547,97.620002746582,96.2600021362305,96.5999984741211,233161,96.5999984741211
"2013-12-16",96.5500030517578,97.6900024414062,96.2099990844727,97.4800033569336,187591,97.4800033569336
"2013-12-17",97.3000030517578,97.9000015258789,97,97.2200012207031,120127,97.2200012207031
"2013-12-18",97.3000030517578,98.0100021362305,97.0199966430664,97.8000030517578,84627,97.8000030517578
"2013-12-19",97.6900024414062,99.1699981689453,97.5,98.7699966430664,192782,98.7699966430664
"2013-12-20",98.6999969482422,99.4000015258789,98.5400009155273,99.3199996948242,151281,99.3199996948242
"2013-12-23",99.1999969482422,99.3099975585938,98.6399993896484,98.9100036621094,107273,98.9100036621094
"2013-12-24",98.620002746582,99.3000030517578,98.5299987792969,99.2200012207031,51877,99.2200012207031
"2013-12-26",99.1999969482422,99.6999969482422,99.0500030517578,99.5500030517578,65666,99.5500030517578
"2013-12-27",99.629997253418,100.75,99.370002746582,100.319999694824,127198,100.319999694824
"2013-12-30",100.150001525879,100.419998168945,99.129997253418,99.2900009155273,118356,99.2900009155273
"2013-12-31",99.25,99.3899993896484,98.1500015258789,98.4199981689453,113907,98.4199981689453
"2014-01-02",98.5,98.9700012207031,95.3399963378906,95.4400024414062,251248,95.4400024414062
"2014-01-03",95.4700012207031,95.7399978637695,93.8600006103516,93.9599990844727,215522,93.9599990844727
"2014-01-06",94.1800003051758,94.5899963378906,93.1999969482422,93.4300003051758,189379,93.4300003051758
"2014-01-07",93.5999984741211,94.2200012207031,93.3499984741211,93.6699981689453,177182,93.6699981689453
"2014-01-08",93.9599990844727,94.1800003051758,92.2600021362305,92.3300018310547,244855,92.3300018310547
"2014-01-09",92.5800018310547,92.9300003051758,91.2399978637695,91.6600036621094,255784,91.6600036621094
"2014-01-10",92.3000030517578,93.379997253418,91.9899978637695,92.7200012207031,255988,92.7200012207031
"2014-01-13",92.8300018310547,92.879997253418,91.4300003051758,91.8000030517578,212208,91.8000030517578
"2014-01-14",91.5100021362305,92.879997253418,91.5,92.5899963378906,243474,92.5899963378906
"2014-01-15",92.6500015258789,94.6399993896484,92.4300003051758,94.1699981689453,263295,94.1699981689453
"2014-01-16",94.2900009155273,94.6399993896484,93.5999984741211,93.9599990844727,165135,93.9599990844727
"2014-01-17",94.1699981689453,94.9400024414062,93.9400024414062,94.370002746582,119887,94.370002746582
"2014-01-21",94,95.2300033569336,93.4300003051758,94.9899978637695,244861,94.9899978637695
"2014-01-22",95.1999969482422,96.8899993896484,95.120002746582,96.7300033569336,252349,96.7300033569336
"2014-01-23",96.6900024414062,97.8399963378906,96.4100036621094,97.3199996948242,274078,97.3199996948242
"2014-01-24",97.370002746582,97.8000030517578,96.25,96.6399993896484,239673,96.6399993896484
"2014-01-27",96.9000015258789,97.1800003051758,95.2099990844727,95.7200012207031,235110,95.7200012207031
"2014-01-28",95.6600036621094,97.6600036621094,95.629997253418,97.4100036621094,206490,97.4100036621094
"2014-01-29",97.1699981689453,97.75,96.3199996948242,97.3600006103516,200486,97.3600006103516
"2014-01-30",97.4199981689453,98.5899963378906,97.3300018310547,98.2300033569336,199420,98.2300033569336
"2014-01-31",97.9700012207031,98.3899993896484,97.0999984741211,97.4899978637695,253457,97.4899978637695
"2014-02-03",97.4000015258789,97.9400024414062,96.2600021362305,96.4300003051758,293312,96.4300003051758
"2014-02-04",96.5299987792969,97.8199996948242,96.370002746582,97.1900024414062,204282,97.1900024414062
"2014-02-05",97.6699981689453,98.2600021362305,96.8000030517578,97.379997253418,237671,97.379997253418
"2014-02-06",97.25,98.8300018310547,97.25,97.8399963378906,234281,97.8399963378906
"2014-02-07",97.9700012207031,100.23999786377,97.1100006103516,99.879997253418,270407,99.879997253418
"2014-02-10",100.050003051758,100.550003051758,99.1100006103516,100.059997558594,251127,100.059997558594
"2014-02-11",99.9700012207031,100.599998474121,99.5999984741211,99.9400024414062,233933,99.9400024414062
"2014-02-12",100.459999084473,101.379997253418,100.040000915527,100.370002746582,318686,100.370002746582
"2014-02-13",100.269996643066,100.660003662109,99.4000015258789,100.349998474121,221722,100.349998474121
"2014-02-14",100.339996337891,100.470001220703,99.4300003051758,100.300003051758,229784,100.300003051758
"2014-02-18",100.319999694824,103.25,100.230003356934,102.430000305176,177371,102.430000305176
"2014-02-19",103.139999389648,103.800003051758,102.400001525879,103.309997558594,116164,103.309997558594
"2014-02-20",103.410003662109,103.5,102.75,102.919998168945,194397,102.919998168945
"2014-02-21",102.870002746582,102.919998168945,101.690002441406,102.199996948242,173260,102.199996948242
"2014-02-24",102.290000915527,103.449996948242,101.970001220703,102.819999694824,177861,102.819999694824
"2014-02-25",102.800003051758,102.839996337891,101.019996643066,101.830001831055,187216,101.830001831055
"2014-02-26",102.040000915527,102.900001525879,101.580001831055,102.589996337891,196517,102.589996337891
"2014-02-27",102.569999694824,103.080001831055,101.75,102.400001525879,196494,102.400001525879
"2014-02-28",102.150001525879,102.959999084473,101.800003051758,102.589996337891,178276,102.589996337891
"2014-03-03",103,105.220001220703,102.949996948242,104.919998168945,295819,104.919998168945
"2014-03-04",104.889999389648,104.959999084473,102.849998474121,103.330001831055,210005,103.330001831055
"2014-03-05",103.349998474121,103.529998779297,100.849998474121,101.449996948242,267837,101.449996948242
"2014-03-06",101.040000915527,102.080001831055,100.129997253418,101.559997558594,291849,101.559997558594
"2014-03-07",101.970001220703,102.910003662109,101.569999694824,102.580001831055,226145,102.580001831055
"2014-03-10",102.75,102.819999694824,100.849998474121,101.120002746582,225290,101.120002746582
"2014-03-11",100.940002441406,101.519996643066,99.3199996948242,100.029998779297,294201,100.029998779297
"2014-03-12",99.4800033569336,99.5999984741211,97.5500030517578,97.9899978637695,416927,97.9899978637695
"2014-03-13",98.0999984741211,98.5999984741211,97.6699981689453,98.1999969482422,268074,98.1999969482422
"2014-03-14",98.25,99.2799987792969,98.0599975585938,98.8899993896484,226300,98.8899993896484
"2014-03-17",99.3899993896484,99.3899993896484,97.370002746582,98.0800018310547,227387,98.0800018310547
"2014-03-18",97.9700012207031,99.7799987792969,97.75,99.6999969482422,192508,99.6999969482422
"2014-03-19",99.5299987792969,100.470001220703,99.3399963378906,100.370002746582,110319,100.370002746582
"2014-03-20",100.389999389648,100.819999694824,99.0800018310547,99.4300003051758,244866,99.4300003051758
"2014-03-21",98.5899963378906,100.25,98.25,99.4599990844727,191289,99.4599990844727
"2014-03-24",99.4899978637695,100.290000915527,99.0500030517578,99.5999984741211,151710,99.5999984741211
"2014-03-25",99.4300003051758,100.25,98.8000030517578,99.1900024414062,217013,99.1900024414062
"2014-03-26",99.1800003051758,100.459999084473,99.0999984741211,100.26000213623,211367,100.26000213623
"2014-03-27",100.300003051758,101.699996948242,100.029998779297,101.279998779297,202200,101.279998779297
"2014-03-28",101.339996337891,102.23999786377,101.180000305176,101.669998168945,166326,101.669998168945
"2014-03-31",101.690002441406,101.970001220703,100.879997253418,101.580001831055,167570,101.580001831055
"2014-04-01",101.529998779297,101.569999694824,99.2799987792969,99.7399978637695,237564,99.7399978637695
"2014-04-02",99.6399993896484,99.8300018310547,98.8600006103516,99.620002746582,231596,99.620002746582
"2014-04-03",99.2900009155273,100.48999786377,99.0699996948242,100.290000915527,195430,100.290000915527
"2014-04-04",100.379997253418,101.629997253418,100.279998779297,101.139999389648,193532,101.139999389648
"2014-04-07",100.910003662109,101.319999694824,99.9199981689453,100.440002441406,254884,100.440002441406
"2014-04-08",100.690002441406,102.709999084473,100.680000305176,102.559997558594,299549,102.559997558594
"2014-04-09",102.349998474121,103.769996643066,102.029998779297,103.599998474121,324660,103.599998474121
"2014-04-10",103.440002441406,103.809997558594,103.099998474121,103.400001525879,222169,103.400001525879
"2014-04-11",103.339996337891,104.440002441406,103.01000213623,103.73999786377,261915,103.73999786377
"2014-04-14",103.559997558594,104.550003051758,103.339996337891,104.050003051758,237213,104.050003051758
"2014-04-15",103.599998474121,104.050003051758,102.910003662109,103.75,215848,103.75
"2014-04-16",103.76000213623,104.98999786377,103.120002746582,103.76000213623,279392,103.76000213623
"2014-04-17",103.839996337891,104.779998779297,103.540000915527,104.300003051758,191342,104.300003051758
"2014-04-21",104.540000915527,104.769996643066,103.849998474121,104.370002746582,115095,104.370002746582
"2014-04-22",104.360000610352,104.360000610352,101.690002441406,102.129997253418,323723,102.129997253418
"2014-04-23",101.860000610352,102.080001831055,101.199996948242,101.440002441406,250645,101.440002441406
"2014-04-24",101.540000915527,102.349998474121,101.400001525879,101.940002441406,202278,101.940002441406
"2014-04-25",101.930000305176,102.050003051758,100.480003356934,100.599998474121,221601,100.599998474121
"2014-04-28",100.48999786377,101.519996643066,100.330001831055,100.839996337891,231590,100.839996337891
"2014-04-29",100.889999389648,102.199996948242,100.709999084473,101.279998779297,218691,101.279998779297
"2014-04-30",100.76000213623,100.76000213623,99.3499984741211,99.7399978637695,282979,99.7399978637695
"2014-05-01",99.7200012207031,99.8899993896484,98.7399978637695,99.4199981689453,235455,99.4199981689453
"2014-05-02",99.1699981689453,100.139999389648,99.1699981689453,99.7600021362305,213631,99.7600021362305
"2014-05-05",99.9599990844727,100.440002441406,98.9100036621094,99.4800033569336,190002,99.4800033569336
"2014-05-06",99.379997253418,100.419998168945,99.3199996948242,99.5,251208,99.5
"2014-05-07",99.8300018310547,100.98999786377,99.7799987792969,100.769996643066,291271,100.769996643066
"2014-05-08",100.819999694824,100.930000305176,99.870002746582,100.26000213623,252605,100.26000213623
"2014-05-09",100.269996643066,101.180000305176,99.7099990844727,99.9899978637695,271341,99.9899978637695
"2014-05-12",100.120002746582,100.930000305176,99.9300003051758,100.589996337891,211648,100.589996337891
"2014-05-13",100.629997253418,102.050003051758,100.360000610352,101.699996948242,253588,101.699996948242
"2014-05-14",101.910003662109,102.650001525879,101.830001831055,102.370002746582,234477,102.370002746582
"2014-05-15",102.029998779297,102.26000213623,101.269996643066,101.5,276060,101.5
"2014-05-16",101.559997558594,102.230003356934,101.389999389648,102.019996643066,147896,102.019996643066
"2014-05-19",102.129997253418,103.089996337891,101.970001220703,102.610000610352,121114,102.610000610352
"2014-05-20",102.599998474121,102.860000610352,102.099998474121,102.440002441406,249769,102.440002441406
"2014-05-21",102.959999084473,104.290000915527,102.779998779297,104.069999694824,272127,104.069999694824
"2014-05-22",103.849998474121,104.220001220703,103.550003051758,103.73999786377,159181,103.73999786377
"2014-05-23",103.709999084473,104.5,103.639999389648,104.349998474121,160563,104.349998474121
"2014-05-27",104.339996337891,104.5,103.569999694824,104.110000610352,174387,104.110000610352
"2014-05-28",104.139999389648,104.389999389648,102.639999389648,102.720001220703,239134,102.720001220703
"2014-05-29",103.059997558594,103.940002441406,102.610000610352,103.580001831055,205506,103.580001831055
"2014-05-30",103.51000213623,103.559997558594,102.400001525879,102.709999084473,169734,102.709999084473
"2014-06-02",102.919998168945,103.349998474121,102.099998474121,102.470001220703,159042,102.470001220703
"2014-06-03",102.440002441406,102.860000610352,102.230003356934,102.660003662109,160208,102.660003662109
"2014-06-04",102.790000915527,103.690002441406,102.339996337891,102.639999389648,208540,102.639999389648
"2014-06-05",102.370002746582,102.690002441406,101.599998474121,102.480003356934,200402,102.480003356934
"2014-06-06",102.440002441406,103.069999694824,102.300003051758,102.660003662109,197758,102.660003662109
"2014-06-09",102.779998779297,104.569999694824,102.620002746582,104.410003662109,246719,104.410003662109
"2014-06-10",104.459999084473,105.059997558594,103.980003356934,104.349998474121,255599,104.349998474121
"2014-06-11",104.300003051758,104.809997558594,104.169998168945,104.400001525879,187728,104.400001525879
"2014-06-12",104.470001220703,106.949996948242,104.349998474121,106.529998779297,321499,106.529998779297
"2014-06-13",106.839996337891,107.680000305176,106.370002746582,106.910003662109,255394,106.910003662109
"2014-06-16",106.879997253418,107.540000915527,106.569999694824,106.900001525879,204792,106.900001525879
"2014-06-17",106.589996337891,107.180000305176,106.01000213623,106.360000610352,252969,106.360000610352
"2014-06-18",106.599998474121,106.970001220703,105.800003051758,105.970001220703,176257,105.970001220703
"2014-06-19",106.110000610352,106.699996948242,105.319999694824,106.430000305176,123121,106.430000305176
"2014-06-20",106.599998474121,107.730003356934,106.330001831055,107.26000213623,213130,107.26000213623
"2014-06-23",107.419998168945,107.449996948242,105.910003662109,106.169998168945,175473,106.169998168945
"2014-06-24",106.019996643066,106.459999084473,105.25,106.029998779297,175206,106.029998779297
"2014-06-25",106.139999389648,107.5,105.470001220703,106.5,249064,106.5
"2014-06-26",106.709999084473,106.809997558594,105.029998779297,105.839996337891,195723,105.839996337891
"2014-06-27",105.639999389648,106.190002441406,105.330001831055,105.73999786377,128975,105.73999786377
"2014-06-30",105.690002441406,105.76000213623,104.660003662109,105.370002746582,215334,105.370002746582
"2014-07-01",105.440002441406,106.089996337891,104.599998474121,105.339996337891,221685,105.339996337891
"2014-07-02",105.209999084473,105.529998779297,104.099998474121,104.480003356934,240067,104.480003356934
"2014-07-03",104.269996643066,104.290000915527,103.669998168945,104.059997558594,169938,104.059997558594
"2014-07-07",104.059997558594,104.129997253418,103.190002441406,103.529998779297,189250,103.529998779297
"2014-07-08",103.389999389648,104.199996948242,103.01000213623,103.400001525879,249378,103.400001525879
"2014-07-09",103.449996948242,103.599998474121,101.849998474121,102.290000915527,250987,102.290000915527
"2014-07-10",101.949996948242,103,101.550003051758,102.930000305176,238076,102.930000305176
"2014-07-11",102.860000610352,102.919998168945,100.440002441406,100.830001831055,272550,100.830001831055
"2014-07-14",100.459999084473,101.199996948242,100.220001220703,100.910003662109,252675,100.910003662109
"2014-07-15",100.930000305176,101.059997558594,99.0100021362305,99.9599990844727,331196,99.9599990844727
"2014-07-16",100.209999084473,101.599998474121,100.069999694824,101.199996948242,240202,101.199996948242
"2014-07-17",101.48999786377,103.900001525879,101.269996643066,103.190002441406,342872,103.190002441406
"2014-07-18",103.720001220703,103.940002441406,102.580001831055,103.129997253418,172529,103.129997253418
"2014-07-21",102.970001220703,104.98999786377,102.650001525879,104.589996337891,126986,104.589996337891
"2014-07-22",104.580001831055,105.25,103.889999389648,104.419998168945,252395,104.419998168945
"2014-07-23",101.959999084473,103.339996337891,101.790000915527,103.120002746582,260652,103.120002746582
"2014-07-24",103.199996948242,103.309997558594,101.879997253418,102.069999694824,194404,102.069999694824
"2014-07-25",102.040000915527,102.529998779297,101,102.089996337891,284919,102.089996337891
"2014-07-28",101.870002746582,102.099998474121,100.900001525879,101.669998168945,197815,101.669998168945
"2014-07-29",101.599998474121,101.830001831055,100.370002746582,100.970001220703,258060,100.970001220703
"2014-07-30",101.029998779297,101.669998168945,99.4199981689453,100.269996643066,263974,100.269996643066
"2014-07-31",99.4700012207031,99.8499984741211,97.5999984741211,98.1699981689453,335785,98.1699981689453
"2014-08-01",97.6999969482422,98.0999984741211,97.0899963378906,97.879997253418,274992,97.879997253418
"2014-08-04",97.6699981689453,98.6699981689453,97.4300003051758,98.2900009155273,204262,98.2900009155273
"2014-08-05",98.4100036621094,98.6699981689453,97,97.379997253418,242237,97.379997253418
"2014-08-06",97.620002746582,98.129997253418,96.6900024414062,96.9199981689453,263598,96.9199981689453
"2014-08-07",96.8899993896484,97.7200012207031,96.5500030517578,97.3399963378906,286531,97.3399963378906
"2014-08-08",97.6399993896484,98.4499969482422,97.1500015258789,97.6500015258789,266006,97.6500015258789
"2014-08-11",97.5400009155273,98.5800018310547,97.370002746582,98.0800018310547,241493,98.0800018310547
"2014-08-12",97.8399963378906,97.9400024414062,96.8099975585938,97.370002746582,242592,97.370002746582
"2014-08-13",97.1999969482422,97.7799987792969,96.75,97.5899963378906,253703,97.5899963378906
"2014-08-14",97.3000030517578,97.5899963378906,95.2600021362305,95.5800018310547,350619,95.5800018310547
"2014-08-15",95.5,97.4100036621094,95.3199996948242,97.3499984741211,269750,97.3499984741211
"2014-08-18",97.0999984741211,97.1600036621094,95.8099975585938,96.4100036621094,157537,96.4100036621094
"2014-08-19",96.5599975585938,97.0500030517578,94.2600021362305,94.4800033569336,109041,94.4800033569336
"2014-08-20",94.6999969482422,96.4700012207031,94.6999969482422,96.0699996948242,207152,96.0699996948242
"2014-08-21",93.4899978637695,94.4499969482422,92.5,93.9599990844727,226343,93.9599990844727
"2014-08-22",93.8899993896484,94.0400009155273,92.9199981689453,93.6500015258789,191457,93.6500015258789
"2014-08-25",93.3399963378906,93.9499969482422,93.0500030517578,93.3499984741211,137420,93.3499984741211
"2014-08-26",93.3600006103516,94.3499984741211,93.3499984741211,93.8600006103516,176280,93.8600006103516
"2014-08-27",93.879997253418,94.2399978637695,93.3600006103516,93.879997253418,174908,93.879997253418
"2014-08-28",93.75,94.7099990844727,93.4499969482422,94.5500030517578,262292,94.5500030517578
"2014-08-29",94.5599975585938,96,94.4800033569336,95.9599990844727,234972,95.9599990844727
"2014-09-02",95.8099975585938,95.9100036621094,92.6800003051758,92.879997253418,320356,92.879997253418
"2014-09-03",93.2799987792969,95.8300018310547,93.0599975585938,95.5400009155273,294395,95.5400009155273
"2014-09-04",95.0699996948242,95.3899993896484,94.1600036621094,94.4499969482422,254140,94.4499969482422
"2014-09-05",94.5699996948242,94.9899978637695,92.8600006103516,93.2900009155273,261386,93.2900009155273
"2014-09-08",93.4899978637695,93.620002746582,91.8000030517578,92.6600036621094,277990,92.6600036621094
"2014-09-09",93.1100006103516,93.9400024414062,92.5199966430664,92.75,275876,92.75
"2014-09-10",92.7900009155273,93.0299987792969,91.2200012207031,91.6699981689453,295306,91.6699981689453
"2014-09-11",91.7099990844727,93.4400024414062,90.4300003051758,92.8300018310547,403175,92.8300018310547
"2014-09-12",93.0500030517578,93.6699981689453,91.9599990844727,92.2699966430664,297768,92.2699966430664
"2014-09-15",92.129997253418,93.0299987792969,90.629997253418,92.9199981689453,260506,92.9199981689453
"2014-09-16",92.8099975585938,95.1900024414062,92.4599990844727,94.879997253418,294723,94.879997253418
"2014-09-17",94.7099990844727,95.0599975585938,93.7399978637695,94.4199981689453,305832,94.4199981689453
"2014-09-18",93.9700012207031,94.8199996948242,92.8499984741211,93.0699996948242,170772,93.0699996948242
"2014-09-19",92.9700012207031,93.2200012207031,91.8499984741211,92.4100036621094,92780,92.4100036621094
"2014-09-22",92.2200012207031,92.6399993896484,91.1999969482422,91.5199966430664,229232,91.5199966430664
"2014-09-23",90.6999969482422,92.0899963378906,90.5800018310547,91.5599975585938,247770,91.5599975585938
"2014-09-24",91.7200012207031,93.2900009155273,91.120002746582,92.8000030517578,282634,92.8000030517578
"2014-09-25",92.8899993896484,93.5400009155273,92.0500030517578,92.5299987792969,248852,92.5299987792969
"2014-09-26",92.4700012207031,93.8600006103516,92.2300033569336,93.5400009155273,258890,93.5400009155273
"2014-09-29",93.3499984741211,94.6399993896484,92.7399978637695,94.5699996948242,261246,94.5699996948242
"2014-09-30",94.3399963378906,94.9000015258789,90.8600006103516,91.1600036621094,429251,91.1600036621094
"2014-10-01",91.3600006103516,92.9599990844727,90.4700012207031,90.7300033569336,389246,90.7300033569336
"2014-10-02",90.7399978637695,91.5400009155273,88.1800003051758,91.0100021362305,449554,91.0100021362305
"2014-10-03",91.379997253418,91.7900009155273,89.3600006103516,89.7399978637695,342795,89.7399978637695
"2014-10-06",89.7699966430664,90.7399978637695,88.7600021362305,90.3399963378906,276614,90.3399963378906
"2014-10-07",90.4499969482422,90.5699996948242,88.379997253418,88.8499984741211,300113,88.8499984741211
"2014-10-08",88.4300003051758,88.629997253418,86.8300018310547,87.3099975585938,373752,87.3099975585938
"2014-10-09",87.7300033569336,87.9499969482422,84.0599975585938,85.7699966430664,345020,85.7699966430664
"2014-10-10",84.3899993896484,86.2900009155273,83.5899963378906,85.8199996948242,396528,85.8199996948242
"2014-10-13",85.1999969482422,85.870002746582,84.0699996948242,85.7399978637695,292345,85.7399978637695
"2014-10-14",84.9800033569336,85.5999984741211,81.3199996948242,81.8399963378906,475832,81.8399963378906
"2014-10-15",82.3199996948242,82.4499969482422,80.0100021362305,81.7799987792969,487721,81.7799987792969
"2014-10-16",81.0599975585938,84.8300018310547,79.7799987792969,82.6999969482422,424524,82.6999969482422
"2014-10-17",83.1800003051758,84.4499969482422,82.4400024414062,82.75,174142,82.75
"2014-10-20",83.129997253418,83.4800033569336,81.5500030517578,82.7099990844727,83702,82.7099990844727
"2014-10-21",82.7600021362305,84.0500030517578,82.2900009155273,82.8099975585938,297522,82.8099975585938
"2014-10-22",82.5500030517578,83.1500015258789,80.2200012207031,80.5199966430664,352217,80.5199966430664
"2014-10-23",80.4199981689453,82.370002746582,80.0500030517578,82.0899963378906,354839,82.0899963378906
"2014-10-24",81.9499969482422,81.9499969482422,80.3600006103516,81.0100021362305,272509,81.0100021362305
"2014-10-27",81.2699966430664,81.2900009155273,79.4400024414062,81,285327,81
"2014-10-28",80.6399993896484,81.6600036621094,80.3600006103516,81.4199981689453,226066,81.4199981689453
"2014-10-29",81.5500030517578,82.879997253418,81.4400024414062,82.1999969482422,283762,82.1999969482422
"2014-10-30",81.9300003051758,82.0899963378906,80.7200012207031,81.120002746582,270072,81.120002746582
"2014-10-31",81.0400009155273,81.2699966430664,79.5500030517578,80.5400009155273,294183,80.5400009155273
"2014-11-03",80.5899963378906,80.9800033569336,78.0800018310547,78.7799987792969,386045,78.7799987792969
"2014-11-04",78.2200012207031,78.4100036621094,75.8399963378906,77.1900024414062,432757,77.1900024414062
"2014-11-05",77.3600006103516,79.3499984741211,76.4599990844727,78.6800003051758,447691,78.6800003051758
"2014-11-06",78.870002746582,78.9800033569336,77.120002746582,77.9100036621094,292897,77.9100036621094
"2014-11-07",77.8600006103516,79.4100036621094,77.4700012207031,78.6500015258789,306077,78.6500015258789
"2014-11-10",78.5,79.8499984741211,77.129997253418,77.4000015258789,319492,77.4000015258789
"2014-11-11",77.1800003051758,78.0400009155273,76.4199981689453,77.9400024414062,314309,77.9400024414062
"2014-11-12",77.5,78.0800018310547,76.629997253418,77.1800003051758,359951,77.1800003051758
"2014-11-13",76.9499969482422,77.1600036621094,74.0699996948242,74.2099990844727,447012,74.2099990844727
"2014-11-14",74.3600006103516,76.3000030517578,73.25,75.8199996948242,355245,75.8199996948242
"2014-11-17",75.9300003051758,76.1800003051758,74.7099990844727,75.6399993896484,279462,75.6399993896484
"2014-11-18",75.4899978637695,76.4400024414062,74.120002746582,74.6100006103516,186214,74.6100006103516
"2014-11-19",74.2300033569336,75.4000015258789,73.879997253418,74.5800018310547,116278,74.5800018310547
"2014-11-20",74.25,75.7600021362305,74.1699981689453,75.5800018310547,236720,75.5800018310547
"2014-11-21",76.2900009155273,77.8300018310547,75.620002746582,76.5100021362305,275317,76.5100021362305
"2014-11-24",76.620002746582,77.0199966430664,75.4499969482422,75.7799987792969,194751,75.7799987792969
"2014-11-25",75.5100021362305,76.5800018310547,73.7099990844727,74.0899963378906,294447,74.0899963378906
"2014-11-26",73.870002746582,74.4800033569336,73.3000030517578,73.6900024414062,258382,73.6900024414062
"2014-11-28",73.5,73.5599975585938,65.6900024414062,66.1500015258789,552882,66.1500015258789
"2014-12-01",66,69.5400009155273,63.7200012207031,69,504122,69
"2014-12-02",69.2399978637695,69.3199996948242,66.6699981689453,66.879997253418,360300,66.879997253418
"2014-12-03",67.5999984741211,68.2300033569336,66.8000030517578,67.379997253418,293483,67.379997253418
"2014-12-04",67.4000015258789,68.2200012207031,66.0899963378906,66.8099975585938,237011,66.8099975585938
"2014-12-05",66.8000030517578,66.8899993896484,65.1699981689453,65.8399963378906,276529,65.8399963378906
"2014-12-08",65.4599990844727,65.5500030517578,62.7799987792969,63.0499992370605,330077,63.0499992370605
"2014-12-09",63.0099983215332,64.1999969482422,62.25,63.8199996948242,322804,63.8199996948242
"2014-12-10",63.3300018310547,63.4300003051758,60.4300003051758,60.939998626709,456172,60.939998626709
"2014-12-11",61.1199989318848,61.6800003051758,58.9599990844727,59.9500007629395,392493,59.9500007629395
"2014-12-12",59.1699981689453,59.5699996948242,57.3400001525879,57.810001373291,414224,57.810001373291
"2014-12-15",57.0699996948242,58.7299995422363,55.0200004577637,55.9099998474121,424946,55.9099998474121
"2014-12-16",55.4000015258789,57.1500015258789,53.5999984741211,55.9300003051758,518784,55.9300003051758
"2014-12-17",55.5,58.9799995422363,54.2099990844727,56.4700012207031,351977,56.4700012207031
"2014-12-18",55.8300018310547,58.7299995422363,54.0499992370605,54.1100006103516,106315,54.1100006103516
"2014-12-19",55.5,56.9099998474121,54.2000007629395,56.5200004577637,383536,56.5200004577637
"2014-12-22",57.75,58.5299987792969,55.1300010681152,55.2599983215332,277319,55.2599983215332
"2014-12-23",55.3899993896484,57.560001373291,55.060001373291,57.1199989318848,274003,57.1199989318848
"2014-12-24",56.7999992370605,57.1500015258789,55.0699996948242,55.8400001525879,174969,55.8400001525879
"2014-12-26",55.8600006103516,56.5900001525879,54.5099983215332,54.7299995422363,127202,54.7299995422363
"2014-12-29",55.0499992370605,55.7400016784668,52.9000015258789,53.6100006103516,241378,53.6100006103516
"2014-12-30",53.7200012207031,54.3199996948242,52.7000007629395,54.1199989318848,218557,54.1199989318848
"2014-12-31",53.8699989318848,54.0200004577637,52.439998626709,53.2700004577637,233516,53.2700004577637
"2015-01-02",53.7599983215332,55.1100006103516,52.0299987792969,52.689998626709,268708,52.689998626709
"2015-01-05",52.6100006103516,52.7299995422363,49.6800003051758,50.0400009155273,375782,50.0400009155273
"2015-01-06",50,50.3699989318848,47.5499992370605,47.9300003051758,451642,47.9300003051758
"2015-01-07",48,49.310001373291,46.8300018310547,48.6500015258789,460083,48.6500015258789
"2015-01-08",48.7799987792969,49.6500015258789,47.7299995422363,48.7900009155273,362081,48.7900009155273
"2015-01-09",48.9199981689453,49.6100006103516,47.1599998474121,48.3600006103516,421007,48.3600006103516
"2015-01-12",48.189998626709,48.189998626709,45.6199989318848,46.0699996948242,394946,46.0699996948242
"2015-01-13",45.689998626709,46.7900009155273,44.2000007629395,45.8899993896484,476541,45.8899993896484
"2015-01-14",46.1599998474121,48.9099998474121,45.0099983215332,48.4799995422363,510252,48.4799995422363
"2015-01-15",48.5999984741211,51.2700004577637,46.0699996948242,46.25,478340,46.25
"2015-01-16",46.3499984741211,48.8699989318848,45.9500007629395,48.689998626709,175626,48.689998626709
"2015-01-20",48.689998626709,48.7700004577637,45.8899993896484,46.3899993896484,438892,46.3899993896484
"2015-01-21",46.689998626709,48.2000007629395,46.5499992370605,47.7799987792969,340252,47.7799987792969
"2015-01-22",47.3499984741211,49.0900001525879,45.8699989318848,46.310001373291,426829,46.310001373291
"2015-01-23",46.6300010681152,47.7599983215332,45.2099990844727,45.5900001525879,374289,45.5900001525879
"2015-01-26",45.2000007629395,46.4099998474121,44.3499984741211,45.1500015258789,310638,45.1500015258789
"2015-01-27",45.1300010681152,46.5499992370605,44.810001373291,46.2299995422363,313141,46.2299995422363
"2015-01-28",45.8300018310547,45.8300018310547,44.0800018310547,44.4500007629395,365440,44.4500007629395
"2015-01-29",44.4300003051758,44.9599990844727,43.5800018310547,44.5299987792969,300732,44.5299987792969
"2015-01-30",44.6300010681152,48.3499984741211,44.310001373291,48.2400016784668,454142,48.2400016784668
"2015-02-02",47.5900001525879,50.560001373291,46.6699981689453,49.5699996948242,511409,49.5699996948242
"2015-02-03",49.7900009155273,54.2400016784668,49.689998626709,53.0499992370605,644919,53.0499992370605
"2015-02-04",51.6699981689453,52.560001373291,47.9500007629395,48.4500007629395,577515,48.4500007629395
"2015-02-05",48.6699981689453,52.0999984741211,47.3600006103516,50.4799995422363,596851,50.4799995422363
"2015-02-06",50.8600006103516,53.1599998474121,50.7200012207031,51.689998626709,584976,51.689998626709
"2015-02-09",52.0099983215332,53.9900016784668,51.6500015258789,52.8600006103516,536364,52.8600006103516
"2015-02-10",52.4300003051758,52.6500015258789,49.8600006103516,50.0200004577637,501701,50.0200004577637
"2015-02-11",50.9799995422363,51.1399993896484,48.0499992370605,48.8400001525879,519272,48.8400001525879
"2015-02-12",49.4199981689453,51.5999984741211,49.1399993896484,51.2099990844727,563662,51.2099990844727
"2015-02-13",51.3499984741211,53.4300003051758,51.0299987792969,52.7799987792969,437072,52.7799987792969
"2015-02-17",52.75,54.1500015258789,50.810001373291,53.5299987792969,518799,53.5299987792969
"2015-02-18",53.2400016784668,53.4099998474121,50.3199996948242,52.1399993896484,257476,52.1399993896484
"2015-02-19",50.5499992370605,52.1399993896484,49.1500015258789,51.1599998474121,125210,51.1599998474121
"2015-02-20",51.2400016784668,51.8499984741211,49.9099998474121,50.3400001525879,366125,50.3400001525879
"2015-02-23",50.75,50.9900016784668,48.6699981689453,49.4500007629395,475383,49.4500007629395
"2015-02-24",49.4199981689453,50.3300018310547,48.6800003051758,49.2799987792969,293101,49.2799987792969
"2015-02-25",49.1599998474121,51.2799987792969,48.4300003051758,50.9900016784668,429524,50.9900016784668
"2015-02-26",51,51.2200012207031,47.7999992370605,48.1699981689453,459584,48.1699981689453
"2015-02-27",48.9700012207031,49.939998626709,48.4599990844727,49.7599983215332,399494,49.7599983215332
"2015-03-02",49.4500007629395,51.0400009155273,48.7099990844727,49.5900001525879,427177,49.5900001525879
"2015-03-03",49.7999992370605,50.8300018310547,49.4500007629395,50.5200004577637,370597,50.5200004577637
"2015-03-04",50.6100006103516,51.9900016784668,49.5999984741211,51.5299987792969,463989,51.5299987792969
"2015-03-05",51.6199989318848,52.4000015258789,50.6100006103516,50.7599983215332,370953,50.7599983215332
"2015-03-06",50.8899993896484,51.2200012207031,48.8800010681152,49.6100006103516,406840,49.6100006103516
"2015-03-09",49.5999984741211,50.7900009155273,49.25,50,409877,50
"2015-03-10",50.0800018310547,50.3600006103516,48.2000007629395,48.2900009155273,395761,48.2900009155273
"2015-03-11",48.7700004577637,49.0499992370605,47.3300018310547,48.1699981689453,404590,48.1699981689453
"2015-03-12",48.439998626709,48.7599983215332,46.8600006103516,47.0499992370605,358381,47.0499992370605
"2015-03-13",46.9300003051758,47.2799987792969,44.75,44.8400001525879,395722,44.8400001525879
"2015-03-16",44.810001373291,45,42.8499984741211,43.8800010681152,367600,43.8800010681152
"2015-03-17",43.8400001525879,44.2000007629395,42.4099998474121,43.4599990844727,346310,43.4599990844727
"2015-03-18",42.5099983215332,45.3400001525879,42.0299987792969,44.6599998474121,220638,44.6599998474121
"2015-03-19",44.5999984741211,44.7099990844727,42.75,43.9599990844727,106907,43.9599990844727
"2015-03-20",43.9900016784668,46.5299987792969,43.310001373291,45.7200012207031,379180,45.7200012207031
"2015-03-23",46.4099998474121,47.6100006103516,45.3300018310547,47.4500007629395,292417,47.4500007629395
"2015-03-24",47.4599990844727,48.560001373291,46.6699981689453,47.5099983215332,309553,47.5099983215332
"2015-03-25",47.7200012207031,49.4599990844727,47,49.2099990844727,398795,49.2099990844727
"2015-03-26",49.0200004577637,52.4799995422363,48.7299995422363,51.4300003051758,515277,51.4300003051758
"2015-03-27",51.0099983215332,51.3800010681152,48.2099990844727,48.8699989318848,384092,48.8699989318848
"2015-03-30",48.5699996948242,49.1599998474121,47.6100006103516,48.6800003051758,355866,48.6800003051758
"2015-03-31",48.7299995422363,48.7299995422363,47.2799987792969,47.5999984741211,365748,47.5999984741211
"2015-04-01",47.5499992370605,50.4500007629395,47.0499992370605,50.0900001525879,451104,50.0900001525879
"2015-04-02",49.5900001525879,50.2700004577637,48.1100006103516,49.1399993896484,453394,49.1399993896484
"2015-04-06",49.4700012207031,52.2400016784668,49.4700012207031,52.1399993896484,325282,52.1399993896484
"2015-04-07",51.9500007629395,54.1300010681152,51.1699981689453,53.9799995422363,548870,53.9799995422363
"2015-04-08",53.1800003051758,53.2299995422363,50.3699989318848,50.4199981689453,552627,50.4199981689453
"2015-04-09",51,52.0699996948242,50.5099983215332,50.7900009155273,449531,50.7900009155273
"2015-04-10",50.7299995422363,51.9300003051758,50.0800018310547,51.6399993896484,395135,51.6399993896484
"2015-04-13",51.810001373291,53.0999984741211,51.4700012207031,51.9099998474121,375534,51.9099998474121
"2015-04-14",52.0499992370605,53.7900009155273,51.8300018310547,53.2900009155273,431026,53.2900009155273
"2015-04-15",53.5499992370605,56.689998626709,53.3899993896484,56.3899993896484,508904,56.3899993896484
"2015-04-16",55.9199981689453,57.4199981689453,55.0699996948242,56.7099990844727,413134,56.7099990844727
"2015-04-17",56.560001373291,56.8800010681152,55.310001373291,55.7400016784668,230623,55.7400016784668
"2015-04-20",56.1599998474121,57.1699981689453,54.8499984741211,56.3800010681152,112382,56.3800010681152
"2015-04-21",56.4099998474121,56.9099998474121,55.0099983215332,55.2599983215332,354244,55.2599983215332
"2015-04-22",56.3400001525879,57.189998626709,55.7299995422363,56.1599998474121,329631,56.1599998474121
"2015-04-23",56.2799987792969,58.4099998474121,55.7599983215332,57.7400016784668,415569,57.7400016784668
"2015-04-24",57.5299987792969,57.9500007629395,56.5,57.1500015258789,328322,57.1500015258789
"2015-04-27",57.2999992370605,57.8899993896484,56.5200004577637,56.9900016784668,250558,56.9900016784668
"2015-04-28",56.6500015258789,57.8300018310547,56.0699996948242,57.060001373291,281864,57.060001373291
"2015-04-29",56.9300003051758,59.3300018310547,56.5400009155273,58.5800018310547,411097,58.5800018310547
"2015-04-30",58.5499992370605,59.8499984741211,58.3800010681152,59.6300010681152,340322,59.6300010681152
"2015-05-01",59.7900009155273,59.9000015258789,58.3199996948242,59.1500015258789,244753,59.1500015258789
"2015-05-04",59.2999992370605,59.7299995422363,58.4500007629395,58.9300003051758,215046,58.9300003051758
"2015-05-05",58.9500007629395,61.0999984741211,58.6300010681152,60.4000015258789,389743,60.4000015258789
"2015-05-06",60.7200012207031,62.5800018310547,60.5400009155273,60.9300003051758,423583,60.9300003051758
"2015-05-07",60.689998626709,61.310001373291,58.4900016784668,58.939998626709,437022,58.939998626709
"2015-05-08",59.0200004577637,59.9000015258789,58.1399993896484,59.3899993896484,434575,59.3899993896484
"2015-05-11",59.4300003051758,59.8499984741211,58.75,59.25,332694,59.25
"2015-05-12",59.2700004577637,61.3600006103516,59.1199989318848,60.75,397345,60.75
"2015-05-13",61.2299995422363,61.8499984741211,60.0200004577637,60.5,426835,60.5
"2015-05-14",60.0999984741211,60.8400001525879,59.3600006103516,59.8800010681152,361432,59.8800010681152
"2015-05-15",59.6699981689453,59.9700012207031,58.4199981689453,59.689998626709,222089,59.689998626709
"2015-05-18",59.8499984741211,60.8800010681152,59.060001373291,59.4300003051758,144389,59.4300003051758
"2015-05-19",59.5400009155273,59.6300010681152,57.0900001525879,57.2599983215332,336779,57.2599983215332
"2015-05-20",58.3199996948242,59.0400009155273,58.0999984741211,58.9799995422363,287129,58.9799995422363
"2015-05-21",58.810001373291,60.939998626709,58.689998626709,60.7200012207031,329765,60.7200012207031
"2015-05-22",60.6599998474121,60.7999992370605,59.3499984741211,59.7200012207031,230307,59.7200012207031
"2015-05-26",60.0499992370605,60.25,57.7099990844727,58.0299987792969,330128,58.0299987792969
"2015-05-27",58.3199996948242,58.9500007629395,57.3600006103516,57.5099983215332,314917,57.5099983215332
"2015-05-28",57.6300010681152,58.0699996948242,56.5099983215332,57.6800003051758,340682,57.6800003051758
"2015-05-29",57.9700012207031,60.7000007629395,57.7200012207031,60.2999992370605,452222,60.2999992370605
"2015-06-01",60.2900009155273,60.6399993896484,59.3300018310547,60.2000007629395,292189,60.2000007629395
"2015-06-02",60.1800003051758,61.5800018310547,60.0900001525879,61.2599983215332,344508,61.2599983215332
"2015-06-03",61.0200004577637,61.4300003051758,59.3400001525879,59.6399993896484,371298,59.6399993896484
"2015-06-04",59.5699996948242,59.939998626709,57.8300018310547,58,363345,58
"2015-06-05",57.9900016784668,59.2299995422363,56.8300018310547,59.1300010681152,461016,59.1300010681152
"2015-06-08",58.9599990844727,59.1300010681152,57.8600006103516,58.1399993896484,339845,58.1399993896484
"2015-06-09",58.310001373291,60.6800003051758,58.2299995422363,60.1399993896484,405486,60.1399993896484
"2015-06-10",60.5800018310547,61.8199996948242,60.4500007629395,61.4300003051758,459765,61.4300003051758
"2015-06-11",61.1399993896484,61.5299987792969,60.2099990844727,60.7700004577637,352421,60.7700004577637
"2015-06-12",60.5499992370605,60.6300010681152,59.7299995422363,59.9599990844727,246898,59.9599990844727
"2015-06-15",59.9000015258789,59.9799995422363,58.7299995422363,59.5200004577637,275187,59.5200004577637
"2015-06-16",59.5999984741211,60.3699989318848,59.4199981689453,59.9700012207031,233935,59.9700012207031
"2015-06-17",60.0299987792969,61.3800010681152,58.8499984741211,59.9199981689453,396155,59.9199981689453
"2015-06-18",59.7799987792969,60.8899993896484,59.25,60.4500007629395,181875,60.4500007629395
"2015-06-19",60.5,60.560001373291,58.8800010681152,59.6100006103516,116656,59.6100006103516
"2015-06-22",59.439998626709,60.2999992370605,58.9300003051758,59.6800003051758,255306,59.6800003051758
"2015-06-23",60.2099990844727,61.4900016784668,59.5499992370605,61.0099983215332,336224,61.0099983215332
"2015-06-24",61.1399993896484,61.5699996948242,59.7999992370605,60.2700004577637,312985,60.2700004577637
"2015-06-25",60.2200012207031,60.4599990844727,59.4300003051758,59.7000007629395,222341,59.7000007629395
"2015-06-26",59.6599998474121,59.9599990844727,58.7599983215332,59.6300010681152,231957,59.6300010681152
"2015-06-29",58.8400001525879,59.2700004577637,58.0400009155273,58.3300018310547,286035,58.3300018310547
"2015-06-30",58.2700004577637,59.689998626709,57.939998626709,59.4700012207031,282475,59.4700012207031
"2015-07-01",58.9799995422363,58.9799995422363,56.6800003051758,56.9599990844727,373405,56.9599990844727
"2015-07-02",56.8699989318848,57.9500007629395,56.5,56.9300003051758,297050,56.9300003051758
"2015-07-06",54.9000015258789,55.3400001525879,52.4099998474121,52.5299987792969,540608,52.5299987792969
"2015-07-07",52.75,53.4300003051758,50.5800018310547,52.3300018310547,527267,52.3300018310547
"2015-07-08",52.9099998474121,52.9599990844727,50.9099998474121,51.6500015258789,434752,51.6500015258789
"2015-07-09",51.8300018310547,53.5400009155273,51.4799995422363,52.7799987792969,382334,52.7799987792969
"2015-07-10",52.4799995422363,53.8899993896484,51.9599990844727,52.7400016784668,349075,52.7400016784668
"2015-07-13",52.1500015258789,53.1699981689453,51.2599983215332,52.2000007629395,359477,52.2000007629395
"2015-07-14",52,53.4300003051758,50.8800010681152,53.0400009155273,422756,53.0400009155273
"2015-07-15",53.4000015258789,53.5,51.2099990844727,51.4099998474121,334563,51.4099998474121
"2015-07-16",51.6199989318848,52.1699981689453,50.8400001525879,50.9099998474121,319167,50.9099998474121
"2015-07-17",50.9099998474121,51.2299995422363,50.1399993896484,50.8899993896484,203485,50.8899993896484
"2015-07-20",50.7599983215332,51.2599983215332,49.8499984741211,50.1500015258789,102597,50.1500015258789
"2015-07-21",49.9500007629395,51.0200004577637,49.7700004577637,50.3600006103516,254321,50.3600006103516
"2015-07-22",50.7099990844727,50.7099990844727,49.0400009155273,49.189998626709,347986,49.189998626709
"2015-07-23",49.2299995422363,49.6300010681152,48.2099990844727,48.4500007629395,316060,48.4500007629395
"2015-07-24",48.7900009155273,49.0299987792969,47.7200012207031,48.1399993896484,278233,48.1399993896484
"2015-07-27",48,48.2000007629395,46.9099998474121,47.3899993896484,273614,47.3899993896484
"2015-07-28",47.0200004577637,48.439998626709,46.6800003051758,47.9799995422363,338107,47.9799995422363
"2015-07-29",47.810001373291,49.5200004577637,47.3899993896484,48.7900009155273,366893,48.7900009155273
"2015-07-30",48.8300018310547,49.3600006103516,48.3400001525879,48.5200004577637,247662,48.5200004577637
"2015-07-31",48.4700012207031,48.6199989318848,46.7000007629395,47.1199989318848,334474,47.1199989318848
"2015-08-03",46.8600006103516,46.939998626709,45.0800018310547,45.1699981689453,371085,45.1699981689453
"2015-08-04",45.3499984741211,46.2299995422363,45.2900009155273,45.7400016784668,285786,45.7400016784668
"2015-08-05",45.9599990844727,46.7000007629395,44.8300018310547,45.1500015258789,367326,45.1500015258789
"2015-08-06",45.1599998474121,45.2700004577637,44.2000007629395,44.6599998474121,360977,44.6599998474121
"2015-08-07",44.8199996948242,45.1599998474121,43.7000007629395,43.8699989318848,400070,43.8699989318848
"2015-08-10",43.5800018310547,45.0099983215332,43.3499984741211,44.9599990844727,491433,44.9599990844727
"2015-08-11",44.810001373291,45.3400001525879,42.689998626709,43.0800018310547,538005,43.0800018310547
"2015-08-12",43.2700004577637,43.8699989318848,42.7999992370605,43.2999992370605,492271,43.2999992370605
"2015-08-13",43.3400001525879,43.7200012207031,41.9099998474121,42.2299995422363,420146,42.2299995422363
"2015-08-14",42.2299995422363,42.9599990844727,41.3499984741211,42.5,317211,42.5
"2015-08-17",42.1800003051758,42.689998626709,41.6399993896484,41.8699989318848,314275,41.8699989318848
"2015-08-18",41.8800010681152,42.9000015258789,41.4300003051758,42.6199989318848,200185,42.6199989318848
"2015-08-19",42.4099998474121,42.6800003051758,40.4000015258789,40.7999992370605,107578,40.7999992370605
"2015-08-20",40.5800018310547,41.4799995422363,40.2099990844727,41.1399993896484,380433,41.1399993896484
"2015-08-21",41.0299987792969,41.4000015258789,39.8600006103516,40.4500007629395,377181,40.4500007629395
"2015-08-24",40.2999992370605,40.4700012207031,37.75,38.2400016784668,468366,38.2400016784668
"2015-08-25",38.1800003051758,39.8899993896484,38.1599998474121,39.310001373291,375650,39.310001373291
"2015-08-26",39.689998626709,39.8600006103516,38.5200004577637,38.5999984741211,368722,38.5999984741211
"2015-08-27",38.9599990844727,42.8600006103516,38.9500007629395,42.560001373291,533682,42.560001373291
"2015-08-28",42.6800003051758,45.9000015258789,41.7799987792969,45.2200012207031,666328,45.2200012207031
"2015-08-31",45,49.3300018310547,43.5999984741211,49.2000007629395,757503,49.2000007629395
"2015-09-01",48.0999984741211,48.8699989318848,44.1500015258789,45.4099998474121,713418,45.4099998474121
"2015-09-02",44.2599983215332,46.7700004577637,43.2099990844727,46.25,689301,46.25
"2015-09-03",46.1100006103516,48.4199981689453,45.6500015258789,46.75,539450,46.75
"2015-09-04",46.6800003051758,47.2299995422363,45.6100006103516,46.0499992370605,385631,46.0499992370605
"2015-09-08",45.8199996948242,46.4099998474121,44.1399993896484,45.939998626709,508815,45.939998626709
"2015-09-09",45.7900009155273,46.2599983215332,44.0499992370605,44.1500015258789,422735,44.1500015258789
"2015-09-10",44.1599998474121,46.0400009155273,43.3600006103516,45.9199981689453,498992,45.9199981689453
"2015-09-11",45.7099990844727,45.8800010681152,44.1599998474121,44.6300010681152,395838,44.6300010681152
"2015-09-14",44.7799987792969,44.9700012207031,43.5900001525879,44,326269,44
"2015-09-15",44.1100006103516,45.25,43.9199981689453,44.5900001525879,335953,44.5900001525879
"2015-09-16",45.1599998474121,47.3499984741211,44.8199996948242,47.1500015258789,421981,47.1500015258789
"2015-09-17",47.1300010681152,47.7099990844727,46.3300018310547,46.9000015258789,366390,46.9000015258789
"2015-09-18",46.8899993896484,47.0299987792969,44.2400016784668,44.6800003051758,211301,44.6800003051758
"2015-09-21",44.9700012207031,46.7400016784668,44.689998626709,46.6800003051758,104528,46.6800003051758
"2015-09-22",46.4500007629395,46.4799995422363,45.1399993896484,45.8300018310547,345875,45.8300018310547
"2015-09-23",46.5400009155273,47.1500015258789,44.4099998474121,44.4799995422363,411957,44.4799995422363
"2015-09-24",44.6199989318848,45.1800003051758,43.7099990844727,44.9099998474121,371976,44.9099998474121
"2015-09-25",45.0499992370605,46.3800010681152,44.8600006103516,45.7000007629395,338622,45.7000007629395
"2015-09-28",45.3800010681152,45.5,44.2999992370605,44.4300003051758,273906,44.4300003051758
"2015-09-29",44.5,45.7000007629395,44.2999992370605,45.2299995422363,265176,45.2299995422363
"2015-09-30",44.9199981689453,45.8499984741211,44.6800003051758,45.0900001525879,355853,45.0900001525879
"2015-10-01",45.3800010681152,47.0999984741211,44.6300010681152,44.7400016784668,478979,44.7400016784668
"2015-10-02",45.0699996948242,45.810001373291,43.9700012207031,45.5400009155273,420740,45.5400009155273
"2015-10-05",45.6500015258789,46.939998626709,45.2099990844727,46.2599983215332,323061,46.2599983215332
"2015-10-06",46.2000007629395,49.0800018310547,45.7299995422363,48.5299987792969,453101,48.5299987792969
"2015-10-07",49,49.7099990844727,47.7000007629395,47.810001373291,547488,47.810001373291
"2015-10-08",48.1100006103516,50.0699996948242,47.7599983215332,49.4300003051758,509760,49.4300003051758
"2015-10-09",49.689998626709,50.9199981689453,49.1699981689453,49.6300010681152,508680,49.6300010681152
"2015-10-12",49.5099983215332,50.1300010681152,47.0400009155273,47.0999984741211,408663,47.0999984741211
"2015-10-13",47.4599990844727,48.4300003051758,46.439998626709,46.6599998474121,465388,46.6599998474121
"2015-10-14",46.689998626709,46.9599990844727,45.939998626709,46.6399993896484,348241,46.6399993896484
"2015-10-15",46.2799987792969,47.0200004577637,45.2299995422363,46.3800010681152,370940,46.3800010681152
"2015-10-16",46.8699989318848,47.5,46.1599998474121,47.2599983215332,198127,47.2599983215332
"2015-10-19",47.2700004577637,47.4900016784668,45.8499984741211,45.8899993896484,125840,45.8899993896484
"2015-10-20",46.25,46.5200004577637,45.2299995422363,45.5499992370605,361314,45.5499992370605
"2015-10-21",45.8800010681152,46.0800018310547,44.8600006103516,45.2000007629395,384288,45.2000007629395
"2015-10-22",45.2700004577637,46.0999984741211,44.9000015258789,45.3800010681152,322742,45.3800010681152
"2015-10-23",45.439998626709,45.75,44.2000007629395,44.5999984741211,406577,44.5999984741211
"2015-10-26",44.7400016784668,44.939998626709,43.6399993896484,43.9799995422363,302084,43.9799995422363
"2015-10-27",43.7799987792969,43.9099998474121,42.5800018310547,43.2000007629395,370825,43.2000007629395
"2015-10-28",43.439998626709,46.2200012207031,43.060001373291,45.939998626709,521518,45.939998626709
"2015-10-29",46.060001373291,46.7900009155273,45.1599998474121,46.060001373291,436513,46.060001373291
"2015-10-30",45.7400016784668,47.0299987792969,45.4799995422363,46.5900001525879,363307,46.5900001525879
"2015-11-02",46.4300003051758,46.7299995422363,45.560001373291,46.1399993896484,305518,46.1399993896484
"2015-11-03",46.1100006103516,48.3600006103516,45.9599990844727,47.9000015258789,434574,47.9000015258789
"2015-11-04",47.7400016784668,48.2799987792969,46.1699981689453,46.3199996948242,459307,46.3199996948242
"2015-11-05",46.5699996948242,46.6500015258789,45.1199989318848,45.2000007629395,437646,45.2000007629395
"2015-11-06",45.4099998474121,45.6399993896484,44.1100006103516,44.2900009155273,448133,44.2900009155273
"2015-11-09",44.5200004577637,45.1199989318848,43.6399993896484,43.8699989318848,487992,43.8699989318848
"2015-11-10",44.0999984741211,44.7599983215332,43.5699996948242,44.2099990844727,445973,44.2099990844727
"2015-11-11",43.6300010681152,44.1100006103516,42.6199989318848,42.9300003051758,502371,42.9300003051758
"2015-11-12",43.0499992370605,43.3300018310547,41.5400009155273,41.75,545351,41.75
"2015-11-13",41.6100006103516,42.8400001525879,40.2200012207031,40.7400016784668,480893,40.7400016784668
"2015-11-16",40.9199981689453,42.25,40.060001373291,41.7400016784668,535179,41.7400016784668
"2015-11-17",41.9599990844727,42.0299987792969,40.5800018310547,40.6699981689453,363714,40.6699981689453
"2015-11-18",41.1100006103516,41.5499992370605,39.9099998474121,40.75,251518,40.75
"2015-11-19",40.7200012207031,41.0499992370605,39.8899993896484,40.5400009155273,131356,40.5400009155273
"2015-11-20",40.5400009155273,40.9900016784668,38.9900016784668,40.3899993896484,432642,40.3899993896484
"2015-11-23",41.4900016784668,42.75,40.4099998474121,41.75,516190,41.75
"2015-11-24",42.0400009155273,43.4599990844727,41.8600006103516,42.8699989318848,430304,42.8699989318848
"2015-11-25",42.689998626709,43.25,41.7200012207031,43.0400009155273,383158,43.0400009155273
"2015-11-27",43.25,43.2999992370605,41.6699981689453,41.7099990844727,316475,41.7099990844727
"2015-11-30",41.7700004577637,42.6100006103516,41.5,41.6500015258789,369509,41.6500015258789
"2015-12-01",41.7299995422363,42.2299995422363,41.1699981689453,41.8499984741211,415537,41.8499984741211
"2015-12-02",41.689998626709,41.9700012207031,39.8400001525879,39.939998626709,545289,39.939998626709
"2015-12-03",40.1500015258789,41.7799987792969,40.0699996948242,41.0800018310547,496884,41.0800018310547
"2015-12-04",41.310001373291,42,39.5999984741211,39.9700012207031,510758,39.9700012207031
"2015-12-07",40.0999984741211,40.1500015258789,37.5,37.6500015258789,635413,37.6500015258789
"2015-12-08",37.6800003051758,38.5800018310547,36.6399993896484,37.5099983215332,767184,37.5099983215332
"2015-12-09",37.8600006103516,38.9900016784668,36.8699989318848,37.1599998474121,646166,37.1599998474121
"2015-12-10",37.2700004577637,37.5400009155273,36.3800010681152,36.7599983215332,513940,36.7599983215332
"2015-12-11",36.6300010681152,36.8400001525879,35.1599998474121,35.6199989318848,505406,35.6199989318848
"2015-12-14",35.4000015258789,36.7000007629395,34.5299987792969,36.310001373291,550476,36.310001373291
"2015-12-15",36.3199996948242,37.8800010681152,36.0299987792969,37.3499984741211,474159,37.3499984741211
"2015-12-16",36.7900009155273,37.3499984741211,35.2900009155273,35.5200004577637,402967,35.5200004577637
"2015-12-17",35.7999992370605,35.8400001525879,34.6300010681152,34.9500007629395,196227,34.9500007629395
"2015-12-18",34.8699989318848,35.5699996948242,34.2900009155273,34.7299995422363,116038,34.7299995422363
"2015-12-21",34.5800018310547,34.8600006103516,33.9799995422363,34.7400016784668,298080,34.7400016784668
"2015-12-22",35.7999992370605,36.5400009155273,35.6599998474121,36.1399993896484,302263,36.1399993896484
"2015-12-23",36.4700012207031,37.9500007629395,36.2799987792969,37.5,374658,37.5
"2015-12-24",37.8600006103516,38.2799987792969,37.3800010681152,38.0999984741211,205873,38.0999984741211
"2015-12-28",38,38.0900001525879,36.5999984741211,36.810001373291,220644,36.810001373291
"2015-12-29",36.7000007629395,37.939998626709,36.6599998474121,37.8699989318848,241945,37.8699989318848
"2015-12-30",37.3600006103516,37.4000015258789,36.4000015258789,36.5999984741211,267912,36.5999984741211
"2015-12-31",36.810001373291,37.7900009155273,36.2200012207031,37.0400009155273,283623,37.0400009155273
"2016-01-04",37.5999984741211,38.3899993896484,36.3300018310547,36.7599983215332,431985,36.7599983215332
"2016-01-05",36.9000015258789,37.0999984741211,35.7400016784668,35.9700012207031,410131,35.9700012207031
"2016-01-06",36.1800003051758,36.3899993896484,33.7700004577637,33.9700012207031,563811,33.9700012207031
"2016-01-07",34.0900001525879,34.2599983215332,32.0999984741211,33.2700004577637,617409,33.2700004577637
"2016-01-08",33.2999992370605,34.3400001525879,32.6399993896484,33.1599998474121,596496,33.1599998474121
"2016-01-11",32.939998626709,33.2000007629395,30.8799991607666,31.4099998474121,648640,31.4099998474121
"2016-01-12",31.1100006103516,32.2099990844727,29.9300003051758,30.4400005340576,627218,30.4400005340576
"2016-01-13",30.5400009155273,31.7099990844727,30.1000003814697,30.4799995422363,637903,30.4799995422363
"2016-01-14",30.6000003814697,31.7700004577637,30.2800006866455,31.2000007629395,537906,31.2000007629395
"2016-01-15",31.1800003051758,31.1800003051758,29.1299991607666,29.4200000762939,329094,29.4200000762939
"2016-01-18",NA,NA,NA,NA,NA,NA
"2016-01-19",29.2000007629395,30.2099990844727,28.2099990844727,28.4599990844727,188026,28.4599990844727
"2016-01-20",28.3299999237061,28.5799999237061,26.1900005340576,26.5499992370605,690039,26.5499992370605
"2016-01-21",28.3500003814697,30.25,27.8700008392334,29.5300006866455,694040,29.5300006866455
"2016-01-22",29.8400001525879,32.3499984741211,29.5300006866455,32.189998626709,636573,32.189998626709
"2016-01-25",32.0499992370605,32.7400016784668,29.6800003051758,30.3400001525879,606892,30.3400001525879
"2016-01-26",29.8099994659424,32.4099998474121,29.25,31.4500007629395,642432,31.4500007629395
"2016-01-27",30.5499992370605,32.8400001525879,30.1399993896484,32.2999992370605,738551,32.2999992370605
"2016-01-28",32.189998626709,34.8199996948242,31.7399997711182,33.2200012207031,833378,33.2200012207031
"2016-01-29",33.7000007629395,34.4000015258789,32.6500015258789,33.6199989318848,618110,33.6199989318848
"2016-02-01",33.8300018310547,34.1800003051758,31.2900009155273,31.6200008392334,595612,31.6200008392334
"2016-02-02",31.3700008392334,31.5300006866455,29.5699996948242,29.8799991607666,602564,29.8799991607666
"2016-02-03",29.75,32.75,29.3999996185303,32.2799987792969,811699,32.2799987792969
"2016-02-04",32.7099990844727,33.5999984741211,31.5300006866455,31.7199993133545,696721,31.7199993133545
"2016-02-05",31.6399993896484,32.4500007629395,30.6299991607666,30.8899993896484,616531,30.8899993896484
"2016-02-08",30.9699993133545,31.3799991607666,29.5699996948242,29.6900005340576,603646,29.6900005340576
"2016-02-09",30.1700000762939,30.6100006103516,27.7399997711182,27.9400005340576,738219,27.9400005340576
"2016-02-10",28.3600006103516,29.2199993133545,27.2399997711182,27.4500007629395,781280,27.4500007629395
"2016-02-11",27.3400001525879,27.4799995422363,26.0499992370605,26.2099990844727,795965,26.2099990844727
"2016-02-12",27.2999992370605,29.6599998474121,26.9500007629395,29.4400005340576,675157,29.4400005340576
"2016-02-15",NA,NA,NA,NA,NA,NA
"2016-02-16",29.0799999237061,31.5300006866455,28.7000007629395,29.0400009155273,651956,29.0400009155273
"2016-02-17",29.1399993896484,31.4899997711182,28.7299995422363,30.6599998474121,578639,30.6599998474121
"2016-02-18",31.3500003814697,31.9799995422363,30.2700004577637,30.7700004577637,225497,30.7700004577637
"2016-02-19",30.6000003814697,30.7299995422363,29.0499992370605,29.6399993896484,103202,29.6399993896484
"2016-02-22",29.7199993133545,32.0499992370605,29.4799995422363,31.4799995422363,521016,31.4799995422363
"2016-02-23",33.3400001525879,33.5299987792969,31.2199993133545,31.8700008392334,539379,31.8700008392334
"2016-02-24",31.2800006866455,32.4000015258789,30.5599994659424,32.1500015258789,652245,32.1500015258789
"2016-02-25",32.189998626709,33.4900016784668,31.0699996948242,33.0699996948242,611874,33.0699996948242
"2016-02-26",33.0400009155273,34.689998626709,32.6399993896484,32.7799987792969,646294,32.7799987792969
"2016-02-29",32.7200012207031,33.9799995422363,32.3199996948242,33.75,512468,33.75
"2016-03-01",33.9000015258789,34.7599983215332,33.3699989318848,34.4000015258789,566226,34.4000015258789
"2016-03-02",33.8899993896484,35.1699981689453,33.5499992370605,34.6599998474121,597834,34.6599998474121
"2016-03-03",34.7299995422363,35.3199996948242,34.189998626709,34.5699996948242,512962,34.5699996948242
"2016-03-04",34.6599998474121,36.3400001525879,34.4000015258789,35.9199981689453,578290,35.9199981689453
"2016-03-07",36.2000007629395,38.1100006103516,36.0900001525879,37.9000015258789,709870,37.9000015258789
"2016-03-08",37.939998626709,38.3899993896484,36.1199989318848,36.5,706933,36.5
"2016-03-09",36.3600006103516,38.5099983215332,36.2400016784668,38.2900009155273,740632,38.2900009155273
"2016-03-10",38.1699981689453,38.4799995422363,37.2099990844727,37.8400001525879,701435,37.8400001525879
"2016-03-11",37.9900016784668,39.0200004577637,37.9199981689453,38.5,564791,38.5
"2016-03-14",38.1699981689453,38.7700004577637,36.6800003051758,37.1800003051758,489938,37.1800003051758
"2016-03-15",37.3699989318848,37.4000015258789,35.9599990844727,36.3400001525879,446100,36.3400001525879
"2016-03-16",36.7400016784668,38.6300010681152,36.6100006103516,38.4599990844727,494174,38.4599990844727
"2016-03-17",38.5900001525879,40.3600006103516,38.4700012207031,40.2000007629395,298013,40.2000007629395
"2016-03-18",40.25,41.2000007629395,39.1500015258789,39.439998626709,130151,39.439998626709
"2016-03-21",39.060001373291,40.2999992370605,38.6100006103516,39.9099998474121,479337,39.9099998474121
"2016-03-22",41.5900001525879,41.9000015258789,40.7700004577637,41.4500007629395,463693,41.4500007629395
"2016-03-23",41.189998626709,41.3400001525879,39.6699981689453,39.7900009155273,492003,39.7900009155273
"2016-03-24",39.7299995422363,39.7700004577637,38.3300018310547,39.4599990844727,495168,39.4599990844727
"2016-03-28",39.5499992370605,40.1399993896484,38.8600006103516,39.3899993896484,299775,39.3899993896484
"2016-03-29",39.3199996948242,39.4799995422363,37.9099998474121,38.2799987792969,488032,38.2799987792969
"2016-03-30",38.5200004577637,39.8499984741211,38.1399993896484,38.3199996948242,542469,38.3199996948242
"2016-03-31",38.2999992370605,39.0400009155273,37.5699996948242,38.3400001525879,532152,38.3400001525879
"2016-04-01",38.1399993896484,38.560001373291,36.6300010681152,36.7900009155273,547190,36.7900009155273
"2016-04-04",36.6100006103516,37.2099990844727,35.4599990844727,35.7000007629395,549477,35.7000007629395
"2016-04-05",35.5,36.5800018310547,35.2400016784668,35.8899993896484,485543,35.8899993896484
"2016-04-06",36.5200004577637,37.9000015258789,36.4300003051758,37.75,751048,37.75
"2016-04-07",37.7599983215332,38.2999992370605,36.689998626709,37.2599983215332,626749,37.2599983215332
"2016-04-08",37.5200004577637,39.8400001525879,37.4500007629395,39.7200012207031,817230,39.7200012207031
"2016-04-11",39.7200012207031,40.75,39.25,40.3600006103516,679351,40.3600006103516
"2016-04-12",40.3499984741211,42.25,40.0900001525879,42.1699981689453,796837,42.1699981689453
"2016-04-13",41.6300010681152,42.4199981689453,41.2400016784668,41.7599983215332,730437,41.7599983215332
"2016-04-14",41.5400009155273,42.1599998474121,40.8400001525879,41.5,488614,41.5
"2016-04-15",41.4300003051758,41.7299995422363,39.9799995422363,40.3600006103516,520146,40.3600006103516
"2016-04-18",38.75,40.2400016784668,37.6100006103516,39.7799987792969,342463,39.7799987792969
"2016-04-19",40.0400009155273,41.5299987792969,39.5800018310547,41.0800018310547,101734,41.0800018310547
"2016-04-20",40.7999992370605,42.9099998474121,39.8499984741211,42.6300010681152,796240,42.6300010681152
"2016-04-21",43.9700012207031,44.4900016784668,43.0499992370605,43.1800003051758,671103,43.1800003051758
"2016-04-22",43.4199981689453,44.4500007629395,43.1100006103516,43.7299995422363,575107,43.7299995422363
"2016-04-25",43.75,44.0400009155273,42.5800018310547,42.6399993896484,606383,42.6399993896484
"2016-04-26",42.9599990844727,44.8300018310547,42.5,44.0400009155273,564392,44.0400009155273
"2016-04-27",44.6399993896484,45.6199989318848,43.7700004577637,45.3300018310547,648028,45.3300018310547
"2016-04-28",45.2999992370605,46.1399993896484,44.939998626709,46.0299987792969,487412,46.0299987792969
"2016-04-29",45.9000015258789,46.7799987792969,45.2400016784668,45.9199981689453,598439,45.9199981689453
"2016-05-02",45.9000015258789,46.1500015258789,44.5400009155273,44.7799987792969,464027,44.7799987792969
"2016-05-03",44.9199981689453,45.3499984741211,43.3199996948242,43.6500015258789,625551,43.6500015258789
"2016-05-04",43.8499984741211,44.8800010681152,43.2200012207031,43.7799987792969,711125,43.7799987792969
"2016-05-05",44.0400009155273,46.0699996948242,43.9599990844727,44.3199996948242,746159,44.3199996948242
"2016-05-06",44.5200004577637,45.3400001525879,43.5400009155273,44.6599998474121,695306,44.6599998474121
"2016-05-09",45,45.939998626709,43.2400016784668,43.439998626709,767568,43.439998626709
"2016-05-10",43.25,44.7900009155273,43.0299987792969,44.6599998474121,709415,44.6599998474121
"2016-05-11",44.5999984741211,46.3600006103516,43.9599990844727,46.2299995422363,869957,46.2299995422363
"2016-05-12",46,47.0200004577637,45.6100006103516,46.7000007629395,715102,46.7000007629395
"2016-05-13",46.4099998474121,46.4900016784668,45.75,46.2099990844727,519363,46.2099990844727
"2016-05-16",46.2799987792969,47.9799995422363,46.1500015258789,47.7200012207031,550863,47.7200012207031
"2016-05-17",47.9000015258789,48.7599983215332,47.5299987792969,48.310001373291,470440,48.310001373291
"2016-05-18",48.5299987792969,48.9500007629395,47.75,48.189998626709,343184,48.189998626709
"2016-05-19",47.8699989318848,48.2799987792969,46.7299995422363,48.1599998474121,108816,48.1599998474121
"2016-05-20",48.2000007629395,48.7900009155273,47.439998626709,47.75,538047,47.75
"2016-05-23",48.4599990844727,48.5,47.4000015258789,48.0800018310547,475453,48.0800018310547
"2016-05-24",48.0800018310547,49.2700004577637,47.6399993896484,48.6199989318848,475965,48.6199989318848
"2016-05-25",49.0900001525879,49.75,48.6500015258789,49.560001373291,550501,49.560001373291
"2016-05-26",49.7000007629395,50.2099990844727,49.2200012207031,49.4799995422363,488465,49.4799995422363
"2016-05-27",49.310001373291,49.5999984741211,48.689998626709,49.3300018310547,406386,49.3300018310547
"2016-05-31",49.5400009155273,50.0999984741211,48.810001373291,49.0999984741211,476988,49.0999984741211
"2016-06-01",48.8199996948242,49.25,47.75,49.0099983215332,568839,49.0099983215332
"2016-06-02",48.9000015258789,49.4700012207031,47.9700012207031,49.1699981689453,564846,49.1699981689453
"2016-06-03",49.0400009155273,49.4099998474121,48.3300018310547,48.6199989318848,481034,48.6199989318848
"2016-06-06",48.8800010681152,49.9000015258789,48.7099990844727,49.689998626709,450472,49.689998626709
"2016-06-07",49.7099990844727,50.5299987792969,49.439998626709,50.3600006103516,542254,50.3600006103516
"2016-06-08",50.4099998474121,51.6199989318848,50.3199996948242,51.2299995422363,656416,51.2299995422363
"2016-06-09",51.4500007629395,51.6699981689453,50.2299995422363,50.560001373291,560723,50.560001373291
"2016-06-10",50.4700012207031,50.7299995422363,48.7999992370605,49.0699996948242,596119,49.0699996948242
"2016-06-13",48.8499984741211,49.2799987792969,48.1599998474121,48.8800010681152,506036,48.8800010681152
"2016-06-14",48.5200004577637,48.689998626709,47.8400001525879,48.4900016784668,456144,48.4900016784668
"2016-06-15",47.9000015258789,48.7200012207031,47.2799987792969,48.0099983215332,527870,48.0099983215332
"2016-06-16",47.4500007629395,47.75,45.9099998474121,46.2099990844727,507910,46.2099990844727
"2016-06-17",45.9900016784668,48.2900009155273,45.8300018310547,47.9799995422363,226653,47.9799995422363
"2016-06-20",48.2900009155273,49.4199981689453,48.1399993896484,49.3699989318848,98293,49.3699989318848
"2016-06-21",49.1399993896484,49.3199996948242,48.1599998474121,48.8499984741211,475407,48.8499984741211
"2016-06-22",50.2200012207031,50.5400009155273,48.4000015258789,49.1300010681152,569939,49.1300010681152
"2016-06-23",49.0800018310547,50.2299995422363,49.0800018310547,50.1100006103516,401885,50.1100006103516
"2016-06-24",50.2999992370605,50.4500007629395,46.7000007629395,47.6399993896484,649446,47.6399993896484
"2016-06-27",47.810001373291,47.9599990844727,45.8300018310547,46.3300018310547,504613,46.3300018310547
"2016-06-28",46.5900001525879,48.1800003051758,46.5400009155273,47.8499984741211,498851,47.8499984741211
"2016-06-29",48.060001373291,50,47.9799995422363,49.8800010681152,511476,49.8800010681152
"2016-06-30",49.5499992370605,49.6199989318848,48.1699981689453,48.3300018310547,508736,48.3300018310547
"2016-07-01",48.3800010681152,49.2999992370605,47.9000015258789,48.9900016784668,405187,48.9900016784668
"2016-07-05",49.1100006103516,49.3499984741211,46.3300018310547,46.5999984741211,609194,46.5999984741211
"2016-07-06",46.8300018310547,47.9500007629395,45.9199981689453,47.4300003051758,607663,47.4300003051758
"2016-07-07",47.8800010681152,48.25,44.8699989318848,45.1399993896484,710893,45.1399993896484
"2016-07-08",45.189998626709,45.9700012207031,44.7700004577637,45.4099998474121,583078,45.4099998474121
"2016-07-11",45.0699996948242,45.7700004577637,44.4199981689453,44.7599983215332,533657,44.7599983215332
"2016-07-12",44.5800018310547,46.9300003051758,44.5099983215332,46.7999992370605,658257,46.7999992370605
"2016-07-13",46.5800018310547,46.7099990844727,44.560001373291,44.75,686245,44.75
"2016-07-14",45.1399993896484,45.7999992370605,44.9500007629395,45.6800003051758,573761,45.6800003051758
"2016-07-15",45.5200004577637,46.3300018310547,45.0499992370605,45.9500007629395,430256,45.9500007629395
"2016-07-18",46.1199989318848,46.1399993896484,44.8600006103516,45.2400016784668,211393,45.2400016784668
"2016-07-19",45.2299995422363,45.6699981689453,44.5299987792969,44.6500015258789,128127,44.6500015258789
"2016-07-20",44.5900001525879,45.25,43.689998626709,44.939998626709,541014,44.939998626709
"2016-07-21",45.6500015258789,46.0900001525879,44.5200004577637,44.75,432972,44.75
"2016-07-22",44.5999984741211,44.9700012207031,43.7400016784668,44.189998626709,428407,44.189998626709
"2016-07-25",44.2000007629395,44.3699989318848,42.9700012207031,43.1300010681152,389837,43.1300010681152
"2016-07-26",43.0699996948242,43.3899993896484,42.3600006103516,42.9199981689453,461324,42.9199981689453
"2016-07-27",42.6599998474121,43.2000007629395,41.6800003051758,41.9199981689453,537390,41.9199981689453
"2016-07-28",41.9300003051758,42.2200012207031,41.0400009155273,41.1399993896484,447913,41.1399993896484
"2016-07-29",41.1199989318848,41.6699981689453,40.5699996948242,41.5999984741211,478763,41.5999984741211
"2016-08-01",41.3499984741211,41.8800010681152,39.8199996948242,40.060001373291,533020,40.060001373291
"2016-08-02",40.0800018310547,40.9099998474121,39.2599983215332,39.5099983215332,534512,39.5099983215332
"2016-08-03",39.7000007629395,41.2000007629395,39.189998626709,40.8300018310547,655186,40.8300018310547
"2016-08-04",41.1599998474121,42.0800018310547,40.4300003051758,41.9300003051758,598836,41.9300003051758
"2016-08-05",41.8400001525879,42.0999984741211,41.060001373291,41.7999992370605,550189,41.7999992370605
"2016-08-08",41.9900016784668,43.3899993896484,41.810001373291,43.0200004577637,562530,43.0200004577637
"2016-08-09",42.8300018310547,43.5200004577637,42.4700012207031,42.7700004577637,624703,42.7700004577637
"2016-08-10",42.7400016784668,43.3899993896484,41.4199981689453,41.7099990844727,676148,41.7099990844727
"2016-08-11",41.4799995422363,43.8600006103516,41.0999984741211,43.4900016784668,682235,43.4900016784668
"2016-08-12",43.4599990844727,44.7799987792969,43.310001373291,44.4900016784668,536081,44.4900016784668
"2016-08-15",44.7400016784668,45.9300003051758,44.3800010681152,45.7400016784668,522526,45.7400016784668
"2016-08-16",45.5900001525879,46.7299995422363,45.3400001525879,46.5800018310547,550440,46.5800018310547
"2016-08-17",46.3699989318848,46.9500007629395,45.8400001525879,46.7900009155273,563354,46.7900009155273
"2016-08-18",46.9000015258789,48.3800010681152,46.6300010681152,48.2200012207031,229277,48.2200012207031
"2016-08-19",48.3300018310547,48.75,47.9300003051758,48.5200004577637,162438,48.5200004577637
"2016-08-22",48.4000015258789,48.4000015258789,46.75,47.0499992370605,515256,47.0499992370605
"2016-08-23",47.3899993896484,48.3199996948242,46.5900001525879,48.0999984741211,623904,48.0999984741211
"2016-08-24",47.5900001525879,47.7400016784668,46.4500007629395,46.7700004577637,603495,46.7700004577637
"2016-08-25",46.7999992370605,47.4599990844727,46.4199981689453,47.3300018310547,458816,47.3300018310547
"2016-08-26",47.3699989318848,48.4599990844727,46.939998626709,47.6399993896484,558344,47.6399993896484
"2016-08-29",47.2200012207031,47.2799987792969,46.6199989318848,46.9799995422363,309254,46.9799995422363
"2016-08-30",46.9799995422363,47.4900016784668,46.2099990844727,46.3499984741211,464449,46.3499984741211
"2016-08-31",46.2400016784668,46.4099998474121,44.5099983215332,44.7000007629395,549007,44.7000007629395
"2016-09-01",44.8499984741211,45.0800018310547,43,43.1599998474121,605003,43.1599998474121
"2016-09-02",43.5499992370605,44.6699981689453,43.1599998474121,44.439998626709,576915,44.439998626709
"2016-09-06",44.1500015258789,46.5299987792969,43.8400001525879,44.8300018310547,932145,44.8300018310547
"2016-09-07",44.8499984741211,46.1699981689453,44.5499992370605,45.5,572884,45.5
"2016-09-08",46.1199989318848,47.75,45.7700004577637,47.6199989318848,761943,47.6199989318848
"2016-09-09",47.3600006103516,47.3600006103516,45.560001373291,45.8800010681152,688191,45.8800010681152
"2016-09-12",45.5699996948242,46.5099983215332,44.7200012207031,46.2900009155273,745016,46.2900009155273
"2016-09-13",46.060001373291,46.1300010681152,44.7700004577637,44.9000015258789,657775,44.9000015258789
"2016-09-14",45,45.3300018310547,43.4199981689453,43.5800018310547,705861,43.5800018310547
"2016-09-15",43.7000007629395,44.3400001525879,43.2599983215332,43.9099998474121,537185,43.9099998474121
"2016-09-16",43.7099990844727,43.75,42.7400016784668,43.0299987792969,231191,43.0299987792969
"2016-09-19",43.1800003051758,44.1500015258789,43.1199989318848,43.2999992370605,129857,43.2999992370605
"2016-09-20",43.1300010681152,44.0499992370605,42.5499992370605,43.439998626709,694130,43.439998626709
"2016-09-21",44.5,45.6500015258789,44.5,45.3400001525879,585987,45.3400001525879
"2016-09-22",45.6199989318848,46.5200004577637,45.5200004577637,46.3199996948242,521680,46.3199996948242
"2016-09-23",46.0699996948242,46.5499992370605,44.2200012207031,44.4799995422363,718395,44.4799995422363
"2016-09-26",44.6199989318848,46.2000007629395,44.4300003051758,45.9300003051758,527119,45.9300003051758
"2016-09-27",45.6199989318848,45.9599990844727,44.189998626709,44.6699981689453,630757,44.6699981689453
"2016-09-28",44.9599990844727,47.4500007629395,44.3499984741211,47.0499992370605,1008434,47.0499992370605
"2016-09-29",47.2000007629395,48.3199996948242,46.5999984741211,47.8300018310547,702649,47.8300018310547
"2016-09-30",47.7599983215332,48.2999992370605,47.0400009155273,48.2400016784668,496515,48.2400016784668
"2016-10-03",48.0400009155273,49.0200004577637,47.7799987792969,48.810001373291,458021,48.810001373291
"2016-10-04",48.6500015258789,49.2599983215332,48.2599983215332,48.689998626709,513710,48.689998626709
"2016-10-05",49.2599983215332,49.9700012207031,49.0999984741211,49.8300018310547,520070,49.8300018310547
"2016-10-06",49.6500015258789,50.6300010681152,49.3300018310547,50.439998626709,547915,50.439998626709
"2016-10-07",50.5900001525879,50.7400016784668,49.4000015258789,49.810001373291,618809,49.810001373291
"2016-10-11",51.0999984741211,51.5400009155273,50.3899993896484,50.7900009155273,765608,50.7900009155273
"2016-10-12",50.8400001525879,51.1699981689453,49.8899993896484,50.1800003051758,533884,50.1800003051758
"2016-10-13",50,50.5900001525879,49.3600006103516,50.439998626709,740676,50.439998626709
"2016-10-14",50.5800018310547,51.1399993896484,49.9000015258789,50.3499984741211,519431,50.3499984741211
"2016-10-17",50.2299995422363,50.5800018310547,49.4700012207031,49.939998626709,418723,49.939998626709
"2016-10-18",50.0400009155273,50.7799987792969,49.7599983215332,50.2900009155273,192803,50.2900009155273
"2016-10-19",50.7700004577637,51.9300003051758,50.689998626709,51.5999984741211,132427,51.5999984741211
"2016-10-20",51.4000015258789,51.5800018310547,50.25,50.4300003051758,548947,50.4300003051758
"2016-10-21",50.6599998474121,51.0200004577637,50.2099990844727,50.8499984741211,551300,50.8499984741211
"2016-10-24",50.8499984741211,50.9799995422363,49.6199989318848,50.5200004577637,623398,50.5200004577637
"2016-10-25",50.4900016784668,50.9300003051758,49.2700004577637,49.9599990844727,553778,49.9599990844727
"2016-10-26",49.310001373291,50.0999984741211,48.8699989318848,49.1800003051758,679320,49.1800003051758
"2016-10-27",49.2200012207031,50.060001373291,49,49.7200012207031,543173,49.7200012207031
"2016-10-28",49.6100006103516,49.810001373291,48.4199981689453,48.7000007629395,550081,48.7000007629395
"2016-10-31",48.25,48.7400016784668,46.6300010681152,46.8600006103516,649237,46.8600006103516
"2016-11-01",46.7700004577637,47.3499984741211,46.2000007629395,46.6699981689453,834989,46.6699981689453
"2016-11-02",46.3199996948242,46.4700012207031,44.9599990844727,45.3400001525879,674322,45.3400001525879
"2016-11-03",45.4799995422363,45.9000015258789,44.3699989318848,44.6599998474121,540439,44.6599998474121
"2016-11-04",44.6300010681152,44.8699989318848,43.5699996948242,44.0699996948242,736685,44.0699996948242
"2016-11-07",44.4500007629395,45.0099983215332,44.1100006103516,44.8899993896484,605733,44.8899993896484
"2016-11-08",44.9700012207031,45.3899993896484,44.4099998474121,44.9799995422363,669639,44.9799995422363
"2016-11-09",44.8199996948242,45.9500007629395,43.0699996948242,45.2700004577637,946512,45.2700004577637
"2016-11-10",45.310001373291,45.6399993896484,44.25,44.6599998474121,686338,44.6599998474121
"2016-11-14",43.2000007629395,43.810001373291,42.2000007629395,43.3199996948242,704766,43.3199996948242
"2016-11-15",43.7599983215332,46.0900001525879,43.5499992370605,45.810001373291,706177,45.810001373291
"2016-11-16",45.7700004577637,46.4099998474121,45.0299987792969,45.5699996948242,658169,45.5699996948242
"2016-11-17",45.3699989318848,46.5800018310547,44.8800010681152,45.4199981689453,284874,45.4199981689453
"2016-11-18",44.9300003051758,45.7700004577637,44.5499992370605,45.689998626709,155651,45.689998626709
"2016-11-21",45.8300018310547,47.7999992370605,45.7700004577637,47.4900016784668,665326,47.4900016784668
"2016-11-22",48.3699989318848,49.2000007629395,47.1699981689453,48.0299987792969,826208,48.0299987792969
"2016-11-23",47.939998626709,48.4300003051758,47.4000015258789,47.9599990844727,556861,47.9599990844727
"2016-11-25",47.9700012207031,48.2599983215332,45.8800010681152,46.060001373291,465977,46.060001373291
"2016-11-28",45.4300003051758,47.6500015258789,45.1399993896484,47.0800018310547,734381,47.0800018310547
"2016-11-29",46.8800010681152,46.9799995422363,44.8199996948242,45.2299995422363,732818,45.2299995422363
"2016-11-30",45.2400016784668,49.9000015258789,45.2200012207031,49.439998626709,1311000,49.439998626709
"2016-12-01",49.0699996948242,51.7999992370605,48.9799995422363,51.060001373291,974805,51.060001373291
"2016-12-02",51.0099983215332,51.7299995422363,50.1800003051758,51.6800003051758,667099,51.6800003051758
"2016-12-05",51.4599990844727,52.4199981689453,50.9300003051758,51.7900009155273,600782,51.7900009155273
"2016-12-06",50.9700012207031,51.5999984741211,50.2799987792969,50.9300003051758,642746,50.9300003051758
"2016-12-07",50.9300003051758,51.2000007629395,49.7200012207031,49.7700004577637,816879,49.7700004577637
"2016-12-08",49.8800010681152,50.9799995422363,49.6100006103516,50.8400001525879,780062,50.8400001525879
"2016-12-09",50.9199981689453,51.6599998474121,50.8600006103516,51.5,652040,51.5
"2016-12-12",52.5800018310547,54.5099983215332,52.1800003051758,52.8300018310547,847025,52.8300018310547
"2016-12-13",52.5099983215332,53.4099998474121,52.3499984741211,52.9799995422363,638396,52.9799995422363
"2016-12-14",52.4500007629395,52.7799987792969,50.6699981689453,51.0400009155273,677957,51.0400009155273
"2016-12-15",50.7900009155273,51.4799995422363,49.9500007629395,50.9000015258789,551759,50.9000015258789
"2016-12-16",51.0999984741211,52.0800018310547,50.5,51.9000015258789,252567,51.9000015258789
"2016-12-19",52.1500015258789,52.5200004577637,51.5099983215332,52.1199989318848,129990,52.1199989318848
"2016-12-20",52.1100006103516,52.7000007629395,51.8499984741211,52.2299995422363,416592,52.2299995422363
"2016-12-21",53.560001373291,53.7900009155273,52.3199996948242,52.4900016784668,471993,52.4900016784668
"2016-12-22",52.5200004577637,53.189998626709,52.0800018310547,52.9500007629395,393487,52.9500007629395
"2016-12-23",52.6800003051758,53.2799987792969,52.2599983215332,53.0200004577637,285166,53.0200004577637
"2016-12-27",53.2900009155273,54.0999984741211,53.0299987792969,53.9000015258789,277306,53.9000015258789
"2016-12-28",53.9300003051758,54.3699989318848,53.560001373291,54.060001373291,322535,54.060001373291
"2016-12-29",53.6599998474121,54.2099990844727,53.4599990844727,53.7700004577637,360194,53.7700004577637
"2016-12-30",53.8699989318848,54.0900001525879,53.4099998474121,53.7200012207031,271094,53.7200012207031
"2017-01-03",54.2000007629395,55.2400016784668,52.1100006103516,52.3300018310547,727793,52.3300018310547
"2017-01-04",52.4900016784668,53.4300003051758,52.1500015258789,53.2599983215332,512641,53.2599983215332
"2017-01-05",53.3899993896484,54.1199989318848,52.7900009155273,53.7599983215332,517362,53.7599983215332
"2017-01-06",53.7299995422363,54.3199996948242,53.3199996948242,53.9900016784668,528333,53.9900016784668
"2017-01-09",53.75,53.8300018310547,51.7599983215332,51.9599990844727,564893,51.9599990844727
"2017-01-10",51.8300018310547,52.3699989318848,50.7099990844727,50.8199996948242,632573,50.8199996948242
"2017-01-11",50.810001373291,52.7799987792969,50.75,52.25,815846,52.25
"2017-01-12",52.3699989318848,53.5,52.1199989318848,53.0099983215332,660703,53.0099983215332
"2017-01-13",53.0499992370605,53.1699981689453,52.2700004577637,52.3699989318848,477986,52.3699989318848
"2017-01-17",52.5499992370605,53.5200004577637,52.1199989318848,52.4799995422363,606023,52.4799995422363
"2017-01-18",52.5200004577637,52.7900009155273,50.9099998474121,51.0800018310547,236238,51.0800018310547
"2017-01-19",51.3899993896484,51.8699989318848,51.0200004577637,51.3699989318848,122593,51.3699989318848
"2017-01-20",51.4500007629395,52.9000015258789,51.3899993896484,52.4199981689453,567231,52.4199981689453
"2017-01-23",53.3300018310547,53.4700012207031,52.2099990844727,52.75,455333,52.75
"2017-01-24",52.8600006103516,53.560001373291,52.6699981689453,53.1800003051758,520285,53.1800003051758
"2017-01-25",52.9500007629395,53.4700012207031,52.560001373291,52.75,589709,52.75
"2017-01-26",52.9599990844727,54.060001373291,52.7900009155273,53.7799987792969,578065,53.7799987792969
"2017-01-27",53.7400016784668,54.0800018310547,52.5800018310547,53.1699981689453,495556,53.1699981689453
"2017-01-30",53.1500015258789,53.4599990844727,52.4099998474121,52.6300010681152,486309,52.6300010681152
"2017-01-31",52.5999984741211,53.560001373291,52.2400016784668,52.810001373291,586676,52.810001373291
"2017-02-01",52.7599983215332,53.9099998474121,52.6399993896484,53.8800010681152,577243,53.8800010681152
"2017-02-02",53.5699996948242,54.3400001525879,53.3499984741211,53.5400009155273,492553,53.5400009155273
"2017-02-03",53.6800003051758,54.2200012207031,53.4000015258789,53.8300018310547,462616,53.8300018310547
"2017-02-06",53.810001373291,54.1300010681152,52.9099998474121,53.0099983215332,425085,53.0099983215332
"2017-02-07",53.1399993896484,53.2400016784668,51.6300010681152,52.1699981689453,624057,52.1699981689453
"2017-02-08",51.6399993896484,52.6699981689453,51.2200012207031,52.3400001525879,767379,52.3400001525879
"2017-02-09",52.3699989318848,53.2099990844727,52.3699989318848,53,610196,53
"2017-02-10",53.1500015258789,54.1300010681152,52.9000015258789,53.8600006103516,596449,53.8600006103516
"2017-02-13",53.7999992370605,53.9500007629395,52.7700004577637,52.9300003051758,586034,52.9300003051758
"2017-02-14",52.9099998474121,53.7200012207031,52.8600006103516,53.2000007629395,493022,53.2000007629395
"2017-02-15",53,53.5099983215332,52.7299995422363,53.1100006103516,463638,53.1100006103516
"2017-02-16",53.0099983215332,53.5900001525879,52.6800003051758,53.3600006103516,343363,53.3600006103516
"2017-02-17",53.4700012207031,53.5200004577637,52.8800010681152,53.4000015258789,195352,53.4000015258789
"2017-02-21",53.4799995422363,54.6800003051758,53.3499984741211,54.060001373291,665310,54.060001373291
"2017-02-22",54.2599983215332,54.5999984741211,53.3499984741211,53.5900001525879,499480,53.5900001525879
"2017-02-23",53.9099998474121,54.939998626709,53.8699989318848,54.4500007629395,529880,54.4500007629395
"2017-02-24",54.3300018310547,54.5099983215332,53.7599983215332,53.9900016784668,395258,53.9900016784668
"2017-02-27",54.0200004577637,54.6100006103516,53.939998626709,54.0499992370605,394380,54.0499992370605
"2017-02-28",54.0400009155273,54.2299995422363,53.1800003051758,54.0099983215332,593909,54.0099983215332
"2017-03-01",53.9500007629395,54.439998626709,53.6300010681152,53.8300018310547,491289,53.8300018310547
"2017-03-02",53.689998626709,53.7999992370605,52.5400009155273,52.6100006103516,638390,52.6100006103516
"2017-03-03",52.5800018310547,53.3899993896484,52.5499992370605,53.3300018310547,436360,53.3300018310547
"2017-03-06",53.189998626709,53.560001373291,52.7599983215332,53.2000007629395,503692,53.2000007629395
"2017-03-07",53.1699981689453,53.7999992370605,52.7099990844727,53.1399993896484,494677,53.1399993896484
"2017-03-08",52.7900009155273,52.9199981689453,50.0499992370605,50.2799987792969,963392,50.2799987792969
"2017-03-09",50.2200012207031,50.8400001525879,48.5900001525879,49.2799987792969,1073506,49.2799987792969
"2017-03-10",49.6100006103516,50.1100006103516,48.310001373291,48.4900016784668,796960,48.4900016784668
"2017-03-13",48.4500007629395,48.6800003051758,47.9000015258789,48.4000015258789,601362,48.4000015258789
"2017-03-14",48.4500007629395,48.7900009155273,47.0900001525879,47.7200012207031,857711,47.7200012207031
"2017-03-15",48.7599983215332,49.0400009155273,48.1599998474121,48.8600006103516,655788,48.8600006103516
"2017-03-16",49.0099983215332,49.6199989318848,48.4500007629395,48.75,516853,48.75
"2017-03-17",48.7900009155273,49.2000007629395,48.5999984741211,48.7799987792969,172340,48.7799987792969
"2017-03-20",48.7000007629395,48.7400016784668,47.8400001525879,48.2200012207031,142258,48.2200012207031
"2017-03-21",47.9300003051758,48.7299995422363,47.2299995422363,47.3400001525879,628119,47.3400001525879
"2017-03-22",48.1599998474121,48.3199996948242,47.0099983215332,48.0400009155273,680849,48.0400009155273
"2017-03-23",48.1500015258789,48.4799995422363,47.5800018310547,47.7000007629395,499878,47.7000007629395
"2017-03-24",47.6699981689453,48.2000007629395,47.5400009155273,47.9700012207031,421027,47.9700012207031
"2017-03-27",48.1199989318848,48.2799987792969,47.0800018310547,47.7299995422363,466176,47.7299995422363
"2017-03-28",47.8899993896484,48.7400016784668,47.7999992370605,48.3699989318848,502377,48.3699989318848
"2017-03-29",48.4700012207031,49.6300010681152,48.3800010681152,49.5099983215332,548615,49.5099983215332
"2017-03-30",49.5999984741211,50.4700012207031,49.2700004577637,50.3499984741211,580668,50.3499984741211
"2017-03-31",50.3199996948242,50.8499984741211,49.9000015258789,50.5999984741211,527607,50.5999984741211
"2017-04-03",50.689998626709,50.8300018310547,50.1199989318848,50.2400016784668,440724,50.2400016784668
"2017-04-04",50.2400016784668,51.2999992370605,49.8800010681152,51.0299987792969,532054,51.0299987792969
"2017-04-05",51.1800003051758,51.8800010681152,50.7400016784668,51.1500015258789,651398,51.1500015258789
"2017-04-06",50.7999992370605,51.8199996948242,50.7700004577637,51.7000007629395,473019,51.7000007629395
"2017-04-07",51.7000007629395,52.939998626709,51.4900016784668,52.2400016784668,796437,52.2400016784668
"2017-04-10",52.310001373291,53.1800003051758,52.2900009155273,53.0800018310547,565439,53.0800018310547
"2017-04-11",53.1300010681152,53.4500007629395,52.7000007629395,53.4000015258789,598003,53.4000015258789
"2017-04-12",53.4000015258789,53.7599983215332,52.7099990844727,53.1100006103516,629805,53.1100006103516
"2017-04-13",52.8499984741211,53.3899993896484,52.8199996948242,53.1800003051758,480835,53.1800003051758
"2017-04-17",52.9700012207031,53.2099990844727,52.5499992370605,52.6500015258789,326340,52.6500015258789
"2017-04-18",52.75,52.8499984741211,52.0999984741211,52.4099998474121,202043,52.4099998474121
"2017-04-19",52.3600006103516,52.6500015258789,50.0900001525879,50.439998626709,133173,50.439998626709
"2017-04-20",50.6300010681152,50.9700012207031,50.1800003051758,50.2700004577637,606263,50.2700004577637
"2017-04-21",50.7099990844727,50.9300003051758,49.2000007629395,49.6199989318848,687474,49.6199989318848
"2017-04-24",49.6800003051758,50.2200012207031,49.0299987792969,49.2299995422363,517897,49.2299995422363
"2017-04-25",49.2200012207031,49.8300018310547,48.8699989318848,49.560001373291,587240,49.560001373291
"2017-04-26",49.3600006103516,50.2000007629395,48.939998626709,49.6199989318848,655717,49.6199989318848
"2017-04-27",49.2200012207031,49.4300003051758,48.2000007629395,48.9700012207031,771189,48.9700012207031
"2017-04-28",49.2700004577637,49.7599983215332,48.7999992370605,49.3300018310547,633992,49.3300018310547
"2017-05-01",49.1699981689453,49.3199996948242,48.5900001525879,48.8400001525879,364386,48.8400001525879
"2017-05-02",48.7799987792969,49.2799987792969,47.3499984741211,47.6599998474121,702375,47.6599998474121
"2017-05-03",48.1199989318848,48.2299995422363,47.2999992370605,47.8199996948242,691319,47.8199996948242
"2017-05-04",47.5999984741211,47.75,45.2900009155273,45.5200004577637,943959,45.5200004577637
"2017-05-05",45.5099983215332,46.6800003051758,43.7599983215332,46.2200012207031,1021610,46.2200012207031
"2017-05-08",46.3499984741211,46.9799995422363,45.7299995422363,46.4300003051758,785055,46.4300003051758
"2017-05-09",46.4900016784668,46.7799987792969,45.5299987792969,45.8800010681152,701944,45.8800010681152
"2017-05-10",46.1800003051758,47.7799987792969,46.0099983215332,47.3300018310547,819796,47.3300018310547
"2017-05-11",47.3899993896484,48.2200012207031,47.3400001525879,47.8300018310547,661783,47.8300018310547
"2017-05-12",47.810001373291,48.0699996948242,47.3499984741211,47.8400001525879,537490,47.8400001525879
"2017-05-15",47.8499984741211,49.6599998474121,47.75,48.8499984741211,687153,48.8499984741211
"2017-05-16",48.8199996948242,49.3800010681152,48.1699981689453,48.6599998474121,589212,48.6599998474121
"2017-05-17",48.2299995422363,49.5,48.0299987792969,49.0699996948242,650107,49.0699996948242
"2017-05-18",48.9300003051758,49.5999984741211,48.0499992370605,49.3499984741211,242754,49.3499984741211
"2017-05-19",49.2799987792969,50.5299987792969,49.2799987792969,50.3300018310547,146452,50.3300018310547
"2017-05-22",50.5999984741211,51.060001373291,50.439998626709,50.7299995422363,564310,50.7299995422363
"2017-05-23",51.0400009155273,51.7900009155273,50.5699996948242,51.4700012207031,584139,51.4700012207031
"2017-05-24",51.439998626709,51.8800010681152,51.0299987792969,51.3600006103516,736341,51.3600006103516
"2017-05-25",51.25,52,48.4500007629395,48.9000015258789,1147389,48.9000015258789
"2017-05-26",48.75,49.939998626709,48.1800003051758,49.7999992370605,763920,49.7999992370605
"2017-05-30",49.9300003051758,50.2799987792969,49.0299987792969,49.6599998474121,663486,49.6599998474121
"2017-05-31",49.6500015258789,49.7099990844727,47.7299995422363,48.3199996948242,779144,48.3199996948242
"2017-06-01",48.6300010681152,49.1699981689453,47.9000015258789,48.3600006103516,774478,48.3600006103516
"2017-06-02",48.0400009155273,48.189998626709,46.7400016784668,47.6599998474121,802662,47.6599998474121
"2017-06-05",47.7099990844727,48.4199981689453,46.8600006103516,47.4000015258789,710199,47.4000015258789
"2017-06-06",47.4000015258789,48.4000015258789,46.939998626709,48.189998626709,825056,48.189998626709
"2017-06-07",47.9799995422363,48.2299995422363,45.6500015258789,45.7200012207031,1182327,45.7200012207031
"2017-06-08",45.8499984741211,46.1800003051758,45.2000007629395,45.6399993896484,927695,45.6399993896484
"2017-06-09",45.7099990844727,46.1800003051758,45.2700004577637,45.8300018310547,735933,45.8300018310547
"2017-06-12",45.7999992370605,46.7099990844727,45.6599998474121,46.0800018310547,666765,46.0800018310547
"2017-06-13",46.0099983215332,46.5699996948242,45.560001373291,46.4599990844727,783320,46.4599990844727
"2017-06-14",45.939998626709,46.4900016784668,44.5400009155273,44.7299995422363,924408,44.7299995422363
"2017-06-15",44.689998626709,44.810001373291,44.2200012207031,44.4599990844727,500938,44.4599990844727
"2017-06-16",44.25,44.939998626709,44.2400016784668,44.7400016784668,191824,44.7400016784668
"2017-06-19",44.6800003051758,45.060001373291,44.0499992370605,44.2000007629395,123943,44.2000007629395
"2017-06-20",44.1100006103516,44.4000015258789,42.75,43.2299995422363,894104,43.2299995422363
"2017-06-21",43.3800010681152,44.2000007629395,42.0499992370605,42.5299987792969,1071747,42.5299987792969
"2017-06-22",42.5499992370605,43.3199996948242,42.2599983215332,42.7400016784668,668830,42.7400016784668
"2017-06-23",42.7999992370605,43.2000007629395,42.5299987792969,43.0099983215332,690906,43.0099983215332
"2017-06-26",43.1599998474121,43.6500015258789,42.6300010681152,43.3800010681152,661354,43.3800010681152
"2017-06-27",43.4900016784668,44.439998626709,43.3199996948242,44.2400016784668,759115,44.2400016784668
"2017-06-28",43.7000007629395,44.9000015258789,43.6699981689453,44.7400016784668,753375,44.7400016784668
"2017-06-29",44.8899993896484,45.4500007629395,44.6500015258789,44.9300003051758,768946,44.9300003051758
"2017-06-30",44.8899993896484,46.3499984741211,44.8800010681152,46.0400009155273,677408,46.0400009155273
"2017-07-03",46.2799987792969,47.0999984741211,45.9199981689453,47.0699996948242,517621,47.0699996948242
"2017-07-05",47.0400009155273,47.3199996948242,44.5099983215332,45.1300010681152,1173581,45.1300010681152
"2017-07-06",45.6500015258789,46.5299987792969,45.1800003051758,45.5200004577637,969676,45.5200004577637
"2017-07-07",45.3499984741211,45.4199981689453,43.7799987792969,44.2299995422363,975914,44.2299995422363
"2017-07-10",44.3499984741211,44.8400001525879,43.6500015258789,44.4000015258789,848570,44.4000015258789
"2017-07-11",44.5800018310547,45.810001373291,43.8300018310547,45.0400009155273,1010691,45.0400009155273
"2017-07-12",45.7400016784668,46.4799995422363,45.1100006103516,45.4900016784668,963505,45.4900016784668
"2017-07-13",45.439998626709,46.2799987792969,44.9900016784668,46.0800018310547,748971,46.0800018310547
"2017-07-14",46.0800018310547,46.7400016784668,45.7999992370605,46.5400009155273,742895,46.5400009155273
"2017-07-17",46.6800003051758,46.8800010681152,45.8899993896484,46.0200004577637,560633,46.0200004577637
"2017-07-18",45.9900016784668,46.9199981689453,45.810001373291,46.4000015258789,208420,46.4000015258789
"2017-07-19",46.25,47.2599983215332,46.1399993896484,47.1199989318848,140677,47.1199989318848
"2017-07-20",47.0900001525879,47.5499992370605,46.6599998474121,46.7900009155273,720621,46.7900009155273
"2017-07-21",46.9099998474121,47.2099990844727,45.5400009155273,45.7700004577637,769438,45.7700004577637
"2017-07-24",45.6199989318848,46.5299987792969,45.4000015258789,46.3400001525879,707910,46.3400001525879
"2017-07-25",46.4599990844727,48.6599998474121,46.3800010681152,47.8899993896484,885700,47.8899993896484
"2017-07-26",48.5099983215332,48.8699989318848,47.8600006103516,48.75,887864,48.75
"2017-07-27",48.7000007629395,49.2400016784668,48.25,49.0400009155273,880757,49.0400009155273
"2017-07-28",49.1699981689453,49.810001373291,48.8600006103516,49.7099990844727,771225,49.7099990844727
"2017-07-31",49.8499984741211,50.4099998474121,49.1800003051758,50.1699981689453,781539,50.1699981689453
"2017-08-01",50.2099990844727,50.4300003051758,48.3699989318848,49.1599998474121,1008583,49.1599998474121
"2017-08-02",48.7999992370605,49.6500015258789,48.5499992370605,49.5900001525879,847722,49.5900001525879
"2017-08-03",49.5900001525879,49.9599990844727,48.7799987792969,49.0299987792969,837763,49.0299987792969
"2017-08-04",48.9500007629395,49.6399993896484,48.5,49.5800018310547,745664,49.5800018310547
"2017-08-07",49.5900001525879,49.7299995422363,48.5400009155273,49.3899993896484,831374,49.3899993896484
"2017-08-08",49.310001373291,49.7900009155273,48.8600006103516,49.1699981689453,924240,49.1699981689453
"2017-08-09",49,49.7200012207031,48.9000015258789,49.560001373291,858250,49.560001373291
"2017-08-10",49.6800003051758,50.2200012207031,48.3499984741211,48.5900001525879,1135440,48.5900001525879
"2017-08-11",48.5200004577637,48.9799995422363,47.9799995422363,48.8199996948242,804237,48.8199996948242
"2017-08-14",48.7900009155273,49.1599998474121,47.4300003051758,47.5900001525879,763241,47.5900001525879
"2017-08-15",47.4900016784668,47.9000015258789,47.0200004577637,47.5499992370605,770358,47.5499992370605
"2017-08-16",47.7200012207031,47.9900016784668,46.6699981689453,46.7799987792969,815544,46.7799987792969
"2017-08-17",46.7999992370605,47.189998626709,46.4599990844727,47.0900001525879,608314,47.0900001525879
"2017-08-18",46.9300003051758,48.7400016784668,46.7799987792969,48.5099983215332,253069,48.5099983215332
"2017-08-21",48.7200012207031,48.75,47.0299987792969,47.3699989318848,129192,47.3699989318848
"2017-08-22",47.4500007629395,48.0299987792969,47.2000007629395,47.6399993896484,864387,47.6399993896484
"2017-08-23",47.6399993896484,48.5,47.5299987792969,48.4099998474121,701693,48.4099998474121
"2017-08-24",48.3600006103516,48.4300003051758,47.060001373291,47.4300003051758,831358,47.4300003051758
"2017-08-25",47.6199989318848,47.9099998474121,47.3899993896484,47.8699989318848,646518,47.8699989318848
"2017-08-28",47.8899993896484,48.2000007629395,46.1500015258789,46.5699996948242,921285,46.5699996948242
"2017-08-29",46.8600006103516,46.9599990844727,45.7599983215332,46.439998626709,895643,46.439998626709
"2017-08-30",46.310001373291,46.7200012207031,45.8400001525879,45.9599990844727,895643,45.9599990844727
"2017-08-31",45.9500007629395,47.4700012207031,45.5800018310547,47.2299995422363,882983,47.2299995422363
"2017-09-01",47.0800018310547,47.3499984741211,46.560001373291,47.2900009155273,915708,47.2900009155273
"2017-09-05",47.2799987792969,48.9799995422363,47.1500015258789,48.6599998474121,742808,48.6599998474121
"2017-09-06",48.5900001525879,49.4199981689453,48.5200004577637,49.1599998474121,788963,49.1599998474121
"2017-09-07",49.1399993896484,49.3300018310547,48.6300010681152,49.0900001525879,702514,49.0900001525879
"2017-09-08",49.0900001525879,49.2599983215332,47.2700004577637,47.4799995422363,843760,47.4799995422363
"2017-09-11",47.5800018310547,48.2700004577637,47,48.0699996948242,774468,48.0699996948242
"2017-09-12",48.1199989318848,48.439998626709,47.7299995422363,48.2299995422363,676040,48.2299995422363
"2017-09-13",48.3400001525879,49.4000015258789,48.1199989318848,49.2999992370605,706925,49.2999992370605
"2017-09-14",49.310001373291,50.5,49.1500015258789,49.8899993896484,709035,49.8899993896484
"2017-09-15",49.7200012207031,50.1300010681152,49.4099998474121,49.8899993896484,433597,49.8899993896484
"2017-09-18",49.8499984741211,50.3300018310547,49.189998626709,49.9099998474121,189605,49.9099998474121
"2017-09-19",49.9099998474121,50.4199981689453,49.3300018310547,49.4799995422363,143379,49.4799995422363
"2017-09-20",49.8400001525879,50.6500015258789,49.75,50.4099998474121,754413,50.4099998474121
"2017-09-21",50.7200012207031,50.810001373291,50.0699996948242,50.5499992370605,580569,50.5499992370605
"2017-09-22",50.7299995422363,50.7799987792969,50.2900009155273,50.6599998474121,473795,50.6599998474121
"2017-09-25",50.6800003051758,52.2799987792969,50.3899993896484,52.2200012207031,701244,52.2200012207031
"2017-09-26",52.1199989318848,52.4300003051758,51.4300003051758,51.8800010681152,709515,51.8800010681152
"2017-09-27",52.0900001525879,52.3400001525879,51.6300010681152,52.1399993896484,637035,52.1399993896484
"2017-09-28",52.0499992370605,52.8600006103516,51.2200012207031,51.560001373291,801816,51.560001373291
"2017-09-29",51.5800018310547,51.7700004577637,51.25,51.6699981689453,551982,51.6699981689453
"2017-10-02",51.6399993896484,51.7099990844727,50.0699996948242,50.5800018310547,600933,50.5800018310547
"2017-10-03",50.5900001525879,50.7299995422363,50.1399993896484,50.4199981689453,462735,50.4199981689453
"2017-10-04",50.1599998474121,50.6699981689453,49.7599983215332,49.9799995422363,598836,49.9799995422363
"2017-10-05",49.8800010681152,51.2200012207031,49.8499984741211,50.7900009155273,654385,50.7900009155273
"2017-10-06",50.75,50.8199996948242,49.0999984741211,49.2900009155273,743114,49.2900009155273
"2017-10-09",49.25,49.7900009155273,49.1300010681152,49.5800018310547,505079,49.5800018310547
"2017-10-10",49.5499992370605,51.060001373291,49.5400009155273,50.9199981689453,664839,50.9199981689453
"2017-10-11",50.939998626709,51.4199981689453,50.6100006103516,51.2999992370605,651948,51.2999992370605
"2017-10-12",51,51.1300010681152,50.1500015258789,50.5999984741211,729273,50.5999984741211
"2017-10-13",50.7299995422363,51.7200012207031,50.7000007629395,51.4500007629395,667497,51.4500007629395
"2017-10-16",51.4300003051758,52.3699989318848,51.3499984741211,51.8699989318848,520725,51.8699989318848
"2017-10-17",51.9300003051758,52.25,51.2099990844727,51.8800010681152,471612,51.8800010681152
"2017-10-18",51.939998626709,52.3300018310547,51.689998626709,52.0400009155273,152620,52.0400009155273
"2017-10-19",52.0499992370605,52.1699981689453,51.0699996948242,51.2900009155273,127413,51.2900009155273
"2017-10-20",51.4199981689453,51.7299995422363,50.7000007629395,51.4700012207031,674142,51.4700012207031
"2017-10-23",52.0699996948242,52.2999992370605,51.6800003051758,51.9000015258789,583563,51.9000015258789
"2017-10-24",51.8899993896484,52.6199989318848,51.5499992370605,52.4700012207031,709553,52.4700012207031
"2017-10-25",52.560001373291,52.5699996948242,51.8899993896484,52.1800003051758,681739,52.1800003051758
"2017-10-26",52.189998626709,52.8600006103516,51.9099998474121,52.6399993896484,594647,52.6399993896484
"2017-10-27",52.7999992370605,54.2000007629395,52.25,53.9000015258789,730915,53.9000015258789
"2017-10-30",54.1599998474121,54.4599990844727,53.75,54.1500015258789,565043,54.1500015258789
"2017-10-31",54.0800018310547,54.8499984741211,53.9300003051758,54.3800010681152,497295,54.3800010681152
"2017-11-01",54.6500015258789,55.2200012207031,53.8899993896484,54.2999992370605,671038,54.2999992370605
"2017-11-02",54.2799987792969,54.8400001525879,53.9900016784668,54.5400009155273,482846,54.5400009155273
"2017-11-03",54.7299995422363,55.7599983215332,54.4000015258789,55.6399993896484,614159,55.6399993896484
"2017-11-06",55.9700012207031,57.6100006103516,55.6599998474121,57.3499984741211,861713,57.3499984741211
"2017-11-07",57.2700004577637,57.689998626709,56.8300018310547,57.2000007629395,750187,57.2000007629395
"2017-11-08",56.9599990844727,57.9199981689453,56.4099998474121,56.810001373291,919147,56.810001373291
"2017-11-09",56.8499984741211,57.5299987792969,56.689998626709,57.1699981689453,666949,57.1699981689453
"2017-11-10",57.0200004577637,57.3499984741211,56.5499992370605,56.7400016784668,541296,56.7400016784668
"2017-11-13",56.9000015258789,57.1500015258789,56.2999992370605,56.7599983215332,631619,56.7599983215332
"2017-11-14",56.7200012207031,56.7700004577637,54.810001373291,55.7000007629395,707338,55.7000007629395
"2017-11-15",55.060001373291,55.560001373291,54.8800010681152,55.3300018310547,501385,55.3300018310547
"2017-11-16",55.2999992370605,55.6199989318848,54.9300003051758,55.1399993896484,213923,55.1399993896484
"2017-11-17",55.25,56.6800003051758,55.1800003051758,56.5499992370605,184944,56.5499992370605
"2017-11-20",56.689998626709,56.7599983215332,55.5699996948242,56.0900001525879,593241,56.0900001525879
"2017-11-21",56.3800010681152,57.2200012207031,56.3199996948242,56.8300018310547,619066,56.8300018310547
"2017-11-22",57.1199989318848,58.1500015258789,57.0299987792969,58.0200004577637,837411,58.0200004577637
"2017-11-24",58.0499992370605,59.0499992370605,57.75,58.9500007629395,577826,58.9500007629395
"2017-11-27",58.9500007629395,58.9900016784668,57.5499992370605,58.1100006103516,690078,58.1100006103516
"2017-11-28",57.8600006103516,58.1100006103516,57.4199981689453,57.9900016784668,546526,57.9900016784668
"2017-11-29",57.7299995422363,58.2999992370605,56.75,57.2999992370605,741564,57.2999992370605
"2017-11-30",57.4099998474121,57.9799995422363,56.8199996948242,57.4000015258789,735128,57.4000015258789
"2017-12-01",57.4199981689453,58.8800010681152,57.2900009155273,58.3600006103516,685215,58.3600006103516
"2017-12-04",58.3199996948242,58.3400001525879,57.3499984741211,57.4700012207031,529965,57.4700012207031
"2017-12-05",57.4799995422363,57.9199981689453,57.0800018310547,57.6199989318848,499245,57.6199989318848
"2017-12-06",57.4500007629395,57.5699996948242,55.8699989318848,55.9599990844727,678992,55.9599990844727
"2017-12-07",56,56.7799987792969,55.8199996948242,56.689998626709,557325,56.689998626709
"2017-12-08",56.6500015258789,57.7900009155273,56.5400009155273,57.3600006103516,681599,57.3600006103516
"2017-12-11",57.25,58.0800018310547,56.9099998474121,57.9900016784668,606724,57.9900016784668
"2017-12-12",58.0200004577637,58.560001373291,56.8499984741211,57.1399993896484,826488,57.1399993896484
"2017-12-13",57.4500007629395,57.8300018310547,56.5499992370605,56.5999984741211,658143,56.5999984741211
"2017-12-14",56.7000007629395,57.2200012207031,56.0900001525879,57.0400009155273,580571,57.0400009155273
"2017-12-15",57.1500015258789,57.4900016784668,56.939998626709,57.2999992370605,210054,57.2999992370605
"2017-12-18",57.3699989318848,57.7799987792969,56.8199996948242,57.1599998474121,137151,57.1599998474121
"2017-12-19",57.2999992370605,57.6399993896484,57.1599998474121,57.4599990844727,420784,57.4599990844727
"2017-12-20",57.6599998474121,58.1199989318848,57.439998626709,58.0900001525879,420844,58.0900001525879
"2017-12-21",58.0200004577637,58.3800010681152,57.6300010681152,58.3600006103516,405320,58.3600006103516
"2017-12-22",58.2099990844727,58.5,57.8699989318848,58.4700012207031,324554,58.4700012207031
"2017-12-26",58.4000015258789,60.0099983215332,58.3199996948242,59.9700012207031,437785,59.9700012207031
"2017-12-27",59.7900009155273,59.9300003051758,59.3300018310547,59.6399993896484,402396,59.6399993896484
"2017-12-28",59.5299987792969,59.939998626709,59.439998626709,59.8400001525879,345962,59.8400001525879
"2017-12-29",59.9099998474121,60.5099983215332,59.8199996948242,60.4199981689453,464478,60.4199981689453
"2018-01-02",60.2000007629395,60.7400016784668,60.0999984741211,60.3699989318848,510313,60.3699989318848
"2018-01-03",60.3899993896484,61.9700012207031,60.2799987792969,61.6300010681152,673859,61.6300010681152
"2018-01-04",61.9599990844727,62.2099990844727,61.5900001525879,62.0099983215332,654363,62.0099983215332
"2018-01-05",61.9000015258789,62.0400009155273,61.0900001525879,61.439998626709,563036,61.439998626709
"2018-01-08",61.6100006103516,61.9700012207031,61.3400001525879,61.7299995422363,616474,61.7299995422363
"2018-01-09",61.9199981689453,63.4799995422363,61.7999992370605,62.9599990844727,844720,62.9599990844727
"2018-01-10",63.4099998474121,63.6699981689453,63.0900001525879,63.5699996948242,697844,63.5699996948242
"2018-01-11",63.5,64.7699966430664,63.4300003051758,63.7999992370605,876642,63.7999992370605
"2018-01-12",63.5699996948242,64.5,63.060001373291,64.3000030517578,678727,64.3000030517578
"2018-01-16",64.4300003051758,64.8899993896484,63.3899993896484,63.7299995422363,867771,63.7299995422363
"2018-01-17",63.8899993896484,64.1699981689453,63.310001373291,63.9700012207031,444384,63.9700012207031
"2018-01-18",64.0699996948242,64.3499984741211,63.4700012207031,63.9500007629395,204504,63.9500007629395
"2018-01-19",63.7400016784668,63.7700004577637,62.8499984741211,63.3699989318848,142711,63.3699989318848
"2018-01-22",63.6100006103516,64.1399993896484,63.1699981689453,63.4900016784668,625662,63.4900016784668
"2018-01-23",63.8800010681152,64.879997253418,63.7000007629395,64.4700012207031,662456,64.4700012207031
"2018-01-24",64.4199981689453,66.0500030517578,64.3399963378906,65.6100006103516,887018,65.6100006103516
"2018-01-25",65.879997253418,66.6600036621094,65.0800018310547,65.5100021362305,771758,65.5100021362305
"2018-01-26",65.25,66.3499984741211,64.9100036621094,66.1399993896484,678186,66.1399993896484
"2018-01-29",66.1800003051758,66.4599990844727,64.9800033569336,65.5599975585938,656168,65.5599975585938
"2018-01-30",65.5299987792969,65.5599975585938,63.8899993896484,64.5,688380,64.5
"2018-01-31",64.0299987792969,64.9400024414062,63.6699981689453,64.7300033569336,613258,64.7300033569336
"2018-02-01",64.7600021362305,66.25,64.629997253418,65.8000030517578,685750,65.8000030517578
"2018-02-02",65.9899978637695,66.3000030517578,64.4700012207031,65.4499969482422,857572,65.4499969482422
"2018-02-05",65.0999984741211,65.4000015258789,63.4199981689453,64.1500015258789,891063,64.1500015258789
"2018-02-06",63.4300003051758,64.2900009155273,63.1199989318848,63.3899993896484,797814,63.3899993896484
"2018-02-07",63.9199981689453,64.1800003051758,61.25,61.7900009155273,1029408,61.7900009155273
"2018-02-08",61.7000007629395,62.0900001525879,60.2700004577637,61.1500015258789,929578,61.1500015258789
"2018-02-09",60.4300003051758,60.7700004577637,58.0699996948242,59.2000007629395,933307,59.2000007629395
"2018-02-12",59.1199989318848,60.8300018310547,59.0999984741211,59.2900009155273,736917,59.2900009155273
"2018-02-13",59.3499984741211,59.7299995422363,58.3899993896484,59.189998626709,580600,59.189998626709
"2018-02-14",58.9799995422363,60.9000015258789,58.2000007629395,60.5999984741211,650324,60.5999984741211
"2018-02-15",60.7099990844727,61.6399993896484,59.7200012207031,61.3400001525879,340401,61.3400001525879
"2018-02-16",61.4500007629395,61.9900016784668,60.8800010681152,61.6800003051758,181179,61.6800003051758
"2018-02-20",61.6300010681152,62.7400016784668,61.5800018310547,61.9000015258789,794481,61.9000015258789
"2018-02-21",61.6300010681152,61.8600006103516,60.9199981689453,61.6800003051758,466924,61.6800003051758
"2018-02-22",61.3400001525879,63.0900001525879,60.75,62.7700004577637,592603,62.7700004577637
"2018-02-23",62.5999984741211,63.7299995422363,62.3300018310547,63.5499992370605,460597,63.5499992370605
"2018-02-26",63.5999984741211,64.2399978637695,63.060001373291,63.9099998474121,469853,63.9099998474121
"2018-02-27",64.0599975585938,64.0800018310547,62.6399993896484,63.0099983215332,562670,63.0099983215332
"2018-02-28",62.7900009155273,63.439998626709,61.3600006103516,61.6399993896484,768409,61.6399993896484
"2018-03-01",61.5499992370605,61.8300018310547,60.1800003051758,60.9900016784668,812505,60.9900016784668
"2018-03-02",61.3400001525879,61.5999984741211,60.1300010681152,61.25,613514,61.25
"2018-03-05",61.5499992370605,62.7900009155273,61.0999984741211,62.5699996948242,599266,62.5699996948242
"2018-03-06",62.5800018310547,63.2799987792969,62.1699981689453,62.5999984741211,634953,62.5999984741211
"2018-03-07",62.2999992370605,62.5800018310547,60.5800018310547,61.1500015258789,879119,61.1500015258789
"2018-03-08",61.3300018310547,61.4000015258789,59.9500007629395,60.1199989318848,720510,60.1199989318848
"2018-03-09",60.2700004577637,62.1800003051758,60.1399993896484,62.0400009155273,659722,62.0400009155273
"2018-03-12",62.0999984741211,62.3300018310547,60.6699981689453,61.3600006103516,537990,61.3600006103516
"2018-03-13",61.3699989318848,61.9700012207031,60.2700004577637,60.7099990844727,747738,60.7099990844727
"2018-03-14",60.8699989318848,61.3300018310547,60.1100006103516,60.9599990844727,665017,60.9599990844727
"2018-03-15",60.9500007629395,61.5400009155273,60.8199996948242,61.189998626709,430201,61.189998626709
"2018-03-16",61.189998626709,62.5400009155273,61.0800018310547,62.3400001525879,202493,62.3400001525879
"2018-03-19",62.2299995422363,62.3499984741211,61.3600006103516,62.060001373291,115962,62.060001373291
"2018-03-20",62.0999984741211,63.810001373291,62.0800018310547,63.4000015258789,717709,63.4000015258789
"2018-03-21",63.7200012207031,65.5500030517578,63.5800018310547,65.1699981689453,763768,65.1699981689453
"2018-03-22",65.5,65.7399978637695,64.1399993896484,64.3000030517578,689172,64.3000030517578
"2018-03-23",64.2799987792969,66,64.1100006103516,65.879997253418,752994,65.879997253418
"2018-03-26",65.9000015258789,66.5500030517578,65.0800018310547,65.5500030517578,585899,65.5500030517578
"2018-03-27",65.5299987792969,66.4100036621094,64.5299987792969,65.25,670811,65.25
"2018-03-28",64.6999969482422,65.129997253418,63.7200012207031,64.379997253418,697678,64.379997253418
"2018-03-29",64.6900024414062,65.2600021362305,64.1600036621094,64.9400024414062,562819,64.9400024414062
"2018-04-02",64.9100036621094,65.4199981689453,62.7999992370605,63.0099983215332,582742,63.0099983215332
"2018-04-03",62.8899993896484,63.8600006103516,62.8600006103516,63.5099983215332,527289,63.5099983215332
"2018-04-04",63.5900001525879,63.6399993896484,62.060001373291,63.3699989318848,760596,63.3699989318848
"2018-04-05",63.5999984741211,64.120002746582,63.0699996948242,63.5400009155273,588597,63.5400009155273
"2018-04-06",63.7000007629395,63.7900009155273,61.810001373291,62.060001373291,753262,62.060001373291
"2018-04-09",62,63.6100006103516,61.9300003051758,63.4199981689453,655831,63.4199981689453
"2018-04-10",63.2999992370605,65.8600006103516,63.2000007629395,65.5100021362305,840280,65.5100021362305
"2018-04-11",65.5899963378906,67.4499969482422,65.1500015258789,66.8199996948242,963017,66.8199996948242
"2018-04-12",66.75,67.3300018310547,66,67.0699996948242,687468,67.0699996948242
"2018-04-13",67.1800003051758,67.7600021362305,66.6999969482422,67.3899993896484,624203,67.3899993896484
"2018-04-16",67.2399978637695,67.7399978637695,66.129997253418,66.2200012207031,560076,66.2200012207031
"2018-04-17",66.4199981689453,66.75,65.5599975585938,66.5199966430664,486076,66.5199966430664
"2018-04-18",66.6800003051758,68.9100036621094,66.5599975585938,68.4700012207031,221664,68.4700012207031
"2018-04-19",68.75,69.5599975585938,67.9800033569336,68.2900009155273,125993,68.2900009155273
"2018-04-20",68.2600021362305,68.620002746582,67.5,68.379997253418,724906,68.379997253418
"2018-04-23",68.2200012207031,69.0299987792969,67.1399993896484,68.6399993896484,740941,68.6399993896484
"2018-04-24",68.9499969482422,69.379997253418,67.5400009155273,67.6999969482422,832296,67.6999969482422
"2018-04-25",67.75,68.1800003051758,67.1100006103516,68.0500030517578,764049,68.0500030517578
"2018-04-26",68.0299987792969,68.7799987792969,67.7099990844727,68.1900024414062,660549,68.1900024414062
"2018-04-27",68.2099990844727,68.3600006103516,67.6399993896484,68.0999984741211,542549,68.0999984741211
"2018-04-30",68.1500015258789,69.3399963378906,67.1699981689453,68.5699996948242,755186,68.5699996948242
"2018-05-01",68.5599975585938,68.9000015258789,66.8499984741211,67.25,694771,67.25
"2018-05-02",67.4899978637695,68.1399993896484,66.9199981689453,67.9300003051758,789367,67.9300003051758
"2018-05-03",67.6800003051758,68.5999984741211,67.2099990844727,68.4300003051758,691219,68.4300003051758
"2018-05-04",68.5,69.9700012207031,68.120002746582,69.7200012207031,690876,69.7200012207031
"2018-05-07",69.8499984741211,70.8399963378906,69.5100021362305,70.7300033569336,758916,70.7300033569336
"2018-05-08",70.0299987792969,70.4000015258789,67.629997253418,69.0599975585938,1253566,69.0599975585938
"2018-05-09",70.0500030517578,71.3600006103516,69.8499984741211,71.1399993896484,863386,71.1399993896484
"2018-05-10",71.2300033569336,71.8899993896484,70.5599975585938,71.3600006103516,749808,71.3600006103516
"2018-05-11",71.4499969482422,71.629997253418,70.4499969482422,70.6999969482422,634145,70.6999969482422
"2018-05-14",70.5400009155273,71.2600021362305,70.2600021362305,70.9599990844727,592826,70.9599990844727
"2018-05-15",71.1500015258789,71.9199981689453,70.4199981689453,71.3099975585938,815289,71.3099975585938
"2018-05-16",71.0199966430664,71.5899963378906,70.6600036621094,71.4899978637695,574279,71.4899978637695
"2018-05-17",71.5599975585938,72.3000030517578,71.0899963378906,71.4899978637695,562639,71.4899978637695
"2018-05-18",71.5999984741211,71.75,70.9899978637695,71.2799987792969,211785,71.2799987792969
"2018-05-21",71.4700012207031,72.5899963378906,71.25,72.2399978637695,119892,72.2399978637695
"2018-05-22",72.5299987792969,72.8300018310547,71.9000015258789,72.129997253418,723458,72.129997253418
"2018-05-23",72.1100006103516,72.2600021362305,71.1900024414062,71.8399963378906,702791,71.8399963378906
"2018-05-24",71.8300018310547,72,70.5199966430664,70.7099990844727,640725,70.7099990844727
"2018-05-25",70.6500015258789,70.8000030517578,67.4199981689453,67.879997253418,955354,67.879997253418
"2018-05-29",66.4899978637695,67.3499984741211,65.9199981689453,66.7300033569336,1059750,66.7300033569336
"2018-05-30",66.8499984741211,68.6699981689453,66.3499984741211,68.2099990844727,726886,68.2099990844727
"2018-05-31",68.2399978637695,68.3000030517578,66.5599975585938,67.0400009155273,917563,67.0400009155273
"2018-06-01",67.0699996948242,67.3399963378906,65.5100021362305,65.8099975585938,781103,65.8099975585938
"2018-06-04",65.7099990844727,66.0400009155273,64.5699996948242,64.75,696050,64.75
"2018-06-05",64.9400024414062,65.5699996948242,64.2200012207031,65.5199966430664,714674,65.5199966430664
"2018-06-06",65.5100021362305,65.9599990844727,64.2699966430664,64.7300033569336,708829,64.7300033569336
"2018-06-07",65.0699996948242,66.0699996948242,64.8099975585938,65.9499969482422,675041,65.9499969482422
"2018-06-08",65.9800033569336,66.2399978637695,65.1500015258789,65.7399978637695,571224,65.7399978637695
"2018-06-11",65.5599975585938,66.3499984741211,64.8499984741211,66.0999984741211,558281,66.0999984741211
"2018-06-12",66.0500030517578,66.6999969482422,65.870002746582,66.3600006103516,524411,66.3600006103516
"2018-06-13",66.0100021362305,66.8899993896484,65.5199966430664,66.6399993896484,626398,66.6399993896484
"2018-06-14",66.620002746582,67.1600036621094,66.3600006103516,66.8899993896484,460168,66.8899993896484
"2018-06-15",66.620002746582,67.1600036621094,64.2900009155273,65.0599975585938,512591,65.0599975585938
"2018-06-18",64.4000015258789,65.9800033569336,63.5900001525879,65.8499984741211,218933,65.8499984741211
"2018-06-19",65.8199996948242,65.9000015258789,64.3899993896484,65.0699996948242,122646,65.0699996948242
"2018-06-20",65.1100006103516,66.5299987792969,65.0100021362305,66.2200012207031,801625,66.2200012207031
"2018-06-21",65.3399963378906,66.2200012207031,64.3399963378906,65.5400009155273,760719,65.5400009155273
"2018-06-22",65.9300003051758,69.379997253418,65.7099990844727,68.5800018310547,1136232,68.5800018310547
"2018-06-25",68.75,69.4400024414062,67.7799987792969,68.0800018310547,816207,68.0800018310547
"2018-06-26",68.2099990844727,70.9100036621094,67.7200012207031,70.5299987792969,848537,70.5299987792969
"2018-06-27",70.6800003051758,73.0599975585938,70.5599975585938,72.7600021362305,775155,72.7600021362305
"2018-06-28",72.2699966430664,74.0299987792969,72.1999969482422,73.4499969482422,717347,73.4499969482422
"2018-06-29",73.3300018310547,74.4599990844727,72.9300003051758,74.1500015258789,602399,74.1500015258789
"2018-07-02",73.620002746582,74.3499984741211,72.5100021362305,73.9400024414062,652167,73.9400024414062
"2018-07-03",74.0800018310547,75.2699966430664,72.7300033569336,74.1399993896484,667235,74.1399993896484
"2018-07-05",74.3499984741211,74.8000030517578,72.5299987792969,72.9400024414062,841632,72.9400024414062
"2018-07-06",73.1600036621094,74.0100021362305,72.1399993896484,73.8000030517578,611419,73.8000030517578
"2018-07-09",73.870002746582,74.2799987792969,72.9899978637695,73.8499984741211,533003,73.8499984741211
"2018-07-10",74.0400009155273,74.6999969482422,73.6500015258789,74.1100006103516,586829,74.1100006103516
"2018-07-11",74.1999969482422,74.2600021362305,70.0199966430664,70.379997253418,861726,70.379997253418
"2018-07-12",70.5999984741211,71.2399978637695,69.2300033569336,70.3300018310547,707887,70.3300018310547
"2018-07-13",70.379997253418,71.6600036621094,69.8399963378906,71.0100021362305,530277,71.0100021362305
"2018-07-16",70.5199966430664,70.870002746582,67.5800018310547,68.0599975585938,530480,68.0599975585938
"2018-07-17",68.0299987792969,68.4400024414062,67.0299987792969,68.0800018310547,440727,68.0800018310547
"2018-07-18",67.6100006103516,69.0599975585938,67.0400009155273,68.7600021362305,187313,68.7600021362305
"2018-07-19",69,70.1699981689453,67.8000030517578,69.4599990844727,103220,69.4599990844727
"2018-07-20",69.3899993896484,71.0999984741211,69.370002746582,70.4599990844727,500967,70.4599990844727
"2018-07-23",68.1699981689453,69.3099975585938,67.5999984741211,67.8899993896484,555915,67.8899993896484
"2018-07-24",67.8000030517578,69.0500030517578,67.5599975585938,68.5199966430664,524591,68.5199966430664
"2018-07-25",68.7699966430664,69.6999969482422,68.1999969482422,69.3000030517578,622913,69.3000030517578
"2018-07-26",69.379997253418,69.9199981689453,68.9199981689453,69.6100006103516,489059,69.6100006103516
"2018-07-27",69.5800018310547,69.7699966430664,68.2600021362305,68.6900024414062,460450,68.6900024414062
"2018-07-30",69.0100021362305,70.4300003051758,68.8000030517578,70.129997253418,463011,70.129997253418
"2018-07-31",70.0500030517578,70.2200012207031,67.9800033569336,68.7600021362305,519070,68.7600021362305
"2018-08-01",68.4300003051758,68.5199966430664,67.3099975585938,67.6600036621094,576561,67.6600036621094
"2018-08-02",67.8600006103516,69.3600006103516,66.9199981689453,68.9599990844727,531071,68.9599990844727
"2018-08-03",68.9899978637695,69.2399978637695,67.870002746582,68.4899978637695,476615,68.4899978637695
"2018-08-06",68.6500015258789,69.9199981689453,68.5,69.0100021362305,495605,69.0100021362305
"2018-08-07",68.9000015258789,69.8300018310547,68.8099975585938,69.1699981689453,485027,69.1699981689453
"2018-08-08",69.0899963378906,69.370002746582,66.3199996948242,66.9400024414062,760313,66.9400024414062
"2018-08-09",66.7900009155273,67.4100036621094,66.4899978637695,66.8099975585938,509401,66.8099975585938
"2018-08-10",66.7399978637695,67.870002746582,66.1399993896484,67.629997253418,524490,67.629997253418
"2018-08-13",67.7799987792969,67.9499969482422,65.7099990844727,67.1999969482422,578219,67.1999969482422
"2018-08-14",67.4199981689453,68.370002746582,66.5800018310547,67.0400009155273,538484,67.0400009155273
"2018-08-15",66.620002746582,66.9000015258789,64.5100021362305,65.0100021362305,573473,65.0100021362305
"2018-08-16",64.9499969482422,65.5199966430664,64.4300003051758,65.4599990844727,383380,65.4599990844727
"2018-08-17",65.4700012207031,66.3899993896484,65.3000030517578,65.9100036621094,171403,65.9100036621094
"2018-08-20",65.9100036621094,66.6800003051758,65.5899963378906,66.4300003051758,112709,66.4300003051758
"2018-08-21",66.620002746582,68.0999984741211,66.5199966430664,67.3499984741211,437164,67.3499984741211
"2018-08-22",66.0800018310547,68.1500015258789,65.9800033569336,67.8600006103516,581899,67.8600006103516
"2018-08-23",68.0699996948242,68.120002746582,67.3199996948242,67.8300018310547,450690,67.8300018310547
"2018-08-24",67.9000015258789,69.3099975585938,67.7799987792969,68.7200012207031,517796,68.7200012207031
"2018-08-27",68.5699996948242,68.9700012207031,68.3399963378906,68.870002746582,332612,68.870002746582
"2018-08-28",68.9300003051758,69.1999969482422,68.2099990844727,68.5299987792969,426833,68.5299987792969
"2018-08-29",68.5400009155273,69.7600021362305,68.370002746582,69.5100021362305,497095,69.5100021362305
"2018-08-30",69.7099990844727,70.5,69.5500030517578,70.25,445584,70.25
"2018-08-31",70.0599975585938,70.3600006103516,69.6399993896484,69.8000030517578,419739,69.8000030517578
"2018-09-04",70.120002746582,71.4000015258789,69.0800018310547,69.870002746582,785981,69.870002746582
"2018-09-05",69.4300003051758,69.5899963378906,68.5599975585938,68.7200012207031,542104,68.7200012207031
"2018-09-06",68.6399993896484,69.0199966430664,67,67.7699966430664,633824,67.7699966430664
"2018-09-07",67.879997253418,68.0800018310547,66.8600006103516,67.75,530895,67.75
"2018-09-10",67.8199996948242,68.5199966430664,67.3300018310547,67.5400009155273,571174,67.5400009155273
"2018-09-11",67.5299987792969,70.0100021362305,67.4800033569336,69.25,676869,69.25
"2018-09-12",69.8899993896484,71.2600021362305,69.5,70.370002746582,800543,70.370002746582
"2018-09-13",70.2399978637695,70.2799987792969,68.3499984741211,68.5899963378906,684937,68.5899963378906
"2018-09-14",68.7900009155273,69.9100036621094,67.9400024414062,68.9899978637695,611075,68.9899978637695
"2018-09-17",68.9300003051758,69.7200012207031,68.5299987792969,68.9100036621094,422294,68.9100036621094
"2018-09-18",68.8000030517578,70.4199981689453,68.5299987792969,69.8499984741211,234202,69.8499984741211
"2018-09-19",69.7099990844727,71.5,69.6500015258789,71.120002746582,125208,71.120002746582
"2018-09-20",71.3899993896484,71.8099975585938,70.7300033569336,70.8000030517578,607520,70.8000030517578
"2018-09-21",70.1999969482422,71.8000030517578,69.9800033569336,70.7799987792969,855943,70.7799987792969
"2018-09-24",71.1399993896484,72.7399978637695,71.1399993896484,72.0800018310547,576894,72.0800018310547
"2018-09-25",72.25,72.7799987792969,71.8899993896484,72.2799987792969,551280,72.2799987792969
"2018-09-26",72.0899963378906,72.379997253418,71.4700012207031,71.5699996948242,464463,71.5699996948242
"2018-09-27",72.0100021362305,72.5999984741211,71.7099990844727,72.120002746582,454549,72.120002746582
"2018-09-28",72.1800003051758,73.7300033569336,71.879997253418,73.25,544047,73.25
"2018-10-01",73.2900009155273,75.7699966430664,72.9499969482422,75.3000030517578,601451,75.3000030517578
"2018-10-02",75.4199981689453,75.9100036621094,74.9300003051758,75.2300033569336,463615,75.2300033569336
"2018-10-03",75.120002746582,76.9000015258789,74.3000030517578,76.4100036621094,698817,76.4100036621094
"2018-10-04",76.1800003051758,76.4700012207031,73.879997253418,74.3300018310547,687949,74.3300018310547
"2018-10-05",74.6699981689453,75.2200012207031,73.8399963378906,74.3399963378906,613218,74.3399963378906
"2018-10-08",74.4000015258789,74.5800018310547,73.0699996948242,74.2900009155273,554938,74.2900009155273
"2018-10-09",74.2099990844727,75.2799987792969,74,74.9599990844727,623537,74.9599990844727
"2018-10-10",74.6600036621094,75.0800018310547,72.379997253418,73.1699981689453,652737,73.1699981689453
"2018-10-11",72.6800003051758,72.7600021362305,70.5100021362305,70.9700012207031,783962,70.9700012207031
"2018-10-12",70.9899978637695,72.0100021362305,70.6399993896484,71.3399963378906,626668,71.3399963378906
"2018-10-15",71.8499984741211,72.6999969482422,70.8499984741211,71.7799987792969,568610,71.7799987792969
"2018-10-16",71.7200012207031,72.2900009155273,71.0199966430664,71.9199981689453,535003,71.9199981689453
"2018-10-17",72.1699981689453,72.4300003051758,69.4300003051758,69.75,651584,69.75
"2018-10-18",70.0299987792969,70.0299987792969,68.4700012207031,68.6500015258789,215337,68.6500015258789
"2018-10-19",68.6800003051758,69.7699966430664,68.5599975585938,69.120002746582,108311,69.120002746582
"2018-10-22",69.4100036621094,69.6500015258789,68.2699966430664,69.1699981689453,513770,69.1699981689453
"2018-10-23",69.5500030517578,69.6600036621094,65.7399978637695,66.4300003051758,853265,66.4300003051758
"2018-10-24",66.1699981689453,67.7200012207031,66.0500030517578,66.8199996948242,775963,66.8199996948242
"2018-10-25",66.3600006103516,67.6500015258789,65.9899978637695,67.3300018310547,573096,67.3300018310547
"2018-10-26",66.9499969482422,67.879997253418,66.1999969482422,67.5899963378906,595211,67.5899963378906
"2018-10-29",67.5500030517578,67.9499969482422,66.2900009155273,67.0400009155273,477487,67.0400009155273
"2018-10-30",66.6800003051758,67.2600021362305,65.3300018310547,66.1800003051758,680441,66.1800003051758
"2018-10-31",66.3199996948242,67,64.8099975585938,65.3099975585938,666487,65.3099975585938
"2018-11-01",64.879997253418,65.3899993896484,63.1100006103516,63.689998626709,790286,63.689998626709
"2018-11-02",63.5,63.9500007629395,62.6300010681152,63.1399993896484,708906,63.1399993896484
"2018-11-05",62.9900016784668,64.1399993896484,62.5200004577637,63.0999984741211,609129,63.0999984741211
"2018-11-06",62.7000007629395,63.3199996948242,61.310001373291,62.2099990844727,761240,62.2099990844727
"2018-11-07",61.7400016784668,63.1800003051758,61.2000007629395,61.6699981689453,866628,61.6699981689453
"2018-11-08",61.6399993896484,62.4199981689453,60.4000015258789,60.6699981689453,764546,60.6699981689453
"2018-11-09",60.75,60.7900009155273,59.2599983215332,60.189998626709,821729,60.189998626709
"2018-11-12",60.7000007629395,61.2799987792969,58.6800003051758,59.9300003051758,806219,59.9300003051758
"2018-11-13",58.8800010681152,59.3499984741211,54.75,55.689998626709,1095643,55.689998626709
"2018-11-14",55.2700004577637,57.3699989318848,55.1300010681152,56.25,844696,56.25
"2018-11-15",56.0200004577637,57.2599983215332,55.5900001525879,56.4599990844727,256499,56.4599990844727
"2018-11-16",56.5800018310547,57.9599990844727,55.8899993896484,56.4599990844727,159001,56.4599990844727
"2018-11-19",56.7200012207031,57.3300018310547,55.0800018310547,56.7599983215332,699684,56.7599983215332
"2018-11-20",57.3899993896484,57.439998626709,52.7700004577637,53.4300003051758,983120,53.4300003051758
"2018-11-21",53.3899993896484,55.8600006103516,53.3899993896484,54.6300010681152,734277,54.6300010681152
"2018-11-23",53.8699989318848,54.1199989318848,50.1500015258789,50.4199981689453,1014667,50.4199981689453
"2018-11-26",50.6199989318848,52.25,50.0999984741211,51.6300010681152,663108,51.6300010681152
"2018-11-27",51.5400009155273,52.3800010681152,50.2999992370605,51.560001373291,764010,51.560001373291
"2018-11-28",52.0900001525879,52.560001373291,50.060001373291,50.2900009155273,831688,50.2900009155273
"2018-11-29",50.310001373291,52.2000007629395,49.4099998474121,51.4500007629395,812721,51.4500007629395
"2018-11-30",51.2700004577637,51.7900009155273,49.6500015258789,50.9300003051758,796714,50.9300003051758
"2018-12-03",52.4500007629395,53.8499984741211,52.0299987792969,52.9500007629395,758010,52.9500007629395
"2018-12-04",53.1300010681152,54.5499992370605,52.4300003051758,53.25,738130,53.25
"2018-12-06",52.9300003051758,53.2999992370605,50.0800018310547,51.4900016784668,987266,51.4900016784668
"2018-12-07",51.7599983215332,54.2200012207031,50.5999984741211,52.6100006103516,987717,52.6100006103516
"2018-12-10",52.0299987792969,52.810001373291,50.5299987792969,51,733225,51
"2018-12-11",50.8899993896484,52.4300003051758,50.7000007629395,51.6500015258789,665262,51.6500015258789
"2018-12-12",51.9500007629395,52.8800010681152,50.939998626709,51.1500015258789,730810,51.1500015258789
"2018-12-13",51.2000007629395,53.2700004577637,50.3499984741211,52.5800018310547,733627,52.5800018310547
"2018-12-14",52.8300018310547,52.9500007629395,50.8400001525879,51.2000007629395,526839,51.2000007629395
"2018-12-17",51.25,51.8699989318848,49.0099983215332,49.8800010681152,211257,49.8800010681152
"2018-12-18",49.1599998474121,49.5900001525879,45.7900009155273,46.2400016784668,120101,46.2400016784668
"2018-12-19",45.9300003051758,48,45.9300003051758,47.2000007629395,817721,47.2000007629395
"2018-12-20",47.3899993896484,47.5099983215332,45.6699981689453,45.8800010681152,794130,45.8800010681152
"2018-12-21",46.25,46.7700004577637,45.1300010681152,45.5900001525879,694003,45.5900001525879
"2018-12-24",45.4500007629395,46.2400016784668,42.3600006103516,42.5299987792969,415859,42.5299987792969
"2018-12-26",42.8499984741211,47,42.5200004577637,46.2200012207031,698408,46.2200012207031
"2018-12-27",46.5800018310547,46.7000007629395,44.3699989318848,44.6100006103516,665590,44.6100006103516
"2018-12-28",45.439998626709,46.2200012207031,44.4199981689453,45.3300018310547,564385,45.3300018310547
"2018-12-31",45.2200012207031,46.5299987792969,44.7299995422363,45.4099998474121,476970,45.4099998474121
"2019-01-02",45.7999992370605,47.7799987792969,44.3499984741211,46.5400009155273,850480,46.5400009155273
"2019-01-03",46.2599983215332,47.4900016784668,45.3499984741211,47.0900001525879,788718,47.0900001525879
"2019-01-04",46.9000015258789,49.2200012207031,46.6500015258789,47.9599990844727,817277,47.9599990844727
"2019-01-07",48.2999992370605,49.7900009155273,48.1100006103516,48.5200004577637,819939,48.5200004577637
"2019-01-08",48.7299995422363,49.9500007629395,48.310001373291,49.7799987792969,765981,49.7799987792969
"2019-01-09",49.7999992370605,52.5800018310547,49.7099990844727,52.3600006103516,891922,52.3600006103516
"2019-01-10",52.1800003051758,52.7799987792969,51.3699989318848,52.5900001525879,821782,52.5900001525879
"2019-01-11",52.2799987792969,53.310001373291,51.1800003051758,51.5900001525879,812339,51.5900001525879
"2019-01-14",51.7299995422363,52.1100006103516,50.3800010681152,50.5099983215332,791527,50.5099983215332
"2019-01-15",50.7799987792969,52.2999992370605,50.6399993896484,52.1100006103516,664183,52.1100006103516
"2019-01-16",52,52.5200004577637,51.2599983215332,52.310001373291,694182,52.310001373291
"2019-01-17",52.2999992370605,52.5800018310547,50.9799995422363,52.0699996948242,288560,52.0699996948242
"2019-01-18",52.2299995422363,53.9199981689453,52.0900001525879,53.7999992370605,193099,53.7999992370605
"2019-01-22",53.7299995422363,54.2400016784668,51.7999992370605,52.5699996948242,951158,52.5699996948242
"2019-01-23",52.9500007629395,53.6399993896484,51.8600006103516,52.6199989318848,702866,52.6199989318848
"2019-01-24",52.4500007629395,53.4700012207031,52.0699996948242,53.1300010681152,714415,53.1300010681152
"2019-01-25",53.1699981689453,53.939998626709,52.9099998474121,53.689998626709,593385,53.689998626709
"2019-01-28",53.560001373291,53.6399993896484,51.3300018310547,51.9900016784668,650667,51.9900016784668
"2019-01-29",52.1199989318848,53.9300003051758,51.8400001525879,53.310001373291,660527,53.310001373291
"2019-01-30",53.2400016784668,54.9300003051758,53.0900001525879,54.2299995422363,731312,54.2299995422363
"2019-01-31",54.2799987792969,55.3699989318848,53.6199989318848,53.7900009155273,718650,53.7900009155273
"2019-02-01",54.0099983215332,55.6599998474121,53.3699989318848,55.2599983215332,689566,55.2599983215332
"2019-02-04",55.3199996948242,55.75,53.2900009155273,54.560001373291,622472,54.560001373291
"2019-02-05",54.8600006103516,55.2099990844727,53.4700012207031,53.6599998474121,609756,53.6599998474121
"2019-02-06",53.7299995422363,54.2999992370605,52.8600006103516,54.0099983215332,606720,54.0099983215332
"2019-02-07",53.939998626709,54.2099990844727,51.7999992370605,52.6399993896484,749010,52.6399993896484
"2019-02-08",52.5900001525879,52.9900016784668,52.0800018310547,52.7200012207031,621003,52.7200012207031
"2019-02-11",52.6599998474121,52.7799987792969,51.2299995422363,52.4099998474121,750242,52.4099998474121
"2019-02-12",52.4700012207031,54.0499992370605,52.2900009155273,53.0999984741211,708312,53.0999984741211
"2019-02-13",53.3499984741211,54.5999984741211,53.2700004577637,53.9000015258789,706552,53.9000015258789
"2019-02-14",53.9599990844727,54.6800003051758,53.0800018310547,54.4099998474121,623546,54.4099998474121
"2019-02-15",54.4799995422363,55.8699989318848,54.2400016784668,55.5900001525879,276907,55.5900001525879
"2019-02-19",55.7799987792969,56.3300018310547,55.2900009155273,56.0900001525879,153728,56.0900001525879
"2019-02-20",55.939998626709,57.5499992370605,55.4799995422363,56.9199981689453,685111,56.9199981689453
"2019-02-21",57.2400016784668,57.6100006103516,56.6399993896484,56.9599990844727,546202,56.9599990844727
"2019-02-22",56.8400001525879,57.810001373291,56.7099990844727,57.2599983215332,513439,57.2599983215332
"2019-02-25",57.1699981689453,57.5299987792969,55.0800018310547,55.4799995422363,723012,55.4799995422363
"2019-02-26",55.4599990844727,56.0800018310547,55.0200004577637,55.5,538919,55.5
"2019-02-27",55.9500007629395,57.3899993896484,55.7200012207031,56.939998626709,577227,56.939998626709
"2019-02-28",57,57.4300003051758,56.4300003051758,57.2200012207031,496678,57.2200012207031
"2019-03-01",57.2200012207031,57.8800010681152,55.5699996948242,55.7999992370605,684186,55.7999992370605
"2019-03-04",55.8300018310547,57,55.810001373291,56.5900001525879,549396,56.5900001525879
"2019-03-05",56.4500007629395,57.189998626709,56.0900001525879,56.560001373291,538399,56.560001373291
"2019-03-06",56.2799987792969,56.4000015258789,55.4199981689453,56.2200012207031,637677,56.2200012207031
"2019-03-07",56.2000007629395,56.9900016784668,56.0800018310547,56.6599998474121,628824,56.6599998474121
"2019-03-08",56.4300003051758,56.5099983215332,54.5200004577637,56.0699996948242,747358,56.0699996948242
"2019-03-11",56.0699996948242,57.0099983215332,55.9599990844727,56.7900009155273,597156,56.7900009155273
"2019-03-12",56.7599983215332,57.5499992370605,56.7400016784668,56.8699989318848,652798,56.8699989318848
"2019-03-13",57.0900001525879,58.4799995422363,57.0099983215332,58.2599983215332,610616,58.2599983215332
"2019-03-14",58.3499984741211,58.7400016784668,58,58.6100006103516,567604,58.6100006103516
"2019-03-15",58.5099983215332,58.9500007629395,57.7400016784668,58.5200004577637,507393,58.5200004577637
"2019-03-18",58.4500007629395,59.2299995422363,58.0499992370605,59.0900001525879,157241,59.0900001525879
"2019-03-19",59.0099983215332,59.5699996948242,58.6199989318848,59.0299987792969,114822,59.0299987792969
"2019-03-20",59.0200004577637,60.1199989318848,58.3899993896484,59.8300018310547,786342,59.8300018310547
"2019-03-21",59.9900016784668,60.3899993896484,59.6599998474121,59.9799995422363,655380,59.9799995422363
"2019-03-22",59.8699989318848,60.0699996948242,58.2799987792969,59.0400009155273,738840,59.0400009155273
"2019-03-25",58.9799995422363,59.3499984741211,58.1699981689453,58.8199996948242,705399,58.8199996948242
"2019-03-26",59.1199989318848,60.3800010681152,59.0400009155273,59.939998626709,685988,59.939998626709
"2019-03-27",60.0299987792969,60.2200012207031,58.810001373291,59.4099998474121,732150,59.4099998474121
"2019-03-28",59.4000015258789,59.560001373291,58.2000007629395,59.2999992370605,712209,59.2999992370605
"2019-03-29",59.5299987792969,60.7299995422363,59.4099998474121,60.1399993896484,705559,60.1399993896484
"2019-04-01",60.2400016784668,61.7999992370605,60.1300010681152,61.5900001525879,670808,61.5900001525879
"2019-04-02",61.810001373291,62.75,61.5999984741211,62.5800018310547,793227,62.5800018310547
"2019-04-03",62.6399993896484,62.9900016784668,62.0499992370605,62.4599990844727,799672,62.4599990844727
"2019-04-04",62.5,62.7700004577637,61.8899993896484,62.0999984741211,684973,62.0999984741211
"2019-04-05",62.1800003051758,63.3400001525879,61.8199996948242,63.0800018310547,686862,63.0800018310547
"2019-04-08",63.3300018310547,64.4800033569336,63.1300010681152,64.4000015258789,895767,64.4000015258789
"2019-04-09",64.4000015258789,64.7900009155273,63.6800003051758,63.9799995422363,790677,63.9799995422363
"2019-04-10",64.2200012207031,64.6999969482422,64.0500030517578,64.6100006103516,722216,64.6100006103516
"2019-04-11",64.4800033569336,64.4899978637695,63.310001373291,63.5800018310547,760504,63.5800018310547
"2019-04-12",63.7099990844727,64.6500015258789,63.6599998474121,63.8899993896484,625588,63.8899993896484
"2019-04-15",63.7599983215332,63.8400001525879,63.0299987792969,63.4000015258789,555858,63.4000015258789
"2019-04-16",63.5699996948242,64.370002746582,62.9900016784668,64.0500030517578,547469,64.0500030517578
"2019-04-17",64.3199996948242,64.6100006103516,63.6599998474121,63.7599983215332,235376,63.7599983215332
"2019-04-18",63.75,64.1600036621094,63.4599990844727,64,148238,64
"2019-04-22",64,65.9199981689453,64,65.6999969482422,763527,65.6999969482422
"2019-04-23",65.75,66.5999984741211,65.5800018310547,66.3000030517578,700598,66.3000030517578
"2019-04-24",66.1699981689453,66.4300003051758,65.6600036621094,65.8899993896484,678386,65.8899993896484
"2019-04-25",65.8099975585938,66.2799987792969,64.9000015258789,65.2099990844727,603001,65.2099990844727
"2019-04-26",65.129997253418,65.1800003051758,62.2799987792969,63.2999992370605,1000836,63.2999992370605
"2019-04-29",62.9500007629395,63.689998626709,62.4599990844727,63.5,654076,63.5
"2019-04-30",63.5800018310547,64.75,63.2999992370605,63.9099998474121,750494,63.9099998474121
"2019-05-01",63.4000015258789,63.9300003051758,62.7700004577637,63.5999984741211,676872,63.5999984741211
"2019-05-02",63.6100006103516,63.6800003051758,60.9500007629395,61.810001373291,914661,61.810001373291
"2019-05-03",61.5499992370605,62.5200004577637,61.2999992370605,61.939998626709,646866,61.939998626709
"2019-05-06",61.4300003051758,62.9500007629395,60.0400009155273,62.25,768810,62.25
"2019-05-07",62.1699981689453,62.4900016784668,60.6599998474121,61.4000015258789,842810,61.4000015258789
"2019-05-08",61.439998626709,62.3699989318848,61.0699996948242,62.1199989318848,791769,62.1199989318848
"2019-05-09",62.0200004577637,62.2099990844727,60.9199981689453,61.7000007629395,769583,61.7000007629395
"2019-05-10",61.6399993896484,62.4900016784668,61.4199981689453,61.6599998474121,786494,61.6599998474121
"2019-05-13",61.6500015258789,63.3300018310547,60.6399993896484,61.0400009155273,1003106,61.0400009155273
"2019-05-14",60.8600006103516,62.1100006103516,60.689998626709,61.7799987792969,751668,61.7799987792969
"2019-05-15",61.3699989318848,62.3400001525879,60.8499984741211,62.0200004577637,723001,62.0200004577637
"2019-05-16",62.1199989318848,63.4799995422363,62.0800018310547,62.8699989318848,545679,62.8699989318848
"2019-05-17",63.1199989318848,63.6399993896484,62.5200004577637,62.7599983215332,215802,62.7599983215332
"2019-05-20",63.5299987792969,63.810001373291,62.4500007629395,63.0999984741211,131888,63.0999984741211
"2019-05-21",63.2799987792969,63.5999984741211,62.75,62.9900016784668,641680,62.9900016784668
"2019-05-22",62.6399993896484,62.7799987792969,61.0299987792969,61.4199981689453,766728,61.4199981689453
"2019-05-23",61.2700004577637,61.2900009155273,57.3300018310547,57.9099998474121,1108052,57.9099998474121
"2019-05-24",58.2099990844727,59.0999984741211,57.5,58.6300010681152,758099,58.6300010681152
"2019-05-28",58.939998626709,59.5699996948242,58.1300010681152,59.1399993896484,1020323,59.1399993896484
"2019-05-29",59.0699996948242,59.1399993896484,56.8800010681152,58.810001373291,1124959,58.810001373291
"2019-05-30",59.1199989318848,59.7000007629395,56.3300018310547,56.5900001525879,842281,56.5900001525879
"2019-05-31",56.4599990844727,56.6100006103516,53.0499992370605,53.5,1031488,53.5
"2019-06-03",53.4199981689453,54.6300010681152,52.1100006103516,53.25,984308,53.25
"2019-06-04",52.8899993896484,53.7799987792969,52.4300003051758,53.4799995422363,831625,53.4799995422363
"2019-06-05",52.8600006103516,53.4099998474121,50.5999984741211,51.6800003051758,943186,51.6800003051758
"2019-06-06",51.6599998474121,53.2999992370605,51.1699981689453,52.5900001525879,790067,52.5900001525879
"2019-06-07",53.0999984741211,54.3199996948242,52.6199989318848,53.9900016784668,828133,53.9900016784668
"2019-06-10",54.2400016784668,54.8400001525879,53.0499992370605,53.2599983215332,687146,53.2599983215332
"2019-06-11",53.4300003051758,54.0400009155273,52.9099998474121,53.2700004577637,642940,53.2700004577637
"2019-06-12",53.0400009155273,53.0499992370605,50.7200012207031,51.1399993896484,786105,51.1399993896484
"2019-06-13",51.0699996948242,53.4500007629395,50.9199981689453,52.2799987792969,945024,52.2799987792969
"2019-06-14",52.1800003051758,52.9799995422363,51.7000007629395,52.5099983215332,574229,52.5099983215332
"2019-06-17",52.5,52.7400016784668,51.5800018310547,51.9300003051758,397868,51.9300003051758
"2019-06-18",51.9500007629395,54.310001373291,51.5,53.9000015258789,181640,53.9000015258789
"2019-06-19",54.0900001525879,54.4199981689453,53.2799987792969,53.7599983215332,122838,53.7599983215332
"2019-06-20",54.1199989318848,57.0200004577637,54.1100006103516,56.6500015258789,854514,56.6500015258789
"2019-06-21",57.2599983215332,57.9799995422363,56.6599998474121,57.4300003051758,676047,57.4300003051758
"2019-06-24",57.7200012207031,58.2200012207031,56.75,57.9000015258789,597164,57.9000015258789
"2019-06-25",57.7400016784668,58.8400001525879,57.2000007629395,57.8300018310547,673140,57.8300018310547
"2019-06-26",58.8400001525879,59.9300003051758,58.6500015258789,59.3800010681152,686817,59.3800010681152
"2019-06-27",59.2700004577637,59.7299995422363,58.6100006103516,59.4300003051758,531405,59.4300003051758
"2019-06-28",59.2200012207031,59.7999992370605,57.75,58.4700012207031,556101,58.4700012207031
"2019-07-01",59.2700004577637,60.2799987792969,58.3400001525879,59.0900001525879,674887,59.0900001525879
"2019-07-02",59.1399993896484,59.4300003051758,56.0900001525879,56.25,878938,56.25
"2019-07-03",56.4900016784668,57.4799995422363,56.0400009155273,57.3400001525879,600131,57.3400001525879
"2019-07-05",57.3800010681152,57.8199996948242,56.2900009155273,57.5099983215332,698015,57.5099983215332
"2019-07-08",57.7700004577637,58.4599990844727,57.2999992370605,57.6599998474121,540861,57.6599998474121
"2019-07-09",57.560001373291,59.0999984741211,57.2900009155273,57.8300018310547,551872,57.8300018310547
"2019-07-10",58.4000015258789,60.5299987792969,58.3499984741211,60.4300003051758,690656,60.4300003051758
"2019-07-11",60.439998626709,60.939998626709,60.1399993896484,60.2000007629395,573019,60.2000007629395
"2019-07-12",60.4599990844727,60.7400016784668,59.9300003051758,60.2099990844727,469029,60.2099990844727
"2019-07-15",60.25,60.9199981689453,59.2000007629395,59.5800018310547,566818,59.5800018310547
"2019-07-16",59.2599983215332,60.060001373291,57.0699996948242,57.6199989318848,712540,57.6199989318848
"2019-07-17",57.5200004577637,58.3600006103516,56.2099990844727,56.7799987792969,504432,56.7799987792969
"2019-07-18",56.5999984741211,57.3199996948242,54.7200012207031,55.2999992370605,215361,55.2999992370605
"2019-07-19",55.7200012207031,56.3600006103516,54.9900016784668,55.6300010681152,105217,55.6300010681152
"2019-07-22",56.2200012207031,56.8400001525879,55.7200012207031,56.2200012207031,619483,56.2200012207031
"2019-07-23",56.1699981689453,57.4700012207031,55.7400016784668,56.7700004577637,521876,56.7700004577637
"2019-07-24",57.2299995422363,57.6399993896484,55.3300018310547,55.8800010681152,745248,55.8800010681152
"2019-07-25",55.9000015258789,56.9900016784668,55.810001373291,56.0200004577637,559282,56.0200004577637
"2019-07-26",55.9300003051758,56.5699996948242,55.6800003051758,56.2000007629395,476785,56.2000007629395
"2019-07-29",56.2000007629395,57.0999984741211,55.810001373291,56.8699989318848,529742,56.8699989318848
"2019-07-30",57.0699996948242,58.4700012207031,56.9599990844727,58.0499992370605,547401,58.0499992370605
"2019-07-31",58.3400001525879,58.8199996948242,57.810001373291,58.5800018310547,614001,58.5800018310547
"2019-08-01",57.8499984741211,57.9900016784668,53.5900001525879,53.9500007629395,886748,53.9500007629395
"2019-08-02",54.5400009155273,56.0499992370605,54.1500015258789,55.6599998474121,739810,55.6599998474121
"2019-08-05",55.3800010681152,55.6100006103516,54.2200012207031,54.689998626709,823844,54.689998626709
"2019-08-06",54.9500007629395,55.4199981689453,53.2900009155273,53.6300010681152,682794,53.6300010681152
"2019-08-07",53.4199981689453,53.7700004577637,50.5200004577637,51.0900001525879,1063214,51.0900001525879
"2019-08-08",52.3300018310547,53.060001373291,51.939998626709,52.5400009155273,724762,52.5400009155273
"2019-08-09",52.8800010681152,54.9199981689453,52.3699989318848,54.5,726386,54.5
"2019-08-12",54.3199996948242,55.1800003051758,53.5400009155273,54.9300003051758,611027,54.9300003051758
"2019-08-13",54.7299995422363,57.4700012207031,54.2099990844727,57.0999984741211,783486,57.0999984741211
"2019-08-14",56.7400016784668,56.8499984741211,53.9700012207031,55.2299995422363,718293,55.2299995422363
"2019-08-15",54.9000015258789,55.3300018310547,53.7700004577637,54.4700012207031,527866,54.4700012207031
"2019-08-16",54.7400016784668,55.6699981689453,54.2599983215332,54.8699989318848,168345,54.8699989318848
"2019-08-19",54.9599990844727,56.4099998474121,54.8400001525879,56.2099990844727,113571,56.2099990844727
"2019-08-20",56.0999984741211,56.5999984741211,55.2799987792969,56.3400001525879,659258,56.3400001525879
"2019-08-21",56.0499992370605,57.1300010681152,55.5499992370605,55.6800003051758,704035,55.6800003051758
"2019-08-22",55.939998626709,56.4599990844727,54.8499984741211,55.3499984741211,621573,55.3499984741211
"2019-08-23",55.3499984741211,55.5999984741211,53.2400016784668,54.1699981689453,807151,54.1699981689453
"2019-08-26",53.25,55.2599983215332,52.9599990844727,53.6399993896484,679022,53.6399993896484
"2019-08-27",53.7599983215332,55.7200012207031,53.689998626709,54.9300003051758,596624,54.9300003051758
"2019-08-28",55.7099990844727,56.75,55.3400001525879,55.7799987792969,674048,55.7799987792969
"2019-08-29",55.8800010681152,56.8899993896484,55.4300003051758,56.7099990844727,630760,56.7099990844727
"2019-08-30",56.6300010681152,56.7200012207031,54.5499992370605,55.0999984741211,708268,55.0999984741211
"2019-09-03",55,55.2400016784668,52.8400001525879,53.939998626709,970804,53.939998626709
"2019-09-04",53.9199981689453,56.5800018310547,53.8400001525879,56.2599983215332,682298,56.2599983215332
"2019-09-05",55.9500007629395,57.7599983215332,55.75,56.2999992370605,712466,56.2999992370605
"2019-09-06",56.189998626709,56.9500007629395,54.8300018310547,56.5200004577637,714294,56.5200004577637
"2019-09-09",56.7999992370605,58.1599998474121,56.5800018310547,57.8499984741211,646993,57.8499984741211
"2019-09-10",58.0299987792969,58.7599983215332,57.2000007629395,57.4000015258789,755472,57.4000015258789
"2019-09-11",57.8899993896484,58.2999992370605,55.6100006103516,55.75,858772,55.75
"2019-09-12",55.9300003051758,56.3400001525879,54,55.0900001525879,845977,55.0900001525879
"2019-09-13",55.1500015258789,55.6800003051758,54.439998626709,54.8499984741211,599470,54.8499984741211
"2019-09-16",61.4799995422363,63.3800010681152,58.7700004577637,62.9000015258789,1404916,62.9000015258789
"2019-09-17",61.9599990844727,62.5900001525879,58.4599990844727,59.3400001525879,993237,59.3400001525879
"2019-09-18",58.810001373291,59.4300003051758,57.6699981689453,58.1100006103516,216961,58.1100006103516
"2019-09-19",58.2000007629395,59.5400009155273,58.0099983215332,58.1300010681152,112327,58.1300010681152
"2019-09-20",58.6500015258789,59.0999984741211,57.7900009155273,58.0900001525879,576019,58.0900001525879
"2019-09-23",59.25,59.3899993896484,57.3699989318848,58.6399993896484,526785,58.6399993896484
"2019-09-24",58.439998626709,58.4900016784668,56.689998626709,57.2900009155273,591529,57.2900009155273
"2019-09-25",56.7000007629395,57.0200004577637,55.5499992370605,56.4900016784668,563550,56.4900016784668
"2019-09-26",56.689998626709,56.8400001525879,55.4099998474121,56.4099998474121,599653,56.4099998474121
"2019-09-27",56.5099983215332,56.7599983215332,54.75,55.9099998474121,712966,55.9099998474121
"2019-09-30",56.5400009155273,56.5699996948242,53.9799995422363,54.0699996948242,532522,54.0699996948242
"2019-10-01",54.2799987792969,54.8400001525879,53.0499992370605,53.6199989318848,589176,53.6199989318848
"2019-10-02",54,54.4199981689453,52.1699981689453,52.6399993896484,590306,52.6399993896484
"2019-10-03",52.4700012207031,52.9099998474121,50.9900016784668,52.4500007629395,642466,52.4500007629395
"2019-10-04",52.2900009155273,53.3499984741211,52.0400009155273,52.810001373291,541104,52.810001373291
"2019-10-07",52.689998626709,54.060001373291,52.5900001525879,52.75,549019,52.75
"2019-10-08",52.810001373291,53.2700004577637,51.810001373291,52.6300010681152,658324,52.6300010681152
"2019-10-09",52.5699996948242,53.7400016784668,52.310001373291,52.5900001525879,632666,52.5900001525879
"2019-10-10",52.689998626709,53.9700012207031,51.3800010681152,53.5499992370605,613944,53.5499992370605
"2019-10-11",53.8800010681152,54.9300003051758,53.6399993896484,54.7000007629395,467643,54.7000007629395
"2019-10-14",54.9000015258789,54.9000015258789,52.7700004577637,53.5900001525879,467643,53.5900001525879
"2019-10-15",53.5099983215332,53.7900009155273,52.3899993896484,52.810001373291,511249,52.810001373291
"2019-10-16",52.9199981689453,53.7400016784668,52.5200004577637,53.3600006103516,451643,53.3600006103516
"2019-10-17",52.9900016784668,54.1599998474121,52.6199989318848,53.9300003051758,418422,53.9300003051758
"2019-10-18",54.0900001525879,54.6199989318848,53.3499984741211,53.7799987792969,174477,53.7799987792969
"2019-10-21",53.7099990844727,54.0299987792969,52.7099990844727,53.310001373291,95979,53.310001373291
"2019-10-22",53.3899993896484,54.6199989318848,53.0999984741211,54.1599998474121,506573,54.1599998474121
"2019-10-23",54.2999992370605,56.0699996948242,53.6199989318848,55.9700012207031,620202,55.9700012207031
"2019-10-24",55.9000015258789,56.5099983215332,55.4099998474121,56.2299995422363,480764,56.2299995422363
"2019-10-25",56.0699996948242,56.7400016784668,55.5999984741211,56.6599998474121,445020,56.6599998474121
"2019-10-28",56.6500015258789,56.9199981689453,55.5800018310547,55.810001373291,437020,55.810001373291
"2019-10-29",55.7999992370605,55.9099998474121,54.6100006103516,55.5400009155273,521457,55.5400009155273
"2019-10-30",55.5299987792969,55.7299995422363,54.4199981689453,55.060001373291,659328,55.060001373291
"2019-10-31",54.9000015258789,55.5900001525879,53.7099990844727,54.1800003051758,677419,54.1800003051758
"2019-11-01",54.1500015258789,56.3300018310547,54.0699996948242,56.2000007629395,538117,56.2000007629395
"2019-11-04",56.4099998474121,57.4300003051758,55.8300018310547,56.5400009155273,580350,56.5400009155273
"2019-11-05",56.560001373291,57.5,56.2999992370605,57.2299995422363,435319,57.2299995422363
"2019-11-06",57.2599983215332,57.8499984741211,56.1100006103516,56.3499984741211,623258,56.3499984741211
"2019-11-07",56.3499984741211,57.8800010681152,56.2700004577637,57.1500015258789,678165,57.1500015258789
"2019-11-08",57.0800018310547,57.4799995422363,55.7599983215332,57.2400016784668,636941,57.2400016784668
"2019-11-11",57.4000015258789,57.4000015258789,56.25,56.8600006103516,498981,56.8600006103516
"2019-11-12",56.8899993896484,57.5499992370605,56.5400009155273,56.7999992370605,586568,56.7999992370605
"2019-11-13",56.7900009155273,57.5299987792969,56.2000007629395,57.1199989318848,547635,57.1199989318848
"2019-11-14",57.3899993896484,57.7900009155273,56.6300010681152,56.7700004577637,516832,56.7700004577637
"2019-11-15",56.9099998474121,57.9700012207031,56.4300003051758,57.7200012207031,375993,57.7200012207031
"2019-11-18",57.8800010681152,58.0900001525879,56.5499992370605,57.0499992370605,159328,57.0499992370605
"2019-11-19",56.9000015258789,57.1100006103516,55.0400009155273,55.2099990844727,121214,55.2099990844727
"2019-11-20",55.1599998474121,57.25,54.7599983215332,57.1100006103516,674891,57.1100006103516
"2019-11-21",57,58.6699981689453,56.5999984741211,58.5800018310547,593533,58.5800018310547
"2019-11-22",58.310001373291,58.7400016784668,57.5,57.7700004577637,508244,57.7700004577637
"2019-11-25",57.9199981689453,58.1500015258789,57.2099990844727,58.0099983215332,420642,58.0099983215332
"2019-11-26",57.9199981689453,58.560001373291,57.7599983215332,58.4099998474121,443816,58.4099998474121
"2019-11-27",58.2700004577637,58.6800003051758,57.5099983215332,58.1100006103516,454256,58.1100006103516
"2019-11-29",58.1300010681152,58.2999992370605,55.0200004577637,55.1699981689453,718724,55.1699981689453
"2019-12-02",55.4700012207031,56.6699981689453,55.4199981689453,55.9599990844727,616423,55.9599990844727
"2019-12-03",55.9599990844727,56.7999992370605,55.3499984741211,56.0999984741211,560554,56.0999984741211
"2019-12-04",56.4300003051758,58.6599998474121,56.2799987792969,58.4300003051758,760541,58.4300003051758
"2019-12-05",58.3600006103516,59.1199989318848,58.0999984741211,58.4300003051758,649461,58.4300003051758
"2019-12-06",58.3199996948242,59.8499984741211,57.7000007629395,59.2000007629395,679609,59.2000007629395
"2019-12-09",59.1100006103516,59.25,58.2299995422363,59.0200004577637,511561,59.0200004577637
"2019-12-10",58.9199981689453,59.5200004577637,58.5200004577637,59.2400016784668,566822,59.2400016784668
"2019-12-11",59.060001373291,59.2200012207031,58.1100006103516,58.7599983215332,589650,58.7599983215332
"2019-12-12",58.8800010681152,59.7200012207031,58.75,59.1800003051758,530851,59.1800003051758
"2019-12-13",59.3600006103516,60.4799995422363,59.2700004577637,60.0699996948242,512288,60.0699996948242
"2019-12-16",59.8699989318848,60.3400001525879,59.7099990844727,60.2099990844727,347395,60.2099990844727
"2019-12-17",60.2299995422363,61.060001373291,60.0299987792969,60.939998626709,163744,60.939998626709
"2019-12-18",60.5499992370605,61.1800003051758,60.3199996948242,60.9300003051758,131071,60.9300003051758
"2019-12-19",60.8600006103516,61.4700012207031,60.7900009155273,61.2200012207031,426341,61.2200012207031
"2019-12-20",61.1100006103516,61.2000007629395,60.0200004577637,60.439998626709,552517,60.439998626709
"2019-12-23",60.4099998474121,60.7700004577637,60.0999984741211,60.5200004577637,314711,60.5200004577637
"2019-12-24",60.6300010681152,61.1599998474121,60.4700012207031,61.1100006103516,204535,61.1100006103516
"2019-12-26",61.2000007629395,61.8300018310547,61.060001373291,61.6800003051758,265091,61.6800003051758
"2019-12-27",61.7299995422363,61.9700012207031,61.2400016784668,61.7200012207031,351899,61.7200012207031
"2019-12-30",61.7099990844727,62.3400001525879,61.0900001525879,61.6800003051758,427149,61.6800003051758
"2019-12-31",61.6800003051758,61.8800010681152,60.6300010681152,61.060001373291,494535,61.060001373291
"2020-01-02",61.5999984741211,61.5999984741211,60.6399993896484,61.1800003051758,486873,61.1800003051758
"2020-01-03",61.1800003051758,64.0899963378906,61.1300010681152,63.0499992370605,885861,63.0499992370605
"2020-01-06",63.7099990844727,64.7200012207031,62.6399993896484,63.2700004577637,724236,63.2700004577637
"2020-01-07",62.9099998474121,63.1500015258789,62.1100006103516,62.7000007629395,582649,62.7000007629395
"2020-01-08",62.8400001525879,65.6500015258789,59.1500015258789,59.6100006103516,1205710,59.6100006103516
"2020-01-09",59.9900016784668,60.310001373291,58.6599998474121,59.560001373291,750933,59.560001373291
"2020-01-10",59.6100006103516,59.7799987792969,58.8499984741211,59.0400009155273,596186,59.0400009155273
"2020-01-13",59.0400009155273,59.2700004577637,57.9099998474121,58.0800018310547,584002,58.0800018310547
"2020-01-14",58.0299987792969,58.7200012207031,57.7200012207031,58.2299995422363,507714,58.2299995422363
"2020-01-15",58.2000007629395,58.3600006103516,57.3600006103516,57.810001373291,433169,57.810001373291
"2020-01-16",58.0999984741211,58.8699989318848,57.560001373291,58.5200004577637,182871,58.5200004577637
"2020-01-17",58.5900001525879,58.9799995422363,58.2700004577637,58.5400009155273,122561,58.5400009155273
"2020-01-21",59.1699981689453,59.7299995422363,57.6800003051758,58.3400001525879,648335,58.3400001525879
"2020-01-22",58.2599983215332,58.3800010681152,56.0299987792969,56.7400016784668,620119,56.7400016784668
"2020-01-23",56.1100006103516,56.2700004577637,54.7700004577637,55.5900001525879,703995,55.5900001525879
"2020-01-24",55.689998626709,55.9500007629395,53.8499984741211,54.189998626709,586195,54.189998626709
"2020-01-27",53.7000007629395,53.7099990844727,52.1300010681152,53.1399993896484,712880,53.1399993896484
"2020-01-28",52.7700004577637,54.060001373291,52.6800003051758,53.4799995422363,633963,53.4799995422363
"2020-01-29",53.9700012207031,54.3699989318848,52.810001373291,53.3300018310547,624979,53.3300018310547
"2020-01-30",53.0900001525879,53.2000007629395,51.6599998474121,52.1399993896484,720123,52.1399993896484
"2020-01-31",52.9199981689453,53.3600006103516,50.9700012207031,51.560001373291,827907,51.560001373291
"2020-02-03",51.0099983215332,51.9700012207031,49.7999992370605,50.1100006103516,876044,50.1100006103516
"2020-02-04",49.939998626709,51.5499992370605,49.310001373291,49.6100006103516,859357,49.6100006103516
"2020-02-05",49.5099983215332,51.8800010681152,49.4700012207031,50.75,887946,50.75
"2020-02-06",51.1699981689453,52.2000007629395,50.2400016784668,50.9500007629395,750659,50.9500007629395
"2020-02-07",51.1100006103516,51.4799995422363,50.0900001525879,50.3199996948242,768345,50.3199996948242
"2020-02-10",50.1199989318848,50.4900016784668,49.4199981689453,49.5699996948242,715894,49.5699996948242
"2020-02-11",49.6100006103516,50.689998626709,49.5800018310547,49.939998626709,725733,49.939998626709
"2020-02-12",49.9599990844727,51.7299995422363,49.9500007629395,51.1699981689453,795256,51.1699981689453
"2020-02-13",51.7200012207031,51.9599990844727,50.5999984741211,51.4199981689453,745400,51.4199981689453
"2020-02-14",51.5099983215332,52.3400001525879,51.3199996948242,52.0499992370605,607343,52.0499992370605
"2020-02-18",52.2299995422363,52.4099998474121,50.8800010681152,52.0499992370605,221774,52.0499992370605
"2020-02-19",52.1199989318848,53.6599998474121,51.9300003051758,53.2900009155273,113683,53.2900009155273
"2020-02-20",53.5,54.5,53.2200012207031,53.7799987792969,676179,53.7799987792969
"2020-02-21",53.7400016784668,53.8600006103516,52.5499992370605,53.3800010681152,707555,53.3800010681152
"2020-02-24",52.5999984741211,52.6399993896484,50.4500007629395,51.4300003051758,765515,51.4300003051758
"2020-02-25",51.3699989318848,52.0200004577637,49.689998626709,49.9000015258789,764989,49.9000015258789
"2020-02-26",50.0800018310547,50.439998626709,48.2999992370605,48.7299995422363,884482,48.7299995422363
"2020-02-27",48.6300010681152,48.7799987792969,45.8800010681152,47.0900001525879,1011915,47.0900001525879
"2020-02-28",46.4900016784668,47.0299987792969,43.8499984741211,44.7599983215332,1101659,44.7599983215332
"2020-03-02",43.7000007629395,47.560001373291,43.3199996948242,46.75,949471,46.75
"2020-03-03",47.7200012207031,48.6599998474121,46.4700012207031,47.1800003051758,1011933,47.1800003051758
"2020-03-04",46.939998626709,48.4099998474121,46.6500015258789,46.7799987792969,745856,46.7799987792969
"2020-03-05",47.1300010681152,47.5699996948242,45.6500015258789,45.9000015258789,704591,45.9000015258789
"2020-03-06",46.0900001525879,46.3800010681152,41.0499992370605,41.2799987792969,1276180,41.2799987792969
"2020-03-09",32.8699989318848,34.8800010681152,27.3400001525879,31.1299991607666,1774383,31.1299991607666
"2020-03-10",30.3700008392334,35.0200004577637,30.2000007629395,34.3600006103516,1064632,34.3600006103516
"2020-03-11",34.6199989318848,36.3499984741211,32.560001373291,32.9799995422363,874646,32.9799995422363
"2020-03-12",33.0699996948242,33.6300010681152,30.0200004577637,31.5,1025036,31.5
"2020-03-13",30.7700004577637,33.8699989318848,30.3299999237061,31.7299995422363,743129,31.7299995422363
"2020-03-16",33.75,33.75,28.1000003814697,28.7000007629395,698829,28.7000007629395
"2020-03-17",28.6900005340576,30.2999992370605,26.6299991607666,26.9500007629395,545820,26.9500007629395
"2020-03-18",26.9400005340576,27.2199993133545,20.0599994659424,20.3700008392334,309481,20.3700008392334
"2020-03-19",22.2999992370605,27.7099990844727,21.3600006103516,25.2199993133545,136722,25.2199993133545
"2020-03-20",24.7299995422363,27.8899993896484,19.4599990844727,22.4300003051758,1133808,22.4300003051758
"2020-03-23",22.5200004577637,24.0699996948242,20.7999992370605,23.3600006103516,852951,23.3600006103516
"2020-03-24",23.8700008392334,25.1599998474121,23.0900001525879,24.0100002288818,659697,24.0100002288818
"2020-03-25",24.3700008392334,25.2399997711182,22.9099998474121,24.4899997711182,618725,24.4899997711182
"2020-03-26",24.25,24.6499996185303,22.3799991607666,22.6000003814697,633877,22.6000003814697
"2020-03-27",23.2900009155273,23.4400005340576,20.8799991607666,21.5100002288818,603124,21.5100002288818
"2020-03-30",20.9300003051758,20.9300003051758,19.2700004577637,20.0900001525879,758711,20.0900001525879
"2020-03-31",20.2299995422363,21.8899993896484,20.0100002288818,20.4799995422363,660082,20.4799995422363
"2020-04-01",20.1000003814697,21.5499992370605,19.8999996185303,20.3099994659424,703286,20.3099994659424
"2020-04-02",21.2199993133545,27.3899993896484,20.7600002288818,25.3199996948242,1095972,25.3199996948242
"2020-04-03",24.8099994659424,29.1299991607666,23.5200004577637,28.3400001525879,1007577,28.3400001525879
"2020-04-06",26.0900001525879,28.2399997711182,25.2800006866455,26.0799999237061,752710,26.0799999237061
"2020-04-07",26.3400001525879,27.2399997711182,23.5400009155273,23.6299991607666,797707,23.6299991607666
"2020-04-08",24.2999992370605,26.4500007629395,23.7399997711182,25.0900001525879,823554,25.0900001525879
"2020-04-09",26.2800006866455,28.3600006103516,22.5699996948242,22.7600002288818,1122149,22.7600002288818
"2020-04-13",24.6000003814697,24.7399997711182,22.0300006866455,22.4099998474121,775120,22.4099998474121
"2020-04-14",22.3600006103516,23.0799999237061,19.9500007629395,20.1100006103516,785478,20.1100006103516
"2020-04-15",20.7199993133545,20.8899993896484,19.2000007629395,19.8700008392334,544797,19.8700008392334
"2020-04-16",20.1499996185303,20.5300006866455,19.4200000762939,19.8700008392334,350942,19.8700008392334
"2020-04-17",20,20.2199993133545,17.3099994659424,18.2700004577637,240628,18.2700004577637
"2020-04-20",17.7299995422363,17.8500003814697,-40.3199996948242,-37.6300010681152,247947,-37.6300010681152
"2020-04-21",-14,13.8599996566772,-16.7399997711182,10.0100002288818,2288230,10.0100002288818
"2020-04-22",13.1199998855591,16.1800003051758,10.2600002288818,13.7799997329712,1235218,13.7799997329712
"2020-04-23",14.1999998092651,18.2600002288818,13.3500003814697,16.5,833584,16.5
"2020-04-24",16.7800006866455,17.9699993133545,15.6400003433228,16.9400005340576,600220,16.9400005340576
"2020-04-27",16.8400001525879,16.9799995422363,11.8800001144409,12.7799997329712,623201,12.7799997329712
"2020-04-28",12.960000038147,13.6899995803833,10.0699996948242,12.3400001525879,897087,12.3400001525879
"2020-04-29",13.3500003814697,16.7800006866455,12.6700000762939,15.0600004196167,554134,15.0600004196167
"2020-04-30",15.6400003433228,19.4400005340576,15.4499998092651,18.8400001525879,545344,18.8400001525879
"2020-05-01",19.0400009155273,20.4799995422363,18.0699996948242,19.7800006866455,403201,19.7800006866455
"2020-05-04",19.1100006103516,21.4200000762939,18.0499992370605,20.3899993896484,311488,20.3899993896484
"2020-05-05",21.2399997711182,25.4899997711182,21.1299991607666,24.5599994659424,387240,24.5599994659424
"2020-05-06",25.5200004577637,26.0799999237061,22.5799999237061,23.9899997711182,381165,23.9899997711182
"2020-05-07",24.0900001525879,26.7399997711182,22.9400005340576,23.5499992370605,310261,23.5499992370605
"2020-05-08",23.3500003814697,24.9899997711182,23.2600002288818,24.7399997711182,205181,24.7399997711182
"2020-05-11",24.4899997711182,25.5799999237061,23.6700000762939,24.1399993896484,179591,24.1399993896484
"2020-05-12",24.4899997711182,26.2299995422363,24.2199993133545,25.7800006866455,212335,25.7800006866455
"2020-05-13",25.2999992370605,26.4500007629395,24.7900009155273,25.2900009155273,150864,25.2900009155273
"2020-05-14",25.5599994659424,27.9599990844727,25.1800003051758,27.5599994659424,160507,27.5599994659424
"2020-05-15",27.6399993896484,29.9200000762939,27.2399997711182,29.4300003051758,108016,29.4300003051758
"2020-05-18",29.5300006866455,33.3199996948242,29.5300006866455,31.8199996948242,89376,31.8199996948242
"2020-05-19",32.8300018310547,33.439998626709,31.3400001525879,32.5,430823,32.5
"2020-05-20",31.8899993896484,33.7799987792969,31.5599994659424,33.4900016784668,406431,33.4900016784668
"2020-05-21",33.5299987792969,34.6599998474121,33.2599983215332,33.9199981689453,372814,33.9199981689453
"2020-05-22",33.9500007629395,34,30.7199993133545,33.25,429036,33.25
"2020-05-26",33.2999992370605,34.810001373291,32.4799995422363,34.3499984741211,466737,34.3499984741211
"2020-05-27",34.1399993896484,34.3199996948242,31.75,32.810001373291,415246,32.810001373291
"2020-05-28",32.0999984741211,34.2099990844727,31.1399993896484,33.7099990844727,440168,33.7099990844727
"2020-05-29",33.6800003051758,35.7700004577637,32.3600006103516,35.4900016784668,443647,35.4900016784668
"2020-06-01",35.2099990844727,35.9000015258789,34.2700004577637,35.439998626709,385710,35.439998626709
"2020-06-02",35.560001373291,37.060001373291,35.2799987792969,36.810001373291,343483,36.810001373291
"2020-06-03",36.8600006103516,38.1800003051758,35.8800010681152,37.2900009155273,494253,37.2900009155273
"2020-06-04",36.7599983215332,37.6199989318848,36.3800010681152,37.4099998474121,307612,37.4099998474121
"2020-06-05",37.3300018310547,39.6800003051758,37.0499992370605,39.5499992370605,396856,39.5499992370605
"2020-06-08",39.4099998474121,40.439998626709,37.9599990844727,38.189998626709,416639,38.189998626709
"2020-06-09",38.2200012207031,39.0999984741211,37.0699996948242,38.939998626709,396033,38.939998626709
"2020-06-10",38.5,39.9099998474121,37.7299995422363,39.5999984741211,385868,39.5999984741211
"2020-06-11",39.0900001525879,39.0900001525879,35.4099998474121,36.3400001525879,513912,36.3400001525879
"2020-06-12",36.2599983215332,36.9900016784668,34.4799995422363,36.2599983215332,406508,36.2599983215332
"2020-06-15",36.0299987792969,37.2599983215332,34.3600006103516,37.1199989318848,387546,37.1199989318848
"2020-06-16",37.0499992370605,39.060001373291,36.3800010681152,38.3800010681152,366323,38.3800010681152
"2020-06-17",37.9300003051758,38.75,37.2099990844727,37.9599990844727,239516,37.9599990844727
"2020-06-18",37.7400016784668,38.9700012207031,37.1100006103516,38.8400001525879,113384,38.8400001525879
"2020-06-19",38.8499984741211,40.4900016784668,38.4000015258789,39.75,64113,39.75
"2020-06-22",39.1800003051758,40.7000007629395,39.1199989318848,40.4599990844727,315264,40.4599990844727
"2020-06-23",40.6800003051758,41.6300010681152,39.7599983215332,40.3699989318848,368730,40.3699989318848
"2020-06-24",39.9900016784668,40.5400009155273,37.310001373291,38.0099983215332,499490,38.0099983215332
"2020-06-25",38.0499992370605,39.2299995422363,37.0800018310547,38.7200012207031,451640,38.7200012207031
"2020-06-26",39.0900001525879,39.3499984741211,37.7900009155273,38.4900016784668,356712,38.4900016784668
"2020-06-29",37.9599990844727,39.8899993896484,37.5,39.7000007629395,343913,39.7000007629395
"2020-06-30",39.6399993896484,40.0800018310547,38.8499984741211,39.2700004577637,370059,39.2700004577637
"2020-07-01",39.8400001525879,40.5800018310547,39.0499992370605,39.8199996948242,407170,39.8199996948242
"2020-07-02",39.7799987792969,40.7400016784668,39.4599990844727,40.6500015258789,347096,40.6500015258789
"2020-07-06",40.3800010681152,41.0800018310547,39.8400001525879,40.6300010681152,373236,40.6300010681152
"2020-07-07",40.6800003051758,40.9500007629395,39.9000015258789,40.6199989318848,256596,40.6199989318848
"2020-07-08",40.4799995422363,41.0800018310547,40.2999992370605,40.9000015258789,286740,40.9000015258789
"2020-07-09",40.8699989318848,40.9900016784668,39.2700004577637,39.6199989318848,367386,39.6199989318848
"2020-07-10",39.5800018310547,40.7700004577637,38.5400009155273,40.5499992370605,393149,40.5499992370605
"2020-07-13",40.3499984741211,40.7200012207031,39.4700012207031,40.0999984741211,370715,40.0999984741211
"2020-07-14",39.5999984741211,40.5699996948242,39.0699996948242,40.2900009155273,426971,40.2900009155273
"2020-07-15",40.5499992370605,41.2599983215332,40.0800018310547,41.2000007629395,352542,41.2000007629395
"2020-07-16",40.9700012207031,41.1800003051758,40.5200004577637,40.75,200101,40.75
"2020-07-17",40.7200012207031,40.9000015258789,40.0200004577637,40.5900001525879,88220,40.5900001525879
"2020-07-20",40.6399993896484,40.9099998474121,39.8300018310547,40.810001373291,60179,40.810001373291
"2020-07-21",40.6500015258789,42.4000015258789,40.6399993896484,41.9599990844727,389117,41.9599990844727
"2020-07-22",41.5400009155273,42.0299987792969,41.1399993896484,41.9000015258789,333647,41.9000015258789
"2020-07-23",41.9500007629395,42.3600006103516,40.8300018310547,41.0699996948242,389412,41.0699996948242
"2020-07-24",41.060001373291,41.6699981689453,40.6599998474121,41.2900009155273,353159,41.2900009155273
"2020-07-27",41.2599983215332,41.8199996948242,40.4799995422363,41.5999984741211,377714,41.5999984741211
"2020-07-28",41.6500015258789,41.9300003051758,40.8499984741211,41.0400009155273,276804,41.0400009155273
"2020-07-29",41.1300010681152,41.5699996948242,40.9300003051758,41.2700004577637,295855,41.2700004577637
"2020-07-30",41.3199996948242,41.3899993896484,38.7200012207031,39.9199981689453,487325,39.9199981689453
"2020-07-31",40.3400001525879,40.5499992370605,39.6599998474121,40.2700004577637,318788,40.2700004577637
"2020-08-03",40.3899993896484,41.2400016784668,39.5800018310547,41.0099983215332,338326,41.0099983215332
"2020-08-04",40.7799987792969,42.0800018310547,40.1399993896484,41.7000007629395,451575,41.7000007629395
"2020-08-05",41.560001373291,43.5200004577637,41.4700012207031,42.189998626709,491268,42.189998626709
"2020-08-06",42.189998626709,42.6500015258789,41.6100006103516,41.9500007629395,359610,41.9500007629395
"2020-08-07",41.9700012207031,42.2200012207031,41.060001373291,41.2200012207031,398997,41.2200012207031
"2020-08-10",41.5,42.3300018310547,41.1699981689453,41.939998626709,367796,41.939998626709
"2020-08-11",41.9799995422363,42.939998626709,41.4799995422363,41.6100006103516,432843,41.6100006103516
"2020-08-12",41.6199989318848,42.9000015258789,41.5299987792969,42.6699981689453,397831,42.6699981689453
"2020-08-13",42.5699996948242,42.8400001525879,42.0900001525879,42.2400016784668,329507,42.2400016784668
"2020-08-14",42.3300018310547,42.5699996948242,41.6199989318848,42.0099983215332,310866,42.0099983215332
"2020-08-17",42.2400016784668,42.9700012207031,41.7999992370605,42.8899993896484,208429,42.8899993896484
"2020-08-18",42.7900009155273,42.9900016784668,42.1100006103516,42.8899993896484,111628,42.8899993896484
"2020-08-19",42.5999984741211,43.0299987792969,42.3600006103516,42.9300003051758,81299,42.9300003051758
"2020-08-20",42.7400016784668,42.7900009155273,41.5,42.5800018310547,377070,42.5800018310547
"2020-08-21",42.75,42.9599990844727,41.4599990844727,42.3400001525879,345368,42.3400001525879
"2020-08-24",42.4799995422363,42.8899993896484,42.2299995422363,42.6199989318848,294731,42.6199989318848
"2020-08-25",42.3600006103516,43.5699996948242,42.310001373291,43.3499984741211,330800,43.3499984741211
"2020-08-26",43.3899993896484,43.7799987792969,43,43.3899993896484,262243,43.3899993896484
"2020-08-27",43.4500007629395,43.5,42.3600006103516,43.0400009155273,320968,43.0400009155273
"2020-08-28",42.9799995422363,43.4199981689453,42.689998626709,42.9700012207031,272800,42.9700012207031
"2020-08-31",42.9099998474121,43.5699996948242,42.560001373291,42.6100006103516,236877,42.6100006103516
"2020-09-01",42.8300018310547,43.4300003051758,42.7200012207031,42.7599983215332,285146,42.7599983215332
"2020-09-02",43.0200004577637,43.2099990844727,41.2299995422363,41.5099983215332,421771,41.5099983215332
"2020-09-03",41.6300010681152,41.7900009155273,40.2200012207031,41.3699989318848,417634,41.3699989318848
"2020-09-04",41.25,41.8699989318848,39.3499984741211,39.7700004577637,444184,39.7700004577637
"2020-09-08",39.4799995422363,39.5900001525879,36.1300010681152,36.7599983215332,720975,36.7599983215332
"2020-09-09",36.7900009155273,38.4500007629395,36.1599998474121,38.0499992370605,455356,38.0499992370605
"2020-09-10",37.7999992370605,38.1800003051758,36.9300003051758,37.2999992370605,367555,37.2999992370605
"2020-09-11",37.0099983215332,37.8199996948242,36.6699981689453,37.3300018310547,363787,37.3300018310547
"2020-09-14",37.3199996948242,37.6800003051758,36.8199996948242,37.2599983215332,347563,37.2599983215332
"2020-09-15",37.2799987792969,38.5699996948242,37.060001373291,38.2799987792969,348861,38.2799987792969
"2020-09-16",38.3499984741211,40.3400001525879,38.3499984741211,40.1599998474121,367612,40.1599998474121
"2020-09-17",40.189998626709,41.2200012207031,39.4199981689453,40.9700012207031,280669,40.9700012207031
"2020-09-18",40.9700012207031,41.4900016784668,40.2999992370605,41.1100006103516,85906,41.1100006103516
"2020-09-21",40.9799995422363,41.2700004577637,38.6599998474121,39.310001373291,66195,39.310001373291
"2020-09-22",39.6300010681152,40.0200004577637,39,39.5999984741211,287807,39.5999984741211
"2020-09-23",39.7599983215332,40.75,39.2599983215332,39.9300003051758,318754,39.9300003051758
"2020-09-24",39.5999984741211,40.3699989318848,39.1199989318848,40.310001373291,269992,40.310001373291
"2020-09-25",40.1500015258789,40.6399993896484,39.7099990844727,40.25,229025,40.25
"2020-09-28",40.0699996948242,40.7999992370605,39.7799987792969,40.5999984741211,226425,40.5999984741211
"2020-09-29",40.5800018310547,40.7000007629395,38.4099998474121,39.2900009155273,379599,39.2900009155273
"2020-09-30",39.1599998474121,40.3699989318848,38.6800003051758,40.2200012207031,340294,40.2200012207031
"2020-10-01",39.9000015258789,40.4700012207031,37.6100006103516,38.7200012207031,443442,38.7200012207031
"2020-10-02",38.5999984741211,38.6500015258789,36.6300010681152,37.0499992370605,391428,37.0499992370605
"2020-10-05",37,39.7200012207031,37,39.2200012207031,378579,39.2200012207031
"2020-10-06",39.3499984741211,40.8600006103516,39.0999984741211,40.6699981689453,400531,40.6699981689453
"2020-10-07",39.8300018310547,40.3499984741211,39.2799987792969,39.9500007629395,433065,39.9500007629395
"2020-10-08",39.9900016784668,41.3300018310547,39.7599983215332,41.189998626709,409787,41.189998626709
"2020-10-09",41.310001373291,41.4700012207031,40.3800010681152,40.5999984741211,331703,40.5999984741211
"2020-10-12",40.4000015258789,40.4500007629395,39.0400009155273,39.4300003051758,322035,39.4300003051758
"2020-10-13",39.5299987792969,40.5299987792969,39.3499984741211,40.2000007629395,375470,40.2000007629395
"2020-10-14",40.189998626709,41.1599998474121,39.8199996948242,41.0400009155273,328295,41.0400009155273
"2020-10-15",41.1300010681152,41.2900009155273,39.2200012207031,40.9599990844727,248251,40.9599990844727
"2020-10-16",40.8800010681152,41.0499992370605,40.0800018310547,40.8800010681152,96488,40.8800010681152
"2020-10-19",40.689998626709,41.2200012207031,40.5400009155273,40.8300018310547,75335,40.8300018310547
"2020-10-20",40.6500015258789,41.7000007629395,40.25,41.4599990844727,360574,41.4599990844727
"2020-10-21",41.2200012207031,41.5900001525879,39.7799987792969,40.0299987792969,366899,40.0299987792969
"2020-10-22",40.0400009155273,41.0200004577637,39.7099990844727,40.6399993896484,307494,40.6399993896484
"2020-10-23",40.6100006103516,40.9199981689453,39.5699996948242,39.8499984741211,268931,39.8499984741211
"2020-10-26",39.689998626709,39.7400016784668,38.2799987792969,38.560001373291,360184,38.560001373291
"2020-10-27",38.5900001525879,39.8300018310547,38.5099983215332,39.5699996948242,339535,39.5699996948242
"2020-10-28",38.9700012207031,39.0099983215332,36.9700012207031,37.3899993896484,489954,37.3899993896484
"2020-10-29",37.3899993896484,37.7599983215332,34.9199981689453,36.1699981689453,568816,36.1699981689453
"2020-10-30",36.0699996948242,36.5999984741211,35.2099990844727,35.7900009155273,388971,35.7900009155273
"2020-11-02",35.2400016784668,37.1500015258789,33.6399993896484,36.810001373291,489204,36.810001373291
"2020-11-03",37.0299987792969,38.3199996948242,36.5699996948242,37.6599998474121,410611,37.6599998474121
"2020-11-04",38.1500015258789,39.25,37.2599983215332,39.1500015258789,437000,39.1500015258789
"2020-11-05",39.1699981689453,39.3499984741211,38.2700004577637,38.7900009155273,298366,38.7900009155273
"2020-11-06",38.5400009155273,38.6100006103516,37.060001373291,37.1399993896484,411026,37.1399993896484
"2020-11-09",37.3400001525879,41.3300018310547,37.1599998474121,40.2900009155273,622921,40.2900009155273
"2020-11-10",39.9099998474121,41.8400001525879,39.4099998474121,41.3600006103516,457045,41.3600006103516
"2020-11-11",41.7900009155273,43.060001373291,41.3199996948242,41.4500007629395,443772,41.4500007629395
"2020-11-12",41.4700012207031,42.189998626709,40.8699989318848,41.1199989318848,401031,41.1199989318848
"2020-11-13",40.939998626709,40.939998626709,40.060001373291,40.1300010681152,338187,40.1300010681152
"2020-11-16",40.1699981689453,42.0900001525879,40.1500015258789,41.3400001525879,378785,41.3400001525879
"2020-11-17",41.439998626709,41.689998626709,40.5699996948242,41.4300003051758,243677,41.4300003051758
"2020-11-18",41.3499984741211,42.4599990844727,41.0800018310547,41.8199996948242,107013,41.8199996948242
"2020-11-19",41.6100006103516,41.9799995422363,41.0800018310547,41.7400016784668,88144,41.7400016784668
"2020-11-20",41.7000007629395,42.3199996948242,41.5099983215332,42.1500015258789,276340,42.1500015258789
"2020-11-23",42.4599990844727,43.3600006103516,42.2900009155273,43.060001373291,300717,43.060001373291
"2020-11-24",42.8400001525879,45.2000007629395,42.8199996948242,44.9099998474121,418527,44.9099998474121
"2020-11-25",44.8199996948242,46.2599983215332,44.7299995422363,45.7099990844727,417182,45.7099990844727
"2020-11-27",45.9000015258789,46.0900001525879,44.5499992370605,45.5299987792969,365128,45.5299987792969
"2020-11-30",45.3400001525879,45.7999992370605,44.4199981689453,45.3400001525879,370755,45.3400001525879
"2020-12-01",45.0800018310547,45.7000007629395,44.1199989318848,44.5499992370605,314919,44.5499992370605
"2020-12-02",44.3800010681152,45.9199981689453,43.9199981689453,45.2799987792969,368854,45.2799987792969
"2020-12-03",44.9900016784668,45.8400001525879,44.6599998474121,45.6399993896484,350768,45.6399993896484
"2020-12-04",45.6399993896484,46.6800003051758,45.6100006103516,46.2599983215332,335453,46.2599983215332
"2020-12-07",46.1500015258789,46.5400009155273,45.3600006103516,45.7599983215332,348871,45.7599983215332
"2020-12-08",45.6599998474121,45.9300003051758,45.1399993896484,45.5999984741211,332641,45.5999984741211
"2020-12-09",45.5999984741211,46.2400016784668,44.9500007629395,45.5200004577637,434976,45.5200004577637
"2020-12-10",45.689998626709,47.7400016784668,45.5200004577637,46.7799987792969,447529,46.7799987792969
"2020-12-11",46.9700012207031,47.2900009155273,46.3400001525879,46.5699996948242,367305,46.5699996948242
"2020-12-14",46.7299995422363,47.439998626709,45.689998626709,46.9900016784668,403543,46.9900016784668
"2020-12-15",46.9900016784668,47.7299995422363,46.5400009155273,47.6199989318848,311169,47.6199989318848
"2020-12-16",47.5999984741211,47.939998626709,47.1699981689453,47.8199996948242,275331,47.8199996948242
"2020-12-17",47.8499984741211,48.5900001525879,47.810001373291,48.3600006103516,96536,48.3600006103516
"2020-12-18",48.4300003051758,49.2799987792969,48.0999984741211,49.0999984741211,83711,49.0999984741211
"2020-12-21",48.5400009155273,48.6100006103516,46.1800003051758,47.7400016784668,478098,47.7400016784668
"2020-12-22",47.9300003051758,47.9599990844727,46.5999984741211,47.0200004577637,295737,47.0200004577637
"2020-12-23",46.7900009155273,48.5,46.1599998474121,48.1199989318848,344306,48.1199989318848
"2020-12-24",48.0900001525879,48.6199989318848,47.560001373291,48.2299995422363,167390,48.2299995422363
"2020-12-28",48.2299995422363,48.9599990844727,47.5,47.6199989318848,238462,47.6199989318848
"2020-12-29",47.7200012207031,48.3499984741211,47.6800003051758,48,213778,48
"2020-12-30",48.1300010681152,48.6599998474121,47.6100006103516,48.4000015258789,266957,48.4000015258789
"2020-12-31",48.3499984741211,48.5800018310547,47.7700004577637,48.5200004577637,181894,48.5200004577637
"2021-01-04",48.4000015258789,49.8300018310547,47.1800003051758,47.6199989318848,528525,47.6199989318848
"2021-01-05",47.3800010681152,50.2000007629395,47.2400016784668,49.9300003051758,643191,49.9300003051758
"2021-01-06",49.8199996948242,50.939998626709,49.4799995422363,50.6300010681152,509365,50.6300010681152
"2021-01-07",50.5299987792969,51.2799987792969,50.3899993896484,50.8300018310547,369292,50.8300018310547
"2021-01-08",50.9300003051758,52.75,50.810001373291,52.2400016784668,499416,52.2400016784668
"2021-01-11",52.5800018310547,52.7000007629395,51.5,52.25,394822,52.25
"2021-01-12",52.1800003051758,53.4500007629395,52.0699996948242,53.2099990844727,400200,53.2099990844727
"2021-01-13",53.310001373291,53.9300003051758,52.5800018310547,52.9099998474121,429898,52.9099998474121
"2021-01-14",52.8400001525879,53.75,52.2400016784668,53.5699996948242,390087,53.5699996948242
"2021-01-15",53.7999992370605,53.8300018310547,51.8300018310547,52.3600006103516,165668,52.3600006103516
"2021-01-19",52,53.1300010681152,51.7599983215332,52.9799995422363,125964,52.9799995422363
"2021-01-20",53.1300010681152,53.7900009155273,53.0499992370605,53.2400016784668,400301,53.2400016784668
"2021-01-21",52.9300003051758,53.4099998474121,52.75,53.1300010681152,352397,53.1300010681152
"2021-01-22",53.0999984741211,53.1599998474121,51.439998626709,52.2700004577637,437484,52.2700004577637
"2021-01-25",52.1699981689453,52.9500007629395,51.8199996948242,52.7700004577637,349076,52.7700004577637
"2021-01-26",52.9099998474121,53.25,52.2900009155273,52.6100006103516,314538,52.6100006103516
"2021-01-27",52.7599983215332,53.2999992370605,51.8499984741211,52.8499984741211,442376,52.8499984741211
"2021-01-28",52.6500015258789,53.5800018310547,52.0400009155273,52.3400001525879,411406,52.3400001525879
"2021-01-29",52.1500015258789,53.25,51.9300003051758,52.2000007629395,410914,52.2000007629395
"2021-02-01",51.9900016784668,53.7400016784668,51.6399993896484,53.5499992370605,416067,53.5499992370605
"2021-02-02",53.4799995422363,55.2599983215332,53.4500007629395,54.7599983215332,463718,54.7599983215332
"2021-02-03",55.0499992370605,56.3300018310547,54.810001373291,55.689998626709,448693,55.689998626709
"2021-02-04",55.9599990844727,56.5800018310547,55.2999992370605,56.2299995422363,381404,56.2299995422363
"2021-02-05",56.4599990844727,57.2900009155273,56.4300003051758,56.8499984741211,400833,56.8499984741211
"2021-02-08",57.060001373291,58.1399993896484,57,57.9700012207031,399724,57.9700012207031
"2021-02-09",58.1100006103516,58.6199989318848,57.2700004577637,58.3600006103516,514698,58.3600006103516
"2021-02-10",58.4500007629395,58.9099998474121,58.0800018310547,58.6800003051758,457535,58.6800003051758
"2021-02-11",58.4000015258789,58.7099990844727,57.8400001525879,58.2400016784668,380445,58.2400016784668
"2021-02-12",57.939998626709,59.8199996948242,57.4099998474121,59.4700012207031,480822,59.4700012207031
"2021-02-16",59.9799995422363,60.9500007629395,59.3300018310547,60.0499992370605,602332,60.0499992370605
"2021-02-17",60.2400016784668,61.7299995422363,59.4300003051758,61.1399993896484,335419,61.1399993896484
"2021-02-18",61.6800003051758,62.2599983215332,59.7900009155273,60.5200004577637,132035,60.5200004577637
"2021-02-19",60.2000007629395,60.2900009155273,58.5900001525879,59.2400016784668,102427,59.2400016784668
"2021-02-22",58.8800010681152,61.8400001525879,58.8199996948242,61.4900016784668,505773,61.4900016784668
"2021-02-23",62.1599998474121,63,60.6699981689453,61.6699981689453,570677,61.6699981689453
"2021-02-24",61.2900009155273,63.5099983215332,60.9700012207031,63.2200012207031,489933,63.2200012207031
"2021-02-25",63.3899993896484,63.810001373291,62.6500015258789,63.5299987792969,510357,63.5299987792969
"2021-02-26",63.4599990844727,63.5699996948242,61.3400001525879,61.5,472723,61.5
"2021-03-01",61.9500007629395,62.9199981689453,59.9599990844727,60.6399993896484,456679,60.6399993896484
"2021-03-02",60.2299995422363,61.2099990844727,59.3800010681152,59.75,464133,59.75
"2021-03-03",59.5499992370605,61.9900016784668,59.2400016784668,61.2799987792969,465311,61.2799987792969
"2021-03-04",61.0800018310547,64.8600006103516,60.5200004577637,63.8300018310547,694628,63.8300018310547
"2021-03-05",64.1600036621094,66.4199981689453,63.8199996948242,66.0899963378906,573168,66.0899963378906
"2021-03-08",66.6800003051758,67.9800033569336,64.5699996948242,65.0500030517578,533376,65.0500030517578
"2021-03-09",64.7300033569336,65.9800033569336,63.6300010681152,64.0100021362305,554564,64.0100021362305
"2021-03-10",63.8400001525879,64.9599990844727,63.1300010681152,64.4400024414062,498488,64.4400024414062
"2021-03-11",64.6999969482422,66.2099990844727,64.5400009155273,66.0199966430664,441063,66.0199966430664
"2021-03-12",65.9599990844727,66.2399978637695,65.4100036621094,65.6100006103516,321714,65.6100006103516
"2021-03-15",65.5599975585938,66.4000015258789,64.129997253418,65.3899993896484,378009,65.3899993896484
"2021-03-16",65.3300018310547,65.4300003051758,63.7999992370605,64.8000030517578,317537,64.8000030517578
"2021-03-17",64.75,65.3399963378906,63.5999984741211,64.5999984741211,254724,64.5999984741211
"2021-03-18",64.4199981689453,64.8199996948242,58.2000007629395,60,143597,60
"2021-03-19",59.560001373291,61.7200012207031,58.939998626709,61.4199981689453,84171,61.4199981689453
"2021-03-22",61.5499992370605,61.9000015258789,60.3899993896484,61.5499992370605,404370,61.5499992370605
"2021-03-23",61.2799987792969,61.3499984741211,57.25,57.7599983215332,712317,57.7599983215332
"2021-03-24",57.4000015258789,61.3400001525879,57.2900009155273,61.1800003051758,566291,61.1800003051758
"2021-03-25",60.7999992370605,60.8600006103516,57.439998626709,58.560001373291,580105,58.560001373291
"2021-03-26",58.4799995422363,61.3600006103516,58.3199996948242,60.9700012207031,471996,60.9700012207031
"2021-03-29",60.9300003051758,61.7700004577637,59.4099998474121,61.560001373291,449360,61.560001373291
"2021-03-30",61.9599990844727,62.2700004577637,59.939998626709,60.5499992370605,388188,60.5499992370605
"2021-03-31",60.4500007629395,61.1699981689453,58.8499984741211,59.1599998474121,414162,59.1599998474121
"2021-04-01",59.4900016784668,61.75,58.8600006103516,61.4500007629395,605567,61.4500007629395
"2021-04-05",61.5,61.5,57.6300010681152,58.6500015258789,438864,58.6500015258789
"2021-04-06",58.7999992370605,60.9000015258789,58.6199989318848,59.3300018310547,457348,59.3300018310547
"2021-04-07",59.2599983215332,60.0400009155273,58.1199989318848,59.7700004577637,475537,59.7700004577637
"2021-04-08",59.5200004577637,59.9300003051758,58.8199996948242,59.5999984741211,419913,59.5999984741211
"2021-04-09",59.7599983215332,59.9500007629395,59.0999984741211,59.3199996948242,351436,59.3199996948242
"2021-04-12",59.3499984741211,60.7700004577637,58.7299995422363,59.7000007629395,410218,59.7000007629395
"2021-04-13",59.6399993896484,60.5900001525879,59.6399993896484,60.1800003051758,349733,60.1800003051758
"2021-04-14",60.439998626709,63.439998626709,60.3800010681152,63.1500015258789,419813,63.1500015258789
"2021-04-15",62.8300018310547,63.5699996948242,62.5299987792969,63.4599990844727,243370,63.4599990844727
"2021-04-16",63.3199996948242,63.8800010681152,62.8300018310547,63.1300010681152,87795,63.1300010681152
"2021-04-19",62.9799995422363,63.6300010681152,62.6300010681152,63.3800010681152,74384,63.3800010681152
"2021-04-20",63.4700012207031,64.25,61.5,62.439998626709,476046,62.439998626709
"2021-04-21",62.3899993896484,62.560001373291,60.8600006103516,61.3499984741211,431486,61.3499984741211
"2021-04-22",61.1100006103516,61.8699989318848,60.6100006103516,61.4300003051758,344700,61.4300003051758
"2021-04-23",61.6500015258789,62.4300003051758,61.25,62.1399993896484,345407,62.1399993896484
"2021-04-26",62.060001373291,62.310001373291,60.6599998474121,61.9099998474121,366865,61.9099998474121
"2021-04-27",61.9700012207031,63.2999992370605,61.9099998474121,62.939998626709,361536,62.939998626709
"2021-04-28",63.0400009155273,64.5299987792969,62.6699981689453,63.8600006103516,387683,63.8600006103516
"2021-04-29",63.7000007629395,65.4700012207031,63.6500015258789,65.0100021362305,384489,65.0100021362305
"2021-04-30",64.879997253418,64.9499969482422,63.0800018310547,63.5800018310547,400515,63.5800018310547
"2021-05-03",63.6399993896484,64.6800003051758,62.9099998474121,64.4899978637695,285969,64.4899978637695
"2021-05-04",64.5299987792969,66.1900024414062,64.2900009155273,65.6900024414062,370208,65.6900024414062
"2021-05-05",66.4499969482422,66.7600021362305,64.9199981689453,65.629997253418,460066,65.629997253418
"2021-05-06",65.2699966430664,65.9800033569336,64.5,64.7099990844727,389214,64.7099990844727
"2021-05-07",64.9000015258789,65.2399978637695,63.9000015258789,64.9000015258789,431417,64.9000015258789
"2021-05-10",65.5699996948242,65.75,63.9500007629395,64.9199981689453,448337,64.9199981689453
"2021-05-11",64.9000015258789,65.5,63.6800003051758,65.2799987792969,514949,65.2799987792969
"2021-05-12",65.4599990844727,66.629997253418,64.9700012207031,66.0800018310547,508519,66.0800018310547
"2021-05-13",65.75,65.8099975585938,63.0900001525879,63.8199996948242,547691,63.8199996948242
"2021-05-14",63.8300018310547,65.620002746582,63.3300018310547,65.370002746582,383749,65.370002746582
"2021-05-17",65.5,66.4300003051758,64.8300018310547,66.2699966430664,268476,66.2699966430664
"2021-05-18",66.3300018310547,67.0100021362305,64.1100006103516,65.4899978637695,167348,65.4899978637695
"2021-05-19",65.2799987792969,65.3499984741211,61.9500007629395,63.3600006103516,101902,63.3600006103516
"2021-05-20",63.3899993896484,63.9599990844727,61.8899993896484,62.0499992370605,524168,62.0499992370605
"2021-05-21",61.8899993896484,64.0699996948242,61.560001373291,63.5800018310547,530831,63.5800018310547
"2021-05-24",63.8699989318848,66.1399993896484,63.6300010681152,66.0500030517578,466647,66.0500030517578
"2021-05-25",66.0199966430664,66.5100021362305,65.4100036621094,66.0699996948242,497394,66.0699996948242
"2021-05-26",66.0400009155273,66.4300003051758,65.25,66.2099990844727,376207,66.2099990844727
"2021-05-27",66.1600036621094,66.9199981689453,65.4700012207031,66.8499984741211,337542,66.8499984741211
"2021-05-28",66.9499969482422,67.5199966430664,66.1699981689453,66.3199996948242,390461,66.3199996948242
"2021-06-01",66.6800003051758,68.870002746582,66.4100036621094,67.7200012207031,570985,67.7200012207031
"2021-06-02",67.9899978637695,69,67.7799987792969,68.8300018310547,332995,68.8300018310547
"2021-06-03",68.7600021362305,69.4000015258789,68.1900024414062,68.8099975585938,351367,68.8099975585938
"2021-06-04",68.9100036621094,69.7600021362305,68.3300018310547,69.620002746582,326250,69.620002746582
"2021-06-07",69.5199966430664,70,68.9300003051758,69.2300033569336,365621,69.2300033569336
"2021-06-08",69.2900009155273,70.2699966430664,68.4700012207031,70.0500030517578,441302,70.0500030517578
"2021-06-09",70.0100021362305,70.620002746582,69.4599990844727,69.9599990844727,410820,69.9599990844727
"2021-06-10",69.7600021362305,70.6500015258789,68.6800003051758,70.2900009155273,492464,70.2900009155273
"2021-06-11",70.0999984741211,71.2399978637695,69.6800003051758,70.9100036621094,563575,70.9100036621094
"2021-06-14",70.6500015258789,71.7799987792969,70.6500015258789,70.879997253418,319639,70.879997253418
"2021-06-15",71.1600036621094,72.4899978637695,70.8099975585938,72.120002746582,336035,72.120002746582
"2021-06-16",72.4499969482422,72.9899978637695,71.6100006103516,72.1500015258789,426775,72.1500015258789
"2021-06-17",71.6500015258789,72.3000030517578,69.7699966430664,71.0400009155273,373780,71.0400009155273
"2021-06-18",71.0999984741211,72.1699981689453,70.1600036621094,71.6399993896484,139584,71.6399993896484
"2021-06-21",71.5199966430664,73.9599990844727,71.1500015258789,73.6600036621094,123662,73.6600036621094
"2021-06-22",73.4100036621094,73.9499969482422,72.9400024414062,73.0599975585938,498555,73.0599975585938
"2021-06-23",72.9100036621094,74.25,72.8199996948242,73.0800018310547,429207,73.0800018310547
"2021-06-24",73.2799987792969,73.6100006103516,72.3199996948242,73.3000030517578,334833,73.3000030517578
"2021-06-25",73.3199996948242,74.1800003051758,72.8499984741211,74.0500030517578,364721,74.0500030517578
"2021-06-28",73.9899978637695,74.4499969482422,72.620002746582,72.9100036621094,354701,72.9100036621094
"2021-06-29",72.7799987792969,73.8099975585938,71.9700012207031,72.9800033569336,321448,72.9800033569336
"2021-06-30",73.4700012207031,74.1399993896484,72.8199996948242,73.4700012207031,383626,73.4700012207031
"2021-07-01",73.5,76.2200012207031,73.3899993896484,75.2300033569336,615678,75.2300033569336
"2021-07-02",75.0199966430664,75.620002746582,74.4100036621094,75.1600036621094,377531,75.1600036621094
"2021-07-06",75.3499984741211,76.9800033569336,72.9400024414062,73.370002746582,714044,73.370002746582
"2021-07-07",73.8499984741211,74.8600006103516,71.0699996948242,72.1999969482422,607971,72.1999969482422
"2021-07-08",72.1699981689453,73.2600021362305,70.7600021362305,72.9400024414062,529690,72.9400024414062
"2021-07-09",73.2600021362305,74.7600021362305,72.7200012207031,74.5599975585938,422154,74.5599975585938
"2021-07-12",74.7399978637695,74.9300003051758,73.1600036621094,74.0999984741211,397931,74.0999984741211
"2021-07-13",74.1800003051758,75.5199966430664,73.6800003051758,75.25,444078,75.25
"2021-07-14",75.1699981689453,75.4400024414062,72.2099990844727,73.129997253418,528360,73.129997253418
"2021-07-15",72.9599990844727,72.9599990844727,71.4000015258789,71.6500015258789,368679,71.6500015258789
"2021-07-16",71.4800033569336,72.3000030517578,70.4100036621094,71.8099975585938,133926,71.8099975585938
"2021-07-19",71.4899978637695,71.6699981689453,65.629997253418,66.4199981689453,82565,66.4199981689453
"2021-07-20",66.5999984741211,67.6500015258789,65.2099990844727,67.4199981689453,561629,67.4199981689453
"2021-07-21",66.4499969482422,70.5100021362305,66.4400024414062,70.3000030517578,503030,70.3000030517578
"2021-07-22",70.2200012207031,72.0299987792969,69.8600006103516,71.9100036621094,435181,71.9100036621094
"2021-07-23",71.7099990844727,72.2099990844727,71.3899993896484,72.0699996948242,274778,72.0699996948242
"2021-07-26",72.1800003051758,72.4300003051758,70.5599975585938,71.9100036621094,395743,71.9100036621094
"2021-07-27",72.2200012207031,72.3300018310547,71.0800018310547,71.6500015258789,333123,71.6500015258789
"2021-07-28",71.9000015258789,72.5999984741211,71.6999969482422,72.3899993896484,318911,72.3899993896484
"2021-07-29",72.4000015258789,73.6800003051758,72.2600021362305,73.620002746582,294462,73.620002746582
"2021-07-30",73.4100036621094,74.2300033569336,72.9300003051758,73.9499969482422,303700,73.9499969482422
"2021-08-02",73.9100036621094,73.9499969482422,70.5500030517578,71.2600021362305,448200,71.2600021362305
"2021-08-03",71.5199966430664,71.9599990844727,69.1900024414062,70.5599975585938,509938,70.5599975585938
"2021-08-04",70.3199996948242,70.8099975585938,67.8499984741211,68.1500015258789,582924,68.1500015258789
"2021-08-05",68.0599975585938,69.3499984741211,67.6100006103516,69.0899963378906,416331,69.0899963378906
"2021-08-06",69.1399993896484,70.1800003051758,67.8000030517578,68.2799987792969,537136,68.2799987792969
"2021-08-09",67.879997253418,67.9000015258789,65.1500015258789,66.4800033569336,598381,66.4800033569336
"2021-08-10",66.8499984741211,68.9000015258789,66.5599975585938,68.2900009155273,452126,68.2900009155273
"2021-08-11",68.5100021362305,69.4499969482422,66.6699981689453,69.25,513292,69.25
"2021-08-12",69.3600006103516,69.620002746582,68.4599990844727,69.0899963378906,352465,69.0899963378906
"2021-08-13",68.9100036621094,69.2200012207031,67.7699966430664,68.4400024414062,272033,68.4400024414062
"2021-08-16",68.129997253418,68.1399993896484,65.7300033569336,67.2900009155273,334844,67.2900009155273
"2021-08-17",67.4300003051758,67.7200012207031,66.3300018310547,66.5899963378906,235303,66.5899963378906
"2021-08-18",66.5800018310547,67.4800033569336,64.3399963378906,65.4599990844727,121197,65.4599990844727
"2021-08-19",64.5800018310547,64.7600021362305,62.6300010681152,63.689998626709,88237,63.689998626709
"2021-08-20",64.0500030517578,64.0999984741211,62.1100006103516,62.3199996948242,365009,62.3199996948242
"2021-08-23",61.9599990844727,66,61.7400016784668,65.6399993896484,397290,65.6399993896484
"2021-08-24",65.5400009155273,67.8000030517578,65.4100036621094,67.5400009155273,335888,67.5400009155273
"2021-08-25",67.629997253418,68.5400009155273,66.9199981689453,68.3600006103516,353742,68.3600006103516
"2021-08-26",68,68.3099975585938,67.0199966430664,67.4199981689453,344286,67.4199981689453
"2021-08-27",67.75,69.0500030517578,67.5199966430664,68.7399978637695,326056,68.7399978637695
"2021-08-30",69.3000030517578,69.6399993896484,67.6699981689453,69.2099990844727,360797,69.2099990844727
"2021-08-31",69.1800003051758,69.3399963378906,68.1600036621094,68.5,325853,68.5
"2021-09-01",68.5500030517578,69.2399978637695,67.120002746582,68.5899963378906,399497,68.5899963378906
"2021-09-02",68.2900009155273,70.6100006103516,67.8399963378906,69.9899978637695,403314,69.9899978637695
"2021-09-03",69.7600021362305,70.5299987792969,69.0500030517578,69.2900009155273,313086,69.2900009155273
"2021-09-07",69.1100006103516,69.4800033569336,67.6399993896484,68.3499984741211,481704,68.3499984741211
"2021-09-08",68.370002746582,69.75,68.3099975585938,69.3000030517578,389325,69.3000030517578
"2021-09-09",69.3600006103516,69.8899993896484,67.5599975585938,68.1399993896484,556451,68.1399993896484
"2021-09-10",67.9700012207031,69.9599990844727,67.6800003051758,69.7200012207031,411079,69.7200012207031
"2021-09-13",69.7399978637695,70.9700012207031,69.5100021362305,70.4499969482422,390939,70.4499969482422
"2021-09-14",70.6399993896484,71.2200012207031,69.9800033569336,70.4599990844727,414231,70.4599990844727
"2021-09-15",70.7600021362305,73.1399993896484,70.6500015258789,72.6100006103516,418665,72.6100006103516
"2021-09-16",72.6500015258789,72.9899978637695,71.5299987792969,72.6100006103516,298412,72.6100006103516
"2021-09-17",72.620002746582,72.7200012207031,71.2099990844727,71.9700012207031,119933,71.9700012207031
"2021-09-20",71.9199981689453,72.0800018310547,69.8600006103516,70.2900009155273,75837,70.2900009155273
"2021-09-21",70.5899963378906,71.629997253418,69.6699981689453,70.5599975585938,393403,70.5599975585938
"2021-09-22",70.8499984741211,72.3000030517578,70.6399993896484,72.2300033569336,381061,72.2300033569336
"2021-09-23",71.9700012207031,73.5,71.6100006103516,73.3000030517578,403405,73.3000030517578
"2021-09-24",73.2399978637695,74.2699966430664,72.8099975585938,73.9800033569336,350382,73.9800033569336
"2021-09-27",74.1900024414062,75.75,74.1600036621094,75.4499969482422,417829,75.4499969482422
"2021-09-28",75.4300003051758,76.6699981689453,74.2399978637695,75.2900009155273,476143,75.2900009155273
"2021-09-29",74.379997253418,75.7900009155273,73.7399978637695,74.8300018310547,424193,74.8300018310547
"2021-09-30",74.7799987792969,76.0699996948242,73.1399993896484,75.0299987792969,583189,75.0299987792969
"2021-10-01",75.120002746582,75.9899978637695,74.2300033569336,75.879997253418,388996,75.879997253418
"2021-10-04",75.9000015258789,78.379997253418,75.3199996948242,77.620002746582,458006,77.620002746582
"2021-10-05",77.5800018310547,79.4800033569336,77.4700012207031,78.9300003051758,449617,78.9300003051758
"2021-10-06",79.0400009155273,79.7799987792969,76.8300018310547,77.4300003051758,459055,77.4300003051758
"2021-10-07",77,78.8899993896484,74.9599990844727,78.3000030517578,545008,78.3000030517578
"2021-10-08",78.8600006103516,80.1100006103516,78.629997253418,79.3499984741211,662010,79.3499984741211
"2021-10-11",79.5899963378906,82.1800003051758,79.5500030517578,80.5199966430664,653756,80.5199966430664
"2021-10-12",80.5,81.620002746582,79.4700012207031,80.6399993896484,598181,80.6399993896484
"2021-10-13",80.5800018310547,81.0400009155273,79.4199981689453,80.4400024414062,487220,80.4400024414062
"2021-10-14",80.5899963378906,81.6800003051758,80.379997253418,81.3099975585938,399813,81.3099975585938
"2021-10-15",81.4800033569336,82.6600036621094,81.3899993896484,82.2799987792969,277953,82.2799987792969
"2021-10-18",82.5999984741211,83.870002746582,81.8399963378906,82.4400024414062,134098,82.4400024414062
"2021-10-19",82.370002746582,83.7399978637695,81.8000030517578,82.9599990844727,82607,82.9599990844727
"2021-10-20",83.3399963378906,84.25,81.3000030517578,83.870002746582,530693,83.870002746582
"2021-10-21",83.5800018310547,83.9599990844727,80.7900009155273,82.5,567503,82.5
"2021-10-22",82.6100006103516,84.2200012207031,81.7600021362305,83.7600021362305,465355,83.7600021362305
"2021-10-25",83.9800033569336,85.4100036621094,83.3899993896484,83.7600021362305,568725,83.7600021362305
"2021-10-26",83.7200012207031,84.879997253418,82.9700012207031,84.6500015258789,467716,84.6500015258789
"2021-10-27",84.3899993896484,84.5100021362305,82.0100021362305,82.6600036621094,529952,82.6600036621094
"2021-10-28",82.25,83.2099990844727,80.5800018310547,82.8099975585938,491585,82.8099975585938
"2021-10-29",83.0899963378906,83.7399978637695,81.4100036621094,83.5699996948242,507309,83.5699996948242
"2021-11-01",83.3600006103516,84.879997253418,82.7399978637695,84.0500030517578,412309,84.0500030517578
"2021-11-02",83.870002746582,84.4100036621094,82.9199981689453,83.9100036621094,429608,83.9100036621094
"2021-11-03",83.0699996948242,83.0800018310547,79.6900024414062,80.8600006103516,546577,80.8600006103516
"2021-11-04",80.1800003051758,83.4199981689453,78.25,78.8099975585938,701119,78.8099975585938
"2021-11-05",79.370002746582,81.8000030517578,78.9599990844727,81.2699966430664,531054,81.2699966430664
"2021-11-08",81.129997253418,82.6699981689453,81.0500030517578,81.9300003051758,393953,81.9300003051758
"2021-11-09",82.1600036621094,84.629997253418,81.7799987792969,84.1500015258789,504832,84.1500015258789
"2021-11-10",84.5299987792969,84.9700012207031,80.8099975585938,81.3399963378906,555215,81.3399963378906
"2021-11-11",81.4100036621094,82.3300018310547,80.1999969482422,81.5899963378906,475436,81.5899963378906
"2021-11-12",81.2099990844727,81.620002746582,79.7799987792969,80.7900009155273,390304,80.7900009155273
"2021-11-15",80.6600036621094,81.1999969482422,79.3000030517578,80.879997253418,343484,80.879997253418
"2021-11-16",80.9300003051758,81.8099975585938,80.0299987792969,80.7600021362305,325668,80.7600021362305
"2021-11-17",80.5400009155273,80.6900024414062,77.6900024414062,78.3600006103516,174471,78.3600006103516
"2021-11-18",78.3399963378906,79.3600006103516,77.0800018310547,79.0100021362305,83984,79.0100021362305
"2021-11-19",78.7600021362305,79.9199981689453,75.370002746582,76.0999984741211,623448,76.0999984741211
"2021-11-22",75.75,77.1600036621094,74.7600021362305,76.75,465768,76.75
"2021-11-23",76.4599990844727,78.8600006103516,75.3000030517578,78.5,506987,78.5
"2021-11-24",78.4800033569336,79.2300033569336,77.9800033569336,78.3899993896484,328848,78.3899993896484
"2021-11-26",78.3399963378906,78.6500015258789,67.4000015258789,68.1500015258789,844630,68.1500015258789
"2021-11-29",69.2300033569336,72.9300003051758,68.8600006103516,69.9499969482422,675090,69.9499969482422
"2021-11-30",70.0400009155273,71.2200012207031,64.4300003051758,66.1800003051758,722475,66.1800003051758
"2021-12-01",67.0100021362305,69.4899978637695,64.8399963378906,65.5699996948242,602447,65.5699996948242
"2021-12-02",65.629997253418,67.4899978637695,62.4300003051758,66.5,668293,66.5
"2021-12-03",67.5,69.2200012207031,65.5999984741211,66.2600021362305,449974,66.2600021362305
"2021-12-06",67.0199966430664,70.1500015258789,66.7200012207031,69.4899978637695,401060,69.4899978637695
"2021-12-07",69.7200012207031,73.0299987792969,69.5199966430664,72.0500030517578,496528,72.0500030517578
"2021-12-08",71.8600006103516,73,70.9100036621094,72.3600006103516,464846,72.3600006103516
"2021-12-09",72.5199966430664,73.3399963378906,70.3899993896484,70.9400024414062,393205,70.9400024414062
"2021-12-10",70.6800003051758,72.3300018310547,70.3199996948242,71.6699981689453,397883,71.6699981689453
"2021-12-13",72.0400009155273,73,70.7099990844727,71.2900009155273,406604,71.2900009155273
"2021-12-14",71.120002746582,72.0299987792969,69.5100021362305,70.7300033569336,359454,70.7300033569336
"2021-12-15",70.3499984741211,71.6600036621094,69.3899993896484,70.870002746582,294337,70.870002746582
"2021-12-16",71.4800033569336,72.9899978637695,71.0299987792969,72.379997253418,142541,72.379997253418
"2021-12-17",71.9199981689453,72.2600021362305,69.8899993896484,70.8600006103516,78125,70.8600006103516
"2021-12-20",70.0699996948242,70.0699996948242,66.0400009155273,68.2300033569336,492217,68.2300033569336
"2021-12-21",69.2099990844727,71.5500030517578,68.5599975585938,71.120002746582,358779,71.120002746582
"2021-12-22",71.2699966430664,73.1600036621094,70.8000030517578,72.7600021362305,306709,72.7600021362305
"2021-12-23",73.0299987792969,73.9499969482422,72.2699966430664,73.7900009155273,270223,73.7900009155273
"2021-12-27",73.379997253418,76.0899963378906,72.5699996948242,75.5699996948242,268490,75.5699996948242
"2021-12-28",75.9700012207031,76.9199981689453,75.5299987792969,75.9800033569336,249728,75.9800033569336
"2021-12-29",76.0400009155273,77.370002746582,75.3600006103516,76.5599975585938,283557,76.5599975585938
"2021-12-30",76.5800018310547,77.4400024414062,75.7799987792969,76.9899978637695,231163,76.9899978637695
"2021-12-31",76.6600036621094,77.0800018310547,74.9499969482422,75.2099990844727,237118,75.2099990844727
"2022-01-03",75.6900024414062,76.4599990844727,74.2699966430664,76.0800018310547,317628,76.0800018310547
"2022-01-04",76.0199966430664,77.6399993896484,75.6999969482422,76.9899978637695,372848,76.9899978637695
"2022-01-05",77.1800003051758,78.5800018310547,76.5100021362305,77.8499984741211,397898,77.8499984741211
"2022-01-06",77.2399978637695,80.2399978637695,76.7300033569336,79.4599990844727,476665,79.4599990844727
"2022-01-07",79.620002746582,80.4700012207031,78.5199966430664,78.9000015258789,414434,78.9000015258789
"2022-01-10",78.879997253418,79.4499969482422,77.8300018310547,78.2300033569336,389956,78.2300033569336
"2022-01-11",78.4199981689453,81.5899963378906,78.3600006103516,81.2200012207031,481815,81.2200012207031
"2022-01-12",81.379997253418,83.0999984741211,81.1699981689453,82.6399993896484,420619,82.6399993896484
"2022-01-13",82.8199996948242,82.9400024414062,81.3899993896484,82.120002746582,364769,82.120002746582
"2022-01-14",81.7300033569336,84.4499969482422,81.5800018310547,83.8199996948242,364442,83.8199996948242
"2022-01-18",84.3199996948242,86.629997253418,83.5,85.4300003051758,163643,85.4300003051758
"2022-01-19",86.6100006103516,87.9100036621094,85.7699966430664,86.9599990844727,113153,86.9599990844727
"2022-01-20",86.2300033569336,87.8199996948242,86,86.9000015258789,532202,86.9000015258789
"2022-01-21",84.5699996948242,85.5599975585938,82.7799987792969,85.1399993896484,509103,85.1399993896484
"2022-01-24",84.9100036621094,86.0899963378906,81.9000015258789,83.3099975585938,511695,83.3099975585938
"2022-01-25",84.1500015258789,85.7099990844727,82.9899978637695,85.5999984741211,507219,85.5999984741211
"2022-01-26",85.2600021362305,87.9499969482422,85.0100021362305,87.3499984741211,459642,87.3499984741211
"2022-01-27",87.1500015258789,88.5400009155273,86.1999969482422,86.6100006103516,427804,86.6100006103516
"2022-01-28",87.5,88.8399963378906,86.4400024414062,86.8199996948242,436172,86.8199996948242
"2022-01-31",87.4499969482422,88.3899993896484,86.3399963378906,88.1500015258789,359080,88.1500015258789
"2022-02-01",88.1500015258789,88.870002746582,86.5500030517578,88.1999969482422,376841,88.1999969482422
"2022-02-02",88.3499984741211,89.7200012207031,87.0999984741211,88.2600021362305,456863,88.2600021362305
"2022-02-03",87.9800033569336,90.4499969482422,86.75,90.2699966430664,465771,90.2699966430664
"2022-02-04",90.1900024414062,93.1699981689453,90.0699996948242,92.3099975585938,410926,92.3099975585938
"2022-02-07",91.8199996948242,92.7300033569336,90.7300033569336,91.3199996948242,497754,91.3199996948242
"2022-02-08",91.6399993896484,91.6800003051758,88.5100021362305,89.3600006103516,467386,89.3600006103516
"2022-02-09",89.8600006103516,90.5800018310547,88.4100036621094,89.6600036621094,445618,89.6600036621094
"2022-02-10",90.0100021362305,91.7399978637695,89.0299987792969,89.879997253418,492091,89.879997253418
"2022-02-11",90,94.6600036621094,89.1900024414062,93.0999984741211,554423,93.0999984741211
"2022-02-14",93.9100036621094,95.8199996948242,92.0899963378906,95.4599990844727,467071,95.4599990844727
"2022-02-15",94.8300018310547,95.1699981689453,90.6600036621094,92.0699996948242,442641,92.0699996948242
"2022-02-16",92.2099990844727,95.0100021362305,90,93.6600036621094,401453,93.6600036621094
"2022-02-17",90.9000015258789,93.3600006103516,90.620002746582,91.7600021362305,212552,91.7600021362305
"2022-02-18",91.629997253418,92.6600036621094,89.0299987792969,91.0699996948242,150382,91.0699996948242
"2022-02-22",91.75,96,90.3499984741211,92.3499984741211,789041,92.3499984741211
"2022-02-23",91.7399978637695,93.9000015258789,90.6399993896484,92.0999984741211,440574,92.0999984741211
"2022-02-24",92.5199966430664,100.540000915527,91.4499969482422,92.8099975585938,872244,92.8099975585938
"2022-02-25",93.3199996948242,95.6399993896484,90.0599975585938,91.5899963378906,523793,91.5899963378906
"2022-02-28",94.9899978637695,99.0999984741211,94.4300003051758,95.7200012207031,490796,95.7200012207031
"2022-03-01",96.0899963378906,106.779998779297,95.3199996948242,103.410003662109,698814,103.410003662109
"2022-03-02",107.120002746582,112.51000213623,105.180000305176,110.599998474121,651853,110.599998474121
"2022-03-03",111.330001831055,116.569999694824,106.430000305176,107.669998168945,592031,107.669998168945
"2022-03-04",107.959999084473,116.019996643066,107.25,115.680000305176,493875,115.680000305176
"2022-03-07",121.330001831055,130.5,115.540000915527,119.400001525879,576022,119.400001525879
"2022-03-08",120.669998168945,129.440002441406,117.069999694824,123.699996948242,583106,123.699996948242
"2022-03-09",124.660003662109,126.839996337891,103.629997253418,108.699996948242,594773,108.699996948242
"2022-03-10",110.410003662109,114.879997253418,105.529998779297,106.019996643066,437924,106.019996643066
"2022-03-11",105.98999786377,110.290000915527,104.480003356934,109.330001831055,368194,109.330001831055
"2022-03-14",109.419998168945,109.720001220703,99.7600021362305,103.01000213623,344184,103.01000213623
"2022-03-15",102.279998779297,102.580001831055,93.5299987792969,96.4400024414062,401690,96.4400024414062
"2022-03-16",95.2300033569336,99.2200012207031,94.0699996948242,95.0400009155273,293947,95.0400009155273
"2022-03-17",95.3399963378906,104.23999786377,94.8499984741211,102.980003356934,210763,102.980003356934
"2022-03-18",103.620002746582,106.279998779297,102.300003051758,104.699996948242,74247,104.699996948242
"2022-03-21",105.129997253418,112.690002441406,104.080001831055,112.120002746582,77217,112.120002746582
"2022-03-22",112.900001525879,115.01000213623,109.300003051758,111.76000213623,318629,111.76000213623
"2022-03-23",108.849998474121,115.400001525879,108.379997253418,114.930000305176,289182,114.930000305176
"2022-03-24",114.470001220703,116.639999389648,110.610000610352,112.339996337891,307238,112.339996337891
"2022-03-25",111.75,114.120002746582,108.680000305176,113.900001525879,320304,113.900001525879
"2022-03-28",112.919998168945,112.930000305176,102.830001831055,105.959999084473,372251,105.959999084473
"2022-03-29",103.470001220703,107.839996337891,98.4400024414062,104.23999786377,387200,104.23999786377
"2022-03-30",105.23999786377,108.75,104.550003051758,107.819999694824,284544,107.819999694824
"2022-03-31",107.449996948242,107.800003051758,99.6600036621094,100.279998779297,450845,100.279998779297
"2022-04-01",101.230003356934,101.75,97.7799987792969,99.2699966430664,324777,99.2699966430664
"2022-04-04",98.9499969482422,103.940002441406,98.0500030517578,103.279998779297,288131,103.279998779297
"2022-04-05",103.660003662109,105.589996337891,99.879997253418,101.959999084473,280283,101.959999084473
"2022-04-06",101.23999786377,104.019996643066,95.7300033569336,96.2300033569336,366036,96.2300033569336
"2022-04-07",97.1600036621094,98.8199996948242,93.8099975585938,96.0299987792969,367318,96.0299987792969
"2022-04-08",97.1699981689453,98.7600021362305,95.2900009155273,98.2600021362305,310082,98.2600021362305
"2022-04-11",98.4000015258789,98.5199966430664,92.9300003051758,94.2900009155273,315873,94.2900009155273
"2022-04-12",95.1699981689453,101.349998474121,94.8399963378906,100.599998474121,329037,100.599998474121
"2022-04-13",100.910003662109,104.470001220703,99.870002746582,104.25,312502,104.25
"2022-04-14",104.199996948242,107.639999389648,102.120002746582,106.949996948242,244952,106.949996948242
"2022-04-18",107.029998779297,109.809997558594,106,108.209999084473,68489,108.209999084473
"2022-04-19",107.75,108.919998168945,102.099998474121,102.559997558594,71792,102.559997558594
"2022-04-20",103.050003051758,104.160003662109,100.699996948242,102.75,299028,102.75
"2022-04-21",102.5,105.419998168945,102.01000213623,103.790000915527,280321,103.790000915527
"2022-04-22",104.069999694824,104.220001220703,101.059997558594,102.069999694824,246116,102.069999694824
"2022-04-25",101.379997253418,101.550003051758,95.2799987792969,98.5400009155273,328153,98.5400009155273
"2022-04-26",98.6399993896484,102.779998779297,97.0599975585938,101.699996948242,351850,101.699996948242
"2022-04-27",101.76000213623,102.98999786377,99.8000030517578,102.019996643066,278781,102.019996643066
"2022-04-28",102.110000610352,105.680000305176,100.129997253418,105.360000610352,312064,105.360000610352
"2022-04-29",105.169998168945,107.98999786377,103.779998779297,104.690002441406,294386,104.690002441406
"2022-05-02",104,105.940002441406,100.279998779297,105.169998168945,261878,105.169998168945
"2022-05-03",105.080001831055,105.800003051758,102.099998474121,102.410003662109,239266,102.410003662109
"2022-05-04",103.5,108.610000610352,102.949996948242,107.809997558594,272909,107.809997558594
"2022-05-05",107.580001831055,111.370002746582,106.449996948242,108.26000213623,286916,108.26000213623
"2022-05-06",108.699996948242,111.180000305176,107.23999786377,109.769996643066,294278,109.769996643066
"2022-05-09",110.430000305176,110.48999786377,102.129997253418,103.089996337891,368183,103.089996337891
"2022-05-10",102.650001525879,104.160003662109,98.8600006103516,99.7600021362305,389750,99.7600021362305
"2022-05-11",99,106.440002441406,98.1999969482422,105.709999084473,382701,105.709999084473
"2022-05-12",105.629997253418,107.370002746582,102.660003662109,106.129997253418,323547,106.129997253418
"2022-05-13",106.650001525879,110.639999389648,106.290000915527,110.48999786377,240989,110.48999786377
"2022-05-16",110.980003356934,114.900001525879,108.110000610352,114.199996948242,289127,114.199996948242
"2022-05-17",113.870002746582,115.559997558594,111.75,112.400001525879,252630,112.400001525879
"2022-05-18",113.660003662109,115.419998168945,108.459999084473,109.589996337891,103669,109.589996337891
"2022-05-19",109.089996337891,112.620002746582,105.129997253418,112.209999084473,68511,112.209999084473
"2022-05-20",111.449996948242,114.040000915527,110.849998474121,113.230003356934,229930,113.230003356934
"2022-05-23",110.559997558594,111.959999084473,109.150001525879,110.290000915527,215623,110.290000915527
"2022-05-24",110.410003662109,111.430000305176,108.610000610352,109.769996643066,224794,109.769996643066
"2022-05-25",110.389999389648,111.680000305176,109.230003356934,110.330001831055,191370,110.330001831055
"2022-05-26",110.690002441406,114.830001831055,110.269996643066,114.089996337891,234752,114.089996337891
"2022-05-27",114.199996948242,115.300003051758,112.849998474121,115.069999694824,217281,115.069999694824
"2022-05-31",114.959999084473,119.980003356934,114.150001525879,114.669998168945,440796,114.669998168945
"2022-06-01",115.400001525879,117.870002746582,114.580001831055,115.26000213623,290530,115.26000213623
"2022-06-02",114.800003051758,117.769996643066,111.199996948242,116.870002746582,327600,116.870002746582
"2022-06-03",117.550003051758,120.459999084473,115.230003356934,118.870002746582,240831,118.870002746582
"2022-06-06",120.819999694824,120.98999786377,117.629997253418,118.5,246825,118.5
"2022-06-07",119.099998474121,120.360000610352,117.139999389648,119.410003662109,341694,119.410003662109
"2022-06-08",119.790000915527,123.180000305176,119.300003051758,122.110000610352,340591,122.110000610352
"2022-06-09",122.430000305176,122.720001220703,120.790000915527,121.51000213623,293295,121.51000213623
"2022-06-10",121.459999084473,122.75,118.330001831055,120.669998168945,352906,120.669998168945
"2022-06-13",120.190002441406,122.25,117.470001220703,120.930000305176,372403,120.930000305176
"2022-06-14",121.089996337891,123.680000305176,116.620002746582,118.930000305176,366320,118.930000305176
"2022-06-15",119.069999694824,119.610000610352,114.599998474121,115.309997558594,301750,115.309997558594
"2022-06-16",115.980003356934,118.080001831055,112.309997558594,117.589996337891,162543,117.589996337891
"2022-06-17",117.080001831055,118.970001220703,108.25,109.559997558594,103149,109.559997558594
"2022-06-21",110.580001831055,112.470001220703,108.720001220703,110.650001525879,427262,110.650001525879
"2022-06-22",109.540000915527,109.76000213623,101.529998779297,106.190002441406,432724,106.190002441406
"2022-06-23",104.419998168945,107.050003051758,102.319999694824,104.269996643066,346362,104.269996643066
"2022-06-24",103.98999786377,108.580001831055,103.639999389648,107.620002746582,321591,107.620002746582
"2022-06-27",107.220001220703,110.540000915527,105.599998474121,109.569999694824,282914,109.569999694824
"2022-06-28",110.180000305176,112.220001220703,109.620002746582,111.76000213623,306748,111.76000213623
"2022-06-29",111.860000610352,114.050003051758,109.220001220703,109.779998779297,322060,109.779998779297
"2022-06-30",109.699996948242,110.449996948242,105.099998474121,105.76000213623,362890,105.76000213623
"2022-07-01",106.01000213623,109.339996337891,104.559997558594,108.430000305176,305338,108.430000305176
"2022-07-05",108.800003051758,111.449996948242,97.4300003051758,99.5,594215,99.5
"2022-07-06",100.360000610352,102.139999389648,95.0999984741211,98.5299987792969,444106,98.5299987792969
"2022-07-07",98.2200012207031,104.480003356934,96.5699996948242,102.730003356934,379861,102.730003356934
"2022-07-08",102.220001220703,105.23999786377,101.51000213623,104.790000915527,327461,104.790000915527
"2022-07-11",104.790000915527,105.050003051758,100.889999389648,104.089996337891,348566,104.089996337891
"2022-07-12",103.459999084473,103.48999786377,95.3499984741211,95.8399963378906,398552,95.8399963378906
"2022-07-13",95.8899993896484,97.9599990844727,93.6699981689453,96.3000030517578,347193,96.3000030517578
"2022-07-14",96.5699996948242,97,90.5599975585938,95.7799987792969,387528,95.7799987792969
"2022-07-15",96.3899993896484,99.0299987792969,94.5699996948242,97.5899963378906,240766,97.5899963378906
"2022-07-18",97.2699966430664,102.800003051758,95.8499984741211,102.599998474121,84669,102.599998474121
"2022-07-19",102,104.459999084473,99.8499984741211,104.220001220703,63149,104.220001220703
"2022-07-20",103.599998474121,104.389999389648,101.51000213623,102.26000213623,315620,102.26000213623
"2022-07-21",99.9100036621094,99.9899978637695,94.5899963378906,96.3499984741211,318911,96.3499984741211
"2022-07-22",96.5100021362305,97.9499969482422,94.2300033569336,94.6999969482422,307568,94.6999969482422
"2022-07-25",95.0999984741211,96.9400024414062,93.0100021362305,96.6999969482422,278998,96.6999969482422
"2022-07-26",96.3300018310547,99,94.7600021362305,94.9800033569336,310043,94.9800033569336
"2022-07-27",95.5999984741211,98.5899963378906,94.3000030517578,97.2600021362305,321903,97.2600021362305
"2022-07-28",98.1699981689453,99.8399963378906,96.0400009155273,96.4199981689453,318403,96.4199981689453
"2022-07-29",97.3000030517578,101.879997253418,96.4100036621094,98.620002746582,349374,98.620002746582
"2022-08-01",98.4599990844727,98.6500015258789,92.4199981689453,93.8899993896484,365293,93.8899993896484
"2022-08-02",93.75,96.4700012207031,92.5899963378906,94.4199981689453,328538,94.4199981689453
"2022-08-03",93.8300018310547,96.5699996948242,90.379997253418,90.6600036621094,395099,90.6600036621094
"2022-08-04",90.9499969482422,91.9000015258789,87.5500030517578,88.5400009155273,334931,88.5400009155273
"2022-08-05",88.0599975585938,90.7600021362305,87.0100021362305,89.0100021362305,350016,89.0100021362305
"2022-08-08",88.4599990844727,90.8899993896484,87.2200012207031,90.7600021362305,340157,90.7600021362305
"2022-08-09",90.6900024414062,92.6500015258789,89.0500030517578,90.5,347045,90.5
"2022-08-10",90.5100021362305,92.4300003051758,87.6600036621094,91.9300003051758,383766,91.9300003051758
"2022-08-11",91.5500030517578,95.0500030517578,91.2399978637695,94.3399963378906,341234,94.3399963378906
"2022-08-12",94.0899963378906,94.8099975585938,91.1600036621094,92.0899963378906,264953,92.0899963378906
"2022-08-15",91.9400024414062,92.0999984741211,86.8199996948242,89.4100036621094,275443,89.4100036621094
"2022-08-16",87.9300003051758,90.6500015258789,85.7300033569336,86.5299987792969,305366,86.5299987792969
"2022-08-17",87.0999984741211,89.1600036621094,85.879997253418,88.1100006103516,230346,88.1100006103516
"2022-08-18",87.3899993896484,91.4599990844727,87.3199996948242,90.5,80029,90.5
"2022-08-19",90.3899993896484,92.0899963378906,88.379997253418,90.7699966430664,58714,90.7699966430664
"2022-08-22",89.6500015258789,91.2600021362305,86.5999984741211,90.2300033569336,352665,90.2300033569336
"2022-08-23",90.5500030517578,94.2200012207031,90.4199981689453,93.7399978637695,285607,93.7399978637695
"2022-08-24",93.7799987792969,95.4000015258789,92.7900009155273,94.8899993896484,320388,94.8899993896484
"2022-08-25",95.3499984741211,95.7600021362305,92.2900009155273,92.5199966430664,279877,92.5199966430664
"2022-08-26",93.0599975585938,94.0199966430664,91.0800018310547,93.0599975585938,288392,93.0599975585938
"2022-08-29",92.9599990844727,97.370002746582,92.2900009155273,97.0100021362305,283463,97.0100021362305
"2022-08-30",96.9000015258789,97.6600036621094,90.5400009155273,91.6399993896484,386272,91.6399993896484
"2022-08-31",92.3099975585938,92.7300033569336,88.2699966430664,89.5500030517578,344147,89.5500030517578
"2022-09-01",88.8300018310547,89.629997253418,85.9800033569336,86.6100006103516,305106,86.6100006103516
"2022-09-02",86.5599975585938,89.6600036621094,86.3499984741211,86.870002746582,277533,86.870002746582
"2022-09-06",86.8399963378906,90.3899993896484,86.1800003051758,86.879997253418,420255,86.879997253418
"2022-09-07",86.9300003051758,87.7600021362305,81.5,81.9400024414062,380781,81.9400024414062
"2022-09-08",81.9100036621094,84.25,81.1999969482422,83.5400009155273,342763,83.5400009155273
"2022-09-09",82.8000030517578,87.1999969482422,82.7099990844727,86.7900009155273,305188,86.7900009155273
"2022-09-12",86.25,89.0999984741211,85.1600036621094,87.7799987792969,275104,87.7799987792969
"2022-09-13",88.0899963378906,89.3099975585938,85.0599975585938,87.3099975585938,347998,87.3099975585938
"2022-09-14",87.9400024414062,90.1900024414062,86.1800003051758,88.4800033569336,335381,88.4800033569336
"2022-09-15",88.9100036621094,89.1500015258789,84.5299987792969,85.0999984741211,235358,85.0999984741211
"2022-09-16",85.1600036621094,86.5899963378906,84.2699966430664,85.1100006103516,87829,85.1100006103516
"2022-09-19",85.2099990844727,86.2200012207031,82.0999984741211,85.7300033569336,59626,85.7300033569336
"2022-09-20",85.6100006103516,86.4499969482422,83.5199966430664,84.4499969482422,279813,84.4499969482422
"2022-09-21",84.25,86.6800003051758,82.4899978637695,82.9400024414062,339683,82.9400024414062
"2022-09-22",83.0699996948242,86,82.4000015258789,83.4899978637695,303492,83.4899978637695
"2022-09-23",83.5400009155273,83.9199981689453,78.0400009155273,78.7399978637695,334271,78.7399978637695
"2022-09-26",79.2300033569336,80.3099975585938,76.25,76.7099990844727,280927,76.7099990844727
"2022-09-27",76.4700012207031,79.5100021362305,76.4199981689453,78.5,283614,78.5
"2022-09-28",78.0800018310547,82.3399963378906,76.5500030517578,82.1500015258789,324678,82.1500015258789
"2022-09-29",81.9000015258789,82.9400024414062,80.3399963378906,81.2300033569336,286126,81.2300033569336
"2022-09-30",81.7399978637695,82.5599975585938,79.1399993896484,79.4899978637695,253154,79.4899978637695
"2022-10-03",81.0199966430664,84.5599975585938,80.870002746582,83.629997253418,287168,83.629997253418
"2022-10-04",83.2200012207031,86.9800033569336,83.2200012207031,86.5199966430664,302549,86.5199966430664
"2022-10-05",86.370002746582,88.4199981689453,85.4199981689453,87.7600021362305,329790,87.7600021362305
"2022-10-06",88.0800018310547,89.0699996948242,87.0400009155273,88.4499969482422,235296,88.4499969482422
"2022-10-07",88.9300003051758,93.3099975585938,88,92.6399993896484,429162,92.6399993896484
"2022-10-10",93.4800033569336,93.6399993896484,90.5400009155273,91.129997253418,289508,91.129997253418
"2022-10-11",91.1399993896484,91.3499984741211,87.9100036621094,89.3499984741211,333158,89.3499984741211
"2022-10-12",88.6699981689453,90.0699996948242,86.2799987792969,87.2699966430664,332271,87.2699966430664
"2022-10-13",87.0800018310547,89.6600036621094,85.5599975585938,89.1100006103516,298032,89.1100006103516
"2022-10-14",89.2699966430664,89.7300033569336,85.1999969482422,85.6100006103516,237026,85.6100006103516
"2022-10-17",85.5899963378906,87.120002746582,84.6100006103516,85.4599990844727,172020,85.4599990844727
"2022-10-18",85.6999969482422,86.5100021362305,82.0899963378906,82.8199996948242,97304,82.8199996948242
"2022-10-19",83.6900024414062,86.1999969482422,82.5899963378906,85.5500030517578,71309,85.5500030517578
"2022-10-20",85.9400024414062,88.1699981689453,85.2200012207031,85.9800033569336,338344,85.9800033569336
"2022-10-21",85.0699996948242,85.9000015258789,83.1500015258789,85.0500030517578,272803,85.0500030517578
"2022-10-24",85.2399978637695,85.9199981689453,82.629997253418,84.5800018310547,250726,84.5800018310547
"2022-10-25",84.879997253418,86.0299987792969,83.0599975585938,85.3199996948242,240441,85.3199996948242
"2022-10-26",85.0699996948242,88.4100036621094,84.1399993896484,87.9100036621094,287182,87.9100036621094
"2022-10-27",88.2600021362305,89.7900009155273,87.3300018310547,89.0800018310547,292556,89.0800018310547
"2022-10-28",88.6699981689453,88.7600021362305,87.0800018310547,87.9000015258789,263404,87.9000015258789
"2022-10-31",88.3899993896484,88.6500015258789,85.3000030517578,86.5299987792969,285342,86.5299987792969
"2022-11-01",86.4300003051758,89.4499969482422,85.9199981689453,88.370002746582,274321,88.370002746582
"2022-11-02",88.620002746582,90.3600006103516,87.7200012207031,90,280961,90
"2022-11-03",89.3499984741211,89.6699981689453,87.5999984741211,88.1699981689453,239816,88.1699981689453
"2022-11-04",87.9000015258789,92.870002746582,87.8199996948242,92.6100006103516,354060,92.6100006103516
"2022-11-07",91,93.7399978637695,90.4000015258789,91.7900009155273,322419,91.7900009155273
"2022-11-08",91.870002746582,92.1699981689453,88.5199966430664,88.9100036621094,344223,88.9100036621094
"2022-11-09",88.5699996948242,89.2399978637695,85.5,85.8300018310547,388301,85.8300018310547
"2022-11-10",85.8499984741211,87.3499984741211,84.6999969482422,86.4700012207031,340007,86.4700012207031
"2022-11-11",86.2699966430664,90.0999984741211,86.1800003051758,88.9599990844727,301664,88.9599990844727
"2022-11-14",89.0199966430664,89.8399963378906,85.1500015258789,85.870002746582,315450,85.870002746582
"2022-11-15",85.25,88.6800003051758,84.0599975585938,86.9199981689453,331709,86.9199981689453
"2022-11-16",86.8899993896484,87.5100021362305,84.1999969482422,85.5899963378906,225668,85.5899963378906
"2022-11-17",85.2200012207031,85.4499969482422,81.4000015258789,81.6399993896484,138476,81.6399993896484
"2022-11-18",82.0899963378906,82.6399993896484,77.2399978637695,80.0800018310547,96583,80.0800018310547
"2022-11-21",80.3000030517578,80.3000030517578,75.0800018310547,79.7300033569336,475104,79.7300033569336
"2022-11-22",80.2200012207031,82.3600006103516,79.8499984741211,80.9499969482422,269615,80.9499969482422
"2022-11-23",81.0800018310547,81.9499969482422,76.8300018310547,77.9400024414062,379145,77.9400024414062
"2022-11-25",77.5100021362305,79.9000015258789,76.2200012207031,76.2799987792969,266451,76.2799987792969
"2022-11-28",75.9300003051758,77.8399963378906,73.5999984741211,77.2399978637695,405033,77.2399978637695
"2022-11-29",76.5400009155273,79.6500015258789,76.2900009155273,78.1999969482422,381869,78.1999969482422
"2022-11-30",79,81.379997253418,78.4000015258789,80.5500030517578,287534,80.5500030517578
"2022-12-01",80.4000015258789,83.3399963378906,79.9300003051758,81.2200012207031,321432,81.2200012207031
"2022-12-02",81.4700012207031,82.2200012207031,79.6500015258789,79.9800033569336,280235,79.9800033569336
"2022-12-05",79.9899978637695,82.7200012207031,76.7699966430664,76.9300003051758,346657,76.9300003051758
"2022-12-06",77.3499984741211,77.879997253418,73.4100036621094,74.25,380598,74.25
"2022-12-07",74.5500030517578,75.379997253418,71.75,72.0100021362305,392236,72.0100021362305
"2022-12-08",72.379997253418,75.4400024414062,71.120002746582,71.4599990844727,474459,71.4599990844727
"2022-12-09",71.8499984741211,72.9199981689453,70.0800018310547,71.0199966430664,356722,71.0199966430664
"2022-12-12",71.7900009155273,73.9899978637695,70.25,73.1699981689453,323553,73.1699981689453
"2022-12-13",73.2900009155273,76.370002746582,73.2099990844727,75.3899993896484,352858,75.3899993896484
"2022-12-14",75.2699966430664,77.75,74.9000015258789,77.2799987792969,292488,77.2799987792969
"2022-12-15",77.370002746582,77.7699966430664,75.3300018310547,76.1100006103516,224663,76.1100006103516
"2022-12-16",76.370002746582,76.5699996948242,73.3300018310547,74.2900009155273,99205,74.2900009155273
"2022-12-19",74.5,76.4100036621094,73.8099975585938,75.1900024414062,69348,75.1900024414062
"2022-12-20",75.6999969482422,76.75,74.3099975585938,76.0899963378906,254792,76.0899963378906
"2022-12-21",75.9899978637695,78.6100006103516,75.8000030517578,78.2900009155273,234624,78.2900009155273
"2022-12-22",78.4300003051758,79.9000015258789,77.0299987792969,77.4899978637695,219142,77.4899978637695
"2022-12-23",78.1800003051758,80.3300018310547,77.9800033569336,79.5599975585938,237711,79.5599975585938
"2022-12-27",79.9000015258789,81.1800003051758,79.1600036621094,79.5299987792969,199601,79.5299987792969
"2022-12-28",79.8899993896484,79.9199981689453,77.3000030517578,78.9599990844727,207717,78.9599990844727
"2022-12-29",78.8199996948242,78.8199996948242,76.7900009155273,78.4000015258789,199858,78.4000015258789
"2022-12-30",78.7300033569336,80.6699981689453,77.7099990844727,80.2600021362305,205909,80.2600021362305
"2023-01-03",80.5699996948242,81.5,76.5999984741211,76.9300003051758,338520,76.9300003051758
"2023-01-04",77.25,77.4199981689453,72.7300033569336,72.8399963378906,352434,72.8399963378906
"2023-01-05",73.25,74.9199981689453,72.4599990844727,73.6699981689453,300731,73.6699981689453
"2023-01-06",73.9700012207031,75.4700012207031,73.2399978637695,73.7699966430664,258128,73.7699966430664
"2023-01-09",73.4700012207031,76.7399978637695,73.4700012207031,74.629997253418,329290,74.629997253418
"2023-01-10",74.8600006103516,75.9199981689453,73.8399963378906,75.120002746582,307430,75.120002746582
"2023-01-11",74.7799987792969,77.8399963378906,74.3099975585938,77.4100036621094,350891,77.4100036621094
"2023-01-12",77.6999969482422,79.1600036621094,77.0999984741211,78.3899993896484,307705,78.3899993896484
"2023-01-13",78.3199996948242,80.1100006103516,77.9700012207031,79.8600006103516,283539,79.8600006103516
"2023-01-17",80.0999984741211,81.2300033569336,78.5299987792969,80.1800003051758,312275,80.1800003051758
"2023-01-18",80.9700012207031,82.379997253418,78.9400024414062,79.4800033569336,92549,79.4800033569336
"2023-01-19",79.1399993896484,81.1800003051758,78.129997253418,80.3300018310547,58863,80.3300018310547
"2023-01-20",80.5999984741211,81.6399993896484,79.6900024414062,81.3099975585938,300145,81.3099975585938
"2023-01-23",81.7900009155273,82.6399993896484,81.0500030517578,81.620002746582,297076,81.620002746582
"2023-01-24",81.620002746582,82.2200012207031,79.6600036621094,80.129997253418,288207,80.129997253418
"2023-01-25",80.2600021362305,81.2300033569336,79.4499969482422,80.1500015258789,297234,80.1500015258789
"2023-01-26",80.4800033569336,82.1399993896484,79.9199981689453,81.0100021362305,291060,81.0100021362305
"2023-01-27",81.2200012207031,82.4800033569336,79.0400009155273,79.6800003051758,367588,79.6800003051758
"2023-01-30",80.0400009155273,80.4899978637695,77.6600036621094,77.9000015258789,327426,77.9000015258789
"2023-01-31",77.9100036621094,79.25,76.5500030517578,78.870002746582,312734,78.870002746582
"2023-02-01",79.0599975585938,79.7300033569336,76.0500030517578,76.4100036621094,360859,76.4100036621094
"2023-02-02",76.7900009155273,77.2399978637695,74.9700012207031,75.879997253418,339755,75.879997253418
"2023-02-03",75.9199981689453,78,73.0999984741211,73.3899993896484,413414,73.3899993896484
"2023-02-06",73.2300033569336,74.5100021362305,72.25,74.1100006103516,380028,74.1100006103516
"2023-02-07",74.5699996948242,77.5999984741211,74.3499984741211,77.1399993896484,408279,77.1399993896484
"2023-02-08",77.4899978637695,78.5699996948242,77.0800018310547,78.4700012207031,353468,78.4700012207031
"2023-02-09",78.4499969482422,78.8399963378906,76.5199966430664,78.0599975585938,324156,78.0599975585938
"2023-02-10",77.6800003051758,80.3300018310547,77.4700012207031,79.7200012207031,356062,79.7200012207031
"2023-02-13",79.9400024414062,80.620002746582,78.4499969482422,80.1399993896484,301299,80.1399993896484
"2023-02-14",79.0599975585938,79.6100006103516,77.4599990844727,79.0599975585938,299938,79.0599975585938
"2023-02-15",78.8300018310547,79.1500015258789,77.25,78.5899963378906,264486,78.5899963378906
"2023-02-16",78.5400009155273,79.5400009155273,77.9199981689453,78.4899978637695,117600,78.4899978637695
"2023-02-17",78.0699996948242,78.25,75.0599975585938,76.3399963378906,93267,76.3399963378906
"2023-02-21",76.5299987792969,77.5100021362305,75.6900024414062,76.1600036621094,402351,76.1600036621094
"2023-02-22",76.1100006103516,76.5500030517578,73.8000030517578,73.9499969482422,332018,73.9499969482422
"2023-02-23",73.9199981689453,75.9899978637695,73.8300018310547,75.3899993896484,333838,75.3899993896484
"2023-02-24",75.5999984741211,76.629997253418,74.0899963378906,76.3199996948242,329254,76.3199996948242
"2023-02-27",76.4199981689453,76.8199996948242,74.9899978637695,75.6800003051758,266091,75.6800003051758
"2023-02-28",75.7600021362305,77.8300018310547,75.5500030517578,77.0500030517578,300093,77.0500030517578
"2023-03-01",76.8499984741211,77.8499984741211,76.120002746582,77.6900024414062,342121,77.6900024414062
"2023-03-02",77.7399978637695,78.5899963378906,77.2300033569336,78.1600036621094,260331,78.1600036621094
"2023-03-03",77.8899993896484,79.9000015258789,75.8300018310547,79.6800003051758,374201,79.6800003051758
"2023-03-06",79.9199981689453,80.629997253418,78.3199996948242,80.4599990844727,292351,80.4599990844727
"2023-03-07",80.5,80.9400024414062,77.0599975585938,77.5800018310547,398241,77.5800018310547
"2023-03-08",77.3199996948242,77.7300033569336,76.1100006103516,76.6600036621094,335930,76.6600036621094
"2023-03-09",76.5,78.0599975585938,75.4300003051758,75.7200012207031,349960,75.7200012207031
"2023-03-10",75.6500015258789,77.1100006103516,74.7699966430664,76.6800003051758,371834,76.6800003051758
"2023-03-13",76.5999984741211,77.4700012207031,72.3000030517578,74.8000030517578,457423,74.8000030517578
"2023-03-14",74.6999969482422,74.9000015258789,70.7799987792969,71.3300018310547,432858,71.3300018310547
"2023-03-15",71.5599975585938,72.5599975585938,65.6500015258789,67.6100006103516,555164,67.6100006103516
"2023-03-16",68.2200012207031,69.379997253418,65.7099990844727,68.3499984741211,327120,68.3499984741211
"2023-03-17",68.2600021362305,69.6399993896484,65.1699981689453,66.7399978637695,152255,66.7399978637695
"2023-03-20",66.620002746582,67.6999969482422,64.120002746582,67.6399993896484,76873,67.6399993896484
"2023-03-21",67.620002746582,69.5999984741211,66.7699966430664,69.3300018310547,409495,69.3300018310547
"2023-03-22",69.4800033569336,71.3099975585938,68.8899993896484,70.9000015258789,337639,70.9000015258789
"2023-03-23",69.9499969482422,71.6699981689453,69.1399993896484,69.9599990844727,335241,69.9599990844727
"2023-03-24",69.5100021362305,70.379997253418,66.8199996948242,69.2600021362305,380852,69.2600021362305
"2023-03-27",69.4199981689453,73.0999984741211,69.129997253418,72.8099975585938,353598,72.8099975585938
"2023-03-28",72.8600006103516,73.9300003051758,72.1900024414062,73.1999969482422,328472,73.1999969482422
"2023-03-29",73.6100006103516,74.370002746582,72.7600021362305,72.9700012207031,312669,72.9700012207031
"2023-03-30",72.9800033569336,74.629997253418,72.6100006103516,74.370002746582,269743,74.370002746582
"2023-03-31",74.370002746582,75.7200012207031,73.7699966430664,75.6699981689453,304361,75.6699981689453
"2023-04-03",80.0999984741211,81.6900024414062,79,80.4199981689453,547126,80.4199981689453
"2023-04-04",80.4400024414062,81.8099975585938,79.6100006103516,80.7099990844727,343570,80.7099990844727
"2023-04-05",81.0100021362305,81.2399978637695,79.7200012207031,80.6100006103516,254974,80.6100006103516
"2023-04-06",80.370002746582,80.9599990844727,79.6500015258789,80.6999969482422,0,80.6999969482422
"2023-04-10",80.5,81.2200012207031,79.6100006103516,79.7399978637695,264906,79.7399978637695
"2023-04-11",79.879997253418,81.5899963378906,79.370002746582,81.5299987792969,309683,81.5299987792969
"2023-04-12",81.4400024414062,83.5299987792969,81.2799987792969,83.2600021362305,356133,83.2600021362305
"2023-04-13",83.2200012207031,83.4400024414062,82.1100006103516,82.1600036621094,261230,82.1600036621094
"2023-04-14",82.4000015258789,83.120002746582,81.7600021362305,82.5199966430664,275129,82.5199966430664
"2023-04-17",82.4800033569336,82.7099990844727,80.4700012207031,80.8300018310547,217048,80.8300018310547
"2023-04-18",81,81.4800033569336,79.870002746582,80.8600006103516,96290,80.8600006103516
"2023-04-19",80.9199981689453,81.1800003051758,78.4599990844727,79.1600036621094,78310,79.1600036621094
"2023-04-20",78.870002746582,78.8899993896484,76.9700012207031,77.2900009155273,361413,77.2900009155273
"2023-04-21",77.129997253418,78.3899993896484,76.7200012207031,77.870002746582,291114,77.870002746582
"2023-04-24",77.9700012207031,79.1800003051758,76.7200012207031,78.7600021362305,306720,78.7600021362305
"2023-04-25",78.7399978637695,79.0699996948242,76.5,77.0699996948242,361646,77.0699996948242
"2023-04-26",77.0800018310547,77.9300003051758,74.0500030517578,74.3000030517578,497778,74.3000030517578
"2023-04-27",74.379997253418,75.2799987792969,74.0299987792969,74.7600021362305,345880,74.7600021362305
"2023-04-28",74.9100036621094,76.9199981689453,73.9300003051758,76.7799987792969,328399,76.7799987792969
"2023-05-01",76.6600036621094,76.6900024414062,74.5299987792969,75.6600036621094,215017,75.6600036621094
"2023-05-02",75.7600021362305,76.1100006103516,71.4199981689453,71.6600036621094,417820,71.6600036621094
"2023-05-03",71.5599975585938,71.7900009155273,67.9499969482422,68.5999984741211,490523,68.5999984741211
"2023-05-04",68.1600036621094,69.8399963378906,63.6399993896484,68.5599975585938,412495,68.5599975585938
"2023-05-05",68.6999969482422,71.8099975585938,68.4800033569336,71.3399963378906,330585,71.3399963378906
"2023-05-08",71.3499984741211,73.6900024414062,71.0400009155273,73.1600036621094,290076,73.1600036621094
"2023-05-09",72.8399963378906,73.7799987792969,71.3399963378906,73.7099990844727,317493,73.7099990844727
"2023-05-10",73.5800018310547,73.8899993896484,71.8000030517578,72.5599975585938,351506,72.5599975585938
"2023-05-11",72.7699966430664,73.5,70.629997253418,70.870002746582,365892,70.870002746582
"2023-05-12",71.4199981689453,71.7799987792969,69.9300003051758,70.0400009155273,275435,70.0400009155273
"2023-05-15",70.0400009155273,71.6900024414062,69.4100036621094,71.1100006103516,259013,71.1100006103516
"2023-05-16",71.3199996948242,71.7900009155273,70.4499969482422,70.8600006103516,232328,70.8600006103516
"2023-05-17",70.5999984741211,73.2600021362305,70.0400009155273,72.8300018310547,273708,72.8300018310547
"2023-05-18",72.75,72.870002746582,71.4199981689453,71.8600006103516,80864,71.8600006103516
"2023-05-19",71.9400024414062,73.4000015258789,71.0299987792969,71.5500030517578,69949,71.5500030517578
"2023-05-22",71.6999969482422,72.3600006103516,70.5500030517578,71.9899978637695,263977,71.9899978637695
"2023-05-23",72.0999984741211,73.7900009155273,71.7099990844727,72.9100036621094,317586,72.9100036621094
"2023-05-24",73.7699966430664,74.7300033569336,73.129997253418,74.3399963378906,386611,74.3399963378906
"2023-05-25",74.2099990844727,74.370002746582,70.9800033569336,71.8300018310547,422637,71.8300018310547
"2023-05-26",71.8899993896484,73.0500030517578,71.4899978637695,72.6699981689453,261498,72.6699981689453
"2023-05-30",73.2300033569336,73.5500030517578,69.0199966430664,69.4599990844727,440862,69.4599990844727
"2023-05-31",69.620002746582,69.6900024414062,67.0299987792969,68.0899963378906,444787,68.0899963378906
"2023-06-01",67.5999984741211,71.0699996948242,67.5100021362305,70.0999984741211,395393,70.0999984741211
"2023-06-02",70.2099990844727,72.1699981689453,70,71.7399978637695,322596,71.7399978637695
"2023-06-05",75.0299987792969,75.0599975585938,71.7300033569336,72.1500015258789,383943,72.1500015258789
"2023-06-06",71.9899978637695,72.3300018310547,70.129997253418,71.7399978637695,314962,71.7399978637695
"2023-06-07",71.5599975585938,73.1900024414062,71.0100021362305,72.5299987792969,299127,72.5299987792969
"2023-06-08",72.4700012207031,73.2799987792969,69.0299987792969,71.2900009155273,485396,71.2900009155273
"2023-06-09",70.9400024414062,71.7699966430664,70.0999984741211,70.1699981689453,300724,70.1699981689453
"2023-06-12",70.2699966430664,70.3300018310547,66.8000030517578,67.120002746582,404769,67.120002746582
"2023-06-13",67.3099975585938,69.8300018310547,67.1500015258789,69.4199981689453,366354,69.4199981689453
"2023-06-14",69.3499984741211,70.4899978637695,68.0699996948242,68.2699966430664,304449,68.2699966430664
"2023-06-15",68.6999969482422,70.9599990844727,67.9700012207031,70.620002746582,115613,70.620002746582
"2023-06-16",70.5500030517578,71.8899993896484,69.9499969482422,71.7799987792969,99185,71.7799987792969
"2023-06-20",71.4499969482422,72.0899963378906,69.6500015258789,70.5,430492,70.5
"2023-06-21",70.9000015258789,72.7200012207031,70.8000030517578,72.5299987792969,264656,72.5299987792969
"2023-06-22",72.4300003051758,72.6500015258789,68.9300003051758,69.5100021362305,421348,69.5100021362305
"2023-06-23",69.5299987792969,69.6500015258789,67.3499984741211,69.1600036621094,322475,69.1600036621094
"2023-06-26",69.8399963378906,70.1100006103516,68.7099990844727,69.370002746582,280116,69.370002746582
"2023-06-27",69.4899978637695,70.1500015258789,67.5,67.6999969482422,384752,67.6999969482422
"2023-06-28",68.0100021362305,69.7300033569336,67.0500030517578,69.5599975585938,368295,69.5599975585938
"2023-06-29",69.25,70.5999984741211,68.9300003051758,69.8600006103516,292865,69.8600006103516
"2023-06-30",69.8199996948242,71.0400009155273,69.5299987792969,70.6399993896484,299873,70.6399993896484
"2023-07-03",70.4499969482422,71.7699966430664,69.6900024414062,69.7900009155273,303479,69.7900009155273
"2023-07-05",70.1500015258789,72.1699981689453,69.9000015258789,71.7900009155273,456809,71.7900009155273
"2023-07-06",71.8000030517578,72.3399963378906,70.2200012207031,71.8000030517578,395381,71.8000030517578
"2023-07-07",71.8899993896484,73.9199981689453,71.1900024414062,73.8600006103516,362632,73.8600006103516
"2023-07-10",73.8600006103516,74.1500015258789,72.6699981689453,72.9899978637695,301014,72.9899978637695
"2023-07-11",73.1900024414062,74.9599990844727,72.9800033569336,74.8300018310547,326883,74.8300018310547
"2023-07-12",74.8300018310547,76.1500015258789,74.6699981689453,75.75,352887,75.75
"2023-07-13",75.8499984741211,77.3300018310547,75.3199996948242,76.8899993896484,379728,76.8899993896484
"2023-07-14",77.1600036621094,77.3000030517578,75.1100006103516,75.4199981689453,299576,75.4199981689453
"2023-07-17",75.0199966430664,76.0899963378906,73.8399963378906,74.1500015258789,244785,74.1500015258789
"2023-07-18",74.1800003051758,75.9599990844727,73.879997253418,75.75,125092,75.75
"2023-07-19",75.8399963378906,76.9700012207031,75.0699996948242,75.3499984741211,92920,75.3499984741211
"2023-07-20",75.3499984741211,76.1500015258789,74.7200012207031,75.629997253418,340962,75.629997253418
"2023-07-21",75.6999969482422,77.2900009155273,75.6900024414062,77.0699996948242,308106,77.0699996948242
"2023-07-24",77.0100021362305,79.2799987792969,76.4400024414062,78.7399978637695,368285,78.7399978637695
"2023-07-25",78.8499984741211,79.9000015258789,78.2900009155273,79.629997253418,349600,79.629997253418
"2023-07-26",79.3399963378906,79.7699966430664,78.5500030517578,78.7799987792969,322031,78.7799987792969
"2023-07-27",78.9000015258789,80.5999984741211,78.870002746582,80.0899963378906,374358,80.0899963378906
"2023-07-28",79.8399963378906,80.7099990844727,79.0699996948242,80.5800018310547,299547,80.5800018310547
"2023-07-31",80.6500015258789,82,80.129997253418,81.8000030517578,297270,81.8000030517578
"2023-08-01",81.7300033569336,82.2200012207031,80.5899963378906,81.370002746582,307859,81.370002746582
"2023-08-02",82.0500030517578,82.4300003051758,79.0500030517578,79.4899978637695,414825,79.4899978637695
"2023-08-03",79.7699966430664,81.8600006103516,78.6900024414062,81.5500030517578,402641,81.5500030517578
"2023-08-04",81.7300033569336,83.2399978637695,81.5100021362305,82.8199996948242,320873,82.8199996948242
"2023-08-07",82.8199996948242,83.3000030517578,81.5199966430664,81.9400024414062,293036,81.9400024414062
"2023-08-08",82.5299987792969,83.0800018310547,79.9000015258789,82.9199981689453,424545,82.9199981689453
"2023-08-09",82.879997253418,84.6500015258789,82.6699981689453,84.4000015258789,478140,84.4000015258789
"2023-08-10",84.25,84.8899993896484,82.5800018310547,82.8199996948242,362188,82.8199996948242
"2023-08-11",82.8300018310547,83.8099975585938,82.2300033569336,83.1900024414062,331254,83.1900024414062
"2023-08-14",83.0899963378906,83.1999969482422,81.7600021362305,82.5100021362305,277352,82.5100021362305
"2023-08-15",82.5199966430664,82.9100036621094,80.4000015258789,80.9899978637695,303207,80.9899978637695
"2023-08-16",81.2300033569336,81.4300003051758,79.0500030517578,79.379997253418,325403,79.379997253418
"2023-08-17",79.25,81.0800018310547,78.9499969482422,80.3899993896484,235581,80.3899993896484
"2023-08-18",80.0400009155273,81.6100006103516,79.5899963378906,81.25,128090,81.25
"2023-08-21",81.4300003051758,82.4700012207031,80.6100006103516,80.7200012207031,115874,80.7200012207031
"2023-08-22",80.8000030517578,80.9899978637695,80.0999984741211,80.3499984741211,287489,80.3499984741211
"2023-08-23",79.6399993896484,79.9100036621094,77.620002746582,78.8899993896484,378146,78.8899993896484
"2023-08-24",78.5699996948242,79.2799987792969,77.5899963378906,79.0500030517578,349230,79.0500030517578
"2023-08-25",78.879997253418,80.4499969482422,78.1399993896484,79.8300018310547,411409,79.8300018310547
"2023-08-28",80.1500015258789,80.870002746582,79.6100006103516,80.0999984741211,246584,80.0999984741211
"2023-08-29",79.9800033569336,81.4100036621094,79.3399963378906,81.1600036621094,284168,81.1600036621094
"2023-08-30",81.2900009155273,82.0500030517578,80.879997253418,81.629997253418,299418,81.629997253418
"2023-08-31",81.6999969482422,83.6900024414062,81.4800033569336,83.629997253418,368848,83.629997253418
"2023-09-01",83.629997253418,86.0599975585938,83.4599990844727,85.5500030517578,420461,85.5500030517578
"2023-09-05",86.0599975585938,88.0699996948242,85.0199966430664,86.6900024414062,452908,86.6900024414062
"2023-09-06",86.7200012207031,88.0800018310547,85.9300003051758,87.5400009155273,307115,87.5400009155273
"2023-09-07",87.5400009155273,87.7399978637695,86.3899993896484,86.870002746582,270736,86.870002746582
"2023-09-08",86.7799987792969,87.9499969482422,86.1500015258789,87.5100021362305,294437,87.5100021362305
"2023-09-11",87.4000015258789,88.1500015258789,86.7099990844727,87.2900009155273,292388,87.2900009155273
"2023-09-12",87.2699966430664,89.370002746582,87.2200012207031,88.8399963378906,341137,88.8399963378906
"2023-09-13",88.75,89.6399993896484,88.2900009155273,88.5199966430664,345972,88.5199966430664
"2023-09-14",88.8099975585938,90.7900009155273,88.6800003051758,90.1600036621094,325270,90.1600036621094
"2023-09-15",90.6699981689453,91.2300033569336,89.2200012207031,90.7699966430664,315003,90.7699966430664
"2023-09-18",91.1999969482422,92.4300003051758,90.75,91.4800033569336,119258,91.4800033569336
"2023-09-19",92.2200012207031,93.7399978637695,91.0699996948242,91.1999969482422,94597,91.1999969482422
"2023-09-20",91.5500030517578,91.9800033569336,89.870002746582,90.2799987792969,457854,90.2799987792969
"2023-09-21",89.3000030517578,90.9800033569336,88.370002746582,89.629997253418,351032,89.629997253418
"2023-09-22",89.620002746582,91.3300018310547,89.3099975585938,90.0299987792969,402087,90.0299987792969
"2023-09-25",90.5500030517578,90.8300018310547,89.0299987792969,89.6800003051758,328369,89.6800003051758
"2023-09-26",89.879997253418,90.7399978637695,88.1900024414062,90.3899993896484,318016,90.3899993896484
"2023-09-27",90.5299987792969,94.1699981689453,90.4000015258789,93.6800003051758,504630,93.6800003051758
"2023-09-28",93.7799987792969,95.0299987792969,91.3899993896484,91.7099990844727,406709,91.7099990844727
"2023-09-29",91.7600021362305,93.0999984741211,90.3499984741211,90.7900009155273,355782,90.7900009155273
"2023-10-02",90.8199996948242,91.879997253418,88.4599990844727,88.8199996948242,334493,88.8199996948242
"2023-10-03",88.6699981689453,90.2699966430664,87.7600021362305,89.2300033569336,350659,89.2300033569336
"2023-10-04",89.4199981689453,89.5899963378906,84.1600036621094,84.2200012207031,459995,84.2200012207031
"2023-10-05",84.4499969482422,84.9199981689453,82.1500015258789,82.3099975585938,465997,82.3099975585938
"2023-10-06",82.2799987792969,83.2799987792969,81.5,82.7900009155273,461139,82.7900009155273
"2023-10-09",85.25,87.2399978637695,84.6699981689453,86.379997253418,435037,86.379997253418
"2023-10-10",86.4300003051758,86.7399978637695,85.120002746582,85.9700012207031,337654,85.9700012207031
"2023-10-11",85.9599990844727,86.5100021362305,83.1100006103516,83.4899978637695,425395,83.4899978637695
"2023-10-12",83.1999969482422,85.1999969482422,82.3099975585938,82.9100036621094,373492,82.9100036621094
"2023-10-13",83.5100021362305,87.8300018310547,83.3499984741211,87.6900024414062,356863,87.6900024414062
"2023-10-16",87.7200012207031,88.3300018310547,86.3199996948242,86.6600036621094,235780,86.6600036621094
"2023-10-17",87.0599975585938,87.75,85.5999984741211,86.6600036621094,197124,86.6600036621094
"2023-10-18",87.8099975585938,89.879997253418,87.1999969482422,88.3199996948242,92797,88.3199996948242
"2023-10-19",88.2399978637695,90.6800003051758,86.5999984741211,89.370002746582,72058,89.370002746582
"2023-10-20",90.2799987792969,90.7799987792969,88.3300018310547,88.75,311917,88.75
"2023-10-23",88,88.2900009155273,85.3499984741211,85.4899978637695,315517,85.4899978637695
"2023-10-24",86.1500015258789,86.3000030517578,82.9400024414062,83.7399978637695,370591,83.7399978637695
"2023-10-25",83.6900024414062,85.5599975585938,82.0800018310547,85.3899993896484,429459,85.3899993896484
"2023-10-26",85.370002746582,85.5899963378906,82.5599975585938,83.2099990844727,341792,83.2099990844727
"2023-10-27",83.5299987792969,85.9000015258789,83.0999984741211,85.5400009155273,333760,85.5400009155273
"2023-10-30",85,85.3000030517578,81.8199996948242,82.3099975585938,356928,82.3099975585938
"2023-10-31",82.5899963378906,83.370002746582,80.7399978637695,81.0199966430664,346007,81.0199966430664
"2023-11-01",81.4800033569336,83.4199981689453,80.3000030517578,80.4400024414062,321592,80.4400024414062
"2023-11-02",80.8199996948242,82.8300018310547,80.2200012207031,82.4599990844727,307122,82.4599990844727
"2023-11-03",82.5800018310547,83.5999984741211,80.0999984741211,80.5100021362305,457281,80.5100021362305
"2023-11-06",81.129997253418,82.2399978637695,80.6600036621094,80.8199996948242,271131,80.8199996948242
"2023-11-07",80.9300003051758,81.0500030517578,77.0899963378906,77.370002746582,396289,77.370002746582
"2023-11-08",77.120002746582,77.5299987792969,74.9100036621094,75.3300018310547,429647,75.3300018310547
"2023-11-09",75.6500015258789,77.1600036621094,75.2099990844727,75.7399978637695,303430,75.7399978637695
"2023-11-10",75.5899963378906,77.7300033569336,75.3099975585938,77.1699981689453,266998,77.1699981689453
"2023-11-13",77.1500015258789,78.6399993896484,76.2099990844727,78.2600021362305,262903,78.2600021362305
"2023-11-14",78.5299987792969,79.7699966430664,77.7900009155273,78.2600021362305,263002,78.2600021362305
"2023-11-15",78.1699981689453,78.7699966430664,76.3099975585938,76.6600036621094,282301,76.6600036621094
"2023-11-16",76.5999984741211,76.629997253418,72.1600036621094,72.9000015258789,125165,72.9000015258789
"2023-11-17",72.9700012207031,75.9899978637695,72.75,75.8899993896484,101484,75.8899993896484
"2023-11-20",75.6500015258789,78.2200012207031,75.6500015258789,77.5999984741211,270638,77.5999984741211
"2023-11-21",77.6500015258789,77.9199981689453,76.9199981689453,77.7699966430664,238629,77.7699966430664
"2023-11-22",77.7699966430664,77.9700012207031,73.7900009155273,77.0999984741211,389325,77.0999984741211
"2023-11-23",NA,NA,NA,NA,NA,NA
"2023-11-24",76.7900009155273,77.0899963378906,75.0699996948242,75.5400009155273,281147,75.5400009155273
"2023-11-27",75.3099975585938,76.2300033569336,74.0599975585938,74.8600006103516,289562,74.8600006103516
"2023-11-28",75.0699996948242,77.0199966430664,74.6399993896484,76.4100036621094,286618,76.4100036621094
"2023-11-29",76.5599975585938,78.0899963378906,75.6699981689453,77.8600006103516,322170,77.8600006103516
"2023-11-30",77.75,79.5999984741211,75.0500030517578,75.9599990844727,559169,75.9599990844727
"2023-12-01",75.5899963378906,76.7600021362305,73.9300003051758,74.0699996948242,358976,74.0699996948242
"2023-12-04",74.5800018310547,75.0299987792969,72.629997253418,73.0400009155273,388832,73.0400009155273
"2023-12-05",73.3000030517578,74.120002746582,72.0199966430664,72.3199996948242,358703,72.3199996948242
"2023-12-06",72.0999984741211,72.5999984741211,69.1100006103516,69.379997253418,436803,69.379997253418
"2023-12-07",69.2799987792969,70.4800033569336,68.8000030517578,69.3399963378906,339000,69.3399963378906
"2023-12-08",69.7600021362305,71.629997253418,69.5,71.2300033569336,302250,71.2300033569336
"2023-12-11",71.1500015258789,71.8099975585938,70.3499984741211,71.3199996948242,274414,71.3199996948242
"2023-12-12",71.4300003051758,71.9599990844727,68.2200012207031,68.6100006103516,324530,68.6100006103516
"2023-12-13",68.7300033569336,69.8899993896484,67.7099990844727,69.4700012207031,306996,69.4700012207031
"2023-12-14",69.8499984741211,72.4599990844727,69.5400009155273,71.5800018310547,275688,71.5800018310547
"2023-12-15",71.6100006103516,72.2200012207031,70.3000030517578,71.4300003051758,95513,71.4300003051758
"2023-12-18",71.6800003051758,74.2600021362305,70.6399993896484,72.4700012207031,73941,72.4700012207031
"2023-12-19",72.4800033569336,74.0100021362305,71.8499984741211,73.4400024414062,230042,73.4400024414062
"2023-12-20",74.0599975585938,75.370002746582,73.5999984741211,74.2200012207031,273364,74.2200012207031
"2023-12-21",73.8099975585938,74.5800018310547,72.4400024414062,73.8899993896484,251982,73.8899993896484
"2023-12-22",73.9100036621094,74.9800033569336,73.3899993896484,73.5599975585938,222600,73.5599975585938
"2023-12-26",73.5599975585938,76.1800003051758,73.129997253418,75.5699996948242,208715,75.5699996948242
"2023-12-27",75.3199996948242,75.6600036621094,73.7699966430664,74.1100006103516,253323,74.1100006103516
"2023-12-28",73.8000030517578,74.4000015258789,71.7200012207031,71.7699966430664,262748,71.7699966430664
"2023-12-29",71.9899978637695,72.620002746582,71.25,71.6500015258789,214486,71.6500015258789
"2024-01-02",71.7099990844727,73.6399993896484,70.0599975585938,70.379997253418,330992,70.379997253418
"2024-01-03",70.5,73.2300033569336,69.2799987792969,72.6999969482422,334861,72.6999969482422
"2024-01-04",73.0400009155273,74,71.0599975585938,72.1900024414062,344467,72.1900024414062
"2024-01-05",72.4000015258789,74.2399978637695,72.2099990844727,73.8099975585938,325525,73.8099975585938
"2024-01-08",73.5100021362305,73.9499969482422,70.129997253418,70.7699966430664,392249,70.7699966430664
"2024-01-09",70.9100036621094,72.9300003051758,70.4700012207031,72.2399978637695,363445,72.2399978637695
"2024-01-10",72.1699981689453,73.5899963378906,71.0100021362305,71.370002746582,352772,71.370002746582
"2024-01-11",71.3300018310547,73.8099975585938,71.1699981689453,72.0199966430664,373645,72.0199966430664
"2024-01-12",73.0100021362305,75.25,72.3600006103516,72.6800003051758,403636,72.6800003051758
"2024-01-16",72.629997253418,73.5599975585938,71.2300033569336,72.4000015258789,430437,72.4000015258789
"2024-01-17",72,72.9499969482422,70.5,72.5599975585938,315679,72.5599975585938
"2024-01-18",72.7799987792969,74.379997253418,72.1800003051758,74.0800018310547,86646,74.0800018310547
"2024-01-19",74.0800018310547,74.9100036621094,73.1999969482422,73.4100036621094,78234,73.4100036621094
"2024-01-22",73.4100036621094,75.75,72.8899993896484,75.1900024414062,372284,75.1900024414062
"2024-01-23",74.6800003051758,75.25,73.4100036621094,74.370002746582,306060,74.370002746582
"2024-01-24",74.5699996948242,75.8300018310547,73.9400024414062,75.0899963378906,323726,75.0899963378906
"2024-01-25",75.3000030517578,77.5100021362305,75.1600036621094,77.3600006103516,320177,77.3600006103516
"2024-01-26",77.1500015258789,78.2600021362305,76.0599975585938,78.0100021362305,365456,78.0100021362305
"2024-01-29",78.9000015258789,79.2900009155273,76.4100036621094,76.7799987792969,331925,76.7799987792969
"2024-01-30",77.0199966430664,78.1399993896484,75.8499984741211,77.8199996948242,347242,77.8199996948242
"2024-01-31",77.8399963378906,78.1100006103516,75.5199966430664,75.8499984741211,344493,75.8499984741211
"2024-02-01",75.9599990844727,76.9499969482422,73.6999969482422,73.8199996948242,577936,73.8199996948242
"2024-02-02",73.9100036621094,74.5199966430664,71.7900009155273,72.2799987792969,467768,72.2799987792969
"2024-02-05",72.75,73.2799987792969,71.4100036621094,72.7799987792969,350843,72.7799987792969
"2024-02-06",72.7600021362305,73.8199996948242,72.379997253418,73.3099975585938,310955,73.3099975585938
"2024-02-07",73.5,74.2200012207031,73.2300033569336,73.8600006103516,294955,73.8600006103516
"2024-02-08",74.0800018310547,76.5899963378906,73.5599975585938,76.2200012207031,377906,76.2200012207031
"2024-02-09",76.4199981689453,77.2900009155273,75.9300003051758,76.8399963378906,302612,76.8399963378906
"2024-02-12",76.5999984741211,77.0899963378906,75.5400009155273,76.9199981689453,248476,76.9199981689453
"2024-02-13",77.0299987792969,78.4700012207031,76.870002746582,77.870002746582,338174,77.870002746582
"2024-02-14",77.8099975585938,78.7699966430664,76.379997253418,76.6399993896484,296131,76.6399993896484
"2024-02-15",76.5999984741211,78.4400024414062,75.7799987792969,78.0299987792969,122432,78.0299987792969
"2024-02-16",78.1100006103516,79.3499984741211,77.2200012207031,79.1900024414062,113713,79.1900024414062
"2024-02-20",78.9800033569336,79.8000030517578,77.6699981689453,78.1800003051758,435235,78.1800003051758
"2024-02-21",77.1500015258789,78.0800018310547,76.3199996948242,77.9100036621094,323243,77.9100036621094
"2024-02-22",78.0899963378906,78.9199981689453,77.2300033569336,78.6100006103516,330511,78.6100006103516
"2024-02-23",78.370002746582,78.3899993896484,76.3499984741211,76.4899978637695,353437,76.4899978637695
"2024-02-26",76.4000015258789,78.0299987792969,75.8399963378906,77.5800018310547,274710,77.5800018310547
"2024-02-27",77.620002746582,79,77.1699981689453,78.870002746582,269236,78.870002746582
"2024-02-28",78.4800033569336,79.620002746582,77.7799987792969,78.5400009155273,330043,78.5400009155273
"2024-02-29",78.1999969482422,79.2799987792969,77.9400024414062,78.2600021362305,317939,78.2600021362305
"2024-03-01",78.2799987792969,80.8499984741211,78.0500030517578,79.9700012207031,363417,79.9700012207031
"2024-03-04",80.1399993896484,80.4100036621094,78.5599975585938,78.7399978637695,347214,78.7399978637695
"2024-03-05",78.7399978637695,79.4899978637695,77.5199966430664,78.1500015258789,436521,78.1500015258789
"2024-03-06",78.1500015258789,80.6699981689453,77.9899978637695,79.129997253418,371049,79.129997253418
"2024-03-07",79.129997253418,79.5299987792969,78.0199966430664,78.9300003051758,432923,78.9300003051758
"2024-03-08",79.5100021362305,79.9899978637695,77.5599975585938,78.0100021362305,347533,78.0100021362305
"2024-03-11",77.8000030517578,78.4700012207031,76.7900009155273,77.9300003051758,329873,77.9300003051758
"2024-03-12",78.0899963378906,78.7300033569336,77.3399963378906,77.5599975585938,309922,77.5599975585938
"2024-03-13",78.0599975585938,79.9000015258789,77.5699996948242,79.7200012207031,316390,79.7200012207031
"2024-03-14",79.629997253418,81.620002746582,79.5699996948242,81.2600021362305,297450,81.2600021362305
"2024-03-15",81.1399993896484,81.4499969482422,80.4899978637695,81.0400009155273,185078,81.0400009155273
"2024-03-18",81.0299987792969,83.0899963378906,81.0100021362305,82.7200012207031,84718,82.7200012207031
"2024-03-19",82.8499984741211,83.8499984741211,82.3899993896484,83.4700012207031,76814,83.4700012207031
"2024-03-20",83.1999969482422,83.2099990844727,81.4400024414062,81.6800003051758,351161,81.6800003051758
"2024-03-21",81.4899978637695,81.9199981689453,80.3000030517578,81.0699996948242,266860,81.0699996948242
"2024-03-22",80.8399963378906,81.4499969482422,80.4199981689453,80.629997253418,231101,80.629997253418
"2024-03-25",80.8499984741211,82.4800033569336,80.5899963378906,81.9499969482422,300360,81.9499969482422
"2024-03-26",81.9400024414062,82.3600006103516,81.2200012207031,81.620002746582,235845,81.620002746582
"2024-03-27",81.2900009155273,81.7399978637695,80.5500030517578,81.3499984741211,249964,81.3499984741211
"2024-03-28",81.7099990844727,83.2099990844727,81.5199966430664,83.1699981689453,293774,83.1699981689453
"2024-04-01",83.1399993896484,84.4899978637695,82.5999984741211,83.7099990844727,321059,83.7099990844727
"2024-04-02",84.0400009155273,85.5,83.8499984741211,85.1500015258789,344040,85.1500015258789
"2024-04-03",85.4599990844727,86.1999969482422,84.8499984741211,85.4300003051758,322549,85.4300003051758
"2024-04-04",85.6600036621094,87.2200012207031,84.6399993896484,86.5899963378906,359534,86.5899963378906
"2024-04-05",86.8600006103516,87.629997253418,86.3199996948242,86.9100036621094,353206,86.9100036621094
"2024-04-08",86.0999984741211,87.0999984741211,84.6900024414062,86.4300003051758,393734,86.4300003051758
"2024-04-09",86.5899963378906,86.9800033569336,85.0899963378906,85.2300033569336,314994,85.2300033569336
"2024-04-10",85.3399963378906,86.379997253418,84.5500030517578,86.2099990844727,373939,86.2099990844727
"2024-04-11",86.3199996948242,86.629997253418,84.8399963378906,85.0199966430664,388128,85.0199966430664
"2024-04-12",85.5999984741211,87.6699981689453,85.2399978637695,85.6600036621094,369958,85.6600036621094
"2024-04-15",85.9300003051758,86.1100006103516,84.0500030517578,85.4100036621094,343894,85.4100036621094
"2024-04-16",85.6999969482422,86.1800003051758,84.75,85.3600006103516,241343,85.3600006103516
"2024-04-17",85.3600006103516,85.5100021362305,82.5500030517578,82.6900024414062,259540,82.6900024414062
"2024-04-18",82.7900009155273,83.4700012207031,81.5599975585938,82.7300033569336,84468,82.7300033569336
"2024-04-19",82.620002746582,86.2799987792969,81.8000030517578,83.1399993896484,76901,83.1399993896484
"2024-04-22",83.0500030517578,83.3499984741211,81.8499984741211,82.8499984741211,313914,82.8499984741211
"2024-04-23",82.129997253418,83.4300003051758,80.879997253418,83.3600006103516,355814,83.3600006103516
"2024-04-24",83.4000015258789,83.7099990844727,82.4400024414062,82.8099975585938,329077,82.8099975585938
"2024-04-25",82.8300018310547,83.8300018310547,81.9899978637695,83.5699996948242,314116,83.5699996948242
"2024-04-26",83.8099975585938,84.4599990844727,83.3499984741211,83.8499984741211,244090,83.8499984741211
"2024-04-29",83.6900024414062,83.9100036621094,82.4000015258789,82.629997253418,336984,82.629997253418
"2024-04-30",82.7600021362305,83.3000030517578,80.9499969482422,81.9300003051758,400680,81.9300003051758
"2024-05-01",81.4800033569336,81.5699996948242,78.8300018310547,79,441978,79
"2024-05-02",79.1500015258789,79.9000015258789,78.4100036621094,78.9499969482422,359652,78.9499969482422
"2024-05-03",79.0699996948242,79.629997253418,77.9599990844727,78.1100006103516,324438,78.1100006103516
"2024-05-06",78.1600036621094,79.0899963378906,77.9100036621094,78.4800033569336,297369,78.4800033569336
"2024-05-07",78.7200012207031,79.1699981689453,77.5500030517578,78.379997253418,327593,78.379997253418
"2024-05-08",78.3399963378906,79.2699966430664,76.8899993896484,78.9899978637695,355449,78.9899978637695
"2024-05-09",79.2300033569336,79.8000030517578,78.9100036621094,79.2600021362305,272712,79.2600021362305
"2024-05-10",79.5899963378906,79.9599990844727,78.1399993896484,78.2600021362305,281169,78.2600021362305
"2024-05-13",78.1800003051758,79.4899978637695,77.7799987792969,79.120002746582,287701,79.120002746582
"2024-05-14",79.2300033569336,79.379997253418,77.6800003051758,78.0199966430664,307410,78.0199966430664
"2024-05-15",78.4400024414062,78.9199981689453,76.6999969482422,78.629997253418,321267,78.629997253418
"2024-05-16",78.8399963378906,79.8499984741211,78.1999969482422,79.2300033569336,230277,79.2300033569336
"2024-05-17",79.379997253418,80.1399993896484,79,80.0599975585938,94152,80.0599975585938
"2024-05-20",80.0100021362305,80.5999984741211,79.1699981689453,79.8000030517578,85072,79.8000030517578
"2024-05-21",79.6999969482422,79.7200012207031,78.0800018310547,79.2600021362305,371672,79.2600021362305
"2024-05-22",78.2099990844727,78.4100036621094,77.25,77.5699996948242,314145,77.5699996948242
"2024-05-23",77.2900009155273,78.6600036621094,76.4300003051758,76.870002746582,330273,76.870002746582
"2024-05-24",77.0400009155273,78.0500030517578,76.1500015258789,77.7200012207031,299075,77.7200012207031
"2024-05-28",77.8099975585938,80.2900009155273,77.6900024414062,79.8300018310547,334074,79.8300018310547
"2024-05-29",80.2600021362305,80.620002746582,78.9899978637695,79.2300033569336,259594,79.2300033569336
"2024-05-30",79.2799987792969,79.4199981689453,77.629997253418,77.9100036621094,373779,77.9100036621094
"2024-05-31",77.9100036621094,78.620002746582,76.6699981689453,76.9899978637695,345120,76.9899978637695
"2024-06-03",76.9700012207031,77.5199966430664,73.9800033569336,74.2200012207031,443271,74.2200012207031
"2024-06-04",74.0199966430664,74.129997253418,72.4800033569336,73.25,408721,73.25
"2024-06-05",72.9000015258789,74.3300018310547,72.8199996948242,74.0699996948242,307701,74.0699996948242
"2024-06-06",74.3000030517578,75.7900009155273,74.0599975585938,75.5500030517578,291082,75.5500030517578
"2024-06-07",75.6699981689453,76.25,75.2099990844727,75.5299987792969,280253,75.5299987792969
"2024-06-10",75.3499984741211,78.2900009155273,75.2300033569336,77.7399978637695,317031,77.7399978637695
"2024-06-11",78.120002746582,78.3600006103516,77.2200012207031,77.9000015258789,314874,77.9000015258789
"2024-06-12",78.2200012207031,79.3199996948242,77.879997253418,78.5,322285,78.5
"2024-06-13",78.370002746582,78.8899993896484,77.6699981689453,78.620002746582,307638,78.620002746582
"2024-06-14",77.9599990844727,79.1500015258789,77.7300033569336,78.4499969482422,245827,78.4499969482422
"2024-06-17",78.4800033569336,80.6600036621094,77.9800033569336,80.3300018310547,126733,80.3300018310547
"2024-06-18",80.4300003051758,81.6699981689453,79.7699966430664,81.5699996948242,140709,81.5699996948242
"2024-06-20",81.5199966430664,82.4100036621094,81.129997253418,82.1699981689453,420499,82.1699981689453
"2024-06-21",81.2699966430664,81.7900009155273,80.3499984741211,80.7300033569336,290500,80.7300033569336
"2024-06-24",80.4499969482422,81.7799987792969,80.2300033569336,81.629997253418,271745,81.629997253418
"2024-06-25",81.6999969482422,81.9000015258789,80.5500030517578,80.8300018310547,286038,80.8300018310547
"2024-06-26",80.7200012207031,81.629997253418,80.1800003051758,80.9000015258789,308410,80.9000015258789
"2024-06-27",80.8600006103516,82.0400009155273,80.5100021362305,81.7399978637695,306342,81.7399978637695
"2024-06-28",81.8600006103516,82.7200012207031,80.9700012207031,81.5400009155273,260252,81.5400009155273
"2024-07-01",81.4499969482422,83.6399993896484,81.379997253418,83.379997253418,345780,83.379997253418
"2024-07-02",83.4300003051758,84.379997253418,82.7200012207031,82.8099975585938,367787,82.8099975585938
"2024-07-03",83.1999969482422,83.9300003051758,82.4599990844727,83.879997253418,289685,83.879997253418
"2024-07-05",83.5999984741211,84.5199966430664,83.0199966430664,83.1600036621094,361357,83.1600036621094
"2024-07-08",83.1500015258789,83.3199996948242,82.0800018310547,82.3300018310547,251774,82.3300018310547
"2024-07-09",82.2200012207031,82.4800033569336,81.25,81.4100036621094,297325,81.4100036621094
"2024-07-10",81.8099975585938,82.6600036621094,80.8099975585938,82.0999984741211,334380,82.0999984741211
"2024-07-11",82.4000015258789,83.129997253418,81.629997253418,82.620002746582,324170,82.620002746582
"2024-07-12",82.8600006103516,83.7399978637695,82.0999984741211,82.2099990844727,370062,82.2099990844727
"2024-07-15",82.1600036621094,82.5800018310547,81.4700012207031,81.9100036621094,296520,81.9100036621094
"2024-07-16",81.9199981689453,81.9300003051758,80.2200012207031,80.7600021362305,308186,80.7600021362305
"2024-07-17",80.8499984741211,83.0999984741211,80.4499969482422,82.8499984741211,257437,82.8499984741211
"2024-07-18",83.1100006103516,83.8199996948242,82.0400009155273,82.8199996948242,95704,82.8199996948242
"2024-07-19",82.4700012207031,82.879997253418,80.0699996948242,80.129997253418,83795,80.129997253418
"2024-07-22",80.3899993896484,80.6900024414062,79.1699981689453,79.7799987792969,345235,79.7799987792969
"2024-07-23",78.2699966430664,78.7300033569336,76.4000015258789,76.9599990844727,417941,76.9599990844727
"2024-07-24",77.4499969482422,78.1900024414062,76.9800033569336,77.5899963378906,355971,77.5899963378906
"2024-07-25",77.5,78.4700012207031,76.0400009155273,78.2799987792969,457288,78.2799987792969
"2024-07-26",78.3499984741211,78.5999984741211,76.1900024414062,77.1600036621094,365121,77.1600036621094
"2024-07-29",77.3000030517578,77.6900024414062,75.3499984741211,75.8099975585938,362635,75.8099975585938
"2024-07-30",75.9100036621094,75.9700012207031,74.5899963378906,74.7300033569336,419478,74.7300033569336
"2024-07-31",75.2399978637695,78.6600036621094,75.1800003051758,77.9100036621094,460315,77.9100036621094
"2024-08-01",78.5899963378906,78.879997253418,76.2399978637695,76.3099975585938,383014,76.3099975585938
"2024-08-02",76.870002746582,77.2900009155273,72.9700012207031,73.5199966430664,467786,73.5199966430664
"2024-08-05",74.2099990844727,74.4599990844727,71.6699981689453,72.9400024414062,500151,72.9400024414062
"2024-08-06",73.8600006103516,74.5599975585938,72.1999969482422,73.1999969482422,352250,73.1999969482422
"2024-08-07",72.8399963378906,75.8399963378906,72.5800018310547,75.2300033569336,427995,75.2300033569336
"2024-08-08",75.4700012207031,76.5199966430664,74.5999984741211,76.1900024414062,327301,76.1900024414062
"2024-08-09",76.0199966430664,77.0899963378906,75.8499984741211,76.8399963378906,263007,76.8399963378906
"2024-08-12",76.9899978637695,80.1600036621094,76.6999969482422,80.0599975585938,376747,80.0599975585938
"2024-08-13",79.7399978637695,80.1500015258789,78.1600036621094,78.3499984741211,370763,78.3499984741211
"2024-08-14",78.7300033569336,79.0999984741211,76.8300018310547,76.9800033569336,357636,76.9800033569336
"2024-08-15",77.5199966430664,78.5999984741211,76.9300003051758,78.1600036621094,195122,78.1600036621094
"2024-08-16",78.1600036621094,78.1600036621094,75.5400009155273,76.6500015258789,100810,76.6500015258789
"2024-08-19",76.5800018310547,76.870002746582,74.1699981689453,74.370002746582,118172,74.370002746582
"2024-08-20",74.3399963378906,75.0299987792969,73.5,74.0400009155273,329276,74.0400009155273
"2024-08-21",73.120002746582,74.1600036621094,71.4599990844727,71.9300003051758,390527,71.9300003051758
"2024-08-22",71.9300003051758,73.5199966430664,71.5800018310547,73.0100021362305,334117,73.0100021362305
"2024-08-23",72.9599990844727,75.0699996948242,72.8300018310547,74.8300018310547,313764,74.8300018310547
"2024-08-26",75.0999984741211,77.5999984741211,75.0400009155273,77.4199981689453,409675,77.4199981689453
"2024-08-27",77.1999969482422,77.4800033569336,75.4000015258789,75.5299987792969,331162,75.5299987792969
"2024-08-28",75.75,75.9499969482422,73.8199996948242,74.5199966430664,337361,74.5199966430664
"2024-08-29",74.4199981689453,76.9100036621094,74.0500030517578,75.9100036621094,408147,75.9100036621094
"2024-08-30",75.870002746582,76.5899963378906,73.3600006103516,73.5500030517578,427273,73.5500030517578
"2024-09-03",73.5299987792969,74.4100036621094,70.0999984741211,70.3399963378906,546617,70.3399963378906
"2024-09-04",70.2799987792969,71.4599990844727,68.8199996948242,69.1999969482422,482025,69.1999969482422
"2024-09-05",69.2699966430664,70.8199996948242,68.75,69.1500015258789,405596,69.1500015258789
"2024-09-06",69.3300018310547,70.129997253418,67.1699981689453,67.6699981689453,351074,67.6699981689453
"2024-09-09",68.129997253418,68.9599990844727,67.3099975585938,68.7099990844727,351074,68.7099990844727
"2024-09-10",68.7799987792969,69.0800018310547,65.2699966430664,65.75,442855,65.75
"2024-09-11",66.2799987792969,67.9700012207031,65.629997253418,67.3099975585938,393311,67.3099975585938
"2024-09-12",67.3899993896484,69.8099975585938,67.2399978637695,68.9700012207031,351976,68.9700012207031
"2024-09-13",69.3099975585938,70.3199996948242,68.4700012207031,68.6500015258789,308983,68.6500015258789
"2024-09-16",69.1600036621094,70.6999969482422,68.6500015258789,70.0899963378906,295176,70.0899963378906
"2024-09-17",70.5,71.9199981689453,69.6100006103516,71.1900024414062,251629,71.1900024414062
"2024-09-18",71.1399993896484,71.4800033569336,69.7300033569336,70.9100036621094,102907,70.9100036621094
"2024-09-19",70.129997253418,72.4899978637695,70.129997253418,71.9499969482422,86630,71.9499969482422
"2024-09-20",72.0999984741211,72.4000015258789,71.3600006103516,71.9199981689453,306997,71.9199981689453
"2024-09-23",71.3099975585938,71.8099975585938,69.4899978637695,70.370002746582,338267,70.370002746582
"2024-09-24",70.7600021362305,72.4000015258789,70.4400024414062,71.5599975585938,318516,71.5599975585938
"2024-09-25",71.5400009155273,71.7200012207031,69.2300033569336,69.6900024414062,476237,69.6900024414062
"2024-09-26",69.8899993896484,70.0100021362305,66.9499969482422,67.6699981689453,478069,67.6699981689453
"2024-09-27",67.4499969482422,68.6500015258789,67.0599975585938,68.1800003051758,341133,68.1800003051758
"2024-09-30",68.629997253418,69.3199996948242,67.5699996948242,68.1699981689453,350115,68.1699981689453
"2024-10-01",68.4100036621094,71.9400024414062,66.3300018310547,69.8300018310547,668216,69.8300018310547
"2024-10-02",70.8000030517578,72.4899978637695,69.870002746582,70.0999984741211,429225,70.0999984741211
"2024-10-03",70.9800033569336,74.0899963378906,70.5199966430664,73.7099990844727,460554,73.7099990844727
"2024-10-04",73.9499969482422,75.5699996948242,73.4599990844727,74.379997253418,428815,74.379997253418
"2024-10-07",74.4000015258789,77.4000015258789,73.620002746582,77.1399993896484,419018,77.1399993896484
"2024-10-08",77.3300018310547,78.4599990844727,72.6900024414062,73.5699996948242,496760,73.5699996948242
"2024-10-09",73.8399963378906,74.4499969482422,71.5299987792969,73.2399978637695,401159,73.2399978637695
"2024-10-10",73.3899993896484,76.2399978637695,73.2600021362305,75.8499984741211,321453,75.8499984741211
"2024-10-11",75.7399978637695,76.0400009155273,74.5299987792969,75.5599975585938,315302,75.5599975585938
"2024-10-14",75.0500030517578,75.0800018310547,71.8099975585938,73.8300018310547,273455,73.8300018310547
"2024-10-15",71.5100021362305,72.120002746582,69.7099990844727,70.5800018310547,328738,70.5800018310547
"2024-10-16",70.9899978637695,71.3099975585938,69.6399993896484,70.3899993896484,222437,70.3899993896484
"2024-10-17",70.6800003051758,71.1100006103516,69.4400024414062,70.6699981689453,188161,70.6699981689453
"2024-10-18",70.75,71.2300033569336,68.6900024414062,69.2200012207031,95768,69.2200012207031
"2024-10-21",69.4599990844727,71.0299987792969,69,70.5599975585938,92584,70.5599975585938
"2024-10-22",70.4899978637695,72.6600036621094,70.0500030517578,72.0899963378906,330456,72.0899963378906
"2024-10-23",71.3499984741211,71.7200012207031,70.129997253418,70.7699966430664,293835,70.7699966430664
"2024-10-24",71.0199966430664,72.3399963378906,69.7699966430664,70.1900024414062,286571,70.1900024414062
"2024-10-25",70.3300018310547,71.9199981689453,69.9599990844727,71.7799987792969,287189,71.7799987792969
"2024-10-28",68.9800033569336,69,66.9199981689453,67.379997253418,419623,67.379997253418
"2024-10-29",68.0199966430664,68.5199966430664,66.7200012207031,67.2099990844727,291929,67.2099990844727
"2024-10-30",67.4700012207031,69.1699981689453,67.2799987792969,68.6100006103516,284795,68.6100006103516
"2024-10-31",69.0999984741211,70.8099975585938,68.3000030517578,69.2600021362305,311055,69.2600021362305
"2024-11-01",70.4400024414062,71.4499969482422,69.3199996948242,69.4899978637695,320572,69.4899978637695
"2024-11-04",70.2900009155273,71.8099975585938,70.25,71.4700012207031,286947,71.4700012207031
"2024-11-05",71.620002746582,72.6699981689453,71.2900009155273,71.9899978637695,247311,71.9899978637695
"2024-11-06",72.0199966430664,72.629997253418,69.7399978637695,71.6900024414062,388265,71.6900024414062
"2024-11-07",71.870002746582,72.879997253418,70.6600036621094,72.3600006103516,353595,72.3600006103516
"2024-11-08",72.2099990844727,72.25,69.9899978637695,70.379997253418,362038,70.379997253418
"2024-11-11",70.25,70.5599975585938,67.9199981689453,68.0400009155273,364506,68.0400009155273
"2024-11-12",68.1500015258789,69.129997253418,67.75,68.120002746582,286926,68.120002746582
"2024-11-13",67.9800033569336,68.8600006103516,66.9400024414062,68.4300003051758,386027,68.4300003051758
"2024-11-14",68.129997253418,69.3899993896484,67.9199981689453,68.6999969482422,232270,68.6999969482422
"2024-11-15",68.620002746582,68.6900024414062,66.8199996948242,67.0199966430664,205235,67.0199966430664
"2024-11-18",66.8600006103516,69.3899993896484,66.6100006103516,69.1600036621094,110375,69.1600036621094
"2024-11-19",69.0100021362305,69.6900024414062,68.4499969482422,69.3899993896484,89360,69.3899993896484
"2024-11-20",69.5500030517578,70.1500015258789,68.75,68.870002746582,235637,68.870002746582
"2024-11-21",69.0400009155273,70.379997253418,68.8600006103516,70.0999984741211,283850,70.0999984741211
"2024-11-22",70.1800003051758,71.5100021362305,69.2900009155273,71.2399978637695,408207,71.2399978637695
"2024-11-25",71.4400024414062,71.4800033569336,68.7399978637695,68.9400024414062,380922,68.9400024414062
"2024-11-26",69.0800018310547,70.3000030517578,68.0500030517578,68.7699966430664,292138,68.7699966430664
"2024-11-27",68.9100036621094,69.370002746582,68.1800003051758,68.7200012207031,227215,68.7200012207031
"2024-11-29",68.7699966430664,69.6900024414062,67.870002746582,68,291408,68
"2024-12-02",68,69.1100006103516,67.7099990844727,68.0999984741211,264883,68.0999984741211
"2024-12-03",68.1600036621094,70.2300033569336,67.9100036621094,69.9400024414062,303752,69.9400024414062
"2024-12-04",70.0199966430664,70.5100021362305,68.4899978637695,68.5400009155273,325636,68.5400009155273
"2024-12-05",68.7399978637695,69.1600036621094,67.9800033569336,68.3000030517578,286701,68.3000030517578
"2024-12-06",68.4400024414062,68.4899978637695,66.9800033569336,67.1999969482422,341593,67.1999969482422
"2024-12-09",67.1500015258789,68.879997253418,67.0800018310547,68.370002746582,297085,68.370002746582
"2024-12-10",68.1900024414062,69.0599975585938,67.7200012207031,68.5899963378906,286003,68.5899963378906
"2024-12-11",68.5,70.5299987792969,68.4400024414062,70.2900009155273,335892,70.2900009155273
"2024-12-12",70.4300003051758,70.7200012207031,69.1399993896484,70.0199966430664,326046,70.0199966430664
"2024-12-13",70.0599975585938,71.4199981689453,69.870002746582,71.2900009155273,230429,71.2900009155273
"2024-12-16",71.4400024414062,71.4400024414062,70.370002746582,70.7099990844727,204296,70.7099990844727
"2024-12-17",70.6100006103516,70.9199981689453,69.1800003051758,70.0800018310547,99604,70.0800018310547
"2024-12-18",70.2200012207031,71.379997253418,69.9899978637695,70.5800018310547,99386,70.5800018310547
"2024-12-19",70.1399993896484,71.2600021362305,69.6999969482422,69.9100036621094,291660,69.9100036621094
"2024-12-20",69.2300033569336,69.8499984741211,68.4199981689453,69.4599990844727,231592,69.4599990844727
"2024-12-23",69.4000015258789,69.9400024414062,68.5899963378906,69.2399978637695,188843,69.2399978637695
"2024-12-24",69.5599975585938,70.4300003051758,69.3600006103516,70.0999984741211,122602,70.0999984741211
"2024-12-26",70.1999969482422,70.75,69.3300018310547,69.620002746582,144877,69.620002746582
"2024-12-27",69.6800003051758,70.75,69.4400024414062,70.5999984741211,172641,70.5999984741211
"2024-12-30",70.4199981689453,71.5599975585938,70.120002746582,70.9899978637695,199296,70.9899978637695
"2024-12-31",71.1500015258789,72.0199966430664,70.870002746582,71.7200012207031,151155,71.7200012207031
"2025-01-02",71.8499984741211,73.7300033569336,71.7900009155273,73.129997253418,306498,73.129997253418
"2025-01-03",73.129997253418,74.3499984741211,72.6999969482422,73.9599990844727,296040,73.9599990844727
"2025-01-06",74.0500030517578,74.9899978637695,73.1999969482422,73.5599975585938,306042,73.5599975585938
"2025-01-07",73.4400024414062,74.5299987792969,73.1100006103516,74.25,277328,74.25
"2025-01-08",74.5199966430664,75.2900009155273,73.1600036621094,73.3199996948242,277328,73.3199996948242
